time,open,high,low,close,volume
2025-01-01 17:00:00,156.88,156.88,156.88,156.88,
2025-01-01 18:00:00,156.88,156.91,156.88,156.91,
2025-01-01 21:00:00,157.28999,157.3,157.24001,157.25999,
2025-01-01 22:00:00,157.24001,157.28,157.19,157.27,
2025-01-01 23:00:00,157.28999,157.78,157.25,157.7,
2025-01-02 00:00:00,157.7,157.78,157.3,157.44,
2025-01-02 01:00:00,157.44,157.66,157.42,157.50999,
2025-01-02 02:00:00,157.50999,157.50999,157.25999,157.28,
2025-01-02 03:00:00,157.28999,157.31,157.13,157.16,
2025-01-02 04:00:00,157.16,157.16,157,157.029999,
2025-01-02 05:00:00,157.020004,157.21001,156.98,157.21001,
2025-01-02 06:00:00,157.22,157.22,156.66,156.66,
2025-01-02 07:00:00,156.67,156.75,156.44,156.67999,
2025-01-02 08:00:00,156.67999,156.83,156.47,156.78,
2025-01-02 09:00:00,156.78,156.92,156.75,156.8,
2025-01-02 10:00:00,156.8,157.16,156.78999,157.14,
2025-01-02 11:00:00,157.14,157.28,157.050003,157.21001,
2025-01-02 12:00:00,157.2,157.22,157.020004,157.080002,
2025-01-02 13:00:00,157.089996,157.24001,156.72,156.83,
2025-01-02 14:00:00,156.84,157.12,156.64,157.029999,
2025-01-02 15:00:00,157.0099945,157.19,156.78,157.14999,
2025-01-02 16:00:00,157.14999,157.75,157.13,157.66,
2025-01-02 17:00:00,157.67,157.85001,157.49001,157.57001,
2025-01-02 18:00:00,157.57001,157.63,157.47,157.5,
2025-01-02 19:00:00,157.5,157.67999,157.47,157.62,
2025-01-02 20:00:00,157.62,157.66,157.56,157.62,
2025-01-02 21:00:00,157.63,157.63,157.5,157.53999,
2025-01-02 22:00:00,157.50999,157.53,157.46001,157.46001,
2025-01-02 23:00:00,157.46001,157.57001,157.35001,157.35001,
2025-01-03 00:00:00,157.36,157.41,157.17999,157.22,
2025-01-03 01:00:00,157.21001,157.41,157.19,157.27,
2025-01-03 02:00:00,157.28,157.36,157.25,157.31,
2025-01-03 03:00:00,157.31,157.46001,157.19,157.31,
2025-01-03 04:00:00,157.31,157.39,157.25,157.28,
2025-01-03 05:00:00,157.28,157.36,157.24001,157.3,
2025-01-03 06:00:00,157.31,157.31,157.13,157.17999,
2025-01-03 07:00:00,157.17999,157.27,157.039993,157.14,
2025-01-03 08:00:00,157.14,157.42999,157.13,157.34,
2025-01-03 09:00:00,157.33,157.34,157.089996,157.25,
2025-01-03 10:00:00,157.25,157.38,157.17,157.38,
2025-01-03 11:00:00,157.37,157.39,157.2,157.25,
2025-01-03 12:00:00,157.24001,157.25,157.059998,157.16,
2025-01-03 13:00:00,157.17,157.24001,157.029999,157.17999,
2025-01-03 14:00:00,157.19,157.31,157.12,157.16,
2025-01-03 15:00:00,157.31,157.5,157.17,157.41,
2025-01-03 16:00:00,157.39999,157.41,157.2,157.2,
2025-01-03 17:00:00,157.2,157.22,156.88,157.17,
2025-01-03 18:00:00,157.17,157.25,157.11,157.17,
2025-01-03 19:00:00,157.17,157.23,157.11,157.21001,
2025-01-03 20:00:00,157.2,157.35001,157.14,157.34,
2025-01-03 21:00:00,157.34,157.38,157.25,157.3,
2025-01-05 22:00:00,157.22,157.39,157.19,157.34,
2025-01-05 23:00:00,157.36,157.53,157.34,157.50999,
2025-01-06 00:00:00,157.50999,157.83,157.5,157.60001,
2025-01-06 01:00:00,157.59,157.67,157.49001,157.62,
2025-01-06 02:00:00,157.62,157.78,157.56,157.73,
2025-01-06 03:00:00,157.72,157.78,157.66,157.72,
2025-01-06 04:00:00,157.72,157.75,157.66,157.72,
2025-01-06 05:00:00,157.72,157.81,157.67999,157.78999,
2025-01-06 06:00:00,157.78,157.8,157.63,157.66,
2025-01-06 07:00:00,157.64,157.7,157.53,157.67,
2025-01-06 08:00:00,157.66,157.77,157.62,157.67,
2025-01-06 09:00:00,157.67,157.77,157.59,157.74001,
2025-01-06 10:00:00,157.74001,157.91,157.67999,157.91,
2025-01-06 11:00:00,157.91,157.97,157.16,157.2,
2025-01-06 12:00:00,157.21001,157.22,156.62,156.78999,
2025-01-06 13:00:00,156.78999,156.81,156.24001,156.61,
2025-01-06 14:00:00,156.62,157.42999,156.47,157.28999,
2025-01-06 15:00:00,157.28999,157.66,157.2,157.53999,
2025-01-06 16:00:00,157.53,157.62,157.34,157.55,
2025-01-06 17:00:00,157.53999,157.61,157.47,157.5,
2025-01-06 18:00:00,157.50999,157.67,157.42999,157.53999,
2025-01-06 19:00:00,157.53999,157.59,157.47,157.55,
2025-01-06 20:00:00,157.53999,157.64,157.5,157.63,
2025-01-06 21:00:00,157.63,157.66,157.59,157.64,
2025-01-06 22:00:00,157.63,157.64999,157.52,157.62,
2025-01-06 23:00:00,157.62,157.81,157.62,157.74001,
2025-01-07 00:00:00,157.75,158.22,157.74001,158.11,
2025-01-07 01:00:00,158.11,158.42,158.039993,158.32001,
2025-01-07 02:00:00,158.31,158.32001,158.14,158.28,
2025-01-07 03:00:00,158.28,158.31,158.089996,158.12,
2025-01-07 04:00:00,158.13,158.16,158.020004,158.080002,
2025-01-07 05:00:00,158.089996,158.16,157.78,157.87,
2025-01-07 06:00:00,157.86,157.86,157.67999,157.75999,
2025-01-07 07:00:00,157.75999,157.8,157.46001,157.5,
2025-01-07 08:00:00,157.5,157.61,157.41,157.42999,
2025-01-07 09:00:00,157.44,157.69,157.38,157.61,
2025-01-07 10:00:00,157.62,157.78,157.56,157.75,
2025-01-07 11:00:00,157.75,157.85001,157.62,157.72,
2025-01-07 12:00:00,157.72,157.85001,157.69,157.74001,
2025-01-07 13:00:00,157.75,157.78,157.59,157.66,
2025-01-07 14:00:00,157.67,157.84,157.53,157.77,
2025-01-07 15:00:00,158.0099945,158.42999,157.88,157.92,
2025-01-07 16:00:00,157.94,158.050003,157.62,157.84,
2025-01-07 17:00:00,157.83,157.86,157.62,157.69,
2025-01-07 18:00:00,157.7,157.91,157.59,157.84,
2025-01-07 19:00:00,157.84,157.87,157.75999,157.77,
2025-01-07 20:00:00,157.78,157.88,157.74001,157.87,
2025-01-07 21:00:00,157.88,158.10001,157.88,158.050003,
2025-01-07 22:00:00,158.029999,158.070007,157.99001,158.039993,
2025-01-07 23:00:00,158.050003,158.25,158.039993,158.23,
2025-01-08 00:00:00,158.22,158.24001,157.91,158.17,
2025-01-08 01:00:00,158.17999,158.17999,157.94,157.97,
2025-01-08 02:00:00,157.97,158.14,157.92999,158.11,
2025-01-08 03:00:00,158.11,158.22,158.070007,158.19,
2025-01-08 04:00:00,158.2,158.25999,158.16,158.23,
2025-01-08 05:00:00,158.22,158.27,158.089996,158.17,
2025-01-08 06:00:00,158.17,158.17,157.99001,158.050003,
2025-01-08 07:00:00,158.050003,158.13,157.92999,158.12,
2025-01-08 08:00:00,158.11,158.28,158.10001,158.25,
2025-01-08 09:00:00,158.25,158.25,158.050003,158.16,
2025-01-08 10:00:00,158.17,158.35001,158.14999,158.33,
2025-01-08 11:00:00,158.33,158.55,158.31,158.37,
2025-01-08 12:00:00,158.37,158.55,158.35001,158.50999,
2025-01-08 13:00:00,158.50999,158.50999,158.17999,158.23,
2025-01-08 14:00:00,158.21001,158.47,158.14,158.36,
2025-01-08 15:00:00,158.35001,158.42,158.22,158.37,
2025-01-08 16:00:00,158.37,158.44,158.28999,158.32001,
2025-01-08 17:00:00,158.32001,158.5,158.31,158.39,
2025-01-08 18:00:00,158.39,158.50999,158.28,158.47,
2025-01-08 19:00:00,158.46001,158.52,158.36,158.47,
2025-01-08 20:00:00,158.46001,158.46001,158.33,158.36,
2025-01-08 21:00:00,158.37,158.44,158.34,158.35001,
2025-01-08 22:00:00,158.34,158.34,158.25,158.31,
2025-01-08 23:00:00,158.3,158.39999,158.17999,158.19,
2025-01-09 00:00:00,158.2,158.33,158.11,158.27,
2025-01-09 01:00:00,158.25999,158.28999,158.070007,158.11,
2025-01-09 02:00:00,158.10001,158.14,158,158.089996,
2025-01-09 03:00:00,158.089996,158.10001,157.92,157.97,
2025-01-09 04:00:00,157.97,157.98,157.75999,157.92999,
2025-01-09 05:00:00,157.92999,158.14999,157.89999,158.059998,
2025-01-09 06:00:00,158.059998,158.2,158.029999,158.14,
2025-01-09 07:00:00,158.14999,158.2,158.029999,158.2,
2025-01-09 08:00:00,158.19,158.28999,158.059998,158.13,
2025-01-09 09:00:00,158.14,158.17999,158.0099945,158.089996,
2025-01-09 10:00:00,158.080002,158.11,157.95,158,
2025-01-09 11:00:00,158,158.029999,157.83,157.91,
2025-01-09 12:00:00,157.91,157.92999,157.66,157.75,
2025-01-09 13:00:00,157.74001,157.85001,157.58,157.66,
2025-01-09 14:00:00,157.66,157.87,157.66,157.82001,
2025-01-09 15:00:00,157.82001,157.98,157.82001,157.97,
2025-01-09 16:00:00,157.97,158.029999,157.92999,158.020004,
2025-01-09 17:00:00,158.0099945,158.14,157.99001,158.11,
2025-01-09 18:00:00,158.11,158.17,158.059998,158.080002,
2025-01-09 19:00:00,158.070007,158.13,158.059998,158.12,
2025-01-09 20:00:00,158.11,158.13,158.080002,158.12,
2025-01-09 21:00:00,158.13,158.14999,158.080002,158.14999,
2025-01-09 22:00:00,158.070007,158.2,158.070007,158.14,
2025-01-09 23:00:00,158.14,158.17,158.0099945,158.050003,
2025-01-10 00:00:00,158.039993,158.23,157.95,158.0099945,
2025-01-10 01:00:00,158.0099945,158.17,157.94,158.13,
2025-01-10 02:00:00,158.14,158.28999,158.10001,158.27,
2025-01-10 03:00:00,158.25999,158.27,158.19,158.23,
2025-01-10 04:00:00,158.24001,158.41,158.24001,158.38,
2025-01-10 05:00:00,158.39,158.42,158.36,158.41,
2025-01-10 06:00:00,158.42,158.42999,158.31,158.33,
2025-01-10 07:00:00,158.33,158.45,158.27,158.39,
2025-01-10 08:00:00,158.39,158.42999,157.75999,157.83,
2025-01-10 09:00:00,157.82001,157.95,157.62,157.92999,
2025-01-10 10:00:00,157.92999,158.12,157.87,158.080002,
2025-01-10 11:00:00,158.080002,158.17999,157.99001,158,
2025-01-10 12:00:00,157.99001,158.029999,157.89999,157.99001,
2025-01-10 13:00:00,157.98,158.88,157.89999,158.56,
2025-01-10 14:00:00,158.56,158.64999,157.75999,157.97,
2025-01-10 15:00:00,158.13,158.16,157.23,157.56,
2025-01-10 16:00:00,157.56,157.88,157.55,157.69,
2025-01-10 17:00:00,157.69,157.8,157.58,157.67,
2025-01-10 18:00:00,157.67,157.96001,157.67,157.89,
2025-01-10 19:00:00,157.89999,157.99001,157.81,157.88,
2025-01-10 20:00:00,157.87,157.94,157.81,157.81,
2025-01-10 21:00:00,157.82001,157.82001,157.69,157.73,
2025-01-12 22:00:00,157.75999,157.84,157.72,157.73,
2025-01-12 23:00:00,157.74001,157.92999,157.7,157.92,
2025-01-13 00:00:00,157.89999,157.97,157.78999,157.78999,
2025-01-13 01:00:00,157.78999,157.87,157.27,157.45,
2025-01-13 02:00:00,157.44,157.64999,157.39999,157.52,
2025-01-13 03:00:00,157.52,157.64,157.41,157.41,
2025-01-13 04:00:00,157.42,157.58,157.41,157.55,
2025-01-13 05:00:00,157.55,157.55,157.28,157.42,
2025-01-13 06:00:00,157.41,157.60001,157.25,157.53,
2025-01-13 07:00:00,157.53,157.55,157.3,157.46001,
2025-01-13 08:00:00,157.46001,157.67,157.39,157.61,
2025-01-13 09:00:00,157.61,157.62,157.039993,157.11,
2025-01-13 10:00:00,157.11,157.42999,157.0099945,157.42999,
2025-01-13 11:00:00,157.45,157.47,157.22,157.32001,
2025-01-13 12:00:00,157.32001,157.46001,156.92999,157.029999,
2025-01-13 13:00:00,157.029999,157.21001,156.92,157.2,
2025-01-13 14:00:00,157.2,157.42999,157.11,157.35001,
2025-01-13 15:00:00,157.35001,157.59,157.31,157.50999,
2025-01-13 16:00:00,157.53,157.78999,157.47,157.52,
2025-01-13 17:00:00,157.50999,157.57001,157.31,157.32001,
2025-01-13 18:00:00,157.33,157.53,157.3,157.48,
2025-01-13 19:00:00,157.48,157.82001,157.48,157.81,
2025-01-13 20:00:00,157.81,157.81,157.61,157.64999,
2025-01-13 21:00:00,157.66,157.7,157.47,157.49001,
2025-01-13 22:00:00,157.52,157.52,157.19,157.33,
2025-01-13 23:00:00,157.32001,157.46001,157.12,157.31,
2025-01-14 00:00:00,157.31,157.58,157.16,157.53999,
2025-01-14 01:00:00,157.53,158.020004,157.22,157.44,
2025-01-14 02:00:00,157.45,157.73,157.45,157.69,
2025-01-14 03:00:00,157.67,157.75,157.53,157.56,
2025-01-14 04:00:00,157.56,157.59,157.46001,157.49001,
2025-01-14 05:00:00,157.49001,157.72,157.38,157.58,
2025-01-14 06:00:00,157.58,157.7,157.46001,157.48,
2025-01-14 07:00:00,157.48,157.56,157.3,157.52,
2025-01-14 08:00:00,157.52,157.73,157.39,157.7,
2025-01-14 09:00:00,157.7,158.029999,157.69,157.92,
2025-01-14 10:00:00,157.94,157.98,157.83,157.83,
2025-01-14 11:00:00,157.83,157.96001,157.83,157.94,
2025-01-14 12:00:00,157.94,158.13,157.84,157.88,
2025-01-14 13:00:00,157.86,157.92999,157.42,157.77,
2025-01-14 14:00:00,157.78,157.92,157.63,157.8,
2025-01-14 15:00:00,157.81,158.14999,157.75,157.97,
2025-01-14 16:00:00,157.97,158.080002,157.83,157.95,
2025-01-14 17:00:00,157.95,158.2,157.91,158.13,
2025-01-14 18:00:00,158.13,158.14,157.98,158.0099945,
2025-01-14 19:00:00,158.0099945,158.070007,157.91,157.94,
2025-01-14 20:00:00,157.94,157.99001,157.87,157.98,
2025-01-14 21:00:00,157.98,158.020004,157.92999,157.95,
2025-01-14 22:00:00,157.92999,158.070007,157.92999,157.96001,
2025-01-14 23:00:00,157.95,158.070007,157.92,158.050003,
2025-01-15 00:00:00,158.059998,158.080002,157.89999,157.98,
2025-01-15 01:00:00,157.98,158.039993,157.83,157.89999,
2025-01-15 02:00:00,157.89999,157.98,157.88,157.95,
2025-01-15 03:00:00,157.95,157.95,157.85001,157.89,
2025-01-15 04:00:00,157.88,157.94,157.59,157.64,
2025-01-15 05:00:00,157.61,157.61,157.2,157.32001,
2025-01-15 06:00:00,157.32001,157.44,157.28999,157.35001,
2025-01-15 07:00:00,157.34,157.34,156.84,156.88,
2025-01-15 08:00:00,156.88,157.21001,156.72,157.11,
2025-01-15 09:00:00,157.11,157.13,156.71001,156.87,
2025-01-15 10:00:00,156.87,156.92999,156.75,156.78999,
2025-01-15 11:00:00,156.78999,157.059998,156.72,157.020004,
2025-01-15 12:00:00,157.029999,157.050003,156.86,156.98,
2025-01-15 13:00:00,156.98,157.089996,156.25,156.39999,
2025-01-15 14:00:00,156.39,156.46001,155.94,156.28999,
2025-01-15 15:00:00,156.28999,156.53,156.080002,156.28999,
2025-01-15 16:00:00,156.28999,156.74001,156.28999,156.60001,
2025-01-15 17:00:00,156.60001,156.61,156.48,156.55,
2025-01-15 18:00:00,156.55,156.57001,156.41,156.5,
2025-01-15 19:00:00,156.5,156.57001,156.42999,156.47,
2025-01-15 20:00:00,156.46001,156.50999,156.41,156.48,
2025-01-15 21:00:00,156.44,156.56,156.44,156.47,
2025-01-15 22:00:00,156.46001,156.46001,156.32001,156.39,
2025-01-15 23:00:00,156.37,156.39999,156.22,156.22,
2025-01-16 00:00:00,156.22,156.53,156.17,156.19,
2025-01-16 01:00:00,156.17999,156.17999,155.48,155.56,
2025-01-16 02:00:00,155.55,155.78,155.21001,155.74001,
2025-01-16 03:00:00,155.73,155.86,155.71001,155.78,
2025-01-16 04:00:00,155.78,155.97,155.61,155.95,
2025-01-16 05:00:00,155.95,156.12,155.95,156.11,
2025-01-16 06:00:00,156.12,156.31,156.029999,156.10001,
2025-01-16 07:00:00,156.10001,156.23,156.029999,156.19,
2025-01-16 08:00:00,156.17999,156.24001,155.86,155.89999,
2025-01-16 09:00:00,155.89999,155.94,155.61,155.69,
2025-01-16 10:00:00,155.69,155.77,155.63,155.67,
2025-01-16 11:00:00,155.67,155.88,155.64999,155.78,
2025-01-16 12:00:00,155.78,156.2,155.78,156.11,
2025-01-16 13:00:00,156.11,156.36,155.85001,155.89999,
2025-01-16 14:00:00,155.91,156.17,155.89999,156.13,
2025-01-16 15:00:00,156.12,156.2,155.39,155.42999,
2025-01-16 16:00:00,155.42999,155.55,155.11,155.44,
2025-01-16 17:00:00,155.45,155.50999,155.17,155.27,
2025-01-16 18:00:00,155.27,155.39,155.14999,155.35001,
2025-01-16 19:00:00,155.36,155.38,155.17,155.28999,
2025-01-16 20:00:00,155.28999,155.32001,155.17,155.21001,
2025-01-16 21:00:00,155.2,155.24001,155.10001,155.22,
2025-01-16 22:00:00,155.2,155.31,155.12,155.17999,
2025-01-16 23:00:00,155.17999,155.39999,155.17999,155.37,
2025-01-17 00:00:00,155.37,155.48,154.98,155.19,
2025-01-17 01:00:00,155.19,155.38,155.14,155.21001,
2025-01-17 02:00:00,155.21001,155.46001,155.16,155.42999,
2025-01-17 03:00:00,155.42999,155.46001,155.35001,155.44,
2025-01-17 04:00:00,155.45,155.5,155.37,155.38,
2025-01-17 05:00:00,155.39,155.69,155.36,155.57001,
2025-01-17 06:00:00,155.56,155.74001,155.52,155.64,
2025-01-17 07:00:00,155.64,155.77,155.53,155.61,
2025-01-17 08:00:00,155.61,155.72,155.41,155.7,
2025-01-17 09:00:00,155.7,155.85001,155.41,155.74001,
2025-01-17 10:00:00,155.74001,155.78,155.61,155.78,
2025-01-17 11:00:00,155.78,155.81,155.64,155.7,
2025-01-17 12:00:00,155.7,155.75,155.59,155.72,
2025-01-17 13:00:00,155.72,155.72,155.56,155.67999,
2025-01-17 14:00:00,155.69,156.19,155.66,156.050003,
2025-01-17 15:00:00,156.050003,156.14,155.78,156.11,
2025-01-17 16:00:00,156.10001,156.37,156.10001,156.31,
2025-01-17 17:00:00,156.3,156.34,156.23,156.25999,
2025-01-17 18:00:00,156.25999,156.28999,156.13,156.19,
2025-01-17 19:00:00,156.19,156.23,156.13,156.14999,
2025-01-17 20:00:00,156.14999,156.2,156.11,156.14999,
2025-01-17 21:00:00,156.14999,156.32001,156.13,156.28999,
2025-01-19 22:00:00,156.25999,156.36,156.25,156.31,
2025-01-19 23:00:00,156.28999,156.58,156.27,156.31,
2025-01-20 00:00:00,156.31,156.36,155.99001,155.99001,
2025-01-20 01:00:00,155.99001,156.11,155.87,155.92999,
2025-01-20 02:00:00,155.92,156.050003,155.89,155.94,
2025-01-20 03:00:00,155.94,155.96001,155.71001,155.74001,
2025-01-20 04:00:00,155.74001,156.029999,155.73,155.98,
2025-01-20 05:00:00,155.97,156.070007,155.89,156.059998,
2025-01-20 06:00:00,156.059998,156.2,156.0099945,156.19,
2025-01-20 07:00:00,156.2,156.28999,155.96001,155.99001,
2025-01-20 08:00:00,155.99001,156.17999,155.95,156.14999,
2025-01-20 09:00:00,156.16,156.36,156.13,156.28,
2025-01-20 10:00:00,156.28,156.41,156.23,156.37,
2025-01-20 11:00:00,156.37,156.46001,156.32001,156.34,
2025-01-20 12:00:00,156.34,156.46001,156.28,156.38,
2025-01-20 13:00:00,156.38,156.45,155.72,155.72,
2025-01-20 14:00:00,155.72,155.92,155.42,155.55,
2025-01-20 15:00:00,155.55,155.92999,155.53,155.69,
2025-01-20 16:00:00,155.69,155.72,155.60001,155.69,
2025-01-20 17:00:00,155.67999,156.059998,155.63,155.83,
2025-01-20 18:00:00,155.83,155.89999,155.7,155.7,
2025-01-20 19:00:00,155.7,155.78,155.60001,155.64,
2025-01-20 20:00:00,155.64,155.64,155.5,155.61,
2025-01-20 21:00:00,155.63,155.72,155.50999,155.57001,
2025-01-20 22:00:00,155.57001,155.67999,155.56,155.64999,
2025-01-20 23:00:00,155.61,155.66,155.17,155.28,
2025-01-21 00:00:00,155.28,156.24001,154.91,156.029999,
2025-01-21 01:00:00,156.020004,156.19,155.47,155.53999,
2025-01-21 02:00:00,155.53999,155.58,154.96001,155.14,
2025-01-21 03:00:00,155.14,155.24001,154.77,155.19,
2025-01-21 04:00:00,155.19,155.19,154.96001,155.059998,
2025-01-21 05:00:00,155.070007,155.33,155.0099945,155.31,
2025-01-21 06:00:00,155.32001,155.55,155.32001,155.52,
2025-01-21 07:00:00,155.52,155.75,155.5,155.67999,
2025-01-21 08:00:00,155.67999,155.77,155.62,155.75,
2025-01-21 09:00:00,155.73,155.96001,155.71001,155.89999,
2025-01-21 10:00:00,155.89999,156,155.81,155.98,
2025-01-21 11:00:00,155.98,156.059998,155.88,155.91,
2025-01-21 12:00:00,155.91,155.95,155.72,155.83,
2025-01-21 13:00:00,155.82001,155.84,155.46001,155.49001,
2025-01-21 14:00:00,155.49001,155.67,155.34,155.58,
2025-01-21 15:00:00,155.58,155.73,155.25999,155.33,
2025-01-21 16:00:00,155.33,155.57001,155.31,155.5,
2025-01-21 17:00:00,155.5,155.58,155.42,155.58,
2025-01-21 18:00:00,155.57001,155.59,155.42999,155.50999,
2025-01-21 19:00:00,155.50999,155.59,155.47,155.56,
2025-01-21 20:00:00,155.56,155.60001,155.52,155.52,
2025-01-21 21:00:00,155.52,155.56,155.47,155.50999,
2025-01-21 22:00:00,155.49001,155.55,155.45,155.49001,
2025-01-21 23:00:00,155.49001,155.83,155.48,155.75,
2025-01-22 00:00:00,155.75999,155.77,155.36,155.42999,
2025-01-22 01:00:00,155.42999,155.72,155.39999,155.69,
2025-01-22 02:00:00,155.69,155.75999,155.63,155.74001,
2025-01-22 03:00:00,155.74001,155.96001,155.67999,155.92,
2025-01-22 04:00:00,155.92999,155.92999,155.72,155.78999,
2025-01-22 05:00:00,155.78999,155.96001,155.78999,155.83,
2025-01-22 06:00:00,155.83,155.98,155.67999,155.89,
2025-01-22 07:00:00,155.89,156.070007,155.8,156.050003,
2025-01-22 08:00:00,156.050003,156.11,155.55,155.72,
2025-01-22 09:00:00,155.71001,155.83,155.64999,155.67,
2025-01-22 10:00:00,155.67,155.78999,155.63,155.77,
2025-01-22 11:00:00,155.77,155.89999,155.72,155.87,
2025-01-22 12:00:00,155.88,156.050003,155.81,155.81,
2025-01-22 13:00:00,155.81,155.97,155.75,155.89999,
2025-01-22 14:00:00,155.89,156.19,155.81,156.14999,
2025-01-22 15:00:00,156.16,156.42,156.050003,156.41,
2025-01-22 16:00:00,156.39999,156.64999,156.38,156.62,
2025-01-22 17:00:00,156.62,156.71001,156.56,156.62,
2025-01-22 18:00:00,156.62,156.63,156.5,156.58,
2025-01-22 19:00:00,156.58,156.59,156.47,156.52,
2025-01-22 20:00:00,156.52,156.56,156.45,156.55,
2025-01-22 21:00:00,156.56,156.59,156.52,156.56,
2025-01-22 22:00:00,156.49001,156.50999,156.42999,156.42999,
2025-01-22 23:00:00,156.42,156.52,156.41,156.44,
2025-01-23 00:00:00,156.45,156.46001,156.32001,156.39,
2025-01-23 01:00:00,156.39,156.56,156.28999,156.55,
2025-01-23 02:00:00,156.55,156.60001,156.45,156.49001,
2025-01-23 03:00:00,156.48,156.56,156.48,156.5,
2025-01-23 04:00:00,156.5,156.62,156.48,156.60001,
2025-01-23 05:00:00,156.59,156.75,156.59,156.71001,
2025-01-23 06:00:00,156.71001,156.72,156.49001,156.61,
2025-01-23 07:00:00,156.62,156.69,156.53,156.61,
2025-01-23 08:00:00,156.61,156.64,156.45,156.49001,
2025-01-23 09:00:00,156.49001,156.55,156.35001,156.38,
2025-01-23 10:00:00,156.38,156.39999,156.21001,156.39999,
2025-01-23 11:00:00,156.39999,156.56,156.37,156.55,
2025-01-23 12:00:00,156.53999,156.60001,156.37,156.39999,
2025-01-23 13:00:00,156.39999,156.42,156.10001,156.21001,
2025-01-23 14:00:00,156.19,156.39999,156.14,156.25,
2025-01-23 15:00:00,156.25,156.47,156.14999,156.17,
2025-01-23 16:00:00,156.17,156.38,155.87,156.0099945,
2025-01-23 17:00:00,156.0099945,156.13,155.88,155.92,
2025-01-23 18:00:00,155.91,156,155.88,156,
2025-01-23 19:00:00,156,156.039993,155.74001,155.8,
2025-01-23 20:00:00,155.81,155.98,155.75999,155.97,
2025-01-23 21:00:00,155.99001,156.070007,155.96001,156.059998,
2025-01-23 22:00:00,156.059998,156.059998,156.0099945,156.029999,
2025-01-23 23:00:00,156.039993,156.17999,155.96001,156.14,
2025-01-24 00:00:00,156.14,156.28,156.0099945,156.25,
2025-01-24 01:00:00,156.24001,156.35001,156.14,156.31,
2025-01-24 02:00:00,156.32001,156.38,155.89999,155.99001,
2025-01-24 03:00:00,155.99001,156.39999,155.42999,155.49001,
2025-01-24 04:00:00,155.48,155.52,155.0099945,155.13,
2025-01-24 05:00:00,155.23,155.47,155.11,155.36,
2025-01-24 06:00:00,155.36,155.72,154.85001,155.36,
2025-01-24 07:00:00,155.37,155.62,155.24001,155.39,
2025-01-24 08:00:00,155.38,155.45,154.94,155.38,
2025-01-24 09:00:00,155.38,155.63,155.12,155.59,
2025-01-24 10:00:00,155.59,155.97,155.55,155.91,
2025-01-24 11:00:00,155.91,156.11,155.89999,156.10001,
2025-01-24 12:00:00,156.11,156.47,156.070007,156.46001,
2025-01-24 13:00:00,156.46001,156.58,156.24001,156.33,
2025-01-24 14:00:00,156.32001,156.49001,156.14999,156.31,
2025-01-24 15:00:00,156.32001,156.39,155.63,155.73,
2025-01-24 16:00:00,155.73,155.81,155.58,155.58,
2025-01-24 17:00:00,155.59,155.75999,155.52,155.75,
2025-01-24 18:00:00,155.75999,156.029999,155.73,155.94,
2025-01-24 19:00:00,155.92999,155.96001,155.78,155.81,
2025-01-24 20:00:00,155.82001,155.98,155.82001,155.91,
2025-01-24 21:00:00,155.91,156.020004,155.87,155.98,
2025-01-26 22:00:00,155.74001,155.83,155.69,155.8,
2025-01-26 23:00:00,155.78999,155.83,155.58,155.72,
2025-01-27 00:00:00,155.72,155.85001,155.39999,155.53,
2025-01-27 01:00:00,155.53,155.60001,155.28999,155.48,
2025-01-27 02:00:00,155.49001,155.67,155.42999,155.64,
2025-01-27 03:00:00,155.64,155.88,155.62,155.8,
2025-01-27 04:00:00,155.8,156.059998,155.78999,156.020004,
2025-01-27 05:00:00,156.020004,156.10001,155.94,156.070007,
2025-01-27 06:00:00,156.070007,156.25,155.98,155.99001,
2025-01-27 07:00:00,155.99001,155.99001,155.67999,155.88,
2025-01-27 08:00:00,155.87,155.91,155.050003,155.14,
2025-01-27 09:00:00,155.13,155.19,154.47,154.60001,
2025-01-27 10:00:00,154.60001,154.60001,153.74001,153.98,
2025-01-27 11:00:00,153.97,154.089996,153.72,153.97,
2025-01-27 12:00:00,153.96001,154.23,153.86,154.039993,
2025-01-27 13:00:00,154.050003,154.46001,153.91,154.2,
2025-01-27 14:00:00,154.21001,154.39,153.95,154.37,
2025-01-27 15:00:00,154.37,154.67999,154.23,154.35001,
2025-01-27 16:00:00,154.34,154.42,154.10001,154.23,
2025-01-27 17:00:00,154.23,154.42999,154.17999,154.3,
2025-01-27 18:00:00,154.3,154.59,154.23,154.42999,
2025-01-27 19:00:00,154.42999,154.72,154.42999,154.55,
2025-01-27 20:00:00,154.53999,154.7,154.53999,154.59,
2025-01-27 21:00:00,154.58,154.66,154.46001,154.50999,
2025-01-27 22:00:00,154.53999,154.57001,154.49001,154.53999,
2025-01-27 23:00:00,154.56,154.98,154.52,154.92,
2025-01-28 00:00:00,154.91,155.16,154.8,155.14999,
2025-01-28 01:00:00,155.14999,155.63,155.12,155.49001,
2025-01-28 02:00:00,155.49001,155.67,155.39999,155.55,
2025-01-28 03:00:00,155.53999,155.74001,155.49001,155.74001,
2025-01-28 04:00:00,155.74001,155.95,155.72,155.77,
2025-01-28 05:00:00,155.78,155.83,155.64999,155.7,
2025-01-28 06:00:00,155.7,155.85001,155.52,155.77,
2025-01-28 07:00:00,155.77,155.98,155.67,155.86,
2025-01-28 08:00:00,155.86,155.92999,155.55,155.73,
2025-01-28 09:00:00,155.72,155.82001,155.25999,155.45,
2025-01-28 10:00:00,155.45,155.5,155.21001,155.48,
2025-01-28 11:00:00,155.49001,155.5,155.25,155.44,
2025-01-28 12:00:00,155.44,155.49001,155.25,155.28,
2025-01-28 13:00:00,155.28,155.57001,155.23,155.49001,
2025-01-28 14:00:00,155.49001,155.56,155.050003,155.28999,
2025-01-28 15:00:00,155.27,155.74001,155.22,155.72,
2025-01-28 16:00:00,155.72,155.75999,155.58,155.66,
2025-01-28 17:00:00,155.66,155.7,155.55,155.61,
2025-01-28 18:00:00,155.60001,155.67999,155.52,155.67999,
2025-01-28 19:00:00,155.67999,155.73,155.50999,155.53999,
2025-01-28 20:00:00,155.53999,155.60001,155.49001,155.52,
2025-01-28 21:00:00,155.52,155.56,155.49001,155.52,
2025-01-28 22:00:00,155.57001,155.62,155.53,155.53999,
2025-01-28 23:00:00,155.55,155.61,155.50999,155.56,
2025-01-29 00:00:00,155.57001,155.64999,155.42999,155.63,
2025-01-29 01:00:00,155.63,155.78999,155.59,155.72,
2025-01-29 02:00:00,155.72,155.78,155.59,155.63,
2025-01-29 03:00:00,155.62,155.62,155.32001,155.42999,
2025-01-29 04:00:00,155.42999,155.42999,155.23,155.28999,
2025-01-29 05:00:00,155.3,155.3,155.0099945,155.020004,
2025-01-29 06:00:00,155.0099945,155.31,155,155.22,
2025-01-29 07:00:00,155.23,155.41,155.14,155.28999,
2025-01-29 08:00:00,155.3,155.34,155.0099945,155.14999,
2025-01-29 09:00:00,155.14999,155.36,155.089996,155.35001,
2025-01-29 10:00:00,155.34,155.45,155.32001,155.39,
2025-01-29 11:00:00,155.39,155.52,155.33,155.42,
2025-01-29 12:00:00,155.42,155.5,155.32001,155.36,
2025-01-29 13:00:00,155.36,155.47,155.25999,155.42999,
2025-01-29 14:00:00,155.42,155.45,155.17999,155.2,
2025-01-29 15:00:00,155.2,155.33,154.94,155.0099945,
2025-01-29 16:00:00,155.0099945,155.24001,154.97,155.22,
2025-01-29 17:00:00,155.23,155.23,155.059998,155.059998,
2025-01-29 18:00:00,155.059998,155.17,155,155.14,
2025-01-29 19:00:00,155.13,155.61,155.089996,155.24001,
2025-01-29 20:00:00,155.25,155.39,155.10001,155.36,
2025-01-29 21:00:00,155.36,155.38,155.19,155.19,
2025-01-29 22:00:00,155.17,155.23,155.14999,155.2,
2025-01-29 23:00:00,155.17999,155.24001,155.039993,155.17999,
2025-01-30 00:00:00,155.17999,155.2,154.67999,154.72,
2025-01-30 01:00:00,154.72,154.72,154.46001,154.64,
2025-01-30 02:00:00,154.64999,154.66,154.28,154.38,
2025-01-30 03:00:00,154.38,154.55,154.32001,154.53,
2025-01-30 04:00:00,154.53,154.67999,154.48,154.60001,
2025-01-30 05:00:00,154.61,154.64,154.42,154.48,
2025-01-30 06:00:00,154.49001,154.74001,154.36,154.44,
2025-01-30 07:00:00,154.42999,154.64,154.37,154.5,
2025-01-30 08:00:00,154.55,154.64999,154.44,154.48,
2025-01-30 09:00:00,154.48,154.59,154.32001,154.45,
2025-01-30 10:00:00,154.45,154.53999,154.36,154.5,
2025-01-30 11:00:00,154.5,154.60001,154.42,154.59,
2025-01-30 12:00:00,154.59,154.60001,154.10001,154.14999,
2025-01-30 13:00:00,154.14999,154.27,153.84,153.91,
2025-01-30 14:00:00,153.91,154.22,153.85001,154.059998,
2025-01-30 15:00:00,154.039993,154.14999,153.78999,154.14,
2025-01-30 16:00:00,154.14,154.48,154.070007,154.42999,
2025-01-30 17:00:00,154.42,154.45,154.25999,154.3,
2025-01-30 18:00:00,154.3,154.5,154.3,154.37,
2025-01-30 19:00:00,154.38,154.38,154.089996,154.11,
2025-01-30 20:00:00,154.11,154.45,154,154.25999,
2025-01-30 21:00:00,154.25999,154.45,154.19,154.28999,
2025-01-30 22:00:00,154.17999,154.25,154.16,154.23,
2025-01-30 23:00:00,154.23,154.5,154.070007,154.089996,
2025-01-31 00:00:00,154.10001,154.36,154.020004,154.31,
2025-01-31 01:00:00,154.32001,154.32001,153.92,154.10001,
2025-01-31 02:00:00,154.089996,154.22,153.92999,154.17999,
2025-01-31 03:00:00,154.17999,154.42999,154.16,154.36,
2025-01-31 04:00:00,154.36,154.44,154.32001,154.42999,
2025-01-31 05:00:00,154.45,154.88,154.44,154.72,
2025-01-31 06:00:00,154.72,154.92999,154.64999,154.69,
2025-01-31 07:00:00,154.69,154.77,154.58,154.64999,
2025-01-31 08:00:00,154.66,154.81,154.56,154.59,
2025-01-31 09:00:00,154.56,154.72,154.49001,154.72,
2025-01-31 10:00:00,154.71001,154.78,154.67999,154.67999,
2025-01-31 11:00:00,154.67999,154.85001,154.61,154.84,
2025-01-31 12:00:00,154.85001,154.89,154.77,154.83,
2025-01-31 13:00:00,154.81,155.020004,154.74001,154.8,
2025-01-31 14:00:00,154.78999,154.98,154.56,154.62,
2025-01-31 15:00:00,154.62,154.87,154.53,154.83,
2025-01-31 16:00:00,154.83,155,154.81,154.92,
2025-01-31 17:00:00,154.92,154.97,154.66,154.75999,
2025-01-31 18:00:00,154.77,155.22,154.75999,155.14,
2025-01-31 19:00:00,155.14,155.2,154.99001,155.14999,
2025-01-31 20:00:00,155.14,155.21001,155.089996,155.089996,
2025-01-31 21:00:00,155.080002,155.22,155.020004,155.2,
2025-02-02 22:00:00,154.78,155.14999,154.78,155.020004,
2025-02-02 23:00:00,155.0099945,155.44,154.95,155.35001,
2025-02-03 00:00:00,155.37,155.8,155.36,155.71001,
2025-02-03 01:00:00,155.69,155.89,155.64999,155.71001,
2025-02-03 02:00:00,155.71001,155.87,155.47,155.53999,
2025-02-03 03:00:00,155.55,155.75999,155.5,155.64999,
2025-02-03 04:00:00,155.66,155.75,155.57001,155.71001,
2025-02-03 05:00:00,155.71001,155.72,155.47,155.57001,
2025-02-03 06:00:00,155.58,155.61,155.28,155.38,
2025-02-03 07:00:00,155.38,155.66,155.38,155.63,
2025-02-03 08:00:00,155.63,155.72,155.35001,155.45,
2025-02-03 09:00:00,155.47,155.47,155,155.0099945,
2025-02-03 10:00:00,155.0099945,155.13,154.84,154.94,
2025-02-03 11:00:00,154.94,154.97,154.60001,154.61,
2025-02-03 12:00:00,154.62,154.62,154.3,154.57001,
2025-02-03 13:00:00,154.57001,154.83,154.41,154.64999,
2025-02-03 14:00:00,154.64999,154.75,154.38,154.53999,
2025-02-03 15:00:00,154.50999,154.86,154.0099945,154.73,
2025-02-03 16:00:00,154.73,154.86,154.55,154.69,
2025-02-03 17:00:00,154.69,154.73,154.53,154.64999,
2025-02-03 18:00:00,154.66,155.0099945,154.57001,154.96001,
2025-02-03 19:00:00,154.95,155,154.83,154.89999,
2025-02-03 20:00:00,154.89,154.89999,154.66,154.71001,
2025-02-03 21:00:00,154.72,154.92,154.56,154.77,
2025-02-03 22:00:00,154.75,154.89,154.7,154.83,
2025-02-03 23:00:00,154.83,155.3,154.78999,155.27,
2025-02-04 00:00:00,155.27,155.41,155.19,155.31,
2025-02-04 01:00:00,155.31,155.39,155.050003,155.11,
2025-02-04 02:00:00,155.12,155.25999,155.050003,155.14999,
2025-02-04 03:00:00,155.16,155.3,155.070007,155.21001,
2025-02-04 04:00:00,155.21001,155.28999,155.19,155.27,
2025-02-04 05:00:00,155.28999,155.33,154.83,155.25,
2025-02-04 06:00:00,155.25,155.39,155.16,155.22,
2025-02-04 07:00:00,155.21001,155.36,155.17,155.33,
2025-02-04 08:00:00,155.33,155.52,155.13,155.25,
2025-02-04 09:00:00,155.24001,155.36,155.070007,155.34,
2025-02-04 10:00:00,155.35001,155.36,155.25,155.27,
2025-02-04 11:00:00,155.25999,155.34,155.14999,155.31,
2025-02-04 12:00:00,155.32001,155.39999,155.24001,155.28,
2025-02-04 13:00:00,155.28,155.39,155.25,155.25999,
2025-02-04 14:00:00,155.25999,155.25999,154.96001,155.039993,
2025-02-04 15:00:00,155.059998,155.059998,154.53999,154.67999,
2025-02-04 16:00:00,154.67,154.67,154.47,154.56,
2025-02-04 17:00:00,154.57001,154.62,154.25,154.27,
2025-02-04 18:00:00,154.27,154.34,154.17999,154.3,
2025-02-04 19:00:00,154.3,154.34,154.23,154.3,
2025-02-04 20:00:00,154.28999,154.32001,154.24001,154.25999,
2025-02-04 21:00:00,154.25999,154.35001,154.23,154.33,
2025-02-04 22:00:00,154.34,154.41,154.32001,154.38,
2025-02-04 23:00:00,154.39,154.46001,154.029999,154.14999,
2025-02-05 00:00:00,154.13,154.36,153.84,153.86,
2025-02-05 01:00:00,153.86,153.86,153.47,153.61,
2025-02-05 02:00:00,153.61,153.64,153.17999,153.39,
2025-02-05 03:00:00,153.39,153.46001,153.10001,153.22,
2025-02-05 04:00:00,153.22,153.39,153.12,153.37,
2025-02-05 05:00:00,153.36,153.57001,153.35001,153.42999,
2025-02-05 06:00:00,153.42,153.45,153.17,153.19,
2025-02-05 07:00:00,153.19,153.37,153.080002,153.3,
2025-02-05 08:00:00,153.34,153.39,152.92,153.050003,
2025-02-05 09:00:00,153.070007,153.13,152.64,152.84,
2025-02-05 10:00:00,152.84,152.84,152.55,152.64999,
2025-02-05 11:00:00,152.64999,152.89,152.63,152.88,
2025-02-05 12:00:00,152.88,152.95,152.74001,152.87,
2025-02-05 13:00:00,152.87,153.11,152.75999,153.039993,
2025-02-05 14:00:00,153.029999,153.21001,152.78,152.8,
2025-02-05 15:00:00,152.50999,152.60001,152.12,152.14,
2025-02-05 16:00:00,152.14,152.38,152.12,152.34,
2025-02-05 17:00:00,152.34,152.44,152.25999,152.28999,
2025-02-05 18:00:00,152.28999,152.41,152.25,152.32001,
2025-02-05 19:00:00,152.32001,152.53999,152.31,152.53,
2025-02-05 20:00:00,152.52,152.77,152.52,152.69,
2025-02-05 21:00:00,152.7,152.71001,152.59,152.63,
2025-02-05 22:00:00,152.59,152.62,152.52,152.57001,
2025-02-05 23:00:00,152.56,152.75,152.47,152.64999,
2025-02-06 00:00:00,152.64999,152.69,152.33,152.36,
2025-02-06 01:00:00,152.36,152.38,151.81,152.029999,
2025-02-06 02:00:00,152.020004,152.3,151.94,152.25999,
2025-02-06 03:00:00,152.27,152.28999,152.059998,152.24001,
2025-02-06 04:00:00,152.24001,152.36,152.13,152.35001,
2025-02-06 05:00:00,152.36,152.52,152.17,152.42,
2025-02-06 06:00:00,152.42,152.59,152.39999,152.56,
2025-02-06 07:00:00,152.56,152.67,152.49001,152.58,
2025-02-06 08:00:00,152.58,152.7,152.45,152.64,
2025-02-06 09:00:00,152.64,152.89,152.53999,152.66,
2025-02-06 10:00:00,152.66,152.67999,152.50999,152.53,
2025-02-06 11:00:00,152.53999,152.55,152.36,152.44,
2025-02-06 12:00:00,152.42999,152.47,152.27,152.38,
2025-02-06 13:00:00,152.38,152.53,152.059998,152.080002,
2025-02-06 14:00:00,152.080002,152.21001,151.86,152.11,
2025-02-06 15:00:00,152.11,152.14999,151.66,151.69,
2025-02-06 16:00:00,151.69,152.050003,151.67,152.050003,
2025-02-06 17:00:00,152.059998,152.059998,151.85001,151.87,
2025-02-06 18:00:00,151.88,151.88,151.32001,151.34,
2025-02-06 19:00:00,151.32001,151.44,151.24001,151.39,
2025-02-06 20:00:00,151.39,151.53999,151.36,151.53,
2025-02-06 21:00:00,151.53,151.53999,151.39999,151.39999,
2025-02-06 22:00:00,151.35001,151.49001,151.34,151.46001,
2025-02-06 23:00:00,151.46001,151.46001,151.16,151.17,
2025-02-07 00:00:00,151.17,151.25999,150.96001,151.22,
2025-02-07 01:00:00,151.21001,151.66,151.21001,151.58,
2025-02-07 02:00:00,151.58,151.74001,151.55,151.61,
2025-02-07 03:00:00,151.60001,151.73,151.45,151.58,
2025-02-07 04:00:00,151.58,151.71001,151.53999,151.67999,
2025-02-07 05:00:00,151.67999,151.78999,151.62,151.72,
2025-02-07 06:00:00,151.72,151.84,151.59,151.84,
2025-02-07 07:00:00,151.83,151.88,151.67999,151.83,
2025-02-07 08:00:00,151.83,151.89,151.67,151.74001,
2025-02-07 09:00:00,151.74001,151.83,151.7,151.83,
2025-02-07 10:00:00,151.82001,152.16,151.8,152.14,
2025-02-07 11:00:00,152.14,152.17999,152.070007,152.16,
2025-02-07 12:00:00,152.14999,152.25,151.98,152.0099945,
2025-02-07 13:00:00,152.0099945,152.42,151.34,151.95,
2025-02-07 14:00:00,151.95,152,151.49001,151.53999,
2025-02-07 15:00:00,151.61,151.75999,151.28999,151.39,
2025-02-07 16:00:00,151.39,151.56,150.92999,151.31,
2025-02-07 17:00:00,151.31,151.85001,151.27,151.66,
2025-02-07 18:00:00,151.67,151.74001,151.35001,151.39,
2025-02-07 19:00:00,151.39,151.53,151.21001,151.38,
2025-02-07 20:00:00,151.37,151.42999,151.25999,151.3,
2025-02-07 21:00:00,151.28999,151.46001,151.27,151.42,
2025-02-09 22:00:00,151.24001,151.58,151.23,151.56,
2025-02-09 23:00:00,151.53999,151.88,151.47,151.88,
2025-02-10 00:00:00,151.88,151.89999,151.63,151.88,
2025-02-10 01:00:00,151.88,152.14,151.87,152.0099945,
2025-02-10 02:00:00,152.0099945,152.2,151.91,152.14999,
2025-02-10 03:00:00,152.14999,152.14999,151.88,151.92,
2025-02-10 04:00:00,151.92,151.97,151.83,151.91,
2025-02-10 05:00:00,151.91,152.050003,151.91,151.95,
2025-02-10 06:00:00,151.95,151.97,151.78,151.89999,
2025-02-10 07:00:00,151.89,152.19,151.87,152.16,
2025-02-10 08:00:00,152.17,152.53999,152.13,152.39,
2025-02-10 09:00:00,152.39,152.41,152.17,152.2,
2025-02-10 10:00:00,152.2,152.31,152.070007,152.089996,
2025-02-10 11:00:00,152.089996,152.2,152.020004,152.12,
2025-02-10 12:00:00,152.11,152.25,152.029999,152.070007,
2025-02-10 13:00:00,152.070007,152.089996,151.81,151.87,
2025-02-10 14:00:00,151.86,151.86,151.59,151.64,
2025-02-10 15:00:00,151.64,151.69,151.57001,151.61,
2025-02-10 16:00:00,151.61,151.78999,151.57001,151.72,
2025-02-10 17:00:00,151.72,151.92,151.71001,151.87,
2025-02-10 18:00:00,151.87,152.070007,151.86,152.039993,
2025-02-10 19:00:00,152.029999,152.059998,151.95,151.98,
2025-02-10 20:00:00,151.98,152.029999,151.95,151.95,
2025-02-10 21:00:00,151.95,152.0099945,151.92,152,
2025-02-10 22:00:00,152.020004,152.020004,151.89,151.89,
2025-02-10 23:00:00,151.89999,151.96001,151.75,151.78999,
2025-02-11 00:00:00,151.78999,151.89,151.69,151.81,
2025-02-11 01:00:00,151.81,152.059998,151.8,152.020004,
2025-02-11 02:00:00,152.020004,152.039993,151.92,151.97,
2025-02-11 03:00:00,151.97,152.050003,151.92,151.98,
2025-02-11 04:00:00,151.98,152.039993,151.98,151.99001,
2025-02-11 05:00:00,151.99001,152,151.94,151.96001,
2025-02-11 06:00:00,151.96001,151.99001,151.84,151.92,
2025-02-11 07:00:00,151.92,152.050003,151.87,151.95,
2025-02-11 08:00:00,151.95,152.089996,151.64999,151.87,
2025-02-11 09:00:00,151.87,152,151.83,151.95,
2025-02-11 10:00:00,151.94,152.14999,151.94,152.13,
2025-02-11 11:00:00,152.13,152.38,152.12,152.34,
2025-02-11 12:00:00,152.35001,152.41,152.22,152.38,
2025-02-11 13:00:00,152.38,152.50999,152.3,152.3,
2025-02-11 14:00:00,152.31,152.46001,152.23,152.3,
2025-02-11 15:00:00,152.31,152.60001,152.24001,152.5,
2025-02-11 16:00:00,152.49001,152.53999,152.25,152.37,
2025-02-11 17:00:00,152.37,152.41,152.28999,152.37,
2025-02-11 18:00:00,152.37,152.48,152.28999,152.44,
2025-02-11 19:00:00,152.44,152.56,152.3,152.49001,
2025-02-11 20:00:00,152.49001,152.61,152.45,152.56,
2025-02-11 21:00:00,152.56,152.56,152.42999,152.49001,
2025-02-11 22:00:00,152.46001,152.49001,152.39,152.45,
2025-02-11 23:00:00,152.45,152.77,152.45,152.77,
2025-02-12 00:00:00,152.75,153.23,152.73,153.19,
2025-02-12 01:00:00,153.19,153.49001,153.070007,153.47,
2025-02-12 02:00:00,153.47,153.53,153.36,153.46001,
2025-02-12 03:00:00,153.47,153.67999,153.46001,153.63,
2025-02-12 04:00:00,153.63,153.73,153.58,153.67999,
2025-02-12 05:00:00,153.69,153.71001,153.53,153.53999,
2025-02-12 06:00:00,153.53999,153.7,153.50999,153.59,
2025-02-12 07:00:00,153.59,153.69,153.42,153.67999,
2025-02-12 08:00:00,153.69,153.89,153.50999,153.56,
2025-02-12 09:00:00,153.56,153.59,153.42,153.52,
2025-02-12 10:00:00,153.52,153.69,153.49001,153.58,
2025-02-12 11:00:00,153.58,153.63,153.46001,153.56,
2025-02-12 12:00:00,153.56,153.64,153.41,153.57001,
2025-02-12 13:00:00,153.56,154.45,153.46001,154.41,
2025-02-12 14:00:00,154.42,154.48,154.14,154.42999,
2025-02-12 15:00:00,154.42,154.62,154.32001,154.44,
2025-02-12 16:00:00,154.44,154.8,154.39999,154.63,
2025-02-12 17:00:00,154.63,154.63,154.32001,154.36,
2025-02-12 18:00:00,154.35001,154.49001,154.28999,154.37,
2025-02-12 19:00:00,154.37,154.48,154.32001,154.42999,
2025-02-12 20:00:00,154.42999,154.46001,154.33,154.44,
2025-02-12 21:00:00,154.42999,154.49001,154.38,154.41,
2025-02-12 22:00:00,154.39,154.39,154.32001,154.38,
2025-02-12 23:00:00,154.37,154.47,154.19,154.24001,
2025-02-13 00:00:00,154.23,154.56,154.12,154.53999,
2025-02-13 01:00:00,154.53999,154.66,154.22,154.25999,
2025-02-13 02:00:00,154.25999,154.35001,154.16,154.23,
2025-02-13 03:00:00,154.23,154.28999,154.17999,154.24001,
2025-02-13 04:00:00,154.24001,154.49001,154.22,154.36,
2025-02-13 05:00:00,154.36,154.41,154.14,154.17,
2025-02-13 06:00:00,154.17999,154.24001,153.96001,154.050003,
2025-02-13 07:00:00,154.059998,154.32001,153.96001,154.28,
2025-02-13 08:00:00,154.28,154.34,154.020004,154.020004,
2025-02-13 09:00:00,154.020004,154.089996,153.89999,153.98,
2025-02-13 10:00:00,153.98,154.020004,153.77,153.78999,
2025-02-13 11:00:00,153.78999,153.88,153.74001,153.85001,
2025-02-13 12:00:00,153.85001,153.89999,153.74001,153.86,
2025-02-13 13:00:00,153.85001,154.020004,153.42999,153.52,
2025-02-13 14:00:00,153.52,153.61,153.35001,153.52,
2025-02-13 15:00:00,153.52,153.72,153.080002,153.13,
2025-02-13 16:00:00,153.14,153.17,152.92999,153.17,
2025-02-13 17:00:00,153.17999,153.2,153.050003,153.17,
2025-02-13 18:00:00,153.17,153.35001,153.14,153.27,
2025-02-13 19:00:00,153.27,153.28,152.77,152.92999,
2025-02-13 20:00:00,152.94,152.99001,152.7,152.75,
2025-02-13 21:00:00,152.74001,152.85001,152.73,152.8,
2025-02-13 22:00:00,152.82001,152.89,152.78,152.85001,
2025-02-13 23:00:00,152.85001,153.14999,152.82001,152.99001,
2025-02-14 00:00:00,153.0099945,153.10001,152.58,152.64,
2025-02-14 01:00:00,152.64,152.64,152.45,152.57001,
2025-02-14 02:00:00,152.59,152.88,152.53,152.83,
2025-02-14 03:00:00,152.83,153.0099945,152.81,152.83,
2025-02-14 04:00:00,152.84,152.89,152.63,152.64,
2025-02-14 05:00:00,152.64,152.73,152.56,152.62,
2025-02-14 06:00:00,152.61,152.67999,152.44,152.5,
2025-02-14 07:00:00,152.49001,152.74001,152.39,152.73,
2025-02-14 08:00:00,152.73,152.78999,152.49001,152.75,
2025-02-14 09:00:00,152.75,152.84,152.5,152.50999,
2025-02-14 10:00:00,152.52,152.59,152.47,152.52,
2025-02-14 11:00:00,152.52,152.74001,152.49001,152.71001,
2025-02-14 12:00:00,152.7,152.74001,152.60001,152.74001,
2025-02-14 13:00:00,152.74001,152.83,152.11,152.17999,
2025-02-14 14:00:00,152.17,152.31,152.070007,152.24001,
2025-02-14 15:00:00,152.25,152.38,152.10001,152.14,
2025-02-14 16:00:00,152.14,152.25999,152.029999,152.25,
2025-02-14 17:00:00,152.25,152.35001,152.22,152.3,
2025-02-14 18:00:00,152.28999,152.39,152.28,152.31,
2025-02-14 19:00:00,152.31,152.34,152.17999,152.21001,
2025-02-14 20:00:00,152.22,152.35001,152.22,152.33,
2025-02-14 21:00:00,152.32001,152.35001,152.25,152.31,
2025-02-16 22:00:00,152.25999,152.28999,152.17999,152.28,
2025-02-16 23:00:00,152.28999,152.38,151.97,152.0099945,
2025-02-17 00:00:00,152.0099945,152.12,151.78999,151.88,
2025-02-17 01:00:00,151.87,151.91,151.74001,151.89999,
2025-02-17 02:00:00,151.89999,151.94,151.50999,151.55,
2025-02-17 03:00:00,151.55,151.66,151.53999,151.62,
2025-02-17 04:00:00,151.62,151.78,151.61,151.7,
2025-02-17 05:00:00,151.69,151.71001,151.48,151.53,
2025-02-17 06:00:00,151.53,151.78999,151.49001,151.71001,
2025-02-17 07:00:00,151.71001,151.89,151.60001,151.87,
2025-02-17 08:00:00,151.87,151.94,151.75,151.75999,
2025-02-17 09:00:00,151.75999,151.85001,151.72,151.81,
2025-02-17 10:00:00,151.81,151.84,151.60001,151.61,
2025-02-17 11:00:00,151.62,151.72,151.5,151.50999,
2025-02-17 12:00:00,151.50999,151.53999,151.39999,151.50999,
2025-02-17 13:00:00,151.50999,151.53,151.44,151.48,
2025-02-17 14:00:00,151.47,151.5,151.42,151.47,
2025-02-17 15:00:00,151.47,151.48,151.34,151.37,
2025-02-17 16:00:00,151.37,151.45,151.35001,151.44,
2025-02-17 17:00:00,151.44,151.45,151.37,151.39,
2025-02-17 18:00:00,151.38,151.42,151.37,151.38,
2025-02-17 19:00:00,151.37,151.39999,151.37,151.39999,
2025-02-17 20:00:00,151.39999,151.42999,151.38,151.41,
2025-02-17 21:00:00,151.39999,151.53,151.39999,151.50999,
2025-02-17 22:00:00,151.48,151.52,151.45,151.52,
2025-02-17 23:00:00,151.52,151.62,151.24001,151.44,
2025-02-18 00:00:00,151.44,151.72,151.42,151.69,
2025-02-18 01:00:00,151.69,151.8,151.60001,151.73,
2025-02-18 02:00:00,151.73,151.85001,151.7,151.84,
2025-02-18 03:00:00,151.84,152.089996,151.8,152.089996,
2025-02-18 04:00:00,152.10001,152.2,152.039993,152.14999,
2025-02-18 05:00:00,152.14999,152.22,151.99001,152,
2025-02-18 06:00:00,152.0099945,152.080002,151.89,151.94,
2025-02-18 07:00:00,151.94,152.070007,151.8,152.059998,
2025-02-18 08:00:00,152.059998,152.10001,151.82001,151.95,
2025-02-18 09:00:00,151.95,151.97,151.8,151.84,
2025-02-18 10:00:00,151.84,151.84,151.71001,151.77,
2025-02-18 11:00:00,151.77,151.81,151.67999,151.78,
2025-02-18 12:00:00,151.78,151.88,151.72,151.73,
2025-02-18 13:00:00,151.73,151.75999,151.63,151.7,
2025-02-18 14:00:00,151.7,151.86,151.64999,151.81,
2025-02-18 15:00:00,151.8,151.8,151.53,151.66,
2025-02-18 16:00:00,151.66,151.87,151.64999,151.78999,
2025-02-18 17:00:00,151.78999,151.96001,151.78,151.92999,
2025-02-18 18:00:00,151.92999,152.039993,151.91,151.98,
2025-02-18 19:00:00,151.98,151.99001,151.87,151.92999,
2025-02-18 20:00:00,151.92999,152.059998,151.92999,152.020004,
2025-02-18 21:00:00,152.020004,152.13,152.0099945,152.059998,
2025-02-18 22:00:00,152,152.089996,151.98,152.070007,
2025-02-18 23:00:00,152.070007,152.10001,151.92,151.92,
2025-02-19 00:00:00,151.92999,152.11,151.83,152.080002,
2025-02-19 01:00:00,152.070007,152.16,151.75,152.14,
2025-02-19 02:00:00,152.14,152.32001,151.97,152.029999,
2025-02-19 03:00:00,152.029999,152.089996,151.86,151.89999,
2025-02-19 04:00:00,151.89,151.94,151.74001,151.75999,
2025-02-19 05:00:00,151.77,151.88,151.71001,151.75999,
2025-02-19 06:00:00,151.75999,151.78,151.59,151.64,
2025-02-19 07:00:00,151.64999,151.78,151.59,151.66,
2025-02-19 08:00:00,151.66,151.86,151.62,151.72,
2025-02-19 09:00:00,151.72,151.75,151.55,151.66,
2025-02-19 10:00:00,151.66,151.83,151.66,151.74001,
2025-02-19 11:00:00,151.73,151.95,151.73,151.85001,
2025-02-19 12:00:00,151.84,151.92999,151.75999,151.91,
2025-02-19 13:00:00,151.91,151.92,151.69,151.69,
2025-02-19 14:00:00,151.7,151.72,151.33,151.33,
2025-02-19 15:00:00,151.34,151.50999,151.25,151.42,
2025-02-19 16:00:00,151.42,151.7,151.42,151.67,
2025-02-19 17:00:00,151.67999,151.75999,151.63,151.71001,
2025-02-19 18:00:00,151.71001,151.83,151.62,151.64,
2025-02-19 19:00:00,151.67,151.67,151.39,151.53,
2025-02-19 20:00:00,151.53,151.57001,151.45,151.48,
2025-02-19 21:00:00,151.47,151.52,151.47,151.47,
2025-02-19 22:00:00,151.41,151.44,151.39,151.39,
2025-02-19 23:00:00,151.39999,151.42999,151.12,151.22,
2025-02-20 00:00:00,151.22,151.24001,150.84,150.99001,
2025-02-20 01:00:00,150.99001,151,150.58,150.64,
2025-02-20 02:00:00,150.64,150.75999,150.46001,150.71001,
2025-02-20 03:00:00,150.71001,150.75,150.39,150.42999,
2025-02-20 04:00:00,150.42,150.48,150.25,150.28,
2025-02-20 05:00:00,150.25,150.41,150.19,150.39999,
2025-02-20 06:00:00,150.41,150.41,150,150.050003,
2025-02-20 07:00:00,150.050003,150.22,149.95,150.17999,
2025-02-20 08:00:00,150.17,150.39,150.16,150.34,
2025-02-20 09:00:00,150.34,150.44,150.2,150.31,
2025-02-20 10:00:00,150.31,150.32001,150.059998,150.080002,
2025-02-20 11:00:00,150.080002,150.25999,149.99001,150.22,
2025-02-20 12:00:00,150.22,150.23,149.94,150.089996,
2025-02-20 13:00:00,150.10001,150.14,149.71001,150.089996,
2025-02-20 14:00:00,150.080002,150.22,149.8,149.82001,
2025-02-20 15:00:00,149.81,149.86,149.47,149.50999,
2025-02-20 16:00:00,149.52,149.74001,149.5,149.63,
2025-02-20 17:00:00,149.63,149.7,149.39999,149.47,
2025-02-20 18:00:00,149.47,149.64,149.46001,149.63,
2025-02-20 19:00:00,149.63,149.82001,149.63,149.78,
2025-02-20 20:00:00,149.78,149.82001,149.64999,149.64999,
2025-02-20 21:00:00,149.64999,149.67999,149.60001,149.66,
2025-02-20 22:00:00,149.66,149.72,149.53,149.56,
2025-02-20 23:00:00,149.56,149.64,149.28999,149.48,
2025-02-21 00:00:00,149.47,149.91,149.47,149.84,
2025-02-21 01:00:00,149.83,150.45,149.78999,150.35001,
2025-02-21 02:00:00,150.35001,150.74001,150.16,150.48,
2025-02-21 03:00:00,150.48,150.53,150.23,150.31,
2025-02-21 04:00:00,150.32001,150.34,150.12,150.33,
2025-02-21 05:00:00,150.33,150.49001,150.32001,150.36,
2025-02-21 06:00:00,150.36,150.53999,150.3,150.52,
2025-02-21 07:00:00,150.53,150.64999,150.36,150.55,
2025-02-21 08:00:00,150.56,150.62,150.34,150.42999,
2025-02-21 09:00:00,150.45,150.5,150.25999,150.47,
2025-02-21 10:00:00,150.47,150.53999,150.35001,150.37,
2025-02-21 11:00:00,150.38,150.42999,150.19,150.28,
2025-02-21 12:00:00,150.27,150.49001,150.25,150.48,
2025-02-21 13:00:00,150.48,150.50999,150.33,150.42999,
2025-02-21 14:00:00,150.42999,150.44,149.75,149.8,
2025-02-21 15:00:00,149.82001,149.84,149.50999,149.55,
2025-02-21 16:00:00,149.55,149.62,149.39999,149.5,
2025-02-21 17:00:00,149.5,149.53,149.2,149.22,
2025-02-21 18:00:00,149.22,149.22,148.98,149.12,
2025-02-21 19:00:00,149.13,149.14,148.92999,149.070007,
2025-02-21 20:00:00,149.070007,149.17,149,149.13,
2025-02-21 21:00:00,149.13,149.35001,149.12,149.3,
2025-02-23 22:00:00,149.24001,149.27,149.2,149.21001,
2025-02-23 23:00:00,149.22,149.41,149.089996,149.39999,
2025-02-24 00:00:00,149.39999,149.39999,148.84,148.92999,
2025-02-24 01:00:00,148.92999,149.25999,148.92,149.24001,
2025-02-24 02:00:00,149.25,149.5,149.23,149.23,
2025-02-24 03:00:00,149.23,149.35001,149.12,149.16,
2025-02-24 04:00:00,149.17,149.31,149.13,149.2,
2025-02-24 05:00:00,149.21001,149.47,149.19,149.41,
2025-02-24 06:00:00,149.41,149.55,149.34,149.47,
2025-02-24 07:00:00,149.46001,149.53999,149.32001,149.46001,
2025-02-24 08:00:00,149.45,149.57001,149.23,149.42,
2025-02-24 09:00:00,149.42999,149.60001,149.38,149.57001,
2025-02-24 10:00:00,149.56,149.67,149.55,149.63,
2025-02-24 11:00:00,149.63,149.78999,149.61,149.73,
2025-02-24 12:00:00,149.73,149.83,149.62,149.77,
2025-02-24 13:00:00,149.77,149.88,149.61,149.77,
2025-02-24 14:00:00,149.78,149.82001,149.3,149.33,
2025-02-24 15:00:00,149.32001,149.42999,149.19,149.3,
2025-02-24 16:00:00,149.3,149.75999,149.3,149.57001,
2025-02-24 17:00:00,149.57001,149.71001,149.52,149.58,
2025-02-24 18:00:00,149.58,149.62,149.39,149.59,
2025-02-24 19:00:00,149.59,149.8,149.59,149.67999,
2025-02-24 20:00:00,149.67999,149.78999,149.61,149.72,
2025-02-24 21:00:00,149.73,149.78999,149.7,149.74001,
2025-02-24 22:00:00,149.67999,149.77,149.66,149.73,
2025-02-24 23:00:00,149.72,149.92,149.72,149.91,
2025-02-25 00:00:00,149.91,150.19,149.91,150.14999,
2025-02-25 01:00:00,150.14999,150.3,150.050003,150.050003,
2025-02-25 02:00:00,150.050003,150.089996,149.81,149.83,
2025-02-25 03:00:00,149.83,149.91,149.61,149.67,
2025-02-25 04:00:00,149.67,149.71001,149.46001,149.57001,
2025-02-25 05:00:00,149.57001,149.77,149.50999,149.72,
2025-02-25 06:00:00,149.72,149.87,149.63,149.75999,
2025-02-25 07:00:00,149.75999,149.78999,149.2,149.28,
2025-02-25 08:00:00,149.28,149.60001,149.22,149.46001,
2025-02-25 09:00:00,149.46001,149.75999,149.44,149.60001,
2025-02-25 10:00:00,149.60001,149.83,149.60001,149.77,
2025-02-25 11:00:00,149.77,149.95,149.66,149.81,
2025-02-25 12:00:00,149.81,149.81,149.49001,149.69,
2025-02-25 13:00:00,149.67999,149.82001,149.34,149.44,
2025-02-25 14:00:00,149.44,149.53999,149.11,149.17999,
2025-02-25 15:00:00,149.17999,149.17999,148.57001,149.070007,
2025-02-25 16:00:00,149.070007,149.14,148.78,149.10001,
2025-02-25 17:00:00,149.10001,149.25999,149.0099945,149.080002,
2025-02-25 18:00:00,149.080002,149.25,149.050003,149.17,
2025-02-25 19:00:00,149.17,149.17999,149,149.080002,
2025-02-25 20:00:00,149.080002,149.10001,148.91,148.95,
2025-02-25 21:00:00,148.95,149.039993,148.94,149.029999,
2025-02-25 22:00:00,149.029999,149.14,149.0099945,149.14,
2025-02-25 23:00:00,149.14,149.19,148.86,149.059998,
2025-02-26 00:00:00,149.050003,149.089996,148.62,148.89999,
2025-02-26 01:00:00,148.91,149.24001,148.72,149.23,
2025-02-26 02:00:00,149.23,149.47,149.17999,149.46001,
2025-02-26 03:00:00,149.45,149.52,149.31,149.39999,
2025-02-26 04:00:00,149.39999,149.55,149.28999,149.44,
2025-02-26 05:00:00,149.44,149.63,149.41,149.44,
2025-02-26 06:00:00,149.42999,149.63,149.42999,149.58,
2025-02-26 07:00:00,149.57001,149.61,149.33,149.53999,
2025-02-26 08:00:00,149.53,149.55,149.25,149.28999,
2025-02-26 09:00:00,149.28999,149.44,149.25999,149.36,
2025-02-26 10:00:00,149.36,149.53,149.23,149.52,
2025-02-26 11:00:00,149.52,149.59,149.48,149.55,
2025-02-26 12:00:00,149.55,149.64999,149.45,149.61,
2025-02-26 13:00:00,149.62,149.67999,149.31,149.53999,
2025-02-26 14:00:00,149.53999,149.73,149.3,149.67,
2025-02-26 15:00:00,149.67,149.89,149.39999,149.49001,
2025-02-26 16:00:00,149.49001,149.53,149.12,149.14,
2025-02-26 17:00:00,149.13,149.24001,149.020004,149.14999,
2025-02-26 18:00:00,149.14999,149.16,148.83,148.92999,
2025-02-26 19:00:00,148.92999,148.97,148.82001,148.84,
2025-02-26 20:00:00,148.85001,149.050003,148.83,149.029999,
2025-02-26 21:00:00,149.029999,149.23,148.99001,149.089996,
2025-02-26 22:00:00,149,149.089996,148.98,148.99001,
2025-02-26 23:00:00,148.99001,149.020004,148.75,148.88,
2025-02-27 00:00:00,148.88,149.17999,148.78999,149.14,
2025-02-27 01:00:00,149.14,149.39999,149.070007,149.36,
2025-02-27 02:00:00,149.37,149.38,149.17,149.25999,
2025-02-27 03:00:00,149.25999,149.36,149.19,149.22,
2025-02-27 04:00:00,149.22,149.27,149.080002,149.089996,
2025-02-27 05:00:00,149.10001,149.37,149.10001,149.35001,
2025-02-27 06:00:00,149.34,149.42,149.2,149.25999,
2025-02-27 07:00:00,149.27,149.33,149.19,149.27,
2025-02-27 08:00:00,149.27,149.73,149.16,149.72,
2025-02-27 09:00:00,149.72,149.97,149.63,149.84,
2025-02-27 10:00:00,149.85001,149.97,149.8,149.85001,
2025-02-27 11:00:00,149.85001,149.89999,149.67999,149.8,
2025-02-27 12:00:00,149.8,149.8,149.56,149.66,
2025-02-27 13:00:00,149.66,149.88,149.36,149.73,
2025-02-27 14:00:00,149.71001,150.14,149.64999,149.73,
2025-02-27 15:00:00,149.7,150.10001,149.53999,149.94,
2025-02-27 16:00:00,149.94,150.16,149.77,149.81,
2025-02-27 17:00:00,149.81,150.0099945,149.78,149.97,
2025-02-27 18:00:00,149.97,150.16,149.92,150.11,
2025-02-27 19:00:00,150.12,150.12,149.78999,149.86,
2025-02-27 20:00:00,149.86,149.87,149.63,149.7,
2025-02-27 21:00:00,149.7,149.83,149.67999,149.81,
2025-02-27 22:00:00,149.89,149.89,149.72,149.77,
2025-02-27 23:00:00,149.78,150.11,149.53999,150.089996,
2025-02-28 00:00:00,150.10001,150.14999,149.36,149.37,
2025-02-28 01:00:00,149.39,149.53,149.27,149.3,
2025-02-28 02:00:00,149.3,149.57001,149.10001,149.53,
2025-02-28 03:00:00,149.53,149.62,149.46001,149.61,
2025-02-28 04:00:00,149.61,149.7,149.52,149.60001,
2025-02-28 05:00:00,149.61,149.88,149.58,149.83,
2025-02-28 06:00:00,149.83,150.10001,149.78999,150.039993,
2025-02-28 07:00:00,150.039993,150.57001,149.94,150.42999,
2025-02-28 08:00:00,150.44,150.69,150.32001,150.56,
2025-02-28 09:00:00,150.57001,150.63,150.19,150.24001,
2025-02-28 10:00:00,150.25,150.39999,150.24001,150.38,
2025-02-28 11:00:00,150.38,150.49001,150.28999,150.39,
2025-02-28 12:00:00,150.39,150.72,150.38,150.66,
2025-02-28 13:00:00,150.66,150.99001,150.60001,150.64999,
2025-02-28 14:00:00,150.64999,150.81,150.28,150.69,
2025-02-28 15:00:00,150.67999,150.87,150.50999,150.67,
2025-02-28 16:00:00,150.67999,150.78999,150.24001,150.64,
2025-02-28 17:00:00,150.64,150.67999,150.34,150.37,
2025-02-28 18:00:00,150.36,150.55,150.24001,150.33,
2025-02-28 19:00:00,150.31,150.60001,150.31,150.53999,
2025-02-28 20:00:00,150.55,150.62,150.44,150.5,
2025-02-28 21:00:00,150.50999,150.62,150.49001,150.62,
2025-03-02 22:00:00,150.72,150.74001,150.67,150.71001,
2025-03-02 23:00:00,150.71001,151.020004,150.71001,150.81,
2025-03-03 00:00:00,150.82001,150.95,150.49001,150.53999,
2025-03-03 01:00:00,150.55,150.72,150.32001,150.41,
2025-03-03 02:00:00,150.41,150.48,150.27,150.41,
2025-03-03 03:00:00,150.39999,150.49001,150.25,150.45,
2025-03-03 04:00:00,150.45,150.52,150.33,150.33,
2025-03-03 05:00:00,150.35001,150.52,150.35001,150.41,
2025-03-03 06:00:00,150.42,150.53,150.28,150.46001,
2025-03-03 07:00:00,150.46001,150.53,150.14999,150.17,
2025-03-03 08:00:00,150.17999,150.24001,150.029999,150.12,
2025-03-03 09:00:00,150.10001,150.37,149.95,150.35001,
2025-03-03 10:00:00,150.35001,150.89,150.35001,150.84,
2025-03-03 11:00:00,150.84,151.23,150.78999,151.2,
2025-03-03 12:00:00,151.2,151.3,151.11,151.24001,
2025-03-03 13:00:00,151.24001,151.3,150.94,150.97,
2025-03-03 14:00:00,150.97,150.98,150.59,150.62,
2025-03-03 15:00:00,150.69,150.69,150.080002,150.23,
2025-03-03 16:00:00,150.24001,150.37,150.050003,150.17,
2025-03-03 17:00:00,150.17,150.34,150.13,150.17999,
2025-03-03 18:00:00,150.17999,150.24001,150.070007,150.17999,
2025-03-03 19:00:00,150.17,150.3,150.14,150.25999,
2025-03-03 20:00:00,150.25,150.25,149.10001,149.42,
2025-03-03 21:00:00,149.42,149.63,149.42,149.50999,
2025-03-03 22:00:00,149.5,149.64999,149.5,149.58,
2025-03-03 23:00:00,149.58,149.63,149.14999,149.31,
2025-03-04 00:00:00,149.31,149.53999,149,149.16,
2025-03-04 01:00:00,149.16,149.25999,148.60001,148.94,
2025-03-04 02:00:00,148.92999,149.42,148.85001,149.3,
2025-03-04 03:00:00,149.3,149.34,149.029999,149.17,
2025-03-04 04:00:00,149.17,149.17999,148.92999,149.14999,
2025-03-04 05:00:00,149.17,149.46001,149.10001,149.38,
2025-03-04 06:00:00,149.38,149.56,149.28,149.53,
2025-03-04 07:00:00,149.53,149.57001,149.059998,149.35001,
2025-03-04 08:00:00,149.35001,149.45,149,149.089996,
2025-03-04 09:00:00,149.080002,149.14999,148.8,149.050003,
2025-03-04 10:00:00,149.039993,149.039993,148.75999,148.8,
2025-03-04 11:00:00,148.8,148.84,148.3,148.36,
2025-03-04 12:00:00,148.35001,148.35001,148.10001,148.23,
2025-03-04 13:00:00,148.21001,148.56,148.2,148.21001,
2025-03-04 14:00:00,148.21001,148.71001,148.2,148.42999,
2025-03-04 15:00:00,148.42999,148.61,148.2,148.35001,
2025-03-04 16:00:00,148.33,148.86,148.3,148.81,
2025-03-04 17:00:00,148.82001,148.92,148.69,148.75,
2025-03-04 18:00:00,148.75,149.14,148.71001,149.10001,
2025-03-04 19:00:00,149.089996,149.37,149.050003,149.32001,
2025-03-04 20:00:00,149.31,149.50999,149.0099945,149.10001,
2025-03-04 21:00:00,149.10001,149.88,149.050003,149.71001,
2025-03-04 22:00:00,149.75,149.8,149.69,149.75999,
2025-03-04 23:00:00,149.75999,149.97,149.64999,149.84,
2025-03-05 00:00:00,149.83,149.92,149.58,149.92,
2025-03-05 01:00:00,149.91,150.17999,149.78999,149.98,
2025-03-05 02:00:00,149.97,150,149.75,149.83,
2025-03-05 03:00:00,149.82001,150.10001,149.71001,149.97,
2025-03-05 04:00:00,149.97,149.97,149.71001,149.83,
2025-03-05 05:00:00,149.83,149.89,149.7,149.72,
2025-03-05 06:00:00,149.71001,149.75,149.57001,149.69,
2025-03-05 07:00:00,149.67999,149.81,149.42,149.45,
2025-03-05 08:00:00,149.45,149.64,149.2,149.23,
2025-03-05 09:00:00,149.23,149.45,149.10001,149.37,
2025-03-05 10:00:00,149.39999,149.57001,149.32001,149.34,
2025-03-05 11:00:00,149.34,149.53999,149.28999,149.39999,
2025-03-05 12:00:00,149.41,149.50999,149.16,149.50999,
2025-03-05 13:00:00,149.52,149.74001,148.94,149.0099945,
2025-03-05 14:00:00,149.020004,149.029999,148.39999,148.42999,
2025-03-05 15:00:00,148.63,149.11,148.42999,148.92,
2025-03-05 16:00:00,148.91,148.97,148.48,148.84,
2025-03-05 17:00:00,148.83,148.92999,148.64,148.87,
2025-03-05 18:00:00,148.87,149.020004,148.77,148.96001,
2025-03-05 19:00:00,148.95,149.14,148.78,148.78999,
2025-03-05 20:00:00,148.78,148.89999,148.74001,148.88,
2025-03-05 21:00:00,148.88,149,148.83,148.88,
2025-03-05 22:00:00,148.95,148.95,148.78,148.84,
2025-03-05 23:00:00,148.83,148.95,148.73,148.89,
2025-03-06 00:00:00,148.88,149.31,148.86,149.16,
2025-03-06 01:00:00,149.14999,149.33,148.97,149,
2025-03-06 02:00:00,148.99001,149.22,148.95,149.2,
2025-03-06 03:00:00,149.2,149.28999,149.12,149.24001,
2025-03-06 04:00:00,149.24001,149.31,149.16,149.17,
2025-03-06 05:00:00,149.19,149.22,148.92999,148.94,
2025-03-06 06:00:00,148.92999,148.96001,148.75,148.78,
2025-03-06 07:00:00,148.78,148.78,148.27,148.37,
2025-03-06 08:00:00,148.37,148.42,148.070007,148.16,
2025-03-06 09:00:00,148.14999,148.14999,147.78999,147.89,
2025-03-06 10:00:00,147.89,148.080002,147.7,147.87,
2025-03-06 11:00:00,147.87,147.99001,147.75999,147.83,
2025-03-06 12:00:00,147.83,147.88,147.57001,147.61,
2025-03-06 13:00:00,147.60001,147.67999,147.35001,147.42,
2025-03-06 14:00:00,147.42,147.85001,147.32001,147.57001,
2025-03-06 15:00:00,147.57001,148.32001,147.49001,148.24001,
2025-03-06 16:00:00,148.25,148.39,147.91,147.91,
2025-03-06 17:00:00,147.89999,148.029999,147.64999,147.91,
2025-03-06 18:00:00,147.92,147.96001,147.74001,147.8,
2025-03-06 19:00:00,147.8,147.86,147.57001,147.69,
2025-03-06 20:00:00,147.69,147.88,147.67,147.82001,
2025-03-06 21:00:00,147.81,148.059998,147.81,147.99001,
2025-03-06 22:00:00,148.039993,148.050003,147.85001,147.96001,
2025-03-06 23:00:00,147.95,148.14999,147.88,148.14999,
2025-03-07 00:00:00,148.14999,148.17,147.66,147.96001,
2025-03-07 01:00:00,147.97,148.12,147.82001,147.89999,
2025-03-07 02:00:00,147.89999,148.039993,147.56,147.59,
2025-03-07 03:00:00,147.60001,147.66,147.45,147.61,
2025-03-07 04:00:00,147.61,147.71001,147.49001,147.7,
2025-03-07 05:00:00,147.67999,147.75,147.45,147.46001,
2025-03-07 06:00:00,147.46001,147.64999,147.39,147.5,
2025-03-07 07:00:00,147.5,147.75,147.49001,147.64999,
2025-03-07 08:00:00,147.67,147.75,147.21001,147.33,
2025-03-07 09:00:00,147.34,147.58,147.28999,147.44,
2025-03-07 10:00:00,147.44,147.56,147.38,147.56,
2025-03-07 11:00:00,147.57001,147.75,147.5,147.7,
2025-03-07 12:00:00,147.69,147.85001,147.63,147.75,
2025-03-07 13:00:00,147.73,147.97,147.12,147.23,
2025-03-07 14:00:00,147.24001,147.67999,146.95,147.50999,
2025-03-07 15:00:00,147.52,147.73,147.2,147.52,
2025-03-07 16:00:00,147.52,147.60001,147.029999,147.14,
2025-03-07 17:00:00,147.14999,147.71001,146.96001,147.49001,
2025-03-07 18:00:00,147.49001,148.029999,147.48,147.98,
2025-03-07 19:00:00,147.98,148.2,147.86,148.020004,
2025-03-07 20:00:00,148.039993,148.12,147.89,147.97,
2025-03-07 21:00:00,147.96001,148.059998,147.84,148.039993,
2025-03-09 22:00:00,147.64999,147.87,147.48,147.49001,
2025-03-09 23:00:00,147.49001,147.64,147.39,147.59,
2025-03-10 00:00:00,147.58,147.64,147.23,147.28999,
2025-03-10 01:00:00,147.28999,147.44,147.089996,147.42,
2025-03-10 02:00:00,147.41,147.63,147.33,147.61,
2025-03-10 03:00:00,147.60001,147.75999,147.55,147.66,
2025-03-10 04:00:00,147.64,147.67,147.53999,147.64,
2025-03-10 05:00:00,147.64,147.78999,147.52,147.52,
2025-03-10 06:00:00,147.52,147.75999,147.50999,147.7,
2025-03-10 07:00:00,147.7,147.78999,147.5,147.57001,
2025-03-10 08:00:00,147.57001,147.63,147.14,147.19,
2025-03-10 09:00:00,147.19,147.36,147.14999,147.23,
2025-03-10 10:00:00,147.24001,147.28,146.92,146.92,
2025-03-10 11:00:00,146.92,147.14,146.87,147.13,
2025-03-10 12:00:00,147.13,147.14999,146.72,147.020004,
2025-03-10 13:00:00,147.020004,147.17999,146.77,147.070007,
2025-03-10 14:00:00,147.050003,147.050003,146.63,146.77,
2025-03-10 15:00:00,146.78,147.3,146.75,147.16,
2025-03-10 16:00:00,147.14999,147.31,147.050003,147.27,
2025-03-10 17:00:00,147.25999,147.32001,147.039993,147.19,
2025-03-10 18:00:00,147.19,147.39,147.17,147.24001,
2025-03-10 19:00:00,147.23,147.47,147.089996,147.28999,
2025-03-10 20:00:00,147.3,147.37,147.23,147.27,
2025-03-10 21:00:00,147.28,147.28999,147.14999,147.16,
2025-03-10 22:00:00,147.17,147.17999,146.96001,146.99001,
2025-03-10 23:00:00,146.99001,147.089996,146.78,147.080002,
2025-03-11 00:00:00,147.080002,147.10001,146.53999,146.75,
2025-03-11 01:00:00,146.75,146.92999,146.60001,146.81,
2025-03-11 02:00:00,146.81,147.19,146.75999,146.92,
2025-03-11 03:00:00,146.92,147.14999,146.92,147.13,
2025-03-11 04:00:00,147.12,147.22,146.92999,146.97,
2025-03-11 05:00:00,146.97,147.28999,146.92,147.23,
2025-03-11 06:00:00,147.23,147.39999,147.19,147.24001,
2025-03-11 07:00:00,147.24001,147.28999,146.75999,146.94,
2025-03-11 08:00:00,146.92999,147.3,146.88,147.28999,
2025-03-11 09:00:00,147.28999,147.52,147.22,147.38,
2025-03-11 10:00:00,147.37,147.64,147.37,147.56,
2025-03-11 11:00:00,147.56,147.72,147.48,147.61,
2025-03-11 12:00:00,147.60001,147.94,147.33,147.75999,
2025-03-11 13:00:00,147.78999,148.11,147.64,147.78999,
2025-03-11 14:00:00,147.77,148.12,147.27,147.36,
2025-03-11 15:00:00,147.33,147.74001,147.28999,147.5,
2025-03-11 16:00:00,147.48,147.52,147.25,147.3,
2025-03-11 17:00:00,147.3,147.3,147.020004,147.19,
2025-03-11 18:00:00,147.17,147.92,147.16,147.83,
2025-03-11 19:00:00,147.83,147.86,147.62,147.75999,
2025-03-11 20:00:00,147.75999,147.87,147.74001,147.78,
2025-03-11 21:00:00,147.78,147.83,147.67999,147.73,
2025-03-11 22:00:00,147.74001,147.94,147.73,147.89999,
2025-03-11 23:00:00,147.92,148.070007,147.81,148.039993,
2025-03-12 00:00:00,148.050003,148.14999,147.95,148.14,
2025-03-12 01:00:00,148.13,148.14999,147.85001,148.039993,
2025-03-12 02:00:00,148.029999,148.070007,147.87,148.039993,
2025-03-12 03:00:00,148.039993,148.10001,147.92999,148.089996,
2025-03-12 04:00:00,148.080002,148.27,148.059998,148.14999,
2025-03-12 05:00:00,148.16,148.28999,148.029999,148.059998,
2025-03-12 06:00:00,148.059998,148.39999,147.97,148.36,
2025-03-12 07:00:00,148.36,148.60001,148.28,148.59,
2025-03-12 08:00:00,148.59,148.64999,148.25999,148.34,
2025-03-12 09:00:00,148.34,148.67,148.31,148.60001,
2025-03-12 10:00:00,148.61,148.77,148.53,148.67999,
2025-03-12 11:00:00,148.69,148.75,148.60001,148.74001,
2025-03-12 12:00:00,148.73,149.19,148.17,149.13,
2025-03-12 13:00:00,149.12,149.14999,148.62,148.7,
2025-03-12 14:00:00,148.7,148.71001,148.28999,148.32001,
2025-03-12 15:00:00,148.32001,148.44,148.21001,148.32001,
2025-03-12 16:00:00,148.32001,148.42999,148.2,148.28,
2025-03-12 17:00:00,148.28999,148.36,148.12,148.13,
2025-03-12 18:00:00,148.13,148.42,148.11,148.35001,
2025-03-12 19:00:00,148.35001,148.38,148.27,148.35001,
2025-03-12 20:00:00,148.34,148.37,148.24001,148.24001,
2025-03-12 21:00:00,148.25,148.25,148.21001,148.22,
2025-03-12 22:00:00,148.21001,148.3,148.10001,148.22,
2025-03-12 23:00:00,148.23,148.31,148.10001,148.28999,
2025-03-13 00:00:00,148.3,148.37,148.11,148.11,
2025-03-13 01:00:00,148.10001,148.33,148.080002,148.12,
2025-03-13 02:00:00,148.12,148.24001,148.10001,148.17999,
2025-03-13 03:00:00,148.17999,148.25,148.020004,148.039993,
2025-03-13 04:00:00,148.039993,148.12,147.82001,147.85001,
2025-03-13 05:00:00,147.85001,147.92999,147.7,147.71001,
2025-03-13 06:00:00,147.72,147.81,147.58,147.78999,
2025-03-13 07:00:00,147.78999,147.94,147.71001,147.78999,
2025-03-13 08:00:00,147.81,147.92,147.69,147.92,
2025-03-13 09:00:00,147.92,148.2,147.82001,148.14999,
2025-03-13 10:00:00,148.14999,148.24001,148.080002,148.16,
2025-03-13 11:00:00,148.16,148.17999,147.91,148,
2025-03-13 12:00:00,147.99001,148.25,147.82001,148.21001,
2025-03-13 13:00:00,148.21001,148.35001,148.029999,148.11,
2025-03-13 14:00:00,148.10001,148.17999,147.84,147.88,
2025-03-13 15:00:00,147.88,147.98,147.64999,147.71001,
2025-03-13 16:00:00,147.72,147.83,147.53999,147.59,
2025-03-13 17:00:00,147.59,147.71001,147.42,147.63,
2025-03-13 18:00:00,147.63,147.78999,147.57001,147.75,
2025-03-13 19:00:00,147.74001,147.78,147.63,147.7,
2025-03-13 20:00:00,147.7,147.83,147.7,147.81,
2025-03-13 21:00:00,147.81,147.81,147.75,147.75,
2025-03-13 22:00:00,147.8,147.98,147.75,147.94,
2025-03-13 23:00:00,147.92999,147.97,147.87,147.92999,
2025-03-14 00:00:00,147.94,148.33,147.85001,148.3,
2025-03-14 01:00:00,148.3,148.42999,148.16,148.17999,
2025-03-14 02:00:00,148.17,148.31,148.16,148.25,
2025-03-14 03:00:00,148.25,148.39,148.25,148.36,
2025-03-14 04:00:00,148.33,148.56,148.33,148.5,
2025-03-14 05:00:00,148.50999,148.64999,148.44,148.47,
2025-03-14 06:00:00,148.47,148.75999,148.42999,148.71001,
2025-03-14 07:00:00,148.71001,149.020004,148.56,148.75,
2025-03-14 08:00:00,148.73,148.92,148.64999,148.87,
2025-03-14 09:00:00,148.89,149,148.85001,148.97,
2025-03-14 10:00:00,148.97,148.98,148.61,148.8,
2025-03-14 11:00:00,148.8,148.82001,148.64,148.73,
2025-03-14 12:00:00,148.73,148.8,148.59,148.66,
2025-03-14 13:00:00,148.66,148.78999,148.52,148.69,
2025-03-14 14:00:00,148.63,148.89,148.35001,148.47,
2025-03-14 15:00:00,148.47,148.57001,148.37,148.52,
2025-03-14 16:00:00,148.52,148.53,148.25999,148.36,
2025-03-14 17:00:00,148.35001,148.5,148.32001,148.44,
2025-03-14 18:00:00,148.44,148.59,148.44,148.53999,
2025-03-14 19:00:00,148.53,148.66,148.5,148.64999,
2025-03-14 20:00:00,148.64999,148.67,148.57001,148.64,
2025-03-16 22:00:00,148.75999,148.8,148.57001,148.57001,
2025-03-16 23:00:00,148.58,148.7,148.46001,148.61,
2025-03-17 00:00:00,148.60001,148.89,148.48,148.8,
2025-03-17 01:00:00,148.78999,148.89999,148.56,148.62,
2025-03-17 02:00:00,148.62,148.71001,148.53999,148.64,
2025-03-17 03:00:00,148.64999,148.81,148.57001,148.73,
2025-03-17 04:00:00,148.73,149.039993,148.72,149.039993,
2025-03-17 05:00:00,149.039993,149.070007,148.89,148.99001,
2025-03-17 06:00:00,148.98,149.10001,148.8,148.97,
2025-03-17 07:00:00,148.98,149,148.82001,148.84,
2025-03-17 08:00:00,148.84,148.98,148.67999,148.92999,
2025-03-17 09:00:00,148.92999,148.94,148.60001,148.67,
2025-03-17 10:00:00,148.67,148.67999,148.48,148.5,
2025-03-17 11:00:00,148.5,148.56,148.42,148.46001,
2025-03-17 12:00:00,148.46001,148.95,148.31,148.82001,
2025-03-17 13:00:00,148.82001,149.089996,148.73,148.83,
2025-03-17 14:00:00,148.81,148.85001,148.57001,148.60001,
2025-03-17 15:00:00,148.60001,148.66,148.44,148.56,
2025-03-17 16:00:00,148.56,148.73,148.52,148.73,
2025-03-17 17:00:00,148.73,149.029999,148.7,148.99001,
2025-03-17 18:00:00,148.99001,149.24001,148.95,149.17999,
2025-03-17 19:00:00,149.17999,149.28,149.14,149.16,
2025-03-17 20:00:00,149.16,149.23,149.050003,149.21001,
2025-03-17 21:00:00,149.23,149.23,149.13,149.14999,
2025-03-17 22:00:00,149.14999,149.33,149.14999,149.33,
2025-03-17 23:00:00,149.33,149.39999,149.31,149.39999,
2025-03-18 00:00:00,149.39,149.49001,149.25999,149.46001,
2025-03-18 01:00:00,149.46001,149.53,149.36,149.42999,
2025-03-18 02:00:00,149.42999,149.72,149.39999,149.67,
2025-03-18 03:00:00,149.67,149.73,149.64999,149.69,
2025-03-18 04:00:00,149.69,149.73,149.55,149.56,
2025-03-18 05:00:00,149.56,149.74001,149.52,149.74001,
2025-03-18 06:00:00,149.74001,149.88,149.73,149.74001,
2025-03-18 07:00:00,149.74001,149.86,149.71001,149.83,
2025-03-18 08:00:00,149.85001,149.89999,149.64999,149.75,
2025-03-18 09:00:00,149.75,149.85001,149.7,149.78999,
2025-03-18 10:00:00,149.78999,149.82001,149.60001,149.64999,
2025-03-18 11:00:00,149.66,149.77,149.57001,149.75,
2025-03-18 12:00:00,149.74001,149.92999,149.64,149.84,
2025-03-18 13:00:00,149.84,149.89999,149.59,149.60001,
2025-03-18 14:00:00,149.58,149.75,149.45,149.67,
2025-03-18 15:00:00,149.67,149.7,149.42,149.49001,
2025-03-18 16:00:00,149.49001,149.64999,149.28999,149.42,
2025-03-18 17:00:00,149.41,149.42,149.22,149.25,
2025-03-18 18:00:00,149.25,149.25,149.10001,149.24001,
2025-03-18 19:00:00,149.24001,149.28999,149.14999,149.28,
2025-03-18 20:00:00,149.28,149.39,149.27,149.27,
2025-03-18 21:00:00,149.34,149.35001,149.24001,149.25,
2025-03-18 22:00:00,149.25,149.39999,149.19,149.39,
2025-03-18 23:00:00,149.41,149.47,149.28999,149.44,
2025-03-19 00:00:00,149.44,149.64,149.3,149.61,
2025-03-19 01:00:00,149.61,149.64,149.44,149.46001,
2025-03-19 02:00:00,149.46001,149.55,149.21001,149.42,
2025-03-19 03:00:00,149.42,149.52,149.3,149.32001,
2025-03-19 04:00:00,149.33,149.57001,149.31,149.53999,
2025-03-19 05:00:00,149.53999,149.78,149.53,149.77,
2025-03-19 06:00:00,149.78,150.020004,149.58,149.66,
2025-03-19 07:00:00,149.67,149.67999,149.14999,149.28,
2025-03-19 08:00:00,149.28999,149.69,149.28999,149.63,
2025-03-19 09:00:00,149.63,149.78999,149.57001,149.75999,
2025-03-19 10:00:00,149.75999,149.81,149.67999,149.78,
2025-03-19 11:00:00,149.78,149.89,149.75999,149.83,
2025-03-19 12:00:00,149.83,149.85001,149.60001,149.8,
2025-03-19 13:00:00,149.8,150.11,149.74001,150.080002,
2025-03-19 14:00:00,150.080002,150.14999,149.8,149.88,
2025-03-19 15:00:00,149.88,150.050003,149.81,150.029999,
2025-03-19 16:00:00,150.020004,150.029999,149.85001,149.94,
2025-03-19 17:00:00,149.94,150,149.88,149.92999,
2025-03-19 18:00:00,149.92999,149.92999,148.67,148.83,
2025-03-19 19:00:00,148.84,149.14,148.77,148.85001,
2025-03-19 20:00:00,148.85001,148.89999,148.61,148.69,
2025-03-19 21:00:00,148.73,148.84,148.71001,148.82001,
2025-03-19 22:00:00,148.83,148.88,148.55,148.60001,
2025-03-19 23:00:00,148.60001,148.71001,148.46001,148.46001,
2025-03-20 00:00:00,148.46001,148.52,148.28,148.3,
2025-03-20 01:00:00,148.3,148.42,148.2,148.31,
2025-03-20 02:00:00,148.31,148.42999,148.17999,148.42999,
2025-03-20 03:00:00,148.42999,148.45,148.34,148.37,
2025-03-20 04:00:00,148.37,148.42,148.3,148.39999,
2025-03-20 05:00:00,148.39999,148.46001,148.35001,148.37,
2025-03-20 06:00:00,148.36,148.36,148.17999,148.28,
2025-03-20 07:00:00,148.28999,148.64999,148.25999,148.59,
2025-03-20 08:00:00,148.59,148.69,148.39999,148.55,
2025-03-20 09:00:00,148.55,148.78,148.53999,148.75,
2025-03-20 10:00:00,148.75,148.75,148.44,148.60001,
2025-03-20 11:00:00,148.60001,148.64,148.39999,148.46001,
2025-03-20 12:00:00,148.46001,148.7,148.39999,148.56,
2025-03-20 13:00:00,148.56,148.83,148.45,148.78999,
2025-03-20 14:00:00,148.83,148.92,148.69,148.71001,
2025-03-20 15:00:00,148.7,148.96001,148.69,148.85001,
2025-03-20 16:00:00,148.85001,148.96001,148.72,148.75,
2025-03-20 17:00:00,148.75,148.92999,148.75,148.77,
2025-03-20 18:00:00,148.77,148.88,148.72,148.81,
2025-03-20 19:00:00,148.8,148.86,148.75,148.78999,
2025-03-20 20:00:00,148.78999,148.82001,148.75,148.78,
2025-03-20 21:00:00,148.8,148.8,148.7,148.78999,
2025-03-20 22:00:00,148.78999,148.8,148.71001,148.72,
2025-03-20 23:00:00,148.72,148.77,148.59,148.62,
2025-03-21 00:00:00,148.62,149.029999,148.59,149,
2025-03-21 01:00:00,148.99001,149.2,148.95,149.089996,
2025-03-21 02:00:00,149.089996,149.10001,148.92999,149.070007,
2025-03-21 03:00:00,149.070007,149.25,148.98,149.21001,
2025-03-21 04:00:00,149.21001,149.48,149.21001,149.42,
2025-03-21 05:00:00,149.42,149.63,149.42,149.56,
2025-03-21 06:00:00,149.56,149.61,149.45,149.57001,
2025-03-21 07:00:00,149.58,149.66,149.25,149.31,
2025-03-21 08:00:00,149.32001,149.53999,149.25999,149.48,
2025-03-21 09:00:00,149.48,149.48,149.28,149.39,
2025-03-21 10:00:00,149.39,149.44,149.2,149.2,
2025-03-21 11:00:00,149.2,149.22,148.86,148.89,
2025-03-21 12:00:00,148.89,148.94,148.64,148.67,
2025-03-21 13:00:00,148.67,148.91,148.61,148.87,
2025-03-21 14:00:00,148.87,149,148.77,148.87,
2025-03-21 15:00:00,148.88,148.99001,148.71001,148.98,
2025-03-21 16:00:00,148.99001,149.25999,148.92999,149.24001,
2025-03-21 17:00:00,149.24001,149.31,149.16,149.23,
2025-03-21 18:00:00,149.23,149.32001,149.17999,149.22,
2025-03-21 19:00:00,149.22,149.35001,149.16,149.34,
2025-03-21 20:00:00,149.34,149.37,149.28999,149.3,
2025-03-23 22:00:00,149.39,149.64,149.38,149.58,
2025-03-23 23:00:00,149.57001,149.69,149.5,149.67,
2025-03-24 00:00:00,149.66,149.78,149.46001,149.74001,
2025-03-24 01:00:00,149.75,149.96001,149.67999,149.82001,
2025-03-24 02:00:00,149.82001,149.85001,149.74001,149.84,
2025-03-24 03:00:00,149.84,149.91,149.74001,149.77,
2025-03-24 04:00:00,149.81,149.83,149.71001,149.77,
2025-03-24 05:00:00,149.77,149.87,149.66,149.69,
2025-03-24 06:00:00,149.69,149.78,149.53999,149.66,
2025-03-24 07:00:00,149.67,149.85001,149.62,149.64999,
2025-03-24 08:00:00,149.64,149.75,149.53,149.62,
2025-03-24 09:00:00,149.62,149.72,149.52,149.57001,
2025-03-24 10:00:00,149.57001,149.62,149.49001,149.61,
2025-03-24 11:00:00,149.61,149.8,149.61,149.75,
2025-03-24 12:00:00,149.75999,149.87,149.71001,149.83,
2025-03-24 13:00:00,149.83,150.25,149.75,150.24001,
2025-03-24 14:00:00,150.24001,150.53999,150.13,150.47,
2025-03-24 15:00:00,150.46001,150.75999,150.45,150.74001,
2025-03-24 16:00:00,150.73,150.75999,150.53,150.57001,
2025-03-24 17:00:00,150.58,150.64,150.49001,150.61,
2025-03-24 18:00:00,150.61,150.63,150.5,150.55,
2025-03-24 19:00:00,150.55,150.66,150.50999,150.64999,
2025-03-24 20:00:00,150.64,150.72,150.64,150.7,
2025-03-24 21:00:00,150.66,150.7,150.64,150.67999,
2025-03-24 22:00:00,150.67999,150.75999,150.67,150.73,
2025-03-24 23:00:00,150.73,150.86,150.66,150.78,
2025-03-25 00:00:00,150.8,150.94,150.78,150.94,
2025-03-25 01:00:00,150.94,150.94,150.60001,150.67,
2025-03-25 02:00:00,150.67,150.78999,150.59,150.77,
2025-03-25 03:00:00,150.77,150.78999,150.60001,150.61,
2025-03-25 04:00:00,150.62,150.66,150.50999,150.56,
2025-03-25 05:00:00,150.56,150.57001,150.42999,150.42999,
2025-03-25 06:00:00,150.44,150.58,150.42,150.55,
2025-03-25 07:00:00,150.55,150.74001,150.53999,150.72,
2025-03-25 08:00:00,150.73,150.77,150.55,150.63,
2025-03-25 09:00:00,150.63,150.67,150.41,150.49001,
2025-03-25 10:00:00,150.49001,150.5,150.17999,150.21001,
2025-03-25 11:00:00,150.21001,150.25999,150.059998,150.17999,
2025-03-25 12:00:00,150.17999,150.17999,149.86,149.97,
2025-03-25 13:00:00,149.97,149.98,149.72,149.8,
2025-03-25 14:00:00,149.78999,149.87,149.67,149.72,
2025-03-25 15:00:00,149.73,149.81,149.55,149.77,
2025-03-25 16:00:00,149.77,149.83,149.71001,149.78,
2025-03-25 17:00:00,149.78,149.85001,149.73,149.75,
2025-03-25 18:00:00,149.74001,149.86,149.71001,149.85001,
2025-03-25 19:00:00,149.85001,149.94,149.85001,149.86,
2025-03-25 20:00:00,149.86,149.94,149.86,149.91,
2025-03-25 21:00:00,149.89,149.92999,149.87,149.89999,
2025-03-25 22:00:00,149.89999,149.98,149.89999,149.96001,
2025-03-25 23:00:00,149.96001,150.0099945,149.92,149.94,
2025-03-26 00:00:00,149.94,150.2,149.84,150.17999,
2025-03-26 01:00:00,150.16,150.28,150.050003,150.080002,
2025-03-26 02:00:00,150.080002,150.28,150.050003,150.25999,
2025-03-26 03:00:00,150.25999,150.47,150.24001,150.46001,
2025-03-26 04:00:00,150.42999,150.55,150.42999,150.53999,
2025-03-26 05:00:00,150.53999,150.62,150.45,150.47,
2025-03-26 06:00:00,150.47,150.61,150.44,150.45,
2025-03-26 07:00:00,150.44,150.59,150.37,150.39999,
2025-03-26 08:00:00,150.39999,150.41,150.089996,150.12,
2025-03-26 09:00:00,150.13,150.2,150.050003,150.11,
2025-03-26 10:00:00,150.11,150.23,150.020004,150.19,
2025-03-26 11:00:00,150.19,150.27,150.14,150.21001,
2025-03-26 12:00:00,150.21001,150.44,150.12,150.39,
2025-03-26 13:00:00,150.39,150.55,150.31,150.39999,
2025-03-26 14:00:00,150.38,150.59,150.38,150.56,
2025-03-26 15:00:00,150.56,150.75,150.55,150.67999,
2025-03-26 16:00:00,150.67,150.67,150.41,150.58,
2025-03-26 17:00:00,150.57001,150.72,150.32001,150.42,
2025-03-26 18:00:00,150.42999,150.60001,150.39,150.46001,
2025-03-26 19:00:00,150.46001,150.60001,150.45,150.58,
2025-03-26 20:00:00,150.57001,150.61,150.50999,150.56,
2025-03-26 21:00:00,150.58,150.58,150.50999,150.53,
2025-03-26 22:00:00,150.52,150.60001,150.31,150.31,
2025-03-26 23:00:00,150.31,150.49001,150.28999,150.48,
2025-03-27 00:00:00,150.46001,150.62,150.39999,150.48,
2025-03-27 01:00:00,150.48,150.48,150.089996,150.12,
2025-03-27 02:00:00,150.12,150.28,150.12,150.17999,
2025-03-27 03:00:00,150.17999,150.25999,150.11,150.16,
2025-03-27 04:00:00,150.14999,150.22,150.059998,150.2,
2025-03-27 05:00:00,150.2,150.28999,150.14,150.24001,
2025-03-27 06:00:00,150.24001,150.45,150.16,150.39,
2025-03-27 07:00:00,150.39,150.55,150.28,150.53999,
2025-03-27 08:00:00,150.53999,150.63,150.49001,150.63,
2025-03-27 09:00:00,150.63,150.92999,150.60001,150.92999,
2025-03-27 10:00:00,150.92999,150.98,150.88,150.92999,
2025-03-27 11:00:00,150.92999,151.020004,150.82001,151.020004,
2025-03-27 12:00:00,151.020004,151.089996,150.67,150.73,
2025-03-27 13:00:00,150.73,150.89999,150.58,150.88,
2025-03-27 14:00:00,150.87,151.059998,150.77,151.020004,
2025-03-27 15:00:00,151.0099945,151.039993,150.66,150.97,
2025-03-27 16:00:00,150.97,151.14999,150.92,151.0099945,
2025-03-27 17:00:00,151.0099945,151.14999,150.96001,151.080002,
2025-03-27 18:00:00,151.080002,151.14999,151.039993,151.12,
2025-03-27 19:00:00,151.11,151.14999,151.020004,151.039993,
2025-03-27 20:00:00,151.039993,151.059998,151.029999,151.050003,
2025-03-27 21:00:00,151.039993,151.070007,151.020004,151.050003,
2025-03-27 22:00:00,151.050003,151.12,151.020004,151.050003,
2025-03-27 23:00:00,151.050003,151.070007,150.77,150.85001,
2025-03-28 00:00:00,150.87,151.21001,150.83,150.97,
2025-03-28 01:00:00,150.96001,150.98,150.71001,150.75,
2025-03-28 02:00:00,150.75999,150.86,150.74001,150.83,
2025-03-28 03:00:00,150.83,150.87,150.71001,150.83,
2025-03-28 04:00:00,150.81,150.94,150.75999,150.87,
2025-03-28 05:00:00,150.87,150.94,150.74001,150.77,
2025-03-28 06:00:00,150.78,150.85001,150.61,150.61,
2025-03-28 07:00:00,150.62,150.64999,150.39,150.39999,
2025-03-28 08:00:00,150.39,150.55,150.36,150.53,
2025-03-28 09:00:00,150.53999,150.66,150.5,150.58,
2025-03-28 10:00:00,150.58,150.73,150.57001,150.72,
2025-03-28 11:00:00,150.72,150.86,150.67999,150.81,
2025-03-28 12:00:00,150.8,150.92,150.57001,150.64,
2025-03-28 13:00:00,150.64,150.78,150.39,150.44,
2025-03-28 14:00:00,150.44,150.44,149.91,150.089996,
2025-03-28 15:00:00,150.10001,150.33,150,150.25999,
2025-03-28 16:00:00,150.25999,150.28999,150.029999,150.089996,
2025-03-28 17:00:00,150.089996,150.11,149.86,149.99001,
2025-03-28 18:00:00,149.98,150.14,149.91,149.97,
2025-03-28 19:00:00,149.96001,150,149.75,149.75,
2025-03-28 20:00:00,149.75,149.89,149.69,149.81,
2025-03-30 22:00:00,149.64999,149.75,149.39999,149.49001,
2025-03-30 23:00:00,149.48,149.63,149.3,149.62,
2025-03-31 00:00:00,149.62,149.64,149.070007,149.3,
2025-03-31 01:00:00,149.3,149.38,149.029999,149.16,
2025-03-31 02:00:00,149.16,149.2,148.73,148.89,
2025-03-31 03:00:00,148.89,148.95,148.73,148.91,
2025-03-31 04:00:00,148.92,149.14999,148.84,149.080002,
2025-03-31 05:00:00,149.080002,149.25,148.95,149.050003,
2025-03-31 06:00:00,149.039993,149.10001,148.81,149,
2025-03-31 07:00:00,149,149.17,148.71001,149.14,
2025-03-31 08:00:00,149.14,149.28999,148.96001,149.059998,
2025-03-31 09:00:00,149.039993,149.25,148.97,149.2,
2025-03-31 10:00:00,149.2,149.42999,149.17,149.32001,
2025-03-31 11:00:00,149.34,149.41,149.16,149.38,
2025-03-31 12:00:00,149.38,149.64,149.35001,149.60001,
2025-03-31 13:00:00,149.60001,149.8,149.41,149.67,
2025-03-31 14:00:00,149.66,149.89,149.52,149.52,
2025-03-31 15:00:00,149.53,149.96001,149.46001,149.91,
2025-03-31 16:00:00,149.91,149.98,149.8,149.89999,
2025-03-31 17:00:00,149.89,150.10001,149.87,150.020004,
2025-03-31 18:00:00,150.020004,150.27,150.020004,150.12,
2025-03-31 19:00:00,150.12,150.14999,149.88,149.96001,
2025-03-31 20:00:00,149.96001,150.0099945,149.89,149.96001,
2025-03-31 21:00:00,150.0099945,150.0099945,149.88,149.91,
2025-03-31 22:00:00,149.89,149.99001,149.83,149.89,
2025-03-31 23:00:00,149.88,150.14,149.88,149.95,
2025-04-01 00:00:00,149.94,149.98,149.67999,149.74001,
2025-04-01 01:00:00,149.73,149.91,149.64,149.83,
2025-04-01 02:00:00,149.82001,149.85001,149.7,149.85001,
2025-04-01 03:00:00,149.85001,149.92,149.67,149.67,
2025-04-01 04:00:00,149.66,149.67,149.53,149.56,
2025-04-01 05:00:00,149.56,149.92,149.55,149.83,
2025-04-01 06:00:00,149.82001,149.99001,149.75,149.95,
2025-04-01 07:00:00,149.92999,149.95,149.59,149.62,
2025-04-01 08:00:00,149.62,149.69,149.50999,149.67,
2025-04-01 09:00:00,149.67,149.72,149.53999,149.62,
2025-04-01 10:00:00,149.62,149.64999,149.36,149.39999,
2025-04-01 11:00:00,149.41,149.42999,149.12,149.2,
2025-04-01 12:00:00,149.19,149.39999,149.13,149.38,
2025-04-01 13:00:00,149.39999,149.55,149.39,149.5,
2025-04-01 14:00:00,149.5,149.5,148.98,149.28,
2025-04-01 15:00:00,149.28999,149.50999,149.23,149.41,
2025-04-01 16:00:00,149.41,149.74001,149.38,149.52,
2025-04-01 17:00:00,149.52,149.56,149.39,149.46001,
2025-04-01 18:00:00,149.47,149.47,149.24001,149.39999,
2025-04-01 19:00:00,149.39999,149.64999,149.39,149.62,
2025-04-01 20:00:00,149.62,149.64,149.53,149.59,
2025-04-01 21:00:00,149.60001,149.66,149.56,149.64999,
2025-04-01 22:00:00,149.64999,149.89,149.63,149.83,
2025-04-01 23:00:00,149.82001,149.87,149.75,149.75,
2025-04-02 00:00:00,149.75,149.92,149.69,149.8,
2025-04-02 01:00:00,149.78999,149.95,149.78,149.86,
2025-04-02 02:00:00,149.87,149.89,149.75999,149.78999,
2025-04-02 03:00:00,149.78999,149.8,149.71001,149.75999,
2025-04-02 04:00:00,149.75,149.92,149.73,149.89999,
2025-04-02 05:00:00,149.91,149.95,149.83,149.89,
2025-04-02 06:00:00,149.88,150,149.73,149.77,
2025-04-02 07:00:00,149.75999,149.82001,149.64,149.67,
2025-04-02 08:00:00,149.67,149.67999,149.52,149.66,
2025-04-02 09:00:00,149.66,149.72,149.42999,149.45,
2025-04-02 10:00:00,149.45,149.48,149.32001,149.41,
2025-04-02 11:00:00,149.41,149.42999,149.19,149.22,
2025-04-02 12:00:00,149.22,149.39999,149.10001,149.17999,
2025-04-02 13:00:00,149.17999,149.56,149.16,149.50999,
2025-04-02 14:00:00,149.5,149.78999,149.5,149.7,
2025-04-02 15:00:00,149.69,150.089996,149.64,149.99001,
2025-04-02 16:00:00,149.99001,150.25,149.96001,150.19,
2025-04-02 17:00:00,150.19,150.21001,150.070007,150.14,
2025-04-02 18:00:00,150.14,150.17,149.92999,149.92999,
2025-04-02 19:00:00,149.92999,150.089996,149.92,150.029999,
2025-04-02 20:00:00,150.020004,150.49001,149.25,149.28,
2025-04-02 21:00:00,149.28,149.31,148.69,148.71001,
2025-04-02 22:00:00,148.71001,148.71001,148.17,148.42,
2025-04-02 23:00:00,148.41,148.41,147.69,147.88,
2025-04-03 00:00:00,147.89,148.34,147.69,147.89,
2025-04-03 01:00:00,147.89,148.11,147.55,147.75999,
2025-04-03 02:00:00,147.75999,147.89,147.53,147.78999,
2025-04-03 03:00:00,147.78999,147.78999,147.12,147.24001,
2025-04-03 04:00:00,147.27,147.56,147.21001,147.56,
2025-04-03 05:00:00,147.57001,147.64,146.97,147.0099945,
2025-04-03 06:00:00,147.020004,147.39,146.83,146.84,
2025-04-03 07:00:00,146.85001,147.47,146.81,147.27,
2025-04-03 08:00:00,147.27,147.36,146.69,146.82001,
2025-04-03 09:00:00,146.81,146.85001,146.31,146.56,
2025-04-03 10:00:00,146.56,146.75,146.25999,146.71001,
2025-04-03 11:00:00,146.71001,146.77,146.029999,146.039993,
2025-04-03 12:00:00,146.020004,146.36,145.75999,145.88,
2025-04-03 13:00:00,145.88,146.070007,145.53,145.66,
2025-04-03 14:00:00,145.45,145.92,145.19,145.44,
2025-04-03 15:00:00,145.42999,146.25,145.36,146.050003,
2025-04-03 16:00:00,146.039993,146.42999,146.020004,146.16,
2025-04-03 17:00:00,146.16,146.28,146.0099945,146.089996,
2025-04-03 18:00:00,146.089996,146.48,145.97,146.41,
2025-04-03 19:00:00,146.42,146.52,146.22,146.25,
2025-04-03 20:00:00,146.25,146.31,146.050003,146.070007,
2025-04-03 21:00:00,146.059998,146.089996,145.92,145.94,
2025-04-03 22:00:00,145.95,146.0099945,145.53999,145.64,
2025-04-03 23:00:00,145.63,146.27,145.63,146.25999,
2025-04-04 00:00:00,146.25999,146.41,145.82001,145.97,
2025-04-04 01:00:00,145.97,146.39999,145.89,146.070007,
2025-04-04 02:00:00,146.070007,146.28999,145.99001,146.13,
2025-04-04 03:00:00,146.13,146.17999,145.62,145.7,
2025-04-04 04:00:00,145.67,145.8,145.37,145.42999,
2025-04-04 05:00:00,145.42999,145.89,145.3,145.86,
2025-04-04 06:00:00,145.85001,146.16,145.78,146.039993,
2025-04-04 07:00:00,146.039993,146.3,145.8,146.28,
2025-04-04 08:00:00,146.27,146.49001,146.14999,146.41,
2025-04-04 09:00:00,146.44,146.55,146.28,146.33,
2025-04-04 10:00:00,146.34,146.37,145.039993,145.11,
2025-04-04 11:00:00,145.12,145.46001,144.56,145.39999,
2025-04-04 12:00:00,145.35001,145.64999,145.020004,145.61,
2025-04-04 13:00:00,145.62,145.78,145.17999,145.71001,
2025-04-04 14:00:00,145.73,145.87,145.050003,145.52,
2025-04-04 15:00:00,145.50999,146.22,145.5,145.92999,
2025-04-04 16:00:00,145.92999,146.78,145.86,146.72,
2025-04-04 17:00:00,146.72,147.36,146.53,147.25,
2025-04-04 18:00:00,147.28,147.44,146.64999,146.89,
2025-04-04 19:00:00,146.92,147.28999,146.67999,146.85001,
2025-04-04 20:00:00,146.85001,147.10001,146.77,147.050003,
2025-04-06 23:00:00,145.17,145.44,144.82001,145.44,
2025-04-07 00:00:00,145.42,145.84,145.19,145.82001,
2025-04-07 01:00:00,145.82001,146.34,145.78,146.19,
2025-04-07 02:00:00,146.19,146.85001,146.11,146.62,
2025-04-07 03:00:00,146.62,146.63,146.2,146.28999,
2025-04-07 04:00:00,146.28999,146.47,145.81,145.88,
2025-04-07 05:00:00,145.88,146.25,145.69,145.74001,
2025-04-07 06:00:00,145.73,145.94,145.12,145.39,
2025-04-07 07:00:00,145.39,145.81,145.080002,145.78999,
2025-04-07 08:00:00,145.8,146.37,145.71001,146.22,
2025-04-07 09:00:00,146.21001,146.34,145.83,146.020004,
2025-04-07 10:00:00,146.020004,146.62,146.020004,146.23,
2025-04-07 11:00:00,146.23,146.49001,146.14,146.38,
2025-04-07 12:00:00,146.39,147.050003,146.39,146.99001,
2025-04-07 13:00:00,146.98,147.089996,146.50999,147.050003,
2025-04-07 14:00:00,147.059998,147.98,146.92999,147.57001,
2025-04-07 15:00:00,147.58,147.97,147.14999,147.97,
2025-04-07 16:00:00,147.97,148.11,147.81,147.94,
2025-04-07 17:00:00,147.96001,148.14999,147.69,147.94,
2025-04-07 18:00:00,147.94,148.13,147.75,147.86,
2025-04-07 19:00:00,147.86,148.020004,147.53999,147.94,
2025-04-07 20:00:00,147.92999,148.14999,147.77,147.82001,
2025-04-07 21:00:00,147.82001,147.95,147.72,147.73,
2025-04-07 22:00:00,147.73,148.12,147.73,147.89999,
2025-04-07 23:00:00,147.89,148.12,147.73,147.8,
2025-04-08 00:00:00,147.77,147.96001,147.50999,147.62,
2025-04-08 01:00:00,147.60001,147.7,147.41,147.55,
2025-04-08 02:00:00,147.53999,147.55,147.25,147.32001,
2025-04-08 03:00:00,147.32001,147.60001,147.27,147.60001,
2025-04-08 04:00:00,147.60001,147.77,147.45,147.75999,
2025-04-08 05:00:00,147.75999,147.8,147.58,147.60001,
2025-04-08 06:00:00,147.60001,147.61,147.24001,147.25,
2025-04-08 07:00:00,147.22,147.41,146.98,147.39,
2025-04-08 08:00:00,147.41,147.49001,147.029999,147.42,
2025-04-08 09:00:00,147.42999,147.52,147.11,147.19,
2025-04-08 10:00:00,147.19,147.27,146.86,146.87,
2025-04-08 11:00:00,146.89,147.17,146.77,146.91,
2025-04-08 12:00:00,146.89999,146.97,146.67999,146.83,
2025-04-08 13:00:00,146.82001,147.39999,146.67,147.36,
2025-04-08 14:00:00,147.36,147.67,147.22,147.34,
2025-04-08 15:00:00,147.34,147.39,146.8,147.020004,
2025-04-08 16:00:00,147.020004,147.10001,146.5,146.52,
2025-04-08 17:00:00,146.53,146.67,146.25,146.64999,
2025-04-08 18:00:00,146.64999,146.74001,146.25999,146.39,
2025-04-08 19:00:00,146.39999,146.44,145.96001,146.28999,
2025-04-08 20:00:00,146.28,146.48,146.25,146.25,
2025-04-08 21:00:00,146.25999,146.39,146.10001,146.33,
2025-04-08 22:00:00,146.35001,146.35001,145.91,145.99001,
2025-04-08 23:00:00,145.99001,146,145.61,145.85001,
2025-04-09 00:00:00,145.85001,145.89999,145.14,145.41,
2025-04-09 01:00:00,145.39999,145.72,145.3,145.57001,
2025-04-09 02:00:00,145.58,145.94,145.42999,145.64,
2025-04-09 03:00:00,145.64,145.77,145.25999,145.32001,
2025-04-09 04:00:00,145.32001,145.41,144.58,144.94,
2025-04-09 05:00:00,144.95,145.46001,144.86,145.11,
2025-04-09 06:00:00,145.11,145.55,144.71001,144.82001,
2025-04-09 07:00:00,144.82001,145.63,144.8,145.53,
2025-04-09 08:00:00,145.53,145.78,145.17999,145.3,
2025-04-09 09:00:00,145.3,145.49001,145.16,145.37,
2025-04-09 10:00:00,145.37,145.45,144.94,145.25,
2025-04-09 11:00:00,145.22,145.22,144.64999,144.66,
2025-04-09 12:00:00,144.64999,144.66,144,144.31,
2025-04-09 13:00:00,144.32001,145.089996,144.22,144.92999,
2025-04-09 14:00:00,144.92,145.089996,144.53999,144.73,
2025-04-09 15:00:00,144.75,145.10001,144.73,145.10001,
2025-04-09 16:00:00,145.10001,145.21001,144.89,144.92999,
2025-04-09 17:00:00,144.92,147.25999,144.60001,147.089996,
2025-04-09 18:00:00,147.089996,148.28,147.089996,147.44,
2025-04-09 19:00:00,147.45,148.14999,147.3,147.96001,
2025-04-09 20:00:00,147.92,148.020004,147.67,147.75,
2025-04-09 21:00:00,147.72,147.82001,147.36,147.39999,
2025-04-09 22:00:00,147.39,147.53999,147.3,147.41,
2025-04-09 23:00:00,147.42999,147.71001,147.37,147.41,
2025-04-10 00:00:00,147.37,147.46001,146.67999,146.73,
2025-04-10 01:00:00,146.7,147.039993,146.66,146.95,
2025-04-10 02:00:00,146.94,146.99001,146.66,146.75,
2025-04-10 03:00:00,146.75,146.86,146.61,146.81,
2025-04-10 04:00:00,146.83,146.89,146.5,146.62,
2025-04-10 05:00:00,146.62,146.74001,146.45,146.61,
2025-04-10 06:00:00,146.62,147.14999,146.62,147.050003,
2025-04-10 07:00:00,147.050003,147.059998,146.25,146.27,
2025-04-10 08:00:00,146.27,146.42999,146.14999,146.31,
2025-04-10 09:00:00,146.3,146.34,146,146.020004,
2025-04-10 10:00:00,146.020004,146.039993,145.56,145.56,
2025-04-10 11:00:00,145.56,145.64999,145.34,145.53,
2025-04-10 12:00:00,145.53999,145.60001,144.88,145.45,
2025-04-10 13:00:00,145.45,145.53999,144.78,144.82001,
2025-04-10 14:00:00,144.81,145.059998,144.56,144.67,
2025-04-10 15:00:00,144.67,144.75,144.020004,144.36,
2025-04-10 16:00:00,144.35001,144.53999,144.070007,144.53999,
2025-04-10 17:00:00,144.53,144.87,144.45,144.75999,
2025-04-10 18:00:00,144.75,144.83,144.48,144.58,
2025-04-10 19:00:00,144.60001,145.13,144.58,144.67,
2025-04-10 20:00:00,144.66,144.84,144.42999,144.44,
2025-04-10 21:00:00,144.44,144.64999,144.44,144.53,
2025-04-10 22:00:00,144.55,144.55,143.98,144.080002,
2025-04-10 23:00:00,144.080002,144.23,143.72,143.75999,
2025-04-11 00:00:00,143.75999,143.75999,142.88,143.36,
2025-04-11 01:00:00,143.33,143.78,143.24001,143.53,
2025-04-11 02:00:00,143.53,143.74001,143.28,143.58,
2025-04-11 03:00:00,143.59,143.61,143.13,143.21001,
2025-04-11 04:00:00,143.19,143.33,142.89,142.92,
2025-04-11 05:00:00,142.92999,143.78,142.92,143.61,
2025-04-11 06:00:00,143.60001,144.14999,143.56,143.89999,
2025-04-11 07:00:00,143.89,143.95,142.8,142.83,
2025-04-11 08:00:00,142.86,143.089996,142.070007,142.41,
2025-04-11 09:00:00,142.42,142.71001,142.070007,142.52,
2025-04-11 10:00:00,142.53,143.22,142.52,142.99001,
2025-04-11 11:00:00,142.99001,143.050003,142.50999,142.61,
2025-04-11 12:00:00,142.62,142.96001,142.41,142.52,
2025-04-11 13:00:00,142.53,143.57001,142.22,143.12,
2025-04-11 14:00:00,143.10001,143.61,142.84,143.53,
2025-04-11 15:00:00,143.53,143.72,143.31,143.58,
2025-04-11 16:00:00,143.58,143.98,143.57001,143.78,
2025-04-11 17:00:00,143.78999,144.2,143.69,144.14,
2025-04-11 18:00:00,144.14,144.17,143.73,143.8,
2025-04-11 19:00:00,143.81,143.85001,143.52,143.60001,
2025-04-11 20:00:00,143.60001,143.64999,143.442,143.49001,
2025-04-13 23:00:00,143.64999,143.89799,143.564,143.688,
2025-04-14 00:00:00,143.69099,143.745,142.886,142.90401,
2025-04-14 01:00:00,142.903,142.97099,142.24699,142.67101,
2025-04-14 02:00:00,142.674,143,142.569,142.966,
2025-04-14 03:00:00,142.959,143.19099,142.71001,143.016998,
2025-04-14 04:00:00,143.018005,143.202,142.63499,143.035004,
2025-04-14 05:00:00,143.035004,143.276,142.662,142.76401,
2025-04-14 06:00:00,142.76199,142.909,142.34,142.422,
2025-04-14 07:00:00,142.425,143.089005,142.226,143.076004,
2025-04-14 08:00:00,143.080002,143.16499,142.82001,142.912,
2025-04-14 09:00:00,142.912,143.095993,142.756,143.070999,
2025-04-14 10:00:00,143.070007,143.298,143.048004,143.098007,
2025-04-14 11:00:00,143.097,143.35699,143.0039978,143.23599,
2025-04-14 12:00:00,143.241,143.701,143.147,143.67101,
2025-04-14 13:00:00,143.67,144.080002,143.51199,143.63,
2025-04-14 14:00:00,143.638,143.82401,143.26199,143.282,
2025-04-14 15:00:00,143.282,143.341,142.88699,142.97099,
2025-04-14 16:00:00,142.97099,143.239,142.77901,143.216,
2025-04-14 17:00:00,143.21899,143.353,142.875,143.069,
2025-04-14 18:00:00,143.065994,143.174,142.86099,142.88901,
2025-04-14 19:00:00,142.89101,143.074997,142.856,143.024002,
2025-04-14 20:00:00,143.022003,143.186,142.97,142.99001,
2025-04-14 21:00:00,143.0059967,143.050003,142.94,142.963,
2025-04-14 22:00:00,142.96201,143.17999,142.903,143.116,
2025-04-14 23:00:00,143.106,143.33299,143.0010071,143.213,
2025-04-15 00:00:00,143.211,143.591,143.17101,143.508,
2025-04-15 01:00:00,143.508,143.59399,143.26801,143.38499,
2025-04-15 02:00:00,143.384,143.388,143.091995,143.123,
2025-04-15 03:00:00,143.127,143.183,143.044998,143.12399,
2025-04-15 04:00:00,143.12199,143.22,142.901,143.037003,
2025-04-15 05:00:00,143.037994,143.217,142.98801,143.070999,
2025-04-15 06:00:00,143.067993,143.382,142.841,143.32001,
2025-04-15 07:00:00,143.32001,143.509,143.267,143.30099,
2025-04-15 08:00:00,143.299,143.306,142.83701,142.90601,
2025-04-15 09:00:00,142.905,142.936,142.67999,142.92799,
2025-04-15 10:00:00,142.931,142.991,142.834,142.842,
2025-04-15 11:00:00,142.841,143.18401,142.81799,142.89999,
2025-04-15 12:00:00,142.89799,142.92599,142.593,142.87,
2025-04-15 13:00:00,142.87399,143.138,142.76801,143.044998,
2025-04-15 14:00:00,143.048996,143.26601,142.668,142.72301,
2025-04-15 15:00:00,142.722,143.19299,142.68401,143.10001,
2025-04-15 16:00:00,143.097,143.25101,143.048004,143.091003,
2025-04-15 17:00:00,143.089005,143.248,143.037994,143.117,
2025-04-15 18:00:00,143.119,143.224,143.11,143.158,
2025-04-15 19:00:00,143.158,143.226,143.134,143.188,
2025-04-15 20:00:00,143.19,143.27901,143.13,143.246,
2025-04-15 21:00:00,143.186,143.245,143.069,143.16901,
2025-04-15 22:00:00,143.17999,143.19099,142.89999,143.070999,
2025-04-15 23:00:00,143.052994,143.282,143.042007,143.159,
2025-04-16 00:00:00,143.157,143.173,142.75999,142.88699,
2025-04-16 01:00:00,142.89,142.994,142.7,142.814,
2025-04-16 02:00:00,142.811,142.82001,142.64999,142.718,
2025-04-16 03:00:00,142.716,142.73399,142.49001,142.52299,
2025-04-16 04:00:00,142.52299,142.673,142.465,142.63,
2025-04-16 05:00:00,142.62601,142.675,142.098007,142.14,
2025-04-16 06:00:00,142.14,142.511,142.098999,142.411,
2025-04-16 07:00:00,142.412,142.459,142.039993,142.095001,
2025-04-16 08:00:00,142.097,142.955,142.063995,142.62,
2025-04-16 09:00:00,142.619,142.88,142.487,142.83,
2025-04-16 10:00:00,142.842,142.916,142.60699,142.79601,
2025-04-16 11:00:00,142.795,142.814,142.62,142.657,
2025-04-16 12:00:00,142.65601,142.786,142.431,142.64,
2025-04-16 13:00:00,142.646,142.69,142.399,142.436,
2025-04-16 14:00:00,142.436,142.71001,142.315,142.505,
2025-04-16 15:00:00,142.508,142.86,142.489,142.577,
2025-04-16 16:00:00,142.571,142.644,142.48801,142.55,
2025-04-16 17:00:00,142.549,142.696,142.30701,142.351,
2025-04-16 18:00:00,142.35201,142.44299,142.063995,142.10001,
2025-04-16 19:00:00,142.098999,142.129,141.638,142.10899,
2025-04-16 20:00:00,142.10899,142.2,141.79201,141.83701,
2025-04-16 21:00:00,141.81599,141.91299,141.66901,141.717,
2025-04-16 22:00:00,141.744,141.957,141.70399,141.85899,
2025-04-16 23:00:00,141.838,141.97,141.60899,141.92799,
2025-04-17 00:00:00,141.925,142.605,141.845,142.582,
2025-04-17 01:00:00,142.58299,142.86301,142.508,142.718,
2025-04-17 02:00:00,142.714,142.731,142.382,142.558,
2025-04-17 03:00:00,142.558,142.642,142.42799,142.61,
2025-04-17 04:00:00,142.605,142.69299,142.577,142.672,
2025-04-17 05:00:00,142.67,142.866,142.485,142.733,
2025-04-17 06:00:00,142.739,142.882,142.644,142.73801,
2025-04-17 07:00:00,142.737,142.91299,142.603,142.892,
2025-04-17 08:00:00,142.89101,143.087006,142.642,142.677,
2025-04-17 09:00:00,142.677,142.84399,142.64301,142.76801,
2025-04-17 10:00:00,142.76601,142.817,142.49699,142.582,
2025-04-17 11:00:00,142.58099,142.62,142.452,142.59599,
2025-04-17 12:00:00,142.593,142.69701,142.286,142.31799,
2025-04-17 13:00:00,142.31599,142.35899,142.136,142.142,
2025-04-17 14:00:00,142.14301,142.278,141.895,142.213,
2025-04-17 15:00:00,142.21201,142.37,142.14101,142.33299,
2025-04-17 16:00:00,142.33299,142.632,142.186,142.461,
2025-04-17 17:00:00,142.461,142.565,142.39,142.55901,
2025-04-17 18:00:00,142.55901,142.718,142.358,142.44501,
2025-04-17 19:00:00,142.444,142.46001,142.347,142.395,
2025-04-17 20:00:00,142.396,142.51601,142.353,142.388,
2025-04-17 21:00:00,142.377,142.467,142.242,142.42999,
2025-04-17 22:00:00,142.437,142.459,142.283,142.371,
2025-04-17 23:00:00,142.36501,142.47,142.30099,142.33299,
2025-04-18 00:00:00,142.34801,142.42101,142.155,142.39301,
2025-04-18 01:00:00,142.394,142.44299,142.317,142.35699,
2025-04-18 02:00:00,142.35899,142.369,142.252,142.311,
2025-04-18 03:00:00,142.312,142.355,142.271,142.323,
2025-04-18 04:00:00,142.32201,142.35699,142.285,142.334,
2025-04-18 05:00:00,142.332,142.41499,142.282,142.353,
2025-04-18 06:00:00,142.35201,142.38901,142.27699,142.366,
2025-04-18 07:00:00,142.369,142.392,142.286,142.38901,
2025-04-18 08:00:00,142.388,142.397,142.304,142.37801,
2025-04-18 09:00:00,142.379,142.396,142.313,142.382,
2025-04-18 10:00:00,142.37199,142.386,142.29601,142.367,
2025-04-18 11:00:00,142.364,142.37601,142.274,142.327,
2025-04-18 12:00:00,142.325,142.36501,142.259,142.32001,
2025-04-18 13:00:00,142.325,142.35699,142.283,142.347,
2025-04-18 14:00:00,142.34399,142.356,142.22701,142.28999,
2025-04-18 15:00:00,142.289,142.306,142.19501,142.246,
2025-04-18 16:00:00,142.23801,142.25101,142.105,142.20399,
2025-04-18 17:00:00,142.202,142.29401,142.14101,142.187,
2025-04-18 18:00:00,142.17999,142.196,142.145,142.179,
2025-04-18 19:00:00,142.179,142.196,142.10699,142.17101,
2025-04-18 20:00:00,142.168,142.198,142.098007,142.14999,
2025-04-20 23:00:00,141.73399,141.76601,141.493,141.59,
2025-04-21 00:00:00,141.588,141.59399,141.13699,141.188,
2025-04-21 01:00:00,141.189,141.203,140.963,140.98,
2025-04-21 02:00:00,140.97701,141.084,140.61099,140.78799,
2025-04-21 03:00:00,140.78799,140.83501,140.65199,140.758,
2025-04-21 04:00:00,140.757,140.97701,140.756,140.765,
2025-04-21 05:00:00,140.765,140.784,140.61301,140.646,
2025-04-21 06:00:00,140.645,140.90601,140.616,140.756,
2025-04-21 07:00:00,140.758,140.821,140.54201,140.55499,
2025-04-21 08:00:00,140.549,140.72701,140.53799,140.57001,
2025-04-21 09:00:00,140.57201,140.69099,140.467,140.653,
2025-04-21 10:00:00,140.653,140.994,140.631,140.983,
2025-04-21 11:00:00,140.98599,141.076004,140.745,140.78999,
2025-04-21 12:00:00,140.791,141.018997,140.638,140.783,
2025-04-21 13:00:00,140.782,141.041,140.69901,140.739,
2025-04-21 14:00:00,140.74001,140.91901,140.564,140.90199,
2025-04-21 15:00:00,140.901,141.014008,140.78999,140.814,
2025-04-21 16:00:00,140.814,140.974,140.76601,140.834,
2025-04-21 17:00:00,140.832,140.924,140.634,140.64301,
2025-04-21 18:00:00,140.645,140.69299,140.55701,140.578,
2025-04-21 19:00:00,140.578,140.88901,140.547,140.85899,
2025-04-21 20:00:00,140.85699,140.98,140.78999,140.825,
2025-04-21 21:00:00,140.82401,140.90601,140.72099,140.808,
2025-04-21 22:00:00,140.8,140.86099,140.70399,140.729,
2025-04-21 23:00:00,140.735,140.914,140.647,140.869,
2025-04-22 00:00:00,140.87399,141.172,140.84599,140.851,
2025-04-22 01:00:00,140.855,140.992,140.75101,140.864,
2025-04-22 02:00:00,140.862,140.864,140.539,140.547,
2025-04-22 03:00:00,140.548,140.55,140.085007,140.202,
2025-04-22 04:00:00,140.203,140.211,140.082001,140.192,
2025-04-22 05:00:00,140.194,140.34599,139.888,139.92101,
2025-04-22 06:00:00,139.916,140.509,139.882,140.395,
2025-04-22 07:00:00,140.394,140.51199,140.20399,140.27901,
2025-04-22 08:00:00,140.282,140.631,140.188,140.51401,
2025-04-22 09:00:00,140.515,140.575,140.323,140.455,
2025-04-22 10:00:00,140.453,140.47501,140.20599,140.328,
2025-04-22 11:00:00,140.328,140.38699,140.166,140.246,
2025-04-22 12:00:00,140.25301,140.56599,140.20599,140.52901,
2025-04-22 13:00:00,140.53,140.797,140.508,140.76199,
2025-04-22 14:00:00,140.763,140.92,140.625,140.717,
2025-04-22 15:00:00,140.714,140.923,140.655,140.871,
2025-04-22 16:00:00,140.873,141.362,140.786,141.30299,
2025-04-22 17:00:00,141.30099,141.39101,141.035995,141.10899,
2025-04-22 18:00:00,141.11099,141.50999,141.103,141.49001,
2025-04-22 19:00:00,141.491,141.63499,141.436,141.61,
2025-04-22 20:00:00,141.61,141.67,141.498,141.509,
2025-04-22 21:00:00,141.564,142.558,141.44,142.55099,
2025-04-22 22:00:00,142.543,143.218,142.533,142.992,
2025-04-22 23:00:00,143.0099945,143.10201,142.55299,142.7,
2025-04-23 00:00:00,142.69701,142.71899,142.057007,142.082001,
2025-04-23 01:00:00,142.082993,142.254,141.662,141.75999,
2025-04-23 02:00:00,141.758,142.003006,141.745,141.89999,
2025-04-23 03:00:00,141.899,142.196,141.799,142.19099,
2025-04-23 04:00:00,142.188,142.246,141.91299,141.95599,
2025-04-23 05:00:00,141.95599,142.147,141.729,142.074005,
2025-04-23 06:00:00,142.072006,142.147,141.597,141.717,
2025-04-23 07:00:00,141.71001,141.944,141.524,141.864,
2025-04-23 08:00:00,141.86501,141.95,141.702,141.73801,
2025-04-23 09:00:00,141.737,141.942,141.57401,141.881,
2025-04-23 10:00:00,141.882,142.031998,141.795,141.989,
2025-04-23 11:00:00,141.995,142.188,141.64301,141.64999,
2025-04-23 12:00:00,141.64799,141.884,141.57201,141.84,
2025-04-23 13:00:00,141.84,142.694,141.75,142.69,
2025-04-23 14:00:00,142.687,142.798,142.24001,142.632,
2025-04-23 15:00:00,142.633,142.72501,142.177,142.638,
2025-04-23 16:00:00,142.646,143.074005,142.564,143.018997,
2025-04-23 17:00:00,143.018997,143.291,142.92799,143.237,
2025-04-23 18:00:00,143.23599,143.496,143.23399,143.436,
2025-04-23 19:00:00,143.42999,143.487,143.23801,143.39301,
2025-04-23 20:00:00,143.392,143.57401,143.382,143.48801,
2025-04-23 21:00:00,143.439,143.446,143.014999,143.12399,
2025-04-23 22:00:00,143.14999,143.187,142.87,143.095001,
2025-04-23 23:00:00,143.114,143.27901,143.046997,143.19501,
2025-04-24 00:00:00,143.194,143.338,142.85699,142.94299,
2025-04-24 01:00:00,142.946,143.078995,142.70399,142.75999,
2025-04-24 02:00:00,142.75999,142.811,142.597,142.783,
2025-04-24 03:00:00,142.78101,142.897,142.73801,142.866,
2025-04-24 04:00:00,142.86301,142.916,142.71899,142.752,
2025-04-24 05:00:00,142.75,142.959,142.728,142.786,
2025-04-24 06:00:00,142.783,142.88499,142.66299,142.689,
2025-04-24 07:00:00,142.69,142.74699,142.54601,142.57899,
2025-04-24 08:00:00,142.58099,142.737,142.48399,142.634,
2025-04-24 09:00:00,142.644,142.698,142.42,142.451,
2025-04-24 10:00:00,142.44901,142.513,142.30299,142.491,
2025-04-24 11:00:00,142.489,142.634,142.349,142.595,
2025-04-24 12:00:00,142.592,142.63499,142.286,142.403,
2025-04-24 13:00:00,142.39799,142.586,142.31599,142.49899,
2025-04-24 14:00:00,142.49699,142.606,142.274,142.472,
2025-04-24 15:00:00,142.472,142.776,142.44501,142.655,
2025-04-24 16:00:00,142.65601,142.79201,142.56599,142.646,
2025-04-24 17:00:00,142.646,142.83,142.616,142.784,
2025-04-24 18:00:00,142.782,142.834,142.709,142.73,
2025-04-24 19:00:00,142.731,142.73399,142.48399,142.694,
2025-04-24 20:00:00,142.69299,142.744,142.511,142.64301,
2025-04-24 21:00:00,142.60001,142.709,142.532,142.67599,
2025-04-24 22:00:00,142.68201,142.78999,142.632,142.701,
2025-04-24 23:00:00,142.714,142.92799,142.688,142.85201,
2025-04-25 00:00:00,142.851,143.116,142.817,143.063004,
2025-04-25 01:00:00,143.063995,143.10899,142.907,142.963,
2025-04-25 02:00:00,142.961,142.98399,142.823,142.964,
2025-04-25 03:00:00,142.96201,143.666,142.89101,143.645,
2025-04-25 04:00:00,143.64,143.80099,143.56799,143.61501,
2025-04-25 05:00:00,143.612,143.799,143.506,143.621,
2025-04-25 06:00:00,143.618,143.85001,143.438,143.55099,
2025-04-25 07:00:00,143.53999,143.685,143.22,143.39799,
2025-04-25 08:00:00,143.395,143.521,143.24699,143.416,
2025-04-25 09:00:00,143.416,143.63499,143.231,143.61099,
2025-04-25 10:00:00,143.612,143.733,143.25101,143.30099,
2025-04-25 11:00:00,143.3,143.38901,143.222,143.373,
2025-04-25 12:00:00,143.375,143.424,143.3,143.41499,
2025-04-25 13:00:00,143.41299,143.871,143.407,143.752,
2025-04-25 14:00:00,143.75301,143.989,143.617,143.985,
2025-04-25 15:00:00,143.981,144.029999,143.722,143.74899,
2025-04-25 16:00:00,143.75,143.817,143.673,143.812,
2025-04-25 17:00:00,143.811,143.847,143.437,143.522,
2025-04-25 18:00:00,143.52299,143.632,143.45399,143.556,
2025-04-25 19:00:00,143.558,143.65199,143.487,143.651,
2025-04-25 20:00:00,143.646,143.849,143.616,143.623,
2025-04-27 23:00:00,143.767,143.877,143.709,143.84599,
2025-04-28 00:00:00,143.849,143.851,143.476,143.48399,
2025-04-28 01:00:00,143.48801,143.718,143.342,143.711,
2025-04-28 02:00:00,143.71201,143.85899,143.645,143.692,
2025-04-28 03:00:00,143.692,143.702,143.508,143.582,
2025-04-28 04:00:00,143.58099,143.64101,143.313,143.321,
2025-04-28 05:00:00,143.321,143.537,143.284,143.49001,
2025-04-28 06:00:00,143.491,143.856,143.489,143.828,
2025-04-28 07:00:00,143.83299,143.894,143.618,143.632,
2025-04-28 08:00:00,143.631,143.70599,143.533,143.549,
2025-04-28 09:00:00,143.55099,143.578,143.327,143.448,
2025-04-28 10:00:00,143.448,143.50301,143.38,143.46001,
2025-04-28 11:00:00,143.46201,143.547,143.341,143.373,
2025-04-28 12:00:00,143.371,143.377,143.14101,143.342,
2025-04-28 13:00:00,143.342,143.437,143.061996,143.084,
2025-04-28 14:00:00,143.080994,143.127,142.59599,142.84801,
2025-04-28 15:00:00,142.849,142.886,142.63901,142.70399,
2025-04-28 16:00:00,142.703,142.711,142.26801,142.336,
2025-04-28 17:00:00,142.334,142.37,142.116,142.35699,
2025-04-28 18:00:00,142.35899,142.38499,142.104,142.12199,
2025-04-28 19:00:00,142.12399,142.157,142.029007,142.061005,
2025-04-28 20:00:00,142.063995,142.098007,141.95399,141.95599,
2025-04-28 21:00:00,141.968,142.085999,141.957,142.065002,
2025-04-28 22:00:00,142.069,142.224,141.996,142.215,
2025-04-28 23:00:00,142.215,142.315,142.078003,142.179,
2025-04-29 00:00:00,142.183,142.28,142.063004,142.243,
2025-04-29 01:00:00,142.24001,142.436,142.158,142.409,
2025-04-29 02:00:00,142.412,142.425,142.112,142.381,
2025-04-29 03:00:00,142.382,142.49001,142.31,142.42799,
2025-04-29 04:00:00,142.42799,142.577,142.403,142.52499,
2025-04-29 05:00:00,142.524,142.55,142.382,142.44501,
2025-04-29 06:00:00,142.446,142.556,142.299,142.472,
2025-04-29 07:00:00,142.472,142.53,142.343,142.38699,
2025-04-29 08:00:00,142.386,142.61,142.323,142.588,
2025-04-29 09:00:00,142.588,142.756,142.528,142.739,
2025-04-29 10:00:00,142.737,142.755,142.638,142.646,
2025-04-29 11:00:00,142.658,142.757,142.584,142.73599,
2025-04-29 12:00:00,142.74001,142.756,142.25,142.304,
2025-04-29 13:00:00,142.30701,142.364,142.042007,142.2,
2025-04-29 14:00:00,142.2,142.394,142.0050049,142.369,
2025-04-29 15:00:00,142.368,142.375,142.12601,142.295,
2025-04-29 16:00:00,142.29401,142.304,141.968,142.042999,
2025-04-29 17:00:00,142.042999,142.302,142.0070038,142.28799,
2025-04-29 18:00:00,142.287,142.379,142.246,142.282,
2025-04-29 19:00:00,142.283,142.381,142.2,142.313,
2025-04-29 20:00:00,142.314,142.44701,142.254,142.263,
2025-04-29 21:00:00,142.265,142.30499,142.14799,142.26401,
2025-04-29 22:00:00,142.26801,142.366,142.187,142.26801,
2025-04-29 23:00:00,142.263,142.323,142.15401,142.255,
2025-04-30 00:00:00,142.258,142.50999,142.16901,142.429,
2025-04-30 01:00:00,142.427,142.459,142.22301,142.44501,
2025-04-30 02:00:00,142.44299,142.548,142.35699,142.45799,
2025-04-30 03:00:00,142.461,142.53,142.32201,142.513,
2025-04-30 04:00:00,142.51199,142.55499,142.41299,142.515,
2025-04-30 05:00:00,142.515,142.547,142.448,142.491,
2025-04-30 06:00:00,142.502,142.71899,142.489,142.584,
2025-04-30 07:00:00,142.584,142.888,142.57401,142.798,
2025-04-30 08:00:00,142.80299,142.946,142.718,142.90601,
2025-04-30 09:00:00,142.90199,143.15401,142.869,143.11,
2025-04-30 10:00:00,143.10699,143.11,142.996,143.063995,
2025-04-30 11:00:00,143.067001,143.136,142.896,143.014999,
2025-04-30 12:00:00,143.011993,143.048996,142.68401,142.817,
2025-04-30 13:00:00,142.81599,142.909,142.63901,142.66499,
2025-04-30 14:00:00,142.66299,143.042007,142.58099,142.63499,
2025-04-30 15:00:00,142.632,142.94,142.491,142.629,
2025-04-30 16:00:00,142.62601,142.761,142.589,142.67599,
2025-04-30 17:00:00,142.673,142.84599,142.59801,142.83501,
2025-04-30 18:00:00,142.836,143.0070038,142.755,142.774,
2025-04-30 19:00:00,142.774,142.98,142.71201,142.914,
2025-04-30 20:00:00,142.911,143.19,142.89999,143.063004,
2025-04-30 21:00:00,143.035004,143.044006,142.905,142.95,
2025-04-30 22:00:00,142.951,143.072998,142.935,142.97701,
2025-04-30 23:00:00,143.0099945,143.078003,142.951,143.022995,
2025-05-01 00:00:00,143.022995,143.037994,142.875,143.0039978,
2025-05-01 01:00:00,143,143.243,142.98801,143.196,
2025-05-01 02:00:00,143.198,143.211,143.052994,143.080002,
2025-05-01 03:00:00,143.082993,143.752,142.916,143.688,
2025-05-01 04:00:00,143.685,143.89799,143.685,143.87399,
2025-05-01 05:00:00,143.87801,144.254,143.866,144.048004,
2025-05-01 06:00:00,144.044998,144.59399,144.0019989,144.586,
2025-05-01 07:00:00,144.58,144.743,144.304,144.367,
2025-05-01 08:00:00,144.362,144.39101,144.14999,144.217,
2025-05-01 09:00:00,144.217,144.43201,144.12,144.392,
2025-05-01 10:00:00,144.388,144.424,144.243,144.27499,
2025-05-01 11:00:00,144.27499,144.55499,144.15401,144.481,
2025-05-01 12:00:00,144.483,144.76601,144.146,144.701,
2025-05-01 13:00:00,144.70799,144.80099,144.535,144.535,
2025-05-01 14:00:00,144.53999,145.505,144.535,145.349,
2025-05-01 15:00:00,145.347,145.66,145.228,145.476,
2025-05-01 16:00:00,145.472,145.539,145.349,145.39,
2025-05-01 17:00:00,145.39799,145.582,145.355,145.52901,
2025-05-01 18:00:00,145.536,145.741,145.517,145.681,
2025-05-01 19:00:00,145.677,145.707,145.5,145.532,
2025-05-01 20:00:00,145.537,145.56,145.323,145.34399,
2025-05-01 21:00:00,145.42,145.492,145.26401,145.28101,
2025-05-01 22:00:00,145.283,145.39799,145.248,145.36,
2025-05-01 23:00:00,145.332,145.61099,145.328,145.408,
2025-05-02 00:00:00,145.40601,145.924,145.317,145.867,
2025-05-02 01:00:00,145.87,145.875,145.427,145.435,
2025-05-02 02:00:00,145.436,145.508,145.29201,145.463,
2025-05-02 03:00:00,145.45799,145.474,145.146,145.22301,
2025-05-02 04:00:00,145.22,145.422,145.213,145.39,
2025-05-02 05:00:00,145.388,145.414,145.174,145.25101,
2025-05-02 06:00:00,145.25,145.30099,145.039993,145.201,
2025-05-02 07:00:00,145.202,145.271,145.031006,145.131,
2025-05-02 08:00:00,145.12601,145.207,144.814,144.83099,
2025-05-02 09:00:00,144.825,144.90199,144.436,144.57001,
2025-05-02 10:00:00,144.56799,144.814,144.53999,144.666,
2025-05-02 11:00:00,144.66499,144.714,144.36,144.556,
2025-05-02 12:00:00,144.55701,144.96201,144.33099,144.64,
2025-05-02 13:00:00,144.64101,144.644,143.72701,143.849,
2025-05-02 14:00:00,143.86501,144.158,143.72501,144.0079956,
2025-05-02 15:00:00,144.0090027,144.63499,144.0050049,144.522,
2025-05-02 16:00:00,144.52499,144.79401,144.48399,144.672,
2025-05-02 17:00:00,144.672,144.77901,144.575,144.72099,
2025-05-02 18:00:00,144.72301,145.084,144.673,145.024002,
2025-05-02 19:00:00,145.028,145.076004,144.88,144.981,
2025-05-02 20:00:00,144.98199,145.061996,144.834,144.89999,
2025-05-02 21:00:00,144.918,144.918,144.918,144.918,
2025-05-04 23:00:00,144.752,144.86099,144.506,144.651,
2025-05-05 00:00:00,144.649,144.798,144.608,144.64,
2025-05-05 01:00:00,144.638,144.64101,144.101,144.23199,
2025-05-05 02:00:00,144.231,144.315,144.059998,144.166,
2025-05-05 03:00:00,144.16901,144.349,144.14999,144.29201,
2025-05-05 04:00:00,144.28999,144.29401,144.089996,144.144,
2025-05-05 05:00:00,144.14999,144.23399,143.96001,144.175,
2025-05-05 06:00:00,144.177,144.41901,144.16499,144.323,
2025-05-05 07:00:00,144.321,144.423,144.192,144.36,
2025-05-05 08:00:00,144.358,144.369,143.89101,144.052994,
2025-05-05 09:00:00,144.048996,144.070999,143.813,143.86301,
2025-05-05 10:00:00,143.86099,144,143.79401,143.95399,
2025-05-05 11:00:00,143.953,143.97301,143.742,143.847,
2025-05-05 12:00:00,143.849,143.895,143.56799,143.636,
2025-05-05 13:00:00,143.632,143.73399,143.535,143.646,
2025-05-05 14:00:00,143.64101,144.028,143.63,143.77499,
2025-05-05 15:00:00,143.771,144.0050049,143.586,143.978,
2025-05-05 16:00:00,143.976,144.23399,143.94701,144.16701,
2025-05-05 17:00:00,144.166,144.174,144.031006,144.095993,
2025-05-05 18:00:00,144.095001,144.13699,143.883,143.91701,
2025-05-05 19:00:00,143.918,143.92599,143.69,143.76401,
2025-05-05 20:00:00,143.76199,143.79201,143.64999,143.689,
2025-05-05 21:00:00,143.683,143.758,143.625,143.7,
2025-05-05 22:00:00,143.69501,143.754,143.617,143.742,
2025-05-05 23:00:00,143.746,143.80499,143.54201,143.702,
2025-05-06 00:00:00,143.702,144.020996,143.68201,143.99899,
2025-05-06 01:00:00,143.99699,144.27499,143.942,144.046997,
2025-05-06 02:00:00,144.044998,144.059998,143.64799,143.81799,
2025-05-06 03:00:00,143.815,143.86099,143.72701,143.785,
2025-05-06 04:00:00,143.787,143.80299,143.618,143.709,
2025-05-06 05:00:00,143.711,143.832,143.69099,143.79601,
2025-05-06 06:00:00,143.791,143.92799,143.64,143.69,
2025-05-06 07:00:00,143.69,143.72701,143.196,143.327,
2025-05-06 08:00:00,143.32899,143.355,142.89999,143.129,
2025-05-06 09:00:00,143.129,143.35201,143.063004,143.302,
2025-05-06 10:00:00,143.30099,143.32401,143.044998,143.059006,
2025-05-06 11:00:00,143.059998,143.125,142.742,142.77499,
2025-05-06 12:00:00,142.77499,142.96201,142.48599,142.511,
2025-05-06 13:00:00,142.511,142.752,142.349,142.463,
2025-05-06 14:00:00,142.46001,142.89101,142.40601,142.854,
2025-05-06 15:00:00,142.85201,142.942,142.74699,142.771,
2025-05-06 16:00:00,142.771,143.033997,142.657,142.72501,
2025-05-06 17:00:00,142.724,142.737,142.502,142.511,
2025-05-06 18:00:00,142.50999,142.64799,142.429,142.44,
2025-05-06 19:00:00,142.444,142.476,142.347,142.39301,
2025-05-06 20:00:00,142.396,142.504,142.373,142.414,
2025-05-06 21:00:00,142.43401,142.54201,142.38699,142.416,
2025-05-06 22:00:00,142.42,143.282,142.38901,143.22,
2025-05-06 23:00:00,143.239,143.31,142.99899,143.087997,
2025-05-07 00:00:00,143.089005,143.30299,142.834,142.95,
2025-05-07 01:00:00,142.94501,143.173,142.74001,142.95399,
2025-05-07 02:00:00,142.952,143.196,142.952,143.12601,
2025-05-07 03:00:00,143.121,143.214,143.052002,143.10699,
2025-05-07 04:00:00,143.105,143.325,143.039993,143.28,
2025-05-07 05:00:00,143.278,143.304,142.996,143.054993,
2025-05-07 06:00:00,143.056,143.095001,142.82401,142.862,
2025-05-07 07:00:00,142.85899,143.278,142.85899,143.16901,
2025-05-07 08:00:00,143.175,143.44099,143.16901,143.312,
2025-05-07 09:00:00,143.317,143.45399,143.255,143.31799,
2025-05-07 10:00:00,143.31799,143.323,143.15401,143.25101,
2025-05-07 11:00:00,143.24899,143.41499,143.187,143.39101,
2025-05-07 12:00:00,143.392,143.44901,143.27,143.353,
2025-05-07 13:00:00,143.35201,143.36,143.112,143.209,
2025-05-07 14:00:00,143.20799,143.394,143.136,143.304,
2025-05-07 15:00:00,143.30499,143.474,143.205,143.472,
2025-05-07 16:00:00,143.47301,143.58701,143.395,143.411,
2025-05-07 17:00:00,143.412,143.543,143.258,143.355,
2025-05-07 18:00:00,143.342,143.783,142.90199,143.52,
2025-05-07 19:00:00,143.51801,143.976,143.465,143.813,
2025-05-07 20:00:00,143.80901,143.99899,143.76401,143.811,
2025-05-07 21:00:00,143.78799,143.819,143.651,143.763,
2025-05-07 22:00:00,143.76199,143.91499,143.73199,143.895,
2025-05-07 23:00:00,143.882,143.888,143.72701,143.85899,
2025-05-08 00:00:00,143.864,143.955,143.562,143.85201,
2025-05-08 01:00:00,143.85201,143.897,143.44,143.504,
2025-05-08 02:00:00,143.507,143.67799,143.46201,143.66701,
2025-05-08 03:00:00,143.67101,143.67599,143.52499,143.599,
2025-05-08 04:00:00,143.60201,143.785,143.54401,143.774,
2025-05-08 05:00:00,143.77901,144.070999,143.763,143.925,
2025-05-08 06:00:00,143.923,144.433,143.839,144.40401,
2025-05-08 07:00:00,144.409,144.51801,144.308,144.32201,
2025-05-08 08:00:00,144.32201,144.84801,144.257,144.808,
2025-05-08 09:00:00,144.80701,144.95,144.735,144.795,
2025-05-08 10:00:00,144.798,145.0050049,144.655,144.77901,
2025-05-08 11:00:00,144.778,144.812,144.59399,144.64,
2025-05-08 12:00:00,144.644,144.86,144.508,144.685,
2025-05-08 13:00:00,144.685,144.685,144.429,144.537,
2025-05-08 14:00:00,144.53999,145.118,144.43201,145.011002,
2025-05-08 15:00:00,145.0090027,145.592,144.89799,145.46201,
2025-05-08 16:00:00,145.46201,145.786,145.448,145.72099,
2025-05-08 17:00:00,145.72301,145.94901,145.61501,145.714,
2025-05-08 18:00:00,145.713,145.92799,145.672,145.879,
2025-05-08 19:00:00,145.882,146.177,145.813,145.91499,
2025-05-08 20:00:00,145.914,145.972,145.802,145.909,
2025-05-08 21:00:00,145.89101,145.96201,145.759,145.91,
2025-05-08 22:00:00,145.91701,145.939,145.757,145.821,
2025-05-08 23:00:00,145.82201,146.067993,145.79601,145.944,
2025-05-09 00:00:00,145.95,146.187,145.67,145.69501,
2025-05-09 01:00:00,145.69501,145.832,145.618,145.748,
2025-05-09 02:00:00,145.75,145.97,145.63901,145.66499,
2025-05-09 03:00:00,145.664,145.71001,145.459,145.65401,
2025-05-09 04:00:00,145.653,145.657,145.444,145.50101,
2025-05-09 05:00:00,145.5,145.63,145.397,145.422,
2025-05-09 06:00:00,145.42599,145.46001,145.23399,145.28999,
2025-05-09 07:00:00,145.28999,145.412,145.129,145.172,
2025-05-09 08:00:00,145.16901,145.327,145.070999,145.183,
2025-05-09 09:00:00,145.18401,145.325,145.091995,145.312,
2025-05-09 10:00:00,145.313,145.40401,145.215,145.28799,
2025-05-09 11:00:00,145.289,145.33,144.927,145.12601,
2025-05-09 12:00:00,145.12601,145.35001,145.093994,145.248,
2025-05-09 13:00:00,145.246,145.299,145.016998,145.155,
2025-05-09 14:00:00,145.15401,145.27,144.82001,145.0010071,
2025-05-09 15:00:00,144.998,145.203,144.994,145.14999,
2025-05-09 16:00:00,145.14999,145.3,145.052002,145.27901,
2025-05-09 17:00:00,145.27499,145.353,145.19701,145.23199,
2025-05-09 18:00:00,145.233,145.30901,145.142,145.263,
2025-05-09 19:00:00,145.25999,145.37,145.245,145.297,
2025-05-09 20:00:00,145.298,145.381,145.287,145.323,
2025-05-11 23:00:00,145.838,145.92,145.694,145.838,
2025-05-12 00:00:00,145.83299,146.080994,145.72701,145.90601,
2025-05-12 01:00:00,145.903,146.285,145.841,146.089996,
2025-05-12 02:00:00,146.087997,146.105,145.714,145.849,
2025-05-12 03:00:00,145.84801,145.91499,145.71899,145.72701,
2025-05-12 04:00:00,145.724,145.939,145.71201,145.92599,
2025-05-12 05:00:00,145.92101,146.12801,145.88499,146.0090027,
2025-05-12 06:00:00,146.0079956,146.16701,145.87,146.12,
2025-05-12 07:00:00,146.119,147.994,146.097,147.91499,
2025-05-12 08:00:00,147.91499,148.228,147.621,147.755,
2025-05-12 09:00:00,147.752,148.14799,147.662,148.065994,
2025-05-12 10:00:00,148.067993,148.591,148.041,148.40199,
2025-05-12 11:00:00,148.40199,148.41499,147.862,147.87801,
2025-05-12 12:00:00,147.87199,148.243,147.87199,148.046997,
2025-05-12 13:00:00,148.048996,148.146,147.808,148.085007,
2025-05-12 14:00:00,148.085999,148.328,147.966,148.19501,
2025-05-12 15:00:00,148.196,148.21899,148.024002,148.093002,
2025-05-12 16:00:00,148.095993,148.55701,148.042007,148.511,
2025-05-12 17:00:00,148.51199,148.636,148.46899,148.496,
2025-05-12 18:00:00,148.496,148.651,148.274,148.338,
2025-05-12 19:00:00,148.33701,148.436,148.257,148.382,
2025-05-12 20:00:00,148.37801,148.479,148.353,148.444,
2025-05-12 21:00:00,148.44901,148.45599,148.285,148.35001,
2025-05-12 22:00:00,148.32001,148.437,148.306,148.36501,
2025-05-12 23:00:00,148.364,148.45599,148.187,148.256,
2025-05-13 00:00:00,148.255,148.259,147.78799,147.814,
2025-05-13 01:00:00,147.81,148.029999,147.755,147.827,
2025-05-13 02:00:00,147.832,147.991,147.754,147.957,
2025-05-13 03:00:00,147.96201,147.99001,147.724,147.752,
2025-05-13 04:00:00,147.75,147.91701,147.687,147.701,
2025-05-13 05:00:00,147.694,147.908,147.64,147.81799,
2025-05-13 06:00:00,147.817,147.987,147.77901,147.938,
2025-05-13 07:00:00,147.939,148.056,147.757,147.85699,
2025-05-13 08:00:00,147.84801,148.061005,147.73,147.91499,
2025-05-13 09:00:00,147.91701,148.026993,147.85899,147.976,
2025-05-13 10:00:00,147.979,148.13499,147.94,148.052002,
2025-05-13 11:00:00,148.057007,148.13699,148.020004,148.121,
2025-05-13 12:00:00,148.116,148.27499,147.84,147.989,
2025-05-13 13:00:00,147.99001,148.016006,147.65401,147.87801,
2025-05-13 14:00:00,147.881,148.063004,147.808,147.841,
2025-05-13 15:00:00,147.841,147.911,147.694,147.752,
2025-05-13 16:00:00,147.752,147.80099,147.45,147.60699,
2025-05-13 17:00:00,147.60699,147.772,147.56,147.60899,
2025-05-13 18:00:00,147.60899,147.66499,147.45599,147.498,
2025-05-13 19:00:00,147.507,147.561,147.369,147.424,
2025-05-13 20:00:00,147.42599,147.49001,147.37199,147.46899,
2025-05-13 21:00:00,147.465,147.50999,147.39,147.453,
2025-05-13 22:00:00,147.472,147.49001,147.299,147.35201,
2025-05-13 23:00:00,147.34801,147.54601,147.33701,147.52,
2025-05-14 00:00:00,147.521,147.67,147.27499,147.362,
2025-05-14 01:00:00,147.362,147.412,147,147.203,
2025-05-14 02:00:00,147.201,147.30299,147.112,147.19501,
2025-05-14 03:00:00,147.19501,147.24001,147.035995,147.084,
2025-05-14 04:00:00,147.082001,147.162,146.875,146.94501,
2025-05-14 05:00:00,146.944,147.070007,146.834,147.061996,
2025-05-14 06:00:00,147.063995,147.215,146.95599,147.15601,
2025-05-14 07:00:00,147.15401,147.21201,146.922,146.978,
2025-05-14 08:00:00,146.97501,146.985,146.123,146.24899,
2025-05-14 09:00:00,146.25,146.351,145.601,145.882,
2025-05-14 10:00:00,145.88,146.072998,145.784,145.923,
2025-05-14 11:00:00,145.924,146.203,145.91701,146.175,
2025-05-14 12:00:00,146.175,146.394,145.99899,146.19099,
2025-05-14 13:00:00,146.19,146.392,145.757,146.0010071,
2025-05-14 14:00:00,146,146.349,145.98801,146.31,
2025-05-14 15:00:00,146.30901,146.651,146.252,146.55,
2025-05-14 16:00:00,146.54601,147.121,146.459,146.696,
2025-05-14 17:00:00,146.69501,146.731,146.433,146.57401,
2025-05-14 18:00:00,146.573,146.798,146.54601,146.72301,
2025-05-14 19:00:00,146.718,146.89999,146.714,146.82001,
2025-05-14 20:00:00,146.819,146.89301,146.72501,146.741,
2025-05-14 21:00:00,146.739,146.739,146.59801,146.63,
2025-05-14 22:00:00,146.62399,146.688,146.55099,146.61,
2025-05-14 23:00:00,146.61301,146.661,146.422,146.63499,
2025-05-15 00:00:00,146.633,146.752,146.15601,146.21201,
2025-05-15 01:00:00,146.207,146.33,146.065994,146.282,
2025-05-15 02:00:00,146.283,146.37801,146.192,146.22501,
2025-05-15 03:00:00,146.22501,146.286,145.948,146.087997,
2025-05-15 04:00:00,146.089996,146.17101,145.974,146.089996,
2025-05-15 05:00:00,146.087997,146.14101,145.92999,145.98,
2025-05-15 06:00:00,145.979,146.091003,145.478,145.534,
2025-05-15 07:00:00,145.534,145.94099,145.524,145.884,
2025-05-15 08:00:00,145.882,145.993,145.63901,145.746,
2025-05-15 09:00:00,145.74899,145.948,145.72501,145.93401,
2025-05-15 10:00:00,145.935,145.98,145.825,145.972,
2025-05-15 11:00:00,145.974,146.10001,145.89999,146.082001,
2025-05-15 12:00:00,146.080994,146.254,145.62801,145.8,
2025-05-15 13:00:00,145.797,145.927,145.573,145.795,
2025-05-15 14:00:00,145.79601,146.041,145.409,145.85899,
2025-05-15 15:00:00,145.858,145.918,145.60699,145.616,
2025-05-15 16:00:00,145.61301,145.715,145.53101,145.616,
2025-05-15 17:00:00,145.614,145.767,145.554,145.752,
2025-05-15 18:00:00,145.75301,145.754,145.60899,145.686,
2025-05-15 19:00:00,145.683,145.726,145.53799,145.619,
2025-05-15 20:00:00,145.62,145.69701,145.56599,145.653,
2025-05-15 21:00:00,145.659,145.69501,145.554,145.592,
2025-05-15 22:00:00,145.567,145.66901,145.437,145.44,
2025-05-15 23:00:00,145.461,145.67999,145.42101,145.57401,
2025-05-16 00:00:00,145.573,145.623,144.99699,145.087006,
2025-05-16 01:00:00,145.089005,145.256,144.96001,145.18201,
2025-05-16 02:00:00,145.181,145.425,145.12,145.412,
2025-05-16 03:00:00,145.408,145.464,145.226,145.259,
2025-05-16 04:00:00,145.259,145.384,145.188,145.30499,
2025-05-16 05:00:00,145.30299,145.373,145.16701,145.224,
2025-05-16 06:00:00,145.224,145.368,144.98399,145.052002,
2025-05-16 07:00:00,145.061996,145.261,144.916,145.235,
2025-05-16 08:00:00,145.237,145.41901,145.222,145.297,
2025-05-16 09:00:00,145.299,145.595,145.25999,145.558,
2025-05-16 10:00:00,145.561,145.60001,145.438,145.539,
2025-05-16 11:00:00,145.53101,145.67799,145.436,145.642,
2025-05-16 12:00:00,145.644,145.69299,145.48,145.511,
2025-05-16 13:00:00,145.509,145.60001,145.422,145.49899,
2025-05-16 14:00:00,145.5,146.078003,145.396,145.959,
2025-05-16 15:00:00,145.948,146.054001,145.914,146.026001,
2025-05-16 16:00:00,146.018997,146.103,145.86,145.938,
2025-05-16 17:00:00,145.93401,146.031998,145.886,145.916,
2025-05-16 18:00:00,145.914,145.93201,145.823,145.88901,
2025-05-16 19:00:00,145.89799,145.98399,145.823,145.959,
2025-05-16 20:00:00,145.95799,145.963,145.51601,145.58099,
2025-05-18 23:00:00,145.15601,145.446,145.12199,145.23199,
2025-05-19 00:00:00,145.23399,145.334,144.83501,144.905,
2025-05-19 01:00:00,144.90199,145.185,144.804,145.13,
2025-05-19 02:00:00,145.13,145.304,145.039001,145.22099,
2025-05-19 03:00:00,145.228,145.29201,145.11099,145.241,
2025-05-19 04:00:00,145.23801,145.345,145.216,145.313,
2025-05-19 05:00:00,145.312,145.31599,145.14799,145.16701,
2025-05-19 06:00:00,145.164,145.214,144.979,144.993,
2025-05-19 07:00:00,144.989,145.093994,144.65601,144.85001,
2025-05-19 08:00:00,144.849,145.026993,144.82401,144.883,
2025-05-19 09:00:00,144.87801,144.976,144.748,144.834,
2025-05-19 10:00:00,144.825,144.881,144.7,144.799,
2025-05-19 11:00:00,144.80099,145.042999,144.774,144.897,
2025-05-19 12:00:00,144.897,145.022995,144.858,145.018005,
2025-05-19 13:00:00,145.016998,145.134,144.864,144.992,
2025-05-19 14:00:00,144.98,145.216,144.826,144.895,
2025-05-19 15:00:00,144.892,145.016998,144.78,144.99001,
2025-05-19 16:00:00,144.98801,145.089005,144.952,144.98599,
2025-05-19 17:00:00,144.98,145.112,144.923,145.037994,
2025-05-19 18:00:00,145.039001,145.089996,144.948,144.97099,
2025-05-19 19:00:00,144.96899,144.98599,144.793,144.84801,
2025-05-19 20:00:00,144.84801,144.89101,144.76801,144.85001,
2025-05-19 21:00:00,144.839,144.88901,144.789,144.854,
2025-05-19 22:00:00,144.854,144.97301,144.82401,144.935,
2025-05-19 23:00:00,144.94099,145.013,144.838,144.979,
2025-05-20 00:00:00,144.974,145.51401,144.972,145.271,
2025-05-20 01:00:00,145.267,145.271,144.72301,144.897,
2025-05-20 02:00:00,144.896,145.29601,144.742,145.121,
2025-05-20 03:00:00,145.116,145.181,144.769,144.808,
2025-05-20 04:00:00,144.80701,144.85201,144.70799,144.759,
2025-05-20 05:00:00,144.75999,144.765,144.31599,144.375,
2025-05-20 06:00:00,144.37801,144.53,144.297,144.49899,
2025-05-20 07:00:00,144.496,144.511,144.087997,144.12399,
2025-05-20 08:00:00,144.12399,144.48801,144.121,144.48199,
2025-05-20 09:00:00,144.485,144.616,144.367,144.476,
2025-05-20 10:00:00,144.48399,144.62399,144.451,144.591,
2025-05-20 11:00:00,144.592,144.67101,144.453,144.59399,
2025-05-20 12:00:00,144.593,144.83701,144.548,144.81,
2025-05-20 13:00:00,144.80901,144.97701,144.80099,144.849,
2025-05-20 14:00:00,144.84801,144.86099,144.509,144.561,
2025-05-20 15:00:00,144.556,144.771,144.547,144.714,
2025-05-20 16:00:00,144.72099,144.884,144.61501,144.811,
2025-05-20 17:00:00,144.808,144.88499,144.62801,144.63699,
2025-05-20 18:00:00,144.64101,144.694,144.49699,144.54401,
2025-05-20 19:00:00,144.545,144.552,144.427,144.54201,
2025-05-20 20:00:00,144.53999,144.571,144.446,144.493,
2025-05-20 21:00:00,144.468,144.58299,144.423,144.474,
2025-05-20 22:00:00,144.472,144.49001,144.15601,144.429,
2025-05-20 23:00:00,144.42101,144.439,144.29201,144.314,
2025-05-21 00:00:00,144.313,144.34801,144.10899,144.17101,
2025-05-21 01:00:00,144.17,144.351,144.035004,144.209,
2025-05-21 02:00:00,144.203,144.23599,143.843,143.86301,
2025-05-21 03:00:00,143.86,143.972,143.718,143.787,
2025-05-21 04:00:00,143.787,143.873,143.638,143.741,
2025-05-21 05:00:00,143.742,143.776,143.526,143.569,
2025-05-21 06:00:00,143.569,143.79401,143.45599,143.707,
2025-05-21 07:00:00,143.701,143.96201,143.677,143.901,
2025-05-21 08:00:00,143.90199,144.192,143.82899,144.118,
2025-05-21 09:00:00,144.114,144.181,143.978,143.98399,
2025-05-21 10:00:00,143.981,144.022003,143.461,143.664,
2025-05-21 11:00:00,143.661,143.85201,143.55099,143.75101,
2025-05-21 12:00:00,143.75101,143.85899,143.62,143.689,
2025-05-21 13:00:00,143.687,143.89,143.59,143.715,
2025-05-21 14:00:00,143.714,143.894,143.554,143.673,
2025-05-21 15:00:00,143.67,143.77901,143.595,143.683,
2025-05-21 16:00:00,143.68401,143.771,143.62,143.64799,
2025-05-21 17:00:00,143.64799,143.687,143.278,143.489,
2025-05-21 18:00:00,143.48199,143.67,143.45,143.634,
2025-05-21 19:00:00,143.636,143.694,143.547,143.687,
2025-05-21 20:00:00,143.686,143.765,143.627,143.662,
2025-05-21 21:00:00,143.661,143.69501,143.53101,143.64799,
2025-05-21 22:00:00,143.636,144.39799,143.63,144.085999,
2025-05-21 23:00:00,144.095993,144.151,143.63901,143.688,
2025-05-22 00:00:00,143.69501,143.728,143.284,143.468,
2025-05-22 01:00:00,143.47,143.645,143.196,143.34599,
2025-05-22 02:00:00,143.35001,143.468,143.14101,143.19099,
2025-05-22 03:00:00,143.189,143.35899,143.175,143.313,
2025-05-22 04:00:00,143.315,143.39301,143.25,143.299,
2025-05-22 05:00:00,143.293,143.436,143.23399,143.367,
2025-05-22 06:00:00,143.368,143.39101,143.097,143.33,
2025-05-22 07:00:00,143.32899,143.392,143,143.048996,
2025-05-22 08:00:00,143.052002,143.388,142.798,143.276,
2025-05-22 09:00:00,143.272,143.55299,143.255,143.47501,
2025-05-22 10:00:00,143.479,143.694,143.40401,143.655,
2025-05-22 11:00:00,143.65601,143.78,143.33299,143.36099,
2025-05-22 12:00:00,143.36,143.696,143.267,143.552,
2025-05-22 13:00:00,143.55099,143.901,143.429,143.879,
2025-05-22 14:00:00,143.87801,143.965,143.67599,143.759,
2025-05-22 15:00:00,143.75999,144.048004,143.752,143.894,
2025-05-22 16:00:00,143.894,144.117,143.858,144.018997,
2025-05-22 17:00:00,144.018005,144.33099,143.998,144.216,
2025-05-22 18:00:00,144.21899,144.27699,144.087997,144.147,
2025-05-22 19:00:00,144.146,144.151,143.922,143.996,
2025-05-22 20:00:00,143.996,144.024002,143.895,144.003006,
2025-05-22 21:00:00,143.976,144.11,143.965,144.029007,
2025-05-22 22:00:00,144.067993,144.070007,143.80099,143.81599,
2025-05-22 23:00:00,143.811,143.922,143.758,143.854,
2025-05-23 00:00:00,143.854,144.014008,143.748,143.86301,
2025-05-23 01:00:00,143.862,143.968,143.582,143.59801,
2025-05-23 02:00:00,143.599,143.65401,143.536,143.549,
2025-05-23 03:00:00,143.54601,143.55099,143.41,143.43401,
2025-05-23 04:00:00,143.43201,143.48599,143.356,143.46201,
2025-05-23 05:00:00,143.465,143.582,143.40401,143.425,
2025-05-23 06:00:00,143.424,143.564,143.33,143.42799,
2025-05-23 07:00:00,143.42999,143.47,143.229,143.308,
2025-05-23 08:00:00,143.306,143.42101,143.276,143.311,
2025-05-23 09:00:00,143.311,143.336,143.14101,143.306,
2025-05-23 10:00:00,143.30901,143.39101,143.26801,143.37,
2025-05-23 11:00:00,143.367,143.431,142.506,142.623,
2025-05-23 12:00:00,142.62601,142.827,142.45,142.60201,
2025-05-23 13:00:00,142.60699,142.895,142.52499,142.8,
2025-05-23 14:00:00,142.798,142.88699,142.517,142.66,
2025-05-23 15:00:00,142.662,142.836,142.541,142.612,
2025-05-23 16:00:00,142.61,142.786,142.61,142.642,
2025-05-23 17:00:00,142.644,142.733,142.522,142.59,
2025-05-23 18:00:00,142.59399,142.621,142.418,142.521,
2025-05-23 19:00:00,142.517,142.55499,142.45399,142.502,
2025-05-23 20:00:00,142.50101,142.58701,142.48,142.53799,
2025-05-23 21:00:00,142.55,142.55,142.55,142.55,
2025-05-25 23:00:00,142.785,142.935,142.748,142.827,
2025-05-26 00:00:00,142.821,142.883,142.532,142.564,
2025-05-26 01:00:00,142.56599,142.683,142.29201,142.369,
2025-05-26 02:00:00,142.364,142.395,142.222,142.342,
2025-05-26 03:00:00,142.341,142.567,142.332,142.457,
2025-05-26 04:00:00,142.453,142.66901,142.453,142.565,
2025-05-26 05:00:00,142.56599,142.752,142.47099,142.513,
2025-05-26 06:00:00,142.515,142.80299,142.498,142.75101,
2025-05-26 07:00:00,142.75301,142.91701,142.702,142.896,
2025-05-26 08:00:00,142.89301,142.92101,142.75,142.89101,
2025-05-26 09:00:00,142.894,142.989,142.858,142.873,
2025-05-26 10:00:00,142.871,142.953,142.82401,142.85899,
2025-05-26 11:00:00,142.856,142.97,142.814,142.92799,
2025-05-26 12:00:00,142.93201,143.033997,142.862,142.97501,
2025-05-26 13:00:00,142.97099,142.98801,142.82201,142.83501,
2025-05-26 14:00:00,142.83299,142.86099,142.744,142.78,
2025-05-26 15:00:00,142.77901,142.85899,142.759,142.845,
2025-05-26 16:00:00,142.842,142.873,142.72,142.72501,
2025-05-26 17:00:00,142.722,142.789,142.702,142.76801,
2025-05-26 18:00:00,142.76601,142.772,142.745,142.758,
2025-05-26 19:00:00,142.756,142.77901,142.73599,142.774,
2025-05-26 20:00:00,142.771,142.84399,142.754,142.828,
2025-05-26 21:00:00,142.83099,142.97,142.70599,142.74001,
2025-05-26 22:00:00,142.74001,142.76801,142.63499,142.685,
2025-05-26 23:00:00,142.67999,142.748,142.612,142.629,
2025-05-27 00:00:00,142.63,142.63,142.244,142.27699,
2025-05-27 01:00:00,142.27499,142.38499,142.11,142.283,
2025-05-27 02:00:00,142.28,142.408,142.158,142.38499,
2025-05-27 03:00:00,142.383,142.459,142.34599,142.44501,
2025-05-27 04:00:00,142.44099,142.86099,142.38,142.855,
2025-05-27 05:00:00,142.851,143.438,142.851,143.256,
2025-05-27 06:00:00,143.258,143.49001,142.972,143.463,
2025-05-27 07:00:00,143.463,143.864,143.325,143.742,
2025-05-27 08:00:00,143.74001,143.88699,143.61501,143.869,
2025-05-27 09:00:00,143.866,144.044006,143.80299,143.914,
2025-05-27 10:00:00,143.912,144.17799,143.89301,144.142,
2025-05-27 11:00:00,144.142,144.149,144.0039978,144.097,
2025-05-27 12:00:00,144.091995,144.188,144.0050049,144.024002,
2025-05-27 13:00:00,144.020996,144.183,143.871,144.174,
2025-05-27 14:00:00,144.17101,144.46001,144.16701,144.39101,
2025-05-27 15:00:00,144.38901,144.414,144.22,144.377,
2025-05-27 16:00:00,144.38,144.438,144.286,144.375,
2025-05-27 17:00:00,144.371,144.375,144.274,144.31799,
2025-05-27 18:00:00,144.315,144.341,144.239,144.258,
2025-05-27 19:00:00,144.259,144.334,144.23,144.32201,
2025-05-27 20:00:00,144.321,144.41299,144.291,144.313,
2025-05-27 21:00:00,144.321,144.366,144.25,144.263,
2025-05-27 22:00:00,144.263,144.299,144.16,144.189,
2025-05-27 23:00:00,144.17799,144.30901,144.12801,144.133,
2025-05-28 00:00:00,144.132,144.138,143.847,144.121,
2025-05-28 01:00:00,144.123,144.767,144.076996,144.339,
2025-05-28 02:00:00,144.339,144.64301,144.207,144.601,
2025-05-28 03:00:00,144.599,144.76601,144.29401,144.36099,
2025-05-28 04:00:00,144.35899,144.505,144.265,144.424,
2025-05-28 05:00:00,144.422,144.772,144.248,144.27499,
2025-05-28 06:00:00,144.27699,144.52699,144.217,144.52499,
2025-05-28 07:00:00,144.526,144.541,144.067001,144.144,
2025-05-28 08:00:00,144.14999,144.20399,143.991,144.037994,
2025-05-28 09:00:00,144.037994,144.257,143.99699,144.22301,
2025-05-28 10:00:00,144.22501,144.30701,144.078003,144.27499,
2025-05-28 11:00:00,144.272,144.42999,144.189,144.424,
2025-05-28 12:00:00,144.42101,144.536,144.304,144.51401,
2025-05-28 13:00:00,144.513,144.97301,144.509,144.89301,
2025-05-28 14:00:00,144.888,144.91901,144.511,144.847,
2025-05-28 15:00:00,144.842,145.076996,144.82201,145.044006,
2025-05-28 16:00:00,145.039993,145.050995,144.90601,144.912,
2025-05-28 17:00:00,144.91499,144.94099,144.82201,144.888,
2025-05-28 18:00:00,144.88499,145.0079956,144.75,144.83701,
2025-05-28 19:00:00,144.83501,144.925,144.813,144.905,
2025-05-28 20:00:00,144.903,144.91,144.808,144.825,
2025-05-28 21:00:00,144.825,144.825,144.724,144.77499,
2025-05-28 22:00:00,144.81599,144.936,144.77,144.90601,
2025-05-28 23:00:00,144.896,146.026001,144.881,145.72,
2025-05-29 00:00:00,145.716,146.10201,145.601,146.091995,
2025-05-29 01:00:00,146.095993,146.276,145.733,145.776,
2025-05-29 02:00:00,145.772,145.905,145.59399,145.78799,
2025-05-29 03:00:00,145.785,145.814,145.616,145.739,
2025-05-29 04:00:00,145.73801,145.849,145.659,145.742,
2025-05-29 05:00:00,145.743,146.093002,145.69701,145.933,
2025-05-29 06:00:00,145.93401,146.018005,145.47,145.578,
2025-05-29 07:00:00,145.577,145.608,145.19901,145.256,
2025-05-29 08:00:00,145.258,145.36,145.134,145.26801,
2025-05-29 09:00:00,145.26401,145.28999,145.022995,145.218,
2025-05-29 10:00:00,145.22099,145.235,144.924,145.014999,
2025-05-29 11:00:00,145.011002,145.11501,144.87601,145.084,
2025-05-29 12:00:00,145.082001,145.082001,144.40401,144.433,
2025-05-29 13:00:00,144.42999,144.539,144.263,144.35899,
2025-05-29 14:00:00,144.36099,144.464,144.14999,144.403,
2025-05-29 15:00:00,144.39999,144.41701,144.052002,144.095993,
2025-05-29 16:00:00,144.093002,144.175,144.042999,144.146,
2025-05-29 17:00:00,144.142,144.256,143.97501,144.044006,
2025-05-29 18:00:00,144.048004,144.074997,143.95599,143.998,
2025-05-29 19:00:00,144.0010071,144.142,143.974,144.13901,
2025-05-29 20:00:00,144.134,144.245,144.10001,144.231,
2025-05-29 21:00:00,144.228,144.228,144.098999,144.12,
2025-05-29 22:00:00,144.125,144.157,143.89799,144.018997,
2025-05-29 23:00:00,144.011993,144.089005,143.737,143.756,
2025-05-30 00:00:00,143.755,144.037003,143.582,143.77,
2025-05-30 01:00:00,143.769,143.94099,143.42999,143.903,
2025-05-30 02:00:00,143.90199,143.994,143.819,143.92599,
2025-05-30 03:00:00,143.92799,143.985,143.827,143.856,
2025-05-30 04:00:00,143.858,143.862,143.69,143.772,
2025-05-30 05:00:00,143.774,143.968,143.707,143.82401,
2025-05-30 06:00:00,143.826,144.14,143.755,143.85201,
2025-05-30 07:00:00,143.854,144.158,143.82899,144.026993,
2025-05-30 08:00:00,144.022995,144.12,143.89,144.048996,
2025-05-30 09:00:00,144.048996,144.22501,143.99699,144.041,
2025-05-30 10:00:00,144.042999,144.054001,143.784,143.92799,
2025-05-30 11:00:00,143.93201,144.031998,143.811,143.845,
2025-05-30 12:00:00,143.84599,143.86301,143.466,143.72501,
2025-05-30 13:00:00,143.72,144.138,143.70599,143.995,
2025-05-30 14:00:00,143.996,144.44299,143.804,144.26801,
2025-05-30 15:00:00,144.26401,144.332,144.070007,144.18401,
2025-05-30 16:00:00,144.181,144.189,143.882,143.895,
2025-05-30 17:00:00,143.894,143.952,143.78799,143.871,
2025-05-30 18:00:00,143.87,143.94,143.828,143.89101,
2025-05-30 19:00:00,143.88699,144.0039978,143.867,143.87601,
2025-05-30 20:00:00,143.875,144.087997,143.867,144.020996,
2025-06-01 23:00:00,143.83701,143.86501,143.71899,143.78999,
2025-06-02 00:00:00,143.798,143.799,143.524,143.535,
2025-06-02 01:00:00,143.539,143.595,143.321,143.46201,
2025-06-02 02:00:00,143.46001,143.597,143.41,143.528,
2025-06-02 03:00:00,143.522,143.64301,143.504,143.522,
2025-06-02 04:00:00,143.52299,143.61301,143.505,143.534,
2025-06-02 05:00:00,143.53999,143.558,143.3,143.351,
2025-06-02 06:00:00,143.35201,143.377,143.127,143.224,
2025-06-02 07:00:00,143.22,143.282,142.82201,142.90401,
2025-06-02 08:00:00,142.89999,142.952,142.789,142.92999,
2025-06-02 09:00:00,142.931,142.937,142.778,142.936,
2025-06-02 10:00:00,142.936,142.974,142.748,142.806,
2025-06-02 11:00:00,142.80901,142.854,142.618,142.755,
2025-06-02 12:00:00,142.756,142.896,142.683,142.827,
2025-06-02 13:00:00,142.83,143.072006,142.823,142.89999,
2025-06-02 14:00:00,142.897,142.89999,142.535,142.66901,
2025-06-02 15:00:00,142.66901,142.84399,142.625,142.77299,
2025-06-02 16:00:00,142.77,142.994,142.758,142.92999,
2025-06-02 17:00:00,142.931,142.99699,142.87,142.961,
2025-06-02 18:00:00,142.96001,143.0010071,142.80499,142.814,
2025-06-02 19:00:00,142.815,142.85899,142.66299,142.70799,
2025-06-02 20:00:00,142.707,142.743,142.662,142.683,
2025-06-02 21:00:00,142.672,142.7,142.618,142.67101,
2025-06-02 22:00:00,142.662,142.701,142.51601,142.519,
2025-06-02 23:00:00,142.52699,142.591,142.37199,142.424,
2025-06-03 00:00:00,142.42599,142.787,142.418,142.707,
2025-06-03 01:00:00,142.70799,143.22701,142.702,143.129,
2025-06-03 02:00:00,143.123,143.252,143.0050049,143.10001,
2025-06-03 03:00:00,143.095993,143.261,143.018997,143.155,
2025-06-03 04:00:00,143.159,143.217,142.89799,142.94299,
2025-06-03 05:00:00,142.94501,143.125,142.864,142.952,
2025-06-03 06:00:00,142.94901,143.098007,142.85001,142.88499,
2025-06-03 07:00:00,142.88901,142.976,142.606,142.825,
2025-06-03 08:00:00,142.827,142.90401,142.67,142.798,
2025-06-03 09:00:00,142.79601,142.93201,142.767,142.856,
2025-06-03 10:00:00,142.85201,143.078995,142.834,143.056,
2025-06-03 11:00:00,143.057007,143.161,143.042007,143.078995,
2025-06-03 12:00:00,143.078003,143.44701,143.044998,143.42101,
2025-06-03 13:00:00,143.41701,143.61501,143.326,143.536,
2025-06-03 14:00:00,143.532,143.939,143.532,143.774,
2025-06-03 15:00:00,143.772,143.991,143.718,143.942,
2025-06-03 16:00:00,143.939,144.10899,143.873,143.97701,
2025-06-03 17:00:00,143.98,144.029007,143.836,143.843,
2025-06-03 18:00:00,143.847,143.94299,143.83501,143.907,
2025-06-03 19:00:00,143.905,144.10699,143.894,144.072998,
2025-06-03 20:00:00,144.072998,144.076996,143.924,143.96001,
2025-06-03 21:00:00,143.95799,144.052002,143.67999,143.94099,
2025-06-03 22:00:00,143.94299,144.042999,143.89301,143.95599,
2025-06-03 23:00:00,143.959,144.033005,143.795,143.81799,
2025-06-04 00:00:00,143.81599,144.026993,143.771,143.993,
2025-06-04 01:00:00,143.99001,144.298,143.662,143.755,
2025-06-04 02:00:00,143.755,143.97701,143.7,143.91901,
2025-06-04 03:00:00,143.92101,144.106,143.83299,144.057007,
2025-06-04 04:00:00,144.059006,144.282,143.979,144.25301,
2025-06-04 05:00:00,144.25101,144.395,144.132,144.211,
2025-06-04 06:00:00,144.209,144.31599,143.881,143.97099,
2025-06-04 07:00:00,143.97501,144.095993,143.78799,144.087006,
2025-06-04 08:00:00,144.093002,144.181,143.842,143.89101,
2025-06-04 09:00:00,143.89101,144.106,143.843,144.091003,
2025-06-04 10:00:00,144.089005,144.311,144.048004,144.25,
2025-06-04 11:00:00,144.246,144.314,144.136,144.27,
2025-06-04 12:00:00,144.27,144.272,143.502,143.554,
2025-06-04 13:00:00,143.554,143.83099,143.509,143.69099,
2025-06-04 14:00:00,143.69099,143.69099,142.99001,143.132,
2025-06-04 15:00:00,143.132,143.23,142.911,142.91701,
2025-06-04 16:00:00,142.91701,142.92,142.60001,142.63499,
2025-06-04 17:00:00,142.64,142.784,142.62199,142.77299,
2025-06-04 18:00:00,142.77499,142.83501,142.70799,142.81,
2025-06-04 19:00:00,142.80701,142.92599,142.782,142.882,
2025-06-04 20:00:00,142.87801,142.897,142.69,142.72099,
2025-06-04 21:00:00,142.71899,142.80901,142.68201,142.73399,
2025-06-04 22:00:00,142.73399,142.82899,142.716,142.75999,
2025-06-04 23:00:00,142.76401,142.83099,142.52,142.726,
2025-06-05 00:00:00,142.72099,142.85001,142.605,142.661,
2025-06-05 01:00:00,142.66499,142.972,142.56799,142.92,
2025-06-05 02:00:00,142.92,142.97301,142.812,142.88901,
2025-06-05 03:00:00,142.888,143.024994,142.7,142.994,
2025-06-05 04:00:00,142.993,143.076004,142.899,143.026993,
2025-06-05 05:00:00,143.029007,143.175,143,143.15199,
2025-06-05 06:00:00,143.15199,143.242,143.026993,143.22701,
2025-06-05 07:00:00,143.23,143.394,143.070007,143.34599,
2025-06-05 08:00:00,143.342,143.40401,143.248,143.28101,
2025-06-05 09:00:00,143.27699,143.30099,143.11,143.215,
2025-06-05 10:00:00,143.22,143.22501,143.026001,143.133,
2025-06-05 11:00:00,143.12801,143.323,143.057999,143.26801,
2025-06-05 12:00:00,143.26801,143.687,142.771,143.36501,
2025-06-05 13:00:00,143.366,143.532,142.89301,143.026001,
2025-06-05 14:00:00,143.020996,143.54401,143.020996,143.455,
2025-06-05 15:00:00,143.455,143.972,143.45,143.86501,
2025-06-05 16:00:00,143.86099,143.97701,143.51801,143.532,
2025-06-05 17:00:00,143.53,143.854,143.51401,143.67799,
2025-06-05 18:00:00,143.681,143.75999,143.56799,143.629,
2025-06-05 19:00:00,143.631,143.76401,143.468,143.686,
2025-06-05 20:00:00,143.685,143.78101,143.479,143.494,
2025-06-05 21:00:00,143.52699,143.644,143.345,143.5,
2025-06-05 22:00:00,143.519,143.558,143.44299,143.51401,
2025-06-05 23:00:00,143.51801,143.597,143.45399,143.554,
2025-06-06 00:00:00,143.552,143.74899,143.526,143.718,
2025-06-06 01:00:00,143.72701,143.78999,143.62,143.66499,
2025-06-06 02:00:00,143.666,143.89999,143.642,143.839,
2025-06-06 03:00:00,143.841,143.85001,143.71201,143.759,
2025-06-06 04:00:00,143.758,143.881,143.73,143.83701,
2025-06-06 05:00:00,143.83299,143.978,143.81,143.864,
2025-06-06 06:00:00,143.86501,144.132,143.806,144.022995,
2025-06-06 07:00:00,144.022003,144.13699,143.798,143.90601,
2025-06-06 08:00:00,143.907,144.067993,143.87601,144.052002,
2025-06-06 09:00:00,144.052994,144.19099,143.995,144.159,
2025-06-06 10:00:00,144.15601,144.16,144.014999,144.087997,
2025-06-06 11:00:00,144.080994,144.186,144.052002,144.15601,
2025-06-06 12:00:00,144.15199,144.743,144.076004,144.618,
2025-06-06 13:00:00,144.623,144.972,144.55,144.90401,
2025-06-06 14:00:00,144.905,145.029007,144.61301,144.89799,
2025-06-06 15:00:00,144.896,145.089005,144.75999,144.87601,
2025-06-06 16:00:00,144.879,144.98199,144.80901,144.964,
2025-06-06 17:00:00,144.967,144.968,144.82401,144.867,
2025-06-06 18:00:00,144.862,144.907,144.80701,144.84399,
2025-06-06 19:00:00,144.84801,144.84801,144.77,144.782,
2025-06-06 20:00:00,144.782,144.89101,144.776,144.81599,
2025-06-06 21:00:00,144.78799,144.78799,144.78799,144.78799,
2025-06-08 23:00:00,144.69099,144.74699,144.59399,144.69299,
2025-06-09 00:00:00,144.69,144.948,144.57401,144.93201,
2025-06-09 01:00:00,144.938,144.939,144.47,144.54201,
2025-06-09 02:00:00,144.541,144.571,144.345,144.496,
2025-06-09 03:00:00,144.494,144.50999,144.349,144.492,
2025-06-09 04:00:00,144.489,144.495,144.34599,144.377,
2025-06-09 05:00:00,144.379,144.496,144.347,144.41299,
2025-06-09 06:00:00,144.412,144.464,144.19501,144.209,
2025-06-09 07:00:00,144.20799,144.31799,144.098007,144.14301,
2025-06-09 08:00:00,144.14301,144.17599,144.031998,144.155,
2025-06-09 09:00:00,144.153,144.166,143.97,144.103,
2025-06-09 10:00:00,144.103,144.189,144.029007,144.172,
2025-06-09 11:00:00,144.17,144.52901,144.15401,144.485,
2025-06-09 12:00:00,144.492,144.692,144.42799,144.62801,
2025-06-09 13:00:00,144.633,144.772,144.592,144.66299,
2025-06-09 14:00:00,144.666,144.75101,144.528,144.612,
2025-06-09 15:00:00,144.612,144.62199,144.34399,144.371,
2025-06-09 16:00:00,144.367,144.46001,144.36,144.397,
2025-06-09 17:00:00,144.397,144.474,144.38499,144.459,
2025-06-09 18:00:00,144.463,144.567,144.38499,144.55701,
2025-06-09 19:00:00,144.55299,144.599,144.496,144.56,
2025-06-09 20:00:00,144.562,144.63499,144.522,144.53999,
2025-06-09 21:00:00,144.51801,144.55099,144.487,144.52499,
2025-06-09 22:00:00,144.524,144.651,144.493,144.59801,
2025-06-09 23:00:00,144.593,144.653,144.496,144.561,
2025-06-10 00:00:00,144.563,144.657,144.394,144.521,
2025-06-10 01:00:00,144.517,145.059998,144.424,145.0099945,
2025-06-10 02:00:00,145.0090027,145.28999,144.892,144.931,
2025-06-10 03:00:00,144.931,144.98599,144.78,144.82401,
2025-06-10 04:00:00,144.825,144.94901,144.80099,144.933,
2025-06-10 05:00:00,144.936,144.942,144.444,144.55499,
2025-06-10 06:00:00,144.55299,144.659,144.42101,144.59,
2025-06-10 07:00:00,144.58501,144.83099,144.537,144.74001,
2025-06-10 08:00:00,144.741,144.745,144.561,144.646,
2025-06-10 09:00:00,144.647,144.77299,144.618,144.683,
2025-06-10 10:00:00,144.67999,144.73801,144.58701,144.601,
2025-06-10 11:00:00,144.606,144.62,144.478,144.58299,
2025-06-10 12:00:00,144.58299,144.64799,144.453,144.63499,
2025-06-10 13:00:00,144.64101,144.67799,144.438,144.52901,
2025-06-10 14:00:00,144.52901,144.834,144.51199,144.798,
2025-06-10 15:00:00,144.808,144.948,144.78999,144.914,
2025-06-10 16:00:00,144.914,145.044006,144.87199,144.96899,
2025-06-10 17:00:00,144.967,145.024002,144.91,144.935,
2025-06-10 18:00:00,144.93201,145.020996,144.89301,144.955,
2025-06-10 19:00:00,144.959,145.033005,144.778,144.90601,
2025-06-10 20:00:00,144.90199,144.93201,144.823,144.85001,
2025-06-10 21:00:00,144.82899,144.87601,144.80299,144.85899,
2025-06-10 22:00:00,144.84599,144.966,144.813,144.942,
2025-06-10 23:00:00,144.95799,145.16299,144.793,144.843,
2025-06-11 00:00:00,144.842,144.966,144.67799,144.91901,
2025-06-11 01:00:00,144.924,145.037003,144.838,145.0050049,
2025-06-11 02:00:00,145.0059967,145.14999,144.84801,144.94701,
2025-06-11 03:00:00,144.946,145.061996,144.91901,145.0070038,
2025-06-11 04:00:00,145.003006,145.072998,144.886,145.029999,
2025-06-11 05:00:00,145.031998,145.142,144.97301,144.98,
2025-06-11 06:00:00,144.981,145.246,144.964,145.127,
2025-06-11 07:00:00,145.125,145.242,145.078995,145.116,
2025-06-11 08:00:00,145.117,145.14799,144.998,145.065994,
2025-06-11 09:00:00,145.065994,145.095993,144.91701,145.082001,
2025-06-11 10:00:00,145.078995,145.166,145.041,145.125,
2025-06-11 11:00:00,145.14101,145.336,145.10899,145.28101,
2025-06-11 12:00:00,145.282,145.466,144.321,144.731,
2025-06-11 13:00:00,144.728,145.18401,144.608,145.046005,
2025-06-11 14:00:00,145.050003,145.087997,144.731,144.791,
2025-06-11 15:00:00,144.80099,144.845,144.46201,144.487,
2025-06-11 16:00:00,144.49001,144.62801,144.435,144.616,
2025-06-11 17:00:00,144.614,144.65199,144.50999,144.52499,
2025-06-11 18:00:00,144.52499,144.54201,144.321,144.505,
2025-06-11 19:00:00,144.509,144.64799,144.494,144.63,
2025-06-11 20:00:00,144.63,144.69299,144.51801,144.541,
2025-06-11 21:00:00,144.52499,144.552,144.45799,144.53,
2025-06-11 22:00:00,144.532,144.532,144.192,144.228,
2025-06-11 23:00:00,144.25301,144.31799,144.11,144.17999,
2025-06-12 00:00:00,144.177,144.345,143.95,144.042007,
2025-06-12 01:00:00,144.037994,144.10201,143.72099,143.98199,
2025-06-12 02:00:00,143.98199,144.117,143.903,143.95,
2025-06-12 03:00:00,143.953,144.046997,143.834,143.89301,
2025-06-12 04:00:00,143.894,144.046005,143.88499,143.94299,
2025-06-12 05:00:00,143.942,143.98399,143.67,143.73199,
2025-06-12 06:00:00,143.73199,143.924,143.631,143.73399,
2025-06-12 07:00:00,143.73399,144.13901,143.73399,143.87399,
2025-06-12 08:00:00,143.87801,143.942,143.748,143.795,
2025-06-12 09:00:00,143.78999,143.873,143.561,143.698,
2025-06-12 10:00:00,143.698,143.755,143.444,143.548,
2025-06-12 11:00:00,143.547,143.787,143.39999,143.619,
2025-06-12 12:00:00,143.617,143.742,143.17999,143.28799,
2025-06-12 13:00:00,143.286,143.52299,143.19501,143.465,
2025-06-12 14:00:00,143.463,143.75301,143.423,143.735,
2025-06-12 15:00:00,143.73199,143.90401,143.588,143.647,
2025-06-12 16:00:00,143.644,143.73801,143.54201,143.61099,
2025-06-12 17:00:00,143.60699,143.73399,143.522,143.54201,
2025-06-12 18:00:00,143.548,143.595,143.468,143.524,
2025-06-12 19:00:00,143.522,143.599,143.481,143.573,
2025-06-12 20:00:00,143.576,143.595,143.44501,143.44501,
2025-06-12 21:00:00,143.43201,143.627,143.40199,143.534,
2025-06-12 22:00:00,143.505,143.541,143.38,143.467,
2025-06-12 23:00:00,143.45,143.463,143.070999,143.091995,
2025-06-13 00:00:00,143.089996,143.192,142.78999,143.037003,
2025-06-13 01:00:00,143.039993,143.29201,142.91499,143.172,
2025-06-13 02:00:00,143.17101,143.23801,142.948,143.074005,
2025-06-13 03:00:00,143.074997,143.744,143.072006,143.494,
2025-06-13 04:00:00,143.495,143.76801,143.427,143.65199,
2025-06-13 05:00:00,143.649,143.873,143.505,143.53799,
2025-06-13 06:00:00,143.537,143.741,143.37601,143.647,
2025-06-13 07:00:00,143.645,143.79601,143.528,143.795,
2025-06-13 08:00:00,143.79401,143.895,143.662,143.791,
2025-06-13 09:00:00,143.791,144.16299,143.746,144.11099,
2025-06-13 10:00:00,144.10899,144.399,143.968,144.35201,
2025-06-13 11:00:00,144.351,144.44501,144.098007,144.12399,
2025-06-13 12:00:00,144.129,144.31799,144.082993,144.289,
2025-06-13 13:00:00,144.28999,144.48399,144.050003,144.10001,
2025-06-13 14:00:00,144.098007,144.207,144.014008,144.121,
2025-06-13 15:00:00,144.121,144.186,143.952,144.046997,
2025-06-13 16:00:00,144.042007,144.070999,143.961,144.033005,
2025-06-13 17:00:00,144.031006,144.196,144.011002,144.091003,
2025-06-13 18:00:00,144.091995,144.098007,143.849,143.952,
2025-06-13 19:00:00,143.95799,143.996,143.85201,143.935,
2025-06-13 20:00:00,143.935,144.149,143.923,144.067001,
2025-06-15 23:00:00,144.47099,144.74899,144.42,144.57001,
2025-06-16 00:00:00,144.569,144.605,144.347,144.36501,
2025-06-16 01:00:00,144.369,144.38499,144.157,144.345,
2025-06-16 02:00:00,144.34,144.464,144.28799,144.411,
2025-06-16 03:00:00,144.41299,144.48801,144.33299,144.47701,
2025-06-16 04:00:00,144.481,144.48199,144.284,144.304,
2025-06-16 05:00:00,144.298,144.31599,143.968,144.067001,
2025-06-16 06:00:00,144.065994,144.243,143.991,144.229,
2025-06-16 07:00:00,144.23399,144.39101,144.132,144.17599,
2025-06-16 08:00:00,144.181,144.351,144.091003,144.25999,
2025-06-16 09:00:00,144.25999,144.339,144.095001,144.112,
2025-06-16 10:00:00,144.112,144.177,144.0070038,144.042007,
2025-06-16 11:00:00,144.044006,144.158,143.972,144.11501,
2025-06-16 12:00:00,144.11099,144.282,144.076004,144.093994,
2025-06-16 13:00:00,144.098007,144.112,143.76801,143.808,
2025-06-16 14:00:00,143.80701,144.12,143.649,144.052002,
2025-06-16 15:00:00,144.046005,144.20799,143.98599,144.134,
2025-06-16 16:00:00,144.132,144.22501,144.084,144.17101,
2025-06-16 17:00:00,144.166,144.414,144.15199,144.36501,
2025-06-16 18:00:00,144.37,144.605,144.364,144.599,
2025-06-16 19:00:00,144.599,144.87601,144.588,144.856,
2025-06-16 20:00:00,144.86,144.866,144.696,144.72501,
2025-06-16 21:00:00,144.705,144.737,144.664,144.70599,
2025-06-16 22:00:00,144.701,144.82401,144.571,144.60201,
2025-06-16 23:00:00,144.617,144.799,144.60201,144.68401,
2025-06-17 00:00:00,144.681,145.112,144.67,145.061005,
2025-06-17 01:00:00,145.061996,145.063995,144.78799,144.869,
2025-06-17 02:00:00,144.86501,144.998,144.811,144.946,
2025-06-17 03:00:00,144.94099,144.967,144.61501,144.66,
2025-06-17 04:00:00,144.657,144.67101,144.39799,144.588,
2025-06-17 05:00:00,144.588,144.726,144.496,144.66299,
2025-06-17 06:00:00,144.662,144.892,144.55499,144.89,
2025-06-17 07:00:00,144.88699,145.024002,144.40199,144.52699,
2025-06-17 08:00:00,144.528,144.89999,144.463,144.899,
2025-06-17 09:00:00,144.89999,144.942,144.772,144.81599,
2025-06-17 10:00:00,144.82201,144.83299,144.66,144.689,
2025-06-17 11:00:00,144.687,144.705,144.483,144.61501,
2025-06-17 12:00:00,144.61099,144.91499,144.36301,144.856,
2025-06-17 13:00:00,144.84801,144.94,144.685,144.88499,
2025-06-17 14:00:00,144.881,145.293,144.85201,145.18401,
2025-06-17 15:00:00,145.185,145.207,145.0099945,145.039001,
2025-06-17 16:00:00,145.039001,145.257,144.90199,145.22301,
2025-06-17 17:00:00,145.218,145.3,145.12399,145.244,
2025-06-17 18:00:00,145.24001,145.375,145.186,145.367,
2025-06-17 19:00:00,145.366,145.383,145.2,145.218,
2025-06-17 20:00:00,145.21201,145.327,145.19501,145.25301,
2025-06-17 21:00:00,145.252,145.28999,145.17999,145.213,
2025-06-17 22:00:00,145.20599,145.39101,145.188,145.38,
2025-06-17 23:00:00,145.38,145.43401,145.314,145.382,
2025-06-18 00:00:00,145.38499,145.44,145.18401,145.31599,
2025-06-18 01:00:00,145.315,145.341,145.14799,145.16,
2025-06-18 02:00:00,145.161,145.22301,145.10201,145.123,
2025-06-18 03:00:00,145.12199,145.134,145.035995,145.067001,
2025-06-18 04:00:00,145.067993,145.11099,144.92,145.016006,
2025-06-18 05:00:00,145.016998,145.057007,144.897,145.016006,
2025-06-18 06:00:00,145.011002,145.078995,144.854,144.89999,
2025-06-18 07:00:00,144.896,145.048996,144.84801,144.953,
2025-06-18 08:00:00,144.957,145.12801,144.927,144.965,
2025-06-18 09:00:00,144.965,145.024994,144.895,144.92799,
2025-06-18 10:00:00,144.92999,144.95599,144.79601,144.823,
2025-06-18 11:00:00,144.82201,144.929,144.808,144.84801,
2025-06-18 12:00:00,144.84399,144.965,144.73599,144.88901,
2025-06-18 13:00:00,144.89101,144.92101,144.711,144.866,
2025-06-18 14:00:00,144.86,144.967,144.67101,144.80099,
2025-06-18 15:00:00,144.802,144.815,144.564,144.573,
2025-06-18 16:00:00,144.576,144.689,144.52,144.67599,
2025-06-18 17:00:00,144.696,144.823,144.636,144.752,
2025-06-18 18:00:00,144.757,145.085999,144.32001,145.042999,
2025-06-18 19:00:00,145.044998,145.224,144.994,145.116,
2025-06-18 20:00:00,145.12,145.19,145.059998,145.095001,
2025-06-18 21:00:00,145.11,145.121,145.0059967,145.056,
2025-06-18 22:00:00,145.050003,145.146,144.88901,145.0090027,
2025-06-18 23:00:00,144.994,145.080994,144.923,144.95399,
2025-06-19 00:00:00,144.95399,144.98199,144.836,144.884,
2025-06-19 01:00:00,144.884,145.158,144.73199,145.146,
2025-06-19 02:00:00,145.144,145.215,145.061005,145.177,
2025-06-19 03:00:00,145.17599,145.22099,145.029007,145.070007,
2025-06-19 04:00:00,145.070007,145.10899,145.016006,145.035995,
2025-06-19 05:00:00,145.033997,145.265,145.028,145.11099,
2025-06-19 06:00:00,145.11099,145.35699,145.11099,145.26199,
2025-06-19 07:00:00,145.261,145.40401,145.23599,145.386,
2025-06-19 08:00:00,145.383,145.41,145.24899,145.283,
2025-06-19 09:00:00,145.27901,145.47301,145.244,145.437,
2025-06-19 10:00:00,145.433,145.757,145.408,145.69501,
2025-06-19 11:00:00,145.7,145.77,145.57899,145.664,
2025-06-19 12:00:00,145.67,145.71201,145.49699,145.543,
2025-06-19 13:00:00,145.54201,145.576,145.341,145.422,
2025-06-19 14:00:00,145.41901,145.716,145.399,145.70599,
2025-06-19 15:00:00,145.705,145.746,145.603,145.634,
2025-06-19 16:00:00,145.63901,145.733,145.621,145.711,
2025-06-19 17:00:00,145.713,145.731,145.465,145.504,
2025-06-19 18:00:00,145.502,145.535,145.41,145.48599,
2025-06-19 19:00:00,145.487,145.489,145.34,145.43201,
2025-06-19 20:00:00,145.433,145.494,145.379,145.444,
2025-06-19 21:00:00,145.381,145.534,145.33099,145.433,
2025-06-19 22:00:00,145.44901,145.564,145.383,145.487,
2025-06-19 23:00:00,145.487,145.506,145.19099,145.229,
2025-06-20 00:00:00,145.23199,145.313,145.119,145.24699,
2025-06-20 01:00:00,145.252,145.35699,145.214,145.33501,
2025-06-20 02:00:00,145.33299,145.364,145.226,145.24699,
2025-06-20 03:00:00,145.246,145.314,145.186,145.274,
2025-06-20 04:00:00,145.272,145.396,145.23801,145.345,
2025-06-20 05:00:00,145.347,145.485,145.302,145.439,
2025-06-20 06:00:00,145.439,145.47701,145.28,145.381,
2025-06-20 07:00:00,145.382,145.438,145.287,145.412,
2025-06-20 08:00:00,145.412,145.414,145.26199,145.327,
2025-06-20 09:00:00,145.32401,145.355,145.248,145.338,
2025-06-20 10:00:00,145.338,145.44701,145.289,145.436,
2025-06-20 11:00:00,145.436,145.614,145.41,145.58701,
2025-06-20 12:00:00,145.593,145.716,145.442,145.592,
2025-06-20 13:00:00,145.588,145.82201,145.55499,145.739,
2025-06-20 14:00:00,145.744,145.946,145.73,145.911,
2025-06-20 15:00:00,145.914,145.95799,145.783,145.925,
2025-06-20 16:00:00,145.92599,145.946,145.784,145.839,
2025-06-20 17:00:00,145.836,145.909,145.774,145.897,
2025-06-20 18:00:00,145.899,145.994,145.85001,145.97099,
2025-06-20 19:00:00,145.972,146.194,145.964,146.174,
2025-06-20 20:00:00,146.18201,146.216,146.052994,146.054001,
2025-06-22 23:00:00,146.362,146.424,146.201,146.21201,
2025-06-23 00:00:00,146.20799,146.521,146.138,146.451,
2025-06-23 01:00:00,146.448,146.76401,146.423,146.666,
2025-06-23 02:00:00,146.668,146.701,146.368,146.563,
2025-06-23 03:00:00,146.563,146.73199,146.51199,146.694,
2025-06-23 04:00:00,146.698,147.031006,146.69099,146.98199,
2025-06-23 05:00:00,146.983,147.295,146.94299,147.10001,
2025-06-23 06:00:00,147.105,147.396,147.061996,147.159,
2025-06-23 07:00:00,147.157,147.343,147.035995,147.34,
2025-06-23 08:00:00,147.338,147.629,147.338,147.604,
2025-06-23 09:00:00,147.606,147.952,147.606,147.869,
2025-06-23 10:00:00,147.87,147.987,147.76801,147.98199,
2025-06-23 11:00:00,147.98,148.029007,147.508,147.591,
2025-06-23 12:00:00,147.591,147.634,147.34801,147.412,
2025-06-23 13:00:00,147.416,147.505,147.136,147.31,
2025-06-23 14:00:00,147.31,147.332,146.491,146.563,
2025-06-23 15:00:00,146.561,146.62,146.32899,146.468,
2025-06-23 16:00:00,146.466,146.53999,146.228,146.362,
2025-06-23 17:00:00,146.356,146.524,146.147,146.209,
2025-06-23 18:00:00,146.209,146.244,146.0050049,146.155,
2025-06-23 19:00:00,146.16299,146.203,146.078003,146.144,
2025-06-23 20:00:00,146.146,146.16701,146.022003,146.153,
2025-06-23 21:00:00,146.106,146.16299,146.029007,146.112,
2025-06-23 22:00:00,146.12801,146.177,145.752,145.955,
2025-06-23 23:00:00,145.92599,146.041,145.696,145.92,
2025-06-24 00:00:00,145.91901,145.937,145.56,145.59801,
2025-06-24 01:00:00,145.603,145.733,145.472,145.677,
2025-06-24 02:00:00,145.67799,145.70799,145.43201,145.505,
2025-06-24 03:00:00,145.505,145.511,145.285,145.412,
2025-06-24 04:00:00,145.414,145.51401,145.33,145.41901,
2025-06-24 05:00:00,145.41701,145.513,145.28101,145.306,
2025-06-24 06:00:00,145.30299,145.313,145.033005,145.196,
2025-06-24 07:00:00,145.19501,145.409,144.992,145.311,
2025-06-24 08:00:00,145.314,145.334,144.94099,145.091995,
2025-06-24 09:00:00,145.089996,145.14999,144.84599,144.967,
2025-06-24 10:00:00,144.965,145.127,144.91,145.093994,
2025-06-24 11:00:00,145.095993,145.14799,144.896,144.96201,
2025-06-24 12:00:00,144.963,145.18201,144.92,144.98801,
2025-06-24 13:00:00,144.98801,145.196,144.85001,145.048004,
2025-06-24 14:00:00,145.048996,145.050003,144.509,144.73801,
2025-06-24 15:00:00,144.739,144.90601,144.60001,144.90199,
2025-06-24 16:00:00,144.89799,144.963,144.658,144.703,
2025-06-24 17:00:00,144.703,144.752,144.558,144.728,
2025-06-24 18:00:00,144.728,144.769,144.64799,144.68201,
2025-06-24 19:00:00,144.67799,144.789,144.65199,144.77299,
2025-06-24 20:00:00,144.77299,144.91701,144.76801,144.884,
2025-06-24 21:00:00,144.886,144.912,144.759,144.80099,
2025-06-24 22:00:00,144.80299,144.963,144.80299,144.93201,
2025-06-24 23:00:00,144.927,144.97301,144.78799,144.92799,
2025-06-25 00:00:00,144.92999,145.044998,144.76601,144.881,
2025-06-25 01:00:00,144.884,144.894,144.621,144.65401,
2025-06-25 02:00:00,144.65401,144.83701,144.604,144.799,
2025-06-25 03:00:00,144.8,144.981,144.78,144.972,
2025-06-25 04:00:00,144.97,144.98801,144.86,144.936,
2025-06-25 05:00:00,144.942,145.16299,144.938,145.031006,
2025-06-25 06:00:00,145.033997,145.334,145.0019989,145.29601,
2025-06-25 07:00:00,145.299,145.37199,145.228,145.311,
2025-06-25 08:00:00,145.30701,145.49699,145.231,145.47301,
2025-06-25 09:00:00,145.476,145.679,145.452,145.623,
2025-06-25 10:00:00,145.625,145.75101,145.543,145.729,
2025-06-25 11:00:00,145.73,145.799,145.664,145.74899,
2025-06-25 12:00:00,145.75,145.923,145.69701,145.86,
2025-06-25 13:00:00,145.856,145.951,145.752,145.86099,
2025-06-25 14:00:00,145.85899,145.87601,145.567,145.69701,
2025-06-25 15:00:00,145.701,145.735,145.52299,145.59,
2025-06-25 16:00:00,145.591,145.603,145.39,145.44701,
2025-06-25 17:00:00,145.44701,145.508,145.362,145.392,
2025-06-25 18:00:00,145.38901,145.405,145.144,145.15199,
2025-06-25 19:00:00,145.14799,145.245,145.098999,145.23599,
2025-06-25 20:00:00,145.242,145.33501,145.185,145.239,
2025-06-25 21:00:00,145.186,145.263,145.13,145.16701,
2025-06-25 22:00:00,145.16901,145.26199,145.149,145.226,
2025-06-25 23:00:00,145.222,145.22701,144.871,144.91299,
2025-06-26 00:00:00,144.912,144.944,144.67599,144.69,
2025-06-26 01:00:00,144.688,144.92799,144.66901,144.722,
2025-06-26 02:00:00,144.716,144.841,144.659,144.692,
2025-06-26 03:00:00,144.688,144.81799,144.567,144.785,
2025-06-26 04:00:00,144.782,144.965,144.72701,144.77901,
2025-06-26 05:00:00,144.783,144.92,144.57899,144.64301,
2025-06-26 06:00:00,144.642,144.703,144.278,144.308,
2025-06-26 07:00:00,144.304,144.313,143.92999,144.061005,
2025-06-26 08:00:00,144.061005,144.103,143.74699,143.92599,
2025-06-26 09:00:00,143.924,144.12801,143.894,144.072006,
2025-06-26 10:00:00,144.067993,144.21899,144,144.198,
2025-06-26 11:00:00,144.2,144.444,144.19099,144.383,
2025-06-26 12:00:00,144.39101,144.49699,144.12199,144.306,
2025-06-26 13:00:00,144.278,144.496,144.16299,144.231,
2025-06-26 14:00:00,144.23,144.472,144.15199,144.407,
2025-06-26 15:00:00,144.411,144.537,144.312,144.338,
2025-06-26 16:00:00,144.339,144.41901,144.052002,144.246,
2025-06-26 17:00:00,144.245,144.274,144.12801,144.186,
2025-06-26 18:00:00,144.188,144.26401,144.14799,144.19901,
2025-06-26 19:00:00,144.201,144.40401,144.19299,144.369,
2025-06-26 20:00:00,144.371,144.472,144.326,144.35201,
2025-06-26 21:00:00,144.368,144.408,144.259,144.35699,
2025-06-26 22:00:00,144.34399,144.66,144.32001,144.59801,
2025-06-26 23:00:00,144.57001,144.743,144.388,144.679,
2025-06-27 00:00:00,144.67599,144.808,144.51801,144.64999,
2025-06-27 01:00:00,144.64799,144.741,144.272,144.28,
2025-06-27 02:00:00,144.28101,144.39301,144.19099,144.32401,
2025-06-27 03:00:00,144.325,144.502,144.248,144.457,
2025-06-27 04:00:00,144.45399,144.58701,144.407,144.54201,
2025-06-27 05:00:00,144.54601,144.591,144.356,144.423,
2025-06-27 06:00:00,144.425,144.50301,144.2,144.24001,
2025-06-27 07:00:00,144.239,144.55299,144.172,144.48199,
2025-06-27 08:00:00,144.479,144.515,144.254,144.418,
2025-06-27 09:00:00,144.422,144.491,144.342,144.48599,
2025-06-27 10:00:00,144.48199,144.681,144.459,144.535,
2025-06-27 11:00:00,144.53101,144.629,144.48399,144.492,
2025-06-27 12:00:00,144.48801,144.62399,144.36,144.44299,
2025-06-27 13:00:00,144.44099,144.80499,144.375,144.72099,
2025-06-27 14:00:00,144.71899,144.94501,144.564,144.88,
2025-06-27 15:00:00,144.87801,144.91,144.606,144.73599,
2025-06-27 16:00:00,144.735,144.754,144.536,144.645,
2025-06-27 17:00:00,144.645,144.90401,144.578,144.737,
2025-06-27 18:00:00,144.73801,144.85001,144.631,144.69901,
2025-06-27 19:00:00,144.69701,144.79401,144.65199,144.75,
2025-06-27 20:00:00,144.75101,144.761,144.604,144.614,
2025-06-27 21:00:00,144.61501,144.61501,144.61501,144.61501,
2025-06-29 23:00:00,144.474,144.53999,144.37801,144.498,
2025-06-30 00:00:00,144.49899,144.76199,144.46899,144.616,
2025-06-30 01:00:00,144.616,144.65199,144.241,144.328,
2025-06-30 02:00:00,144.326,144.33099,144.085999,144.283,
2025-06-30 03:00:00,144.28799,144.312,144.155,144.216,
2025-06-30 04:00:00,144.218,144.23399,143.907,143.944,
2025-06-30 05:00:00,143.944,143.948,143.78999,143.908,
2025-06-30 06:00:00,143.90601,144.018005,143.84801,143.882,
2025-06-30 07:00:00,143.881,144.16901,143.778,144.12601,
2025-06-30 08:00:00,144.12199,144.215,144.011993,144.11,
2025-06-30 09:00:00,144.11301,144.267,144.050003,144.265,
2025-06-30 10:00:00,144.26401,144.289,144.172,144.179,
2025-06-30 11:00:00,144.18201,144.342,144.149,144.32899,
2025-06-30 12:00:00,144.327,144.494,144.282,144.459,
2025-06-30 13:00:00,144.45599,144.511,144.314,144.364,
2025-06-30 14:00:00,144.36301,144.50101,144.20799,144.44501,
2025-06-30 15:00:00,144.44701,144.49699,144.15199,144.16299,
2025-06-30 16:00:00,144.16299,144.388,144.136,144.224,
2025-06-30 17:00:00,144.224,144.32401,144.147,144.252,
2025-06-30 18:00:00,144.252,144.29601,144.123,144.2,
2025-06-30 19:00:00,144.203,144.245,143.98801,144.035004,
2025-06-30 20:00:00,144.037994,144.054001,143.94701,144.029007,
2025-06-30 21:00:00,143.998,144.050995,143.96899,144.0099945,
2025-06-30 22:00:00,143.998,144.029007,143.851,143.91499,
2025-06-30 23:00:00,143.916,143.92999,143.77,143.802,
2025-07-01 00:00:00,143.804,143.81,143.55,143.564,
2025-07-01 01:00:00,143.565,143.80701,143.43201,143.79201,
2025-07-01 02:00:00,143.797,143.834,143.63699,143.72301,
2025-07-01 03:00:00,143.72701,143.89101,143.627,143.879,
2025-07-01 04:00:00,143.877,143.93401,143.746,143.75101,
2025-07-01 05:00:00,143.746,143.75,143.567,143.582,
2025-07-01 06:00:00,143.576,143.76199,143.54401,143.67101,
2025-07-01 07:00:00,143.66901,143.739,143.063004,143.069,
2025-07-01 08:00:00,143.065002,143.136,142.886,143.035995,
2025-07-01 09:00:00,143.039001,143.16701,142.82001,142.94299,
2025-07-01 10:00:00,142.942,142.994,142.81799,142.983,
2025-07-01 11:00:00,142.985,142.99001,142.69901,142.73599,
2025-07-01 12:00:00,142.73199,143.093994,142.67599,143.065994,
2025-07-01 13:00:00,143.061996,143.287,142.93201,143.065002,
2025-07-01 14:00:00,143.057007,143.48,143.033005,143.439,
2025-07-01 15:00:00,143.435,143.668,143.435,143.576,
2025-07-01 16:00:00,143.57899,143.78,143.573,143.69299,
2025-07-01 17:00:00,143.69099,143.752,143.60001,143.62199,
2025-07-01 18:00:00,143.625,143.79201,143.619,143.72,
2025-07-01 19:00:00,143.722,143.802,143.578,143.771,
2025-07-01 20:00:00,143.771,143.771,143.37199,143.38699,
2025-07-01 21:00:00,143.429,143.47301,143.356,143.38,
2025-07-01 22:00:00,143.381,143.442,143.33299,143.405,
2025-07-01 23:00:00,143.40401,143.47301,143.336,143.371,
2025-07-02 00:00:00,143.367,143.659,143.317,143.47301,
2025-07-02 01:00:00,143.474,143.686,143.438,143.65401,
2025-07-02 02:00:00,143.64999,143.746,143.506,143.549,
2025-07-02 03:00:00,143.54201,143.589,143.47501,143.528,
2025-07-02 04:00:00,143.52901,143.60899,143.45599,143.55299,
2025-07-02 05:00:00,143.55099,143.854,143.536,143.757,
2025-07-02 06:00:00,143.752,143.886,143.67,143.80701,
2025-07-02 07:00:00,143.806,144.050003,143.8,143.899,
2025-07-02 08:00:00,143.89799,143.97301,143.774,143.964,
2025-07-02 09:00:00,143.965,144.244,143.925,144.147,
2025-07-02 10:00:00,144.146,144.157,143.86,143.92101,
2025-07-02 11:00:00,143.918,144.198,143.888,144.17799,
2025-07-02 12:00:00,144.177,144.213,143.48199,143.871,
2025-07-02 13:00:00,143.87199,144.131,143.63,144.0079956,
2025-07-02 14:00:00,143.99699,144.153,143.89999,144.026001,
2025-07-02 15:00:00,144.024002,144.039993,143.731,143.757,
2025-07-02 16:00:00,143.757,143.808,143.65199,143.733,
2025-07-02 17:00:00,143.73599,143.745,143.614,143.69299,
2025-07-02 18:00:00,143.694,143.73199,143.576,143.618,
2025-07-02 19:00:00,143.619,143.668,143.567,143.61501,
2025-07-02 20:00:00,143.616,143.69099,143.605,143.61,
2025-07-02 21:00:00,143.659,143.75,143.58701,143.619,
2025-07-02 22:00:00,143.606,143.658,143.549,143.605,
2025-07-02 23:00:00,143.61,143.616,143.478,143.52,
2025-07-03 00:00:00,143.519,143.612,143.442,143.582,
2025-07-03 01:00:00,143.58701,143.69,143.483,143.549,
2025-07-03 02:00:00,143.55099,143.763,143.543,143.679,
2025-07-03 03:00:00,143.681,143.88,143.666,143.85001,
2025-07-03 04:00:00,143.849,143.853,143.758,143.83501,
2025-07-03 05:00:00,143.838,143.927,143.76199,143.856,
2025-07-03 06:00:00,143.85699,143.931,143.75301,143.771,
2025-07-03 07:00:00,143.769,143.91701,143.668,143.86,
2025-07-03 08:00:00,143.855,143.894,143.76801,143.871,
2025-07-03 09:00:00,143.87601,143.894,143.82201,143.85001,
2025-07-03 10:00:00,143.85201,143.86099,143.73,143.842,
2025-07-03 11:00:00,143.847,143.896,143.812,143.86501,
2025-07-03 12:00:00,143.86501,145.23399,143.72501,145.0099945,
2025-07-03 13:00:00,145.0079956,145.072006,144.603,144.741,
2025-07-03 14:00:00,144.73801,145.133,144.634,145.089996,
2025-07-03 15:00:00,145.095001,145.16499,144.814,144.965,
2025-07-03 16:00:00,144.967,145.21201,144.944,145.048004,
2025-07-03 17:00:00,145.052994,145.091995,144.992,145.070007,
2025-07-03 18:00:00,145.070999,145.116,145.0079956,145.105,
2025-07-03 19:00:00,145.10001,145.116,144.98,145.037003,
2025-07-03 20:00:00,145.039993,145.085007,144.903,144.905,
2025-07-03 21:00:00,144.91499,144.97099,144.884,144.916,
2025-07-03 22:00:00,144.938,144.967,144.871,144.884,
2025-07-03 23:00:00,144.868,144.92599,144.67999,144.707,
2025-07-04 00:00:00,144.70399,144.783,144.569,144.599,
2025-07-04 01:00:00,144.59801,144.783,144.57899,144.757,
2025-07-04 02:00:00,144.756,144.791,144.59399,144.64799,
2025-07-04 03:00:00,144.645,144.668,144.457,144.51801,
2025-07-04 04:00:00,144.519,144.526,144.32401,144.373,
2025-07-04 05:00:00,144.375,144.399,144.30099,144.336,
2025-07-04 06:00:00,144.33501,144.429,144.17999,144.246,
2025-07-04 07:00:00,144.245,144.42799,144.23199,144.408,
2025-07-04 08:00:00,144.405,144.416,144.28,144.341,
2025-07-04 09:00:00,144.338,144.373,144.271,144.31,
2025-07-04 10:00:00,144.312,144.384,144.278,144.34,
2025-07-04 11:00:00,144.343,144.401,144.298,144.39101,
2025-07-04 12:00:00,144.394,144.446,144.35201,144.423,
2025-07-04 13:00:00,144.42,144.509,144.383,144.45599,
2025-07-04 14:00:00,144.45799,144.56799,144.40401,144.51801,
2025-07-04 15:00:00,144.522,144.554,144.5,144.52901,
2025-07-04 16:00:00,144.53101,144.548,144.472,144.498,
2025-07-04 17:00:00,144.495,144.52499,144.46201,144.468,
2025-07-04 18:00:00,144.472,144.515,144.463,144.47,
2025-07-04 19:00:00,144.474,144.582,144.435,144.56599,
2025-07-04 20:00:00,144.563,144.582,144.42599,144.44299,
2025-07-06 23:00:00,144.483,144.58299,144.457,144.487,
2025-07-07 00:00:00,144.487,144.506,144.29201,144.35201,
2025-07-07 01:00:00,144.35001,144.57899,144.22,144.532,
2025-07-07 02:00:00,144.535,144.839,144.492,144.81599,
2025-07-07 03:00:00,144.81,144.85001,144.70399,144.832,
2025-07-07 04:00:00,144.82899,145.0010071,144.77499,144.98399,
2025-07-07 05:00:00,144.979,145.078003,144.933,144.983,
2025-07-07 06:00:00,144.981,145.158,144.94501,145.018997,
2025-07-07 07:00:00,145.018005,145.202,144.97501,145.192,
2025-07-07 08:00:00,145.198,145.345,145.108,145.332,
2025-07-07 09:00:00,145.33299,145.48801,145.27,145.42999,
2025-07-07 10:00:00,145.435,145.533,145.39101,145.429,
2025-07-07 11:00:00,145.43401,145.513,145.369,145.492,
2025-07-07 12:00:00,145.493,145.646,145.476,145.59,
2025-07-07 13:00:00,145.586,145.783,145.56799,145.73399,
2025-07-07 14:00:00,145.735,145.815,145.66299,145.79401,
2025-07-07 15:00:00,145.79601,145.89301,145.776,145.86501,
2025-07-07 16:00:00,145.86501,146.146,145.73399,146.118,
2025-07-07 17:00:00,146.11501,146.235,146.011002,146.061005,
2025-07-07 18:00:00,146.059006,146.241,146.050003,146.172,
2025-07-07 19:00:00,146.16901,146.187,145.99699,146.050003,
2025-07-07 20:00:00,146.052994,146.159,146.0079956,146.0079956,
2025-07-07 21:00:00,146.011993,146.070007,145.992,145.99899,
2025-07-07 22:00:00,145.993,146.033005,145.834,145.841,
2025-07-07 23:00:00,145.86,146.069,145.85201,145.88,
2025-07-08 00:00:00,145.879,146.21201,145.828,146.16,
2025-07-08 01:00:00,146.15401,146.44299,146.039001,146.246,
2025-07-08 02:00:00,146.243,146.285,146.037994,146.091995,
2025-07-08 03:00:00,146.091003,146.168,146.037003,146.072006,
2025-07-08 04:00:00,146.070999,146.104,145.877,145.992,
2025-07-08 05:00:00,145.993,146.108,145.94299,146.093002,
2025-07-08 06:00:00,146.093002,146.24899,146.059006,146.245,
2025-07-08 07:00:00,146.245,146.28,145.992,146.037994,
2025-07-08 08:00:00,146.033005,146.242,146.029999,146.188,
2025-07-08 09:00:00,146.19099,146.267,146.052994,146.231,
2025-07-08 10:00:00,146.22501,146.409,146.21899,146.40199,
2025-07-08 11:00:00,146.40199,146.651,146.35001,146.58701,
2025-07-08 12:00:00,146.58701,146.689,146.452,146.649,
2025-07-08 13:00:00,146.64799,146.899,146.62601,146.772,
2025-07-08 14:00:00,146.77,146.96001,146.748,146.918,
2025-07-08 15:00:00,146.91299,146.976,146.76199,146.814,
2025-07-08 16:00:00,146.813,146.864,146.702,146.744,
2025-07-08 17:00:00,146.744,146.80701,146.65199,146.716,
2025-07-08 18:00:00,146.711,146.763,146.649,146.662,
2025-07-08 19:00:00,146.658,146.694,146.61099,146.62199,
2025-07-08 20:00:00,146.62199,146.642,146.508,146.595,
2025-07-08 21:00:00,146.59599,146.619,146.49699,146.519,
2025-07-08 22:00:00,146.521,146.614,146.521,146.58099,
2025-07-08 23:00:00,146.58501,146.87601,146.57899,146.869,
2025-07-09 00:00:00,146.868,146.91,146.73,146.789,
2025-07-09 01:00:00,146.791,147.029999,146.748,146.86301,
2025-07-09 02:00:00,146.864,147.093002,146.78799,147.056,
2025-07-09 03:00:00,147.057999,147.18201,147.052994,147.098999,
2025-07-09 04:00:00,147.103,147.147,147.022995,147.039001,
2025-07-09 05:00:00,147.035004,147.067993,146.896,146.98599,
2025-07-09 06:00:00,146.98199,147.033997,146.795,146.806,
2025-07-09 07:00:00,146.8,146.879,146.67799,146.841,
2025-07-09 08:00:00,146.841,146.87,146.59,146.677,
2025-07-09 09:00:00,146.677,146.694,146.536,146.627,
2025-07-09 10:00:00,146.625,146.689,146.536,146.65401,
2025-07-09 11:00:00,146.657,146.78,146.604,146.765,
2025-07-09 12:00:00,146.763,146.76601,146.463,146.481,
2025-07-09 13:00:00,146.485,146.54401,146.355,146.46001,
2025-07-09 14:00:00,146.46001,146.50301,146.267,146.46201,
2025-07-09 15:00:00,146.46201,146.56599,146.44501,146.532,
2025-07-09 16:00:00,146.53101,146.53101,146.328,146.409,
2025-07-09 17:00:00,146.41299,146.43401,146.276,146.332,
2025-07-09 18:00:00,146.33099,146.39101,146.246,146.328,
2025-07-09 19:00:00,146.33099,146.371,146.24899,146.314,
2025-07-09 20:00:00,146.31599,146.48599,146.291,146.295,
2025-07-09 21:00:00,146.323,146.39101,146.233,146.29401,
2025-07-09 22:00:00,146.30099,146.321,146.20799,146.23,
2025-07-09 23:00:00,146.23801,146.30299,146.067993,146.105,
2025-07-10 00:00:00,146.105,146.118,145.75,145.814,
2025-07-10 01:00:00,145.812,145.95399,145.758,145.886,
2025-07-10 02:00:00,145.88901,146.095001,145.85001,146.082993,
2025-07-10 03:00:00,146.078003,146.258,146.065002,146.25101,
2025-07-10 04:00:00,146.25101,146.411,146.202,146.218,
2025-07-10 05:00:00,146.215,146.34399,146.168,146.255,
2025-07-10 06:00:00,146.255,146.36,146.12199,146.149,
2025-07-10 07:00:00,146.147,146.464,146.061996,146.278,
2025-07-10 08:00:00,146.28101,146.41,146.25999,146.355,
2025-07-10 09:00:00,146.353,146.37399,146.168,146.17999,
2025-07-10 10:00:00,146.174,146.25301,146.080002,146.118,
2025-07-10 11:00:00,146.121,146.39301,146.080994,146.25,
2025-07-10 12:00:00,146.25,146.54401,146.202,146.43401,
2025-07-10 13:00:00,146.438,146.61301,146.34399,146.57899,
2025-07-10 14:00:00,146.58,146.787,146.47501,146.509,
2025-07-10 15:00:00,146.50999,146.56599,146.37801,146.461,
2025-07-10 16:00:00,146.457,146.50999,146.386,146.46201,
2025-07-10 17:00:00,146.463,146.479,146.30701,146.325,
2025-07-10 18:00:00,146.325,146.33299,146.196,146.243,
2025-07-10 19:00:00,146.241,146.28799,146.164,146.23801,
2025-07-10 20:00:00,146.239,146.255,146.17599,146.239,
2025-07-10 21:00:00,146.24001,146.255,146.164,146.21899,
2025-07-10 22:00:00,146.22099,146.267,146.164,146.207,
2025-07-10 23:00:00,146.207,146.297,146.12601,146.271,
2025-07-11 00:00:00,146.27299,146.64101,146.239,146.55499,
2025-07-11 01:00:00,146.548,146.838,146.511,146.76199,
2025-07-11 02:00:00,146.76401,147.039993,146.73599,147.018005,
2025-07-11 03:00:00,147.014008,147.033005,146.854,146.94501,
2025-07-11 04:00:00,146.95,147.18401,146.912,147.076004,
2025-07-11 05:00:00,147.074005,147.11,146.82401,146.868,
2025-07-11 06:00:00,146.86501,146.942,146.73,146.92,
2025-07-11 07:00:00,146.922,146.922,146.716,146.851,
2025-07-11 08:00:00,146.853,147.0019989,146.748,146.98399,
2025-07-11 09:00:00,146.985,147.084,146.91299,147.0090027,
2025-07-11 10:00:00,147.0090027,147.022995,146.761,146.81599,
2025-07-11 11:00:00,146.813,147.033997,146.76401,147.024002,
2025-07-11 12:00:00,147.018005,147.093994,146.786,146.97099,
2025-07-11 13:00:00,146.972,147.284,146.90199,147.284,
2025-07-11 14:00:00,147.285,147.52299,147.26801,147.338,
2025-07-11 15:00:00,147.334,147.431,147.257,147.29201,
2025-07-11 16:00:00,147.291,147.40601,147.25,147.36301,
2025-07-11 17:00:00,147.36301,147.41901,147.313,147.39,
2025-07-11 18:00:00,147.38699,147.44901,147.341,147.444,
2025-07-11 19:00:00,147.446,147.479,147.368,147.37399,
2025-07-11 20:00:00,147.375,147.47,147.339,147.382,
2025-07-13 23:00:00,147.49699,147.56799,147.23,147.29601,
2025-07-14 00:00:00,147.28999,147.30901,146.914,146.951,
2025-07-14 01:00:00,146.94701,147.153,146.847,147.131,
2025-07-14 02:00:00,147.12601,147.308,147.085007,147.27499,
2025-07-14 03:00:00,147.27499,147.386,147.10201,147.302,
2025-07-14 04:00:00,147.302,147.444,147.194,147.375,
2025-07-14 05:00:00,147.37,147.48399,147.27901,147.362,
2025-07-14 06:00:00,147.36,147.425,147.222,147.256,
2025-07-14 07:00:00,147.261,147.371,147.23599,147.366,
2025-07-14 08:00:00,147.37199,147.384,147.168,147.31799,
2025-07-14 09:00:00,147.31799,147.34599,147.151,147.27901,
2025-07-14 10:00:00,147.28101,147.28799,147.147,147.202,
2025-07-14 11:00:00,147.2,147.464,147.2,147.407,
2025-07-14 12:00:00,147.408,147.444,147.216,147.38901,
2025-07-14 13:00:00,147.39,147.487,147.30701,147.354,
2025-07-14 14:00:00,147.35001,147.522,147.31599,147.459,
2025-07-14 15:00:00,147.46201,147.702,147.433,147.69,
2025-07-14 16:00:00,147.69099,147.759,147.65601,147.709,
2025-07-14 17:00:00,147.71001,147.76199,147.668,147.715,
2025-07-14 18:00:00,147.716,147.765,147.70399,147.76199,
2025-07-14 19:00:00,147.761,147.76601,147.702,147.72301,
2025-07-14 20:00:00,147.72099,147.78,147.681,147.68401,
2025-07-14 21:00:00,147.675,147.74001,147.67,147.69299,
2025-07-14 22:00:00,147.709,147.789,147.658,147.767,
2025-07-14 23:00:00,147.75999,147.88699,147.759,147.783,
2025-07-15 00:00:00,147.78,147.79401,147.55701,147.582,
2025-07-15 01:00:00,147.58501,147.8,147.58,147.771,
2025-07-15 02:00:00,147.776,147.823,147.59599,147.61099,
2025-07-15 03:00:00,147.61,147.685,147.548,147.66701,
2025-07-15 04:00:00,147.672,147.713,147.61,147.66299,
2025-07-15 05:00:00,147.661,147.67101,147.548,147.567,
2025-07-15 06:00:00,147.569,147.748,147.569,147.698,
2025-07-15 07:00:00,147.698,147.78799,147.636,147.73399,
2025-07-15 08:00:00,147.731,147.767,147.647,147.67599,
2025-07-15 09:00:00,147.67101,147.746,147.606,147.70599,
2025-07-15 10:00:00,147.707,147.77499,147.65401,147.73,
2025-07-15 11:00:00,147.73199,147.95,147.71201,147.909,
2025-07-15 12:00:00,147.914,148.14799,147.647,147.894,
2025-07-15 13:00:00,147.88699,148.657,147.884,148.58099,
2025-07-15 14:00:00,148.576,148.899,148.56599,148.815,
2025-07-15 15:00:00,148.81599,149.022995,148.752,148.758,
2025-07-15 16:00:00,148.75301,148.981,148.70799,148.895,
2025-07-15 17:00:00,148.894,148.996,148.873,148.936,
2025-07-15 18:00:00,148.938,148.96201,148.82001,148.85201,
2025-07-15 19:00:00,148.851,148.922,148.80299,148.84399,
2025-07-15 20:00:00,148.845,148.888,148.823,148.87801,
2025-07-15 21:00:00,148.85899,148.901,148.80499,148.82899,
2025-07-15 22:00:00,148.842,148.927,148.821,148.88499,
2025-07-15 23:00:00,148.87801,148.942,148.718,148.774,
2025-07-16 00:00:00,148.78101,149.037994,148.701,148.978,
2025-07-16 01:00:00,148.97501,149.035995,148.73399,148.823,
2025-07-16 02:00:00,148.821,148.972,148.82001,148.90401,
2025-07-16 03:00:00,148.905,149.089005,148.85899,149.035004,
2025-07-16 04:00:00,149.033005,149.186,148.908,148.92599,
2025-07-16 05:00:00,148.931,148.94901,148.782,148.815,
2025-07-16 06:00:00,148.81,148.87199,148.616,148.649,
2025-07-16 07:00:00,148.647,148.92799,148.614,148.886,
2025-07-16 08:00:00,148.882,148.89999,148.72,148.83701,
2025-07-16 09:00:00,148.83299,148.88901,148.649,148.718,
2025-07-16 10:00:00,148.718,148.737,148.644,148.71001,
2025-07-16 11:00:00,148.714,148.785,148.62199,148.765,
2025-07-16 12:00:00,148.765,148.83501,148.464,148.702,
2025-07-16 13:00:00,148.705,148.929,148.60001,148.80701,
2025-07-16 14:00:00,148.80701,148.85201,148.304,148.47,
2025-07-16 15:00:00,148.46899,148.51199,146.90401,148.101,
2025-07-16 16:00:00,148.106,148.37801,147.813,148.044006,
2025-07-16 17:00:00,148.044006,148.059006,147.483,147.681,
2025-07-16 18:00:00,147.679,147.953,147.64,147.94299,
2025-07-16 19:00:00,147.94501,148.022995,147.819,147.842,
2025-07-16 20:00:00,147.84599,147.914,147.81,147.82401,
2025-07-16 21:00:00,147.832,147.87199,147.75301,147.80499,
2025-07-16 22:00:00,147.798,147.92999,147.717,147.882,
2025-07-16 23:00:00,147.87601,148.070007,147.76199,147.98801,
2025-07-17 00:00:00,147.991,148.42599,147.98,148.37801,
2025-07-17 01:00:00,148.37801,148.493,148.274,148.339,
2025-07-17 02:00:00,148.34399,148.50101,148.339,148.45,
2025-07-17 03:00:00,148.451,148.661,148.436,148.545,
2025-07-17 04:00:00,148.548,148.61301,148.405,148.416,
2025-07-17 05:00:00,148.41901,148.495,148.364,148.48199,
2025-07-17 06:00:00,148.478,148.80499,148.44701,148.62801,
2025-07-17 07:00:00,148.627,148.767,148.586,148.72099,
2025-07-17 08:00:00,148.716,148.785,148.58,148.58299,
2025-07-17 09:00:00,148.586,148.77299,148.51801,148.748,
2025-07-17 10:00:00,148.74899,148.834,148.61,148.63901,
2025-07-17 11:00:00,148.63699,148.80099,148.599,148.767,
2025-07-17 12:00:00,148.76199,149.087006,148.59399,148.714,
2025-07-17 13:00:00,148.713,148.75301,148.45,148.57401,
2025-07-17 14:00:00,148.58501,148.658,148.377,148.481,
2025-07-17 15:00:00,148.481,148.61099,148.451,148.552,
2025-07-17 16:00:00,148.55299,148.70399,148.47099,148.625,
2025-07-17 17:00:00,148.62,148.673,148.556,148.659,
2025-07-17 18:00:00,148.655,148.75301,148.64,148.72501,
2025-07-17 19:00:00,148.72099,148.75301,148.54601,148.586,
2025-07-17 20:00:00,148.58501,148.621,148.533,148.564,
2025-07-17 21:00:00,148.567,148.588,148.505,148.507,
2025-07-17 22:00:00,148.515,148.567,148.293,148.319,
2025-07-17 23:00:00,148.313,148.45399,148.285,148.44501,
2025-07-18 00:00:00,148.44299,148.627,148.327,148.58,
2025-07-18 01:00:00,148.58099,148.62199,148.37801,148.485,
2025-07-18 02:00:00,148.487,148.576,148.408,148.519,
2025-07-18 03:00:00,148.51601,148.67,148.472,148.668,
2025-07-18 04:00:00,148.66499,148.724,148.614,148.66701,
2025-07-18 05:00:00,148.664,148.80901,148.664,148.754,
2025-07-18 06:00:00,148.75999,148.83701,148.689,148.74001,
2025-07-18 07:00:00,148.741,148.884,148.64799,148.78,
2025-07-18 08:00:00,148.77699,148.78101,148.49699,148.58501,
2025-07-18 09:00:00,148.595,148.724,148.509,148.70399,
2025-07-18 10:00:00,148.70399,148.718,148.494,148.51401,
2025-07-18 11:00:00,148.519,148.58299,148.448,148.50301,
2025-07-18 12:00:00,148.50101,148.528,148.319,148.356,
2025-07-18 13:00:00,148.35899,148.468,148.188,148.258,
2025-07-18 14:00:00,148.25999,148.517,148.17999,148.476,
2025-07-18 15:00:00,148.479,148.563,148.358,148.549,
2025-07-18 16:00:00,148.554,148.73199,148.508,148.687,
2025-07-18 17:00:00,148.68401,148.79401,148.64999,148.714,
2025-07-18 18:00:00,148.715,148.785,148.696,148.76401,
2025-07-18 19:00:00,148.77,148.808,148.73,148.744,
2025-07-18 20:00:00,148.744,148.853,148.69099,148.74899,
2025-07-20 23:00:00,148.58701,148.66499,148.371,148.453,
2025-07-21 00:00:00,148.45,148.48599,148.23599,148.384,
2025-07-21 01:00:00,148.38499,148.541,148.328,148.513,
2025-07-21 02:00:00,148.51401,148.576,148.433,148.498,
2025-07-21 03:00:00,148.49899,148.55901,148.38901,148.47701,
2025-07-21 04:00:00,148.45799,148.53999,148.41701,148.444,
2025-07-21 05:00:00,148.44,148.485,148.258,148.29601,
2025-07-21 06:00:00,148.29601,148.308,147.77,147.933,
2025-07-21 07:00:00,147.935,148.245,147.912,148.104,
2025-07-21 08:00:00,148.103,148.13499,147.688,147.895,
2025-07-21 09:00:00,147.896,147.972,147.843,147.92101,
2025-07-21 10:00:00,147.91701,147.97701,147.752,147.755,
2025-07-21 11:00:00,147.75301,147.76601,147.504,147.545,
2025-07-21 12:00:00,147.54601,147.554,147.328,147.489,
2025-07-21 13:00:00,147.494,147.72301,147.49001,147.52699,
2025-07-21 14:00:00,147.526,147.547,147.282,147.424,
2025-07-21 15:00:00,147.425,147.42799,147.25101,147.269,
2025-07-21 16:00:00,147.27,147.332,147.078003,147.158,
2025-07-21 17:00:00,147.16299,147.30901,147.11,147.24899,
2025-07-21 18:00:00,147.254,147.382,147.214,147.328,
2025-07-21 19:00:00,147.326,147.37399,147.26801,147.358,
2025-07-21 20:00:00,147.355,147.437,147.325,147.326,
2025-07-21 21:00:00,147.313,147.427,147.19299,147.30701,
2025-07-21 22:00:00,147.30701,147.414,147.289,147.386,
2025-07-21 23:00:00,147.395,147.496,147.386,147.401,
2025-07-22 00:00:00,147.396,147.713,147.388,147.48801,
2025-07-22 01:00:00,147.48199,147.642,147.448,147.582,
2025-07-22 02:00:00,147.57899,147.586,147.407,147.45799,
2025-07-22 03:00:00,147.464,147.612,147.414,147.575,
2025-07-22 04:00:00,147.57401,147.672,147.534,147.63901,
2025-07-22 05:00:00,147.638,147.80901,147.59801,147.77299,
2025-07-22 06:00:00,147.767,147.931,147.717,147.817,
2025-07-22 07:00:00,147.823,147.94701,147.7,147.705,
2025-07-22 08:00:00,147.70599,147.763,147.604,147.614,
2025-07-22 09:00:00,147.61501,147.61501,147.41901,147.43201,
2025-07-22 10:00:00,147.437,147.556,147.35899,147.535,
2025-07-22 11:00:00,147.53101,147.571,147.153,147.192,
2025-07-22 12:00:00,147.192,147.254,146.73801,146.80099,
2025-07-22 13:00:00,146.798,146.89,146.502,146.573,
2025-07-22 14:00:00,146.57401,146.674,146.32001,146.448,
2025-07-22 15:00:00,146.446,146.53,146.338,146.367,
2025-07-22 16:00:00,146.364,146.47501,146.302,146.422,
2025-07-22 17:00:00,146.424,146.586,146.423,146.556,
2025-07-22 18:00:00,146.55,146.593,146.52,146.565,
2025-07-22 19:00:00,146.56599,146.604,146.487,146.561,
2025-07-22 20:00:00,146.562,146.683,146.548,146.62199,
2025-07-22 21:00:00,146.62,146.62601,146.556,146.582,
2025-07-22 22:00:00,146.593,146.77499,146.567,146.703,
2025-07-22 23:00:00,146.688,146.94501,146.242,146.757,
2025-07-23 00:00:00,146.76199,146.812,146.194,146.435,
2025-07-23 01:00:00,146.43401,146.72501,146.38499,146.605,
2025-07-23 02:00:00,146.60899,147.20399,146.416,146.92799,
2025-07-23 03:00:00,146.93401,147.018005,146.742,146.925,
2025-07-23 04:00:00,146.925,147.076996,146.908,146.944,
2025-07-23 05:00:00,146.938,147.207,146.85201,147.15601,
2025-07-23 06:00:00,147.159,147.215,146.647,146.858,
2025-07-23 07:00:00,146.85699,146.88499,146.593,146.752,
2025-07-23 08:00:00,146.748,146.90401,146.63699,146.793,
2025-07-23 09:00:00,146.789,146.799,146.46201,146.50101,
2025-07-23 10:00:00,146.5,146.549,146.276,146.408,
2025-07-23 11:00:00,146.40401,146.41901,146.104,146.202,
2025-07-23 12:00:00,146.205,146.498,146.16,146.414,
2025-07-23 13:00:00,146.41499,146.729,146.367,146.53999,
2025-07-23 14:00:00,146.54401,146.593,146.287,146.416,
2025-07-23 15:00:00,146.41701,146.57001,146.23199,146.548,
2025-07-23 16:00:00,146.55,146.61501,146.407,146.576,
2025-07-23 17:00:00,146.577,146.623,146.47,146.52901,
2025-07-23 18:00:00,146.532,146.543,146.367,146.465,
2025-07-23 19:00:00,146.465,146.58,146.422,146.52901,
2025-07-23 20:00:00,146.53,146.537,146.44701,146.49899,
2025-07-23 21:00:00,146.513,146.543,146.34,146.47301,
2025-07-23 22:00:00,146.44501,146.517,146.37801,146.444,
2025-07-23 23:00:00,146.444,146.451,146.23801,146.347,
2025-07-24 00:00:00,146.342,146.492,146.26199,146.427,
2025-07-24 01:00:00,146.431,146.437,145.85001,145.933,
2025-07-24 02:00:00,145.931,146.153,145.931,146.039001,
2025-07-24 03:00:00,146.039001,146.10899,145.894,146.0039978,
2025-07-24 04:00:00,146.0050049,146.082001,145.927,146.016998,
2025-07-24 05:00:00,146.016006,146.11301,145.952,146.0099945,
2025-07-24 06:00:00,146.011993,146.304,145.98599,146.27499,
2025-07-24 07:00:00,146.27,146.46001,146.14,146.416,
2025-07-24 08:00:00,146.41901,146.56599,146.308,146.545,
2025-07-24 09:00:00,146.54601,146.647,146.52,146.554,
2025-07-24 10:00:00,146.55499,146.66,146.52299,146.57201,
2025-07-24 11:00:00,146.567,146.62399,146.46001,146.479,
2025-07-24 12:00:00,146.483,146.832,146.444,146.78999,
2025-07-24 13:00:00,146.795,146.873,146.47701,146.54201,
2025-07-24 14:00:00,146.539,146.81799,146.353,146.78101,
2025-07-24 15:00:00,146.778,146.946,146.73399,146.927,
2025-07-24 16:00:00,146.923,146.953,146.78,146.899,
2025-07-24 17:00:00,146.90199,146.90199,146.748,146.813,
2025-07-24 18:00:00,146.814,146.92999,146.79201,146.918,
2025-07-24 19:00:00,146.91701,146.96899,146.847,146.937,
2025-07-24 20:00:00,146.933,147.026001,146.881,147,
2025-07-24 21:00:00,146.993,147.10699,146.937,147.085007,
2025-07-24 22:00:00,147.089996,147.233,147.020996,147.033005,
2025-07-24 23:00:00,147.052994,147.116,146.95799,147.0010071,
2025-07-25 00:00:00,147.003006,147.342,146.98,147.20399,
2025-07-25 01:00:00,147.205,147.461,147.157,147.36,
2025-07-25 02:00:00,147.36099,147.493,147.34399,147.416,
2025-07-25 03:00:00,147.41499,147.438,147.188,147.21899,
2025-07-25 04:00:00,147.215,147.27299,147.095993,147.134,
2025-07-25 05:00:00,147.136,147.162,146.808,146.933,
2025-07-25 06:00:00,146.93401,147.095993,146.845,147.059006,
2025-07-25 07:00:00,147.054993,147.41499,147.035995,147.384,
2025-07-25 08:00:00,147.379,147.832,147.354,147.754,
2025-07-25 09:00:00,147.755,147.894,147.72301,147.866,
2025-07-25 10:00:00,147.869,147.90199,147.74699,147.774,
2025-07-25 11:00:00,147.772,147.94,147.64,147.674,
2025-07-25 12:00:00,147.677,147.936,147.60001,147.856,
2025-07-25 13:00:00,147.855,147.92,147.59599,147.66901,
2025-07-25 14:00:00,147.666,147.76401,147.52499,147.73,
2025-07-25 15:00:00,147.72701,147.806,147.65601,147.783,
2025-07-25 16:00:00,147.77699,147.836,147.72501,147.756,
2025-07-25 17:00:00,147.761,147.78,147.65199,147.672,
2025-07-25 18:00:00,147.673,147.683,147.54401,147.565,
2025-07-25 19:00:00,147.56599,147.617,147.52499,147.614,
2025-07-25 20:00:00,147.616,147.69099,147.612,147.62199,
2025-07-27 23:00:00,147.81,147.877,147.73599,147.785,
2025-07-28 00:00:00,147.784,147.813,147.597,147.616,
2025-07-28 01:00:00,147.61301,147.877,147.51401,147.866,
2025-07-28 02:00:00,147.866,148.022003,147.82201,147.836,
2025-07-28 03:00:00,147.83701,147.87,147.68401,147.71001,
2025-07-28 04:00:00,147.71201,147.793,147.62199,147.744,
2025-07-28 05:00:00,147.745,147.87601,147.728,147.855,
2025-07-28 06:00:00,147.858,148.21001,147.83501,148.018997,
2025-07-28 07:00:00,148.014008,148.338,147.786,148.29201,
2025-07-28 08:00:00,148.29201,148.37399,148.151,148.27,
2025-07-28 09:00:00,148.26801,148.414,148.222,148.38499,
2025-07-28 10:00:00,148.38699,148.43401,148.28799,148.40601,
2025-07-28 11:00:00,148.411,148.44701,148.074005,148.13901,
2025-07-28 12:00:00,148.14,148.185,148.026001,148.052002,
2025-07-28 13:00:00,148.052002,148.328,147.93401,148.289,
2025-07-28 14:00:00,148.291,148.32201,148.093994,148.276,
2025-07-28 15:00:00,148.27699,148.495,148.254,148.45599,
2025-07-28 16:00:00,148.459,148.52,148.438,148.48599,
2025-07-28 17:00:00,148.48399,148.54601,148.38901,148.521,
2025-07-28 18:00:00,148.521,148.57899,148.47301,148.55701,
2025-07-28 19:00:00,148.55499,148.56,148.51601,148.549,
2025-07-28 20:00:00,148.545,148.577,148.429,148.49699,
2025-07-28 21:00:00,148.42101,148.561,148.42101,148.541,
2025-07-28 22:00:00,148.548,148.58,148.48599,148.51801,
2025-07-28 23:00:00,148.5,148.63699,148.452,148.457,
2025-07-29 00:00:00,148.452,148.711,148.436,148.68401,
2025-07-29 01:00:00,148.68201,148.705,148.46201,148.584,
2025-07-29 02:00:00,148.586,148.61501,148.287,148.341,
2025-07-29 03:00:00,148.34599,148.45399,148.304,148.373,
2025-07-29 04:00:00,148.373,148.498,148.328,148.34801,
2025-07-29 05:00:00,148.345,148.407,148.17,148.235,
2025-07-29 06:00:00,148.237,148.54201,148.153,148.52,
2025-07-29 07:00:00,148.517,148.752,148.48399,148.577,
2025-07-29 08:00:00,148.57401,148.606,148.35001,148.549,
2025-07-29 09:00:00,148.549,148.575,148.444,148.55099,
2025-07-29 10:00:00,148.55,148.61301,148.381,148.54401,
2025-07-29 11:00:00,148.543,148.756,148.51199,148.717,
2025-07-29 12:00:00,148.716,148.772,148.60001,148.692,
2025-07-29 13:00:00,148.7,148.808,148.524,148.554,
2025-07-29 14:00:00,148.56,148.748,148.42999,148.472,
2025-07-29 15:00:00,148.468,148.623,148.35001,148.571,
2025-07-29 16:00:00,148.575,148.603,148.448,148.562,
2025-07-29 17:00:00,148.561,148.58501,148.33299,148.489,
2025-07-29 18:00:00,148.485,148.55901,148.427,148.429,
2025-07-29 19:00:00,148.42799,148.505,148.342,148.50101,
2025-07-29 20:00:00,148.5,148.513,148.416,148.418,
2025-07-29 21:00:00,148.431,148.48,148.399,148.437,
2025-07-29 22:00:00,148.44501,148.496,148.418,148.466,
2025-07-29 23:00:00,148.467,148.52499,148.41,148.418,
2025-07-30 00:00:00,148.424,148.44901,148.031998,148.056,
2025-07-30 01:00:00,148.054993,148.16299,147.94,148.142,
2025-07-30 02:00:00,148.136,148.15401,148.026993,148.044006,
2025-07-30 03:00:00,148.044006,148.044006,147.843,147.974,
2025-07-30 04:00:00,147.97,148.17101,147.96001,148.15401,
2025-07-30 05:00:00,148.155,148.172,147.85201,148.024002,
2025-07-30 06:00:00,148.028,148.134,147.85699,147.897,
2025-07-30 07:00:00,147.897,148.082001,147.798,148.078003,
2025-07-30 08:00:00,148.078995,148.118,147.91901,147.96001,
2025-07-30 09:00:00,147.95599,148.070007,147.85201,148.035004,
2025-07-30 10:00:00,148.035995,148.29401,147.97701,148.17101,
2025-07-30 11:00:00,148.17,148.35899,148.10899,148.31,
2025-07-30 12:00:00,148.311,148.88699,148.25999,148.847,
2025-07-30 13:00:00,148.851,149.105,148.826,149.050995,
2025-07-30 14:00:00,149.048996,149.057007,148.867,148.92101,
2025-07-30 15:00:00,148.922,149.114,148.842,149.076004,
2025-07-30 16:00:00,149.072998,149.132,148.923,148.93401,
2025-07-30 17:00:00,148.92999,148.933,148.76601,148.78999,
2025-07-30 18:00:00,148.767,149.354,148.51801,149.347,
2025-07-30 19:00:00,149.35001,149.438,149.22,149.408,
2025-07-30 20:00:00,149.412,149.554,149.358,149.47701,
2025-07-30 21:00:00,149.491,149.492,149.41701,149.44701,
2025-07-30 22:00:00,149.451,149.466,149.291,149.315,
2025-07-30 23:00:00,149.312,149.394,149.203,149.22,
2025-07-31 00:00:00,149.22501,149.39301,149.172,149.30299,
2025-07-31 01:00:00,149.30099,149.34,148.96201,148.974,
2025-07-31 02:00:00,148.974,149,148.634,148.83299,
2025-07-31 03:00:00,148.83501,148.92,148.582,148.745,
2025-07-31 04:00:00,148.746,148.95799,148.729,148.886,
2025-07-31 05:00:00,148.886,148.92599,148.73801,148.785,
2025-07-31 06:00:00,148.786,149.091995,148.67999,148.87801,
2025-07-31 07:00:00,148.875,149.722,148.84801,149.396,
2025-07-31 08:00:00,149.396,149.7,149.293,149.62801,
2025-07-31 09:00:00,149.634,149.959,149.618,149.94701,
2025-07-31 10:00:00,149.94901,150.046997,149.866,149.944,
2025-07-31 11:00:00,149.942,150.103,149.808,149.87601,
2025-07-31 12:00:00,149.877,150.259,149.80701,150.187,
2025-07-31 13:00:00,150.189,150.584,150.173,150.567,
2025-07-31 14:00:00,150.561,150.634,150.37199,150.478,
2025-07-31 15:00:00,150.47701,150.603,150.343,150.601,
2025-07-31 16:00:00,150.601,150.78999,150.589,150.685,
2025-07-31 17:00:00,150.681,150.724,150.55499,150.661,
2025-07-31 18:00:00,150.662,150.786,150.659,150.758,
2025-07-31 19:00:00,150.757,150.802,150.687,150.797,
2025-07-31 20:00:00,150.79401,150.842,150.711,150.729,
2025-07-31 21:00:00,150.72099,150.74001,150.66,150.698,
2025-07-31 22:00:00,150.69701,150.797,150.673,150.713,
2025-07-31 23:00:00,150.739,150.882,150.63499,150.808,
2025-08-01 00:00:00,150.80701,150.894,150.59,150.737,
2025-08-01 01:00:00,150.737,150.91901,150.627,150.90199,
2025-08-01 02:00:00,150.901,150.91299,150.69901,150.757,
2025-08-01 03:00:00,150.76401,150.778,150.548,150.588,
2025-08-01 04:00:00,150.589,150.66,150.54601,150.60699,
2025-08-01 05:00:00,150.60201,150.66,150.41,150.47501,
2025-08-01 06:00:00,150.47501,150.649,150.444,150.60201,
2025-08-01 07:00:00,150.605,150.62199,150.45,150.533,
2025-08-01 08:00:00,150.537,150.627,150.504,150.61,
2025-08-01 09:00:00,150.605,150.63,150.41499,150.509,
2025-08-01 10:00:00,150.50301,150.513,150.319,150.35899,
2025-08-01 11:00:00,150.355,150.52901,150.278,150.52,
2025-08-01 12:00:00,150.51401,150.597,148.56,148.634,
2025-08-01 13:00:00,148.634,148.661,147.983,148.132,
2025-08-01 14:00:00,148.134,148.22501,147.478,148.089005,
2025-08-01 15:00:00,148.085007,148.185,147.923,148.054993,
2025-08-01 16:00:00,148.056,148.10899,147.778,147.828,
2025-08-01 17:00:00,147.82201,147.95,147.724,147.87601,
2025-08-01 18:00:00,147.87801,147.901,147.67799,147.85201,
2025-08-01 19:00:00,147.85001,147.862,147.32201,147.438,
2025-08-01 20:00:00,147.436,147.459,147.28799,147.375,
2025-08-03 23:00:00,147.242,147.38499,147.112,147.345,
2025-08-04 00:00:00,147.343,147.69299,147.26601,147.65199,
2025-08-04 01:00:00,147.655,147.907,147.618,147.75999,
2025-08-04 02:00:00,147.765,147.867,147.62199,147.79401,
2025-08-04 03:00:00,147.795,147.795,147.584,147.692,
2025-08-04 04:00:00,147.689,147.71001,147.55,147.686,
2025-08-04 05:00:00,147.681,147.87199,147.64999,147.78,
2025-08-04 06:00:00,147.78101,147.847,147.528,147.636,
2025-08-04 07:00:00,147.644,148.044998,147.592,147.882,
2025-08-04 08:00:00,147.881,148.087997,147.858,147.895,
2025-08-04 09:00:00,147.894,147.94501,147.675,147.812,
2025-08-04 10:00:00,147.812,147.854,147.56,147.57401,
2025-08-04 11:00:00,147.577,147.59801,147.339,147.34399,
2025-08-04 12:00:00,147.343,147.439,147.0019989,147.19,
2025-08-04 13:00:00,147.187,147.319,146.952,147.087997,
2025-08-04 14:00:00,147.085999,147.26199,146.86,147.23,
2025-08-04 15:00:00,147.229,147.355,147.039993,147.093002,
2025-08-04 16:00:00,147.097,147.217,147,147.037003,
2025-08-04 17:00:00,147.035995,147.097,146.95599,146.96899,
2025-08-04 18:00:00,146.968,147.0070038,146.907,146.946,
2025-08-04 19:00:00,146.946,147.059006,146.908,147.028,
2025-08-04 20:00:00,147.029007,147.114,146.95,147.067993,
2025-08-04 21:00:00,147.074005,147.166,147.0099945,147.070999,
2025-08-04 22:00:00,147.087997,147.10201,146.873,146.933,
2025-08-04 23:00:00,146.907,146.93201,146.692,146.791,
2025-08-05 00:00:00,146.78999,147.035995,146.616,146.92599,
2025-08-05 01:00:00,146.92599,147.114,146.87801,147.050995,
2025-08-05 02:00:00,147.042999,147.229,147.035004,147.187,
2025-08-05 03:00:00,147.18401,147.261,147.127,147.216,
2025-08-05 04:00:00,147.215,147.26199,147,147.084,
2025-08-05 05:00:00,147.084,147.241,147.054001,147.173,
2025-08-05 06:00:00,147.16901,147.342,147.026993,147.325,
2025-08-05 07:00:00,147.326,147.487,147.15199,147.383,
2025-08-05 08:00:00,147.388,147.63499,147.33099,147.584,
2025-08-05 09:00:00,147.57899,147.63901,147.44701,147.627,
2025-08-05 10:00:00,147.62399,147.78,147.578,147.616,
2025-08-05 11:00:00,147.616,147.696,147.54401,147.633,
2025-08-05 12:00:00,147.631,147.757,147.53999,147.66,
2025-08-05 13:00:00,147.662,147.83501,147.502,147.73,
2025-08-05 14:00:00,147.73,147.73199,147.35001,147.448,
2025-08-05 15:00:00,147.45,147.57001,147.30299,147.496,
2025-08-05 16:00:00,147.495,147.592,147.424,147.54601,
2025-08-05 17:00:00,147.54201,147.65601,147.483,147.616,
2025-08-05 18:00:00,147.616,147.681,147.588,147.604,
2025-08-05 19:00:00,147.60899,147.70399,147.578,147.60899,
2025-08-05 20:00:00,147.608,147.62,147.496,147.601,
2025-08-05 21:00:00,147.601,147.601,147.498,147.564,
2025-08-05 22:00:00,147.564,147.638,147.54201,147.558,
2025-08-05 23:00:00,147.55901,147.646,147.51401,147.52699,
2025-08-06 00:00:00,147.522,147.62199,147.44501,147.584,
2025-08-06 01:00:00,147.58501,147.729,147.58,147.69501,
2025-08-06 02:00:00,147.69501,147.74899,147.524,147.55701,
2025-08-06 03:00:00,147.55701,147.558,147.328,147.395,
2025-08-06 04:00:00,147.399,147.44701,147.302,147.342,
2025-08-06 05:00:00,147.342,147.54401,147.33099,147.452,
2025-08-06 06:00:00,147.45,147.55099,147.36,147.55,
2025-08-06 07:00:00,147.54601,147.69299,147.53,147.55901,
2025-08-06 08:00:00,147.563,147.845,147.552,147.802,
2025-08-06 09:00:00,147.81,147.886,147.705,147.823,
2025-08-06 10:00:00,147.82001,147.841,147.556,147.58,
2025-08-06 11:00:00,147.58099,147.655,147.436,147.535,
2025-08-06 12:00:00,147.53799,147.59399,147.40601,147.442,
2025-08-06 13:00:00,147.439,147.453,147.23599,147.24001,
2025-08-06 14:00:00,147.246,147.44099,147.244,147.39,
2025-08-06 15:00:00,147.38901,147.66499,147.20799,147.256,
2025-08-06 16:00:00,147.26199,147.42,147.211,147.342,
2025-08-06 17:00:00,147.349,147.405,147.214,147.242,
2025-08-06 18:00:00,147.23599,147.276,146.972,147.067001,
2025-08-06 19:00:00,147.067993,147.187,147.061996,147.17799,
2025-08-06 20:00:00,147.18201,147.634,147.16,147.353,
2025-08-06 21:00:00,147.36,147.452,147.297,147.33099,
2025-08-06 22:00:00,147.32899,147.35699,147.194,147.222,
2025-08-06 23:00:00,147.214,147.25301,147.145,147.189,
2025-08-07 00:00:00,147.19501,147.60001,147.16701,147.58299,
2025-08-07 01:00:00,147.582,147.686,147.476,147.493,
2025-08-07 02:00:00,147.49001,147.577,147.44,147.56,
2025-08-07 03:00:00,147.561,147.711,147.476,147.50999,
2025-08-07 04:00:00,147.50999,147.534,147.26401,147.3,
2025-08-07 05:00:00,147.3,147.34599,147.21001,147.278,
2025-08-07 06:00:00,147.27699,147.30499,146.79601,146.855,
2025-08-07 07:00:00,146.85001,146.963,146.688,146.8,
2025-08-07 08:00:00,146.804,147.183,146.77699,147.12801,
2025-08-07 09:00:00,147.131,147.353,147.11,147.34,
2025-08-07 10:00:00,147.34399,147.403,147.278,147.326,
2025-08-07 11:00:00,147.325,147.494,147.25301,147.30901,
2025-08-07 12:00:00,147.312,147.392,147.014008,147.282,
2025-08-07 13:00:00,147.285,147.319,147.105,147.271,
2025-08-07 14:00:00,147.269,147.543,147.192,147.487,
2025-08-07 15:00:00,147.492,147.58501,147.32001,147.36099,
2025-08-07 16:00:00,147.36301,147.436,147.299,147.35899,
2025-08-07 17:00:00,147.35899,147.47,147.356,147.418,
2025-08-07 18:00:00,147.42101,147.56799,147.382,147.562,
2025-08-07 19:00:00,147.56,147.567,146.942,147.080002,
2025-08-07 20:00:00,147.082001,147.157,146.95399,147.095001,
2025-08-07 21:00:00,147.098007,147.121,146.99899,147.028,
2025-08-07 22:00:00,147.024994,147.059998,146.80701,146.924,
2025-08-07 23:00:00,146.94501,146.957,146.755,146.804,
2025-08-08 00:00:00,146.80099,147.194,146.716,147.14799,
2025-08-08 01:00:00,147.144,147.37399,147.129,147.286,
2025-08-08 02:00:00,147.282,147.313,147.14999,147.19501,
2025-08-08 03:00:00,147.19701,147.308,147.162,147.187,
2025-08-08 04:00:00,147.186,147.211,147.112,147.157,
2025-08-08 05:00:00,147.159,147.42101,147.144,147.412,
2025-08-08 06:00:00,147.407,147.451,147.244,147.327,
2025-08-08 07:00:00,147.323,147.395,147.132,147.32401,
2025-08-08 08:00:00,147.32201,147.69701,147.15601,147.646,
2025-08-08 09:00:00,147.647,147.726,147.53999,147.70399,
2025-08-08 10:00:00,147.70599,147.83701,147.638,147.798,
2025-08-08 11:00:00,147.802,147.85001,147.707,147.814,
2025-08-08 12:00:00,147.81,147.892,147.633,147.845,
2025-08-08 13:00:00,147.838,147.90199,147.64,147.879,
2025-08-08 14:00:00,147.87801,147.90401,147.688,147.813,
2025-08-08 15:00:00,147.81599,147.83299,147.63,147.705,
2025-08-08 16:00:00,147.707,147.836,147.674,147.73399,
2025-08-08 17:00:00,147.73399,147.75101,147.65401,147.74001,
2025-08-08 18:00:00,147.74699,147.77699,147.627,147.66499,
2025-08-08 19:00:00,147.662,147.819,147.642,147.75301,
2025-08-08 20:00:00,147.754,147.80499,147.651,147.69299,
2025-08-10 23:00:00,147.726,147.771,147.62,147.65199,
2025-08-11 00:00:00,147.649,147.74001,147.56799,147.662,
2025-08-11 01:00:00,147.659,147.716,147.586,147.61501,
2025-08-11 02:00:00,147.612,147.618,147.517,147.55499,
2025-08-11 03:00:00,147.556,147.60201,147.427,147.47501,
2025-08-11 04:00:00,147.476,147.495,147.422,147.48199,
2025-08-11 05:00:00,147.481,147.533,147.468,147.522,
2025-08-11 06:00:00,147.51601,147.60899,147.46899,147.592,
2025-08-11 07:00:00,147.592,147.662,147.35001,147.38901,
2025-08-11 08:00:00,147.38699,147.549,147.347,147.506,
2025-08-11 09:00:00,147.502,147.707,147.48199,147.68401,
2025-08-11 10:00:00,147.685,147.744,147.661,147.735,
2025-08-11 11:00:00,147.73599,147.94701,147.716,147.86099,
2025-08-11 12:00:00,147.866,147.95,147.804,147.806,
2025-08-11 13:00:00,147.804,147.944,147.782,147.88699,
2025-08-11 14:00:00,147.886,148.072998,147.869,148.046997,
2025-08-11 15:00:00,148.048004,148.11301,147.94,147.99699,
2025-08-11 16:00:00,147.995,148.029999,147.908,147.989,
2025-08-11 17:00:00,147.98801,148.067993,147.967,147.993,
2025-08-11 18:00:00,147.994,148.166,147.976,148.136,
2025-08-11 19:00:00,148.13,148.24001,148.116,148.229,
2025-08-11 20:00:00,148.22701,148.252,148.089996,148.13901,
2025-08-11 21:00:00,148.14101,148.157,147.923,148.098999,
2025-08-11 22:00:00,148.098999,148.23399,148.084,148.19,
2025-08-11 23:00:00,148.19,148.22099,148.114,148.15199,
2025-08-12 00:00:00,148.146,148.433,148.12801,148.405,
2025-08-12 01:00:00,148.40601,148.40601,148.20399,148.3,
2025-08-12 02:00:00,148.30099,148.343,148.254,148.29601,
2025-08-12 03:00:00,148.295,148.444,148.26401,148.41,
2025-08-12 04:00:00,148.411,148.44501,148.341,148.353,
2025-08-12 05:00:00,148.349,148.40199,148.23199,148.339,
2025-08-12 06:00:00,148.336,148.403,148.146,148.26601,
2025-08-12 07:00:00,148.27299,148.368,148.202,148.26401,
2025-08-12 08:00:00,148.25999,148.466,148.256,148.423,
2025-08-12 09:00:00,148.423,148.485,148.347,148.468,
2025-08-12 10:00:00,148.468,148.481,148.364,148.465,
2025-08-12 11:00:00,148.463,148.494,148.438,148.44299,
2025-08-12 12:00:00,148.438,148.519,147.841,148.039001,
2025-08-12 13:00:00,148.033005,148.44701,147.90401,148.205,
2025-08-12 14:00:00,148.205,148.401,148.070007,148.157,
2025-08-12 15:00:00,148.159,148.177,147.57401,147.80499,
2025-08-12 16:00:00,147.806,147.862,147.655,147.713,
2025-08-12 17:00:00,147.711,147.79401,147.685,147.75999,
2025-08-12 18:00:00,147.76401,147.80499,147.69,147.737,
2025-08-12 19:00:00,147.73801,147.787,147.694,147.756,
2025-08-12 20:00:00,147.757,147.87601,147.741,147.83501,
2025-08-12 21:00:00,147.819,147.858,147.69099,147.834,
2025-08-12 22:00:00,147.82001,147.84399,147.755,147.784,
2025-08-12 23:00:00,147.793,147.82001,147.73,147.77,
2025-08-13 00:00:00,147.769,147.894,147.698,147.80499,
2025-08-13 01:00:00,147.80099,148.087006,147.728,148.056,
2025-08-13 02:00:00,148.054993,148.16901,148.022003,148.044006,
2025-08-13 03:00:00,148.046005,148.108,147.95599,147.996,
2025-08-13 04:00:00,147.998,148.101,147.927,147.931,
2025-08-13 05:00:00,147.92999,148.0090027,147.89101,147.92999,
2025-08-13 06:00:00,147.929,147.948,147.716,147.78101,
2025-08-13 07:00:00,147.783,147.795,147.39799,147.524,
2025-08-13 08:00:00,147.52699,147.535,147.196,147.26801,
2025-08-13 09:00:00,147.26401,147.27,147.174,147.21201,
2025-08-13 10:00:00,147.214,147.418,147.188,147.409,
2025-08-13 11:00:00,147.408,147.56599,147.269,147.278,
2025-08-13 12:00:00,147.27901,147.491,147.15199,147.41,
2025-08-13 13:00:00,147.409,147.43401,147.188,147.203,
2025-08-13 14:00:00,147.19701,147.25,147.098999,147.145,
2025-08-13 15:00:00,147.144,147.312,147.087006,147.24899,
2025-08-13 16:00:00,147.246,147.351,147.21001,147.341,
2025-08-13 17:00:00,147.345,147.424,147.314,147.388,
2025-08-13 18:00:00,147.386,147.513,147.384,147.431,
2025-08-13 19:00:00,147.43401,147.47501,147.38,147.442,
2025-08-13 20:00:00,147.44501,147.457,147.31599,147.355,
2025-08-13 21:00:00,147.36099,147.39799,147.23,147.24899,
2025-08-13 22:00:00,147.274,147.362,147.243,147.259,
2025-08-13 23:00:00,147.256,147.259,147.108,147.123,
2025-08-14 00:00:00,147.12199,147.123,146.616,146.688,
2025-08-14 01:00:00,146.688,146.69299,146.369,146.495,
2025-08-14 02:00:00,146.493,146.735,146.493,146.7,
2025-08-14 03:00:00,146.696,146.75101,146.537,146.54401,
2025-08-14 04:00:00,146.54201,146.56599,146.332,146.383,
2025-08-14 05:00:00,146.384,146.57001,146.38,146.468,
2025-08-14 06:00:00,146.467,146.52699,146.21001,146.48399,
2025-08-14 07:00:00,146.481,146.584,146.308,146.548,
2025-08-14 08:00:00,146.547,146.633,146.42,146.552,
2025-08-14 09:00:00,146.55099,146.653,146.433,146.631,
2025-08-14 10:00:00,146.63,146.67,146.429,146.526,
2025-08-14 11:00:00,146.524,146.629,146.431,146.493,
2025-08-14 12:00:00,146.492,147.106,146.422,146.95,
2025-08-14 13:00:00,146.95399,147.418,146.94501,147.41499,
2025-08-14 14:00:00,147.411,147.558,147.36099,147.48199,
2025-08-14 15:00:00,147.48199,147.804,147.47,147.69099,
2025-08-14 16:00:00,147.692,147.892,147.68401,147.845,
2025-08-14 17:00:00,147.847,147.908,147.74699,147.866,
2025-08-14 18:00:00,147.864,147.96201,147.84801,147.877,
2025-08-14 19:00:00,147.87199,147.88,147.76199,147.774,
2025-08-14 20:00:00,147.77499,147.784,147.718,147.75301,
2025-08-14 21:00:00,147.739,147.85201,147.694,147.761,
2025-08-14 22:00:00,147.76801,147.80901,147.73399,147.786,
2025-08-14 23:00:00,147.776,147.868,147.657,147.679,
2025-08-15 00:00:00,147.68201,147.72701,147.46201,147.483,
2025-08-15 01:00:00,147.476,147.515,147.198,147.285,
2025-08-15 02:00:00,147.282,147.394,147.248,147.284,
2025-08-15 03:00:00,147.284,147.297,147.174,147.22701,
2025-08-15 04:00:00,147.226,147.233,147.11,147.134,
2025-08-15 05:00:00,147.13901,147.173,147.042007,147.15199,
2025-08-15 06:00:00,147.146,147.22301,147.044998,147.095001,
2025-08-15 07:00:00,147.093994,147.22301,146.976,147.0050049,
2025-08-15 08:00:00,147.003006,147.014008,146.84801,146.85201,
2025-08-15 09:00:00,146.855,146.912,146.754,146.892,
2025-08-15 10:00:00,146.88901,146.97,146.798,146.952,
2025-08-15 11:00:00,146.94901,147.054001,146.90199,146.98,
2025-08-15 12:00:00,146.983,147.28,146.73399,146.89,
2025-08-15 13:00:00,146.882,147.098999,146.76401,146.961,
2025-08-15 14:00:00,146.96001,147.048996,146.79601,146.85001,
2025-08-15 15:00:00,146.851,147.046005,146.81,147.0059967,
2025-08-15 16:00:00,147,147.26401,146.99899,147.201,
2025-08-15 17:00:00,147.196,147.332,147.19501,147.23801,
2025-08-15 18:00:00,147.233,147.30901,147.198,147.211,
2025-08-15 19:00:00,147.211,147.25301,147.188,147.239,
2025-08-15 20:00:00,147.235,147.256,147.138,147.177,
2025-08-17 23:00:00,147.17,147.38499,147.161,147.233,
2025-08-18 00:00:00,147.226,147.463,147.22099,147.42101,
2025-08-18 01:00:00,147.42101,147.584,147.328,147.33,
2025-08-18 02:00:00,147.328,147.52499,147.29401,147.46201,
2025-08-18 03:00:00,147.452,147.48399,147.33,147.383,
2025-08-18 04:00:00,147.38,147.507,147.34801,147.373,
2025-08-18 05:00:00,147.373,147.455,147.33,147.38,
2025-08-18 06:00:00,147.379,147.49899,147.315,147.37801,
2025-08-18 07:00:00,147.37,147.47,147.11301,147.448,
2025-08-18 08:00:00,147.448,147.521,147.246,147.336,
2025-08-18 09:00:00,147.336,147.47301,147.27299,147.408,
2025-08-18 10:00:00,147.411,147.46899,147.358,147.42101,
2025-08-18 11:00:00,147.42,147.57401,147.35899,147.548,
2025-08-18 12:00:00,147.547,147.79401,147.51199,147.728,
2025-08-18 13:00:00,147.728,147.92,147.70799,147.82001,
2025-08-18 14:00:00,147.81,147.98,147.68201,147.936,
2025-08-18 15:00:00,147.936,147.985,147.73,147.754,
2025-08-18 16:00:00,147.754,147.80701,147.674,147.78999,
2025-08-18 17:00:00,147.78999,147.825,147.65401,147.797,
2025-08-18 18:00:00,147.797,147.864,147.735,147.85899,
2025-08-18 19:00:00,147.85699,147.886,147.819,147.819,
2025-08-18 20:00:00,147.819,147.925,147.80099,147.869,
2025-08-18 21:00:00,147.87,147.87,147.71201,147.80299,
2025-08-18 22:00:00,147.798,147.88499,147.752,147.854,
2025-08-18 23:00:00,147.871,147.981,147.871,147.916,
2025-08-19 00:00:00,147.916,147.98199,147.767,147.776,
2025-08-19 01:00:00,147.771,148.11301,147.61501,147.746,
2025-08-19 02:00:00,147.74001,147.827,147.65601,147.80299,
2025-08-19 03:00:00,147.81,147.87801,147.718,147.82401,
2025-08-19 04:00:00,147.83,147.875,147.73599,147.754,
2025-08-19 05:00:00,147.75999,147.778,147.608,147.63901,
2025-08-19 06:00:00,147.642,147.707,147.56599,147.595,
2025-08-19 07:00:00,147.59801,147.71001,147.52699,147.69901,
2025-08-19 08:00:00,147.70399,147.75,147.617,147.664,
2025-08-19 09:00:00,147.659,147.813,147.617,147.76401,
2025-08-19 10:00:00,147.76401,147.77,147.59599,147.713,
2025-08-19 11:00:00,147.705,147.82001,147.642,147.70599,
2025-08-19 12:00:00,147.70599,147.853,147.689,147.776,
2025-08-19 13:00:00,147.776,147.903,147.631,147.647,
2025-08-19 14:00:00,147.647,147.80701,147.547,147.726,
2025-08-19 15:00:00,147.73199,147.791,147.62399,147.726,
2025-08-19 16:00:00,147.726,147.726,147.549,147.619,
2025-08-19 17:00:00,147.619,147.647,147.439,147.472,
2025-08-19 18:00:00,147.46899,147.578,147.446,147.507,
2025-08-19 19:00:00,147.507,147.58701,147.45399,147.578,
2025-08-19 20:00:00,147.578,147.698,147.578,147.655,
2025-08-19 21:00:00,147.662,147.66499,147.55099,147.55099,
2025-08-19 22:00:00,147.563,147.647,147.54601,147.59599,
2025-08-19 23:00:00,147.59399,147.756,147.589,147.739,
2025-08-20 00:00:00,147.733,147.817,147.49899,147.56799,
2025-08-20 01:00:00,147.56799,147.666,147.416,147.49699,
2025-08-20 02:00:00,147.492,147.62199,147.465,147.57899,
2025-08-20 03:00:00,147.573,147.591,147.44901,147.526,
2025-08-20 04:00:00,147.522,147.608,147.45,147.575,
2025-08-20 05:00:00,147.575,147.58099,147.399,147.455,
2025-08-20 06:00:00,147.45599,147.476,147.132,147.37199,
2025-08-20 07:00:00,147.37801,147.696,147.32401,147.621,
2025-08-20 08:00:00,147.62199,147.647,147.51801,147.582,
2025-08-20 09:00:00,147.58,147.591,147.41701,147.47301,
2025-08-20 10:00:00,147.47301,147.494,147.36301,147.451,
2025-08-20 11:00:00,147.446,147.547,147.412,147.533,
2025-08-20 12:00:00,147.533,147.539,147.235,147.27,
2025-08-20 13:00:00,147.27,147.44,147.078003,147.145,
2025-08-20 14:00:00,147.15199,147.255,146.866,146.995,
2025-08-20 15:00:00,146.99001,147.211,146.944,147.19,
2025-08-20 16:00:00,147.19,147.231,147.091995,147.11099,
2025-08-20 17:00:00,147.11301,147.14101,147.0070038,147.022995,
2025-08-20 18:00:00,147.020004,147.287,146.993,147.269,
2025-08-20 19:00:00,147.26601,147.35699,147.23199,147.342,
2025-08-20 20:00:00,147.33299,147.493,147.28101,147.30901,
2025-08-20 21:00:00,147.311,147.334,147.258,147.293,
2025-08-20 22:00:00,147.29601,147.37,147.248,147.339,
2025-08-20 23:00:00,147.339,147.41299,147.29201,147.297,
2025-08-21 00:00:00,147.298,147.46201,147.24899,147.383,
2025-08-21 01:00:00,147.381,147.507,147.30701,147.42101,
2025-08-21 02:00:00,147.424,147.45399,147.25,147.33701,
2025-08-21 03:00:00,147.33701,147.44701,147.283,147.41901,
2025-08-21 04:00:00,147.414,147.42999,147.341,147.381,
2025-08-21 05:00:00,147.382,147.5,147.364,147.422,
2025-08-21 06:00:00,147.423,147.57899,147.33299,147.55901,
2025-08-21 07:00:00,147.55901,147.63901,147.506,147.59,
2025-08-21 08:00:00,147.59,147.62601,147.55099,147.582,
2025-08-21 09:00:00,147.58501,147.69701,147.474,147.66499,
2025-08-21 10:00:00,147.67,147.89101,147.65601,147.84801,
2025-08-21 11:00:00,147.836,147.933,147.81599,147.924,
2025-08-21 12:00:00,147.91901,147.92999,147.575,147.75,
2025-08-21 13:00:00,147.74899,147.94099,147.578,147.789,
2025-08-21 14:00:00,147.79401,148.17,147.789,148.15199,
2025-08-21 15:00:00,148.15601,148.403,148.072998,148.353,
2025-08-21 16:00:00,148.35201,148.395,148.272,148.282,
2025-08-21 17:00:00,148.282,148.306,148.16499,148.272,
2025-08-21 18:00:00,148.26601,148.34801,148.22701,148.341,
2025-08-21 19:00:00,148.347,148.407,148.339,148.371,
2025-08-21 20:00:00,148.371,148.38499,148.315,148.35201,
2025-08-21 21:00:00,148.36301,148.381,148.215,148.349,
2025-08-21 22:00:00,148.342,148.37801,148.312,148.328,
2025-08-21 23:00:00,148.328,148.45399,148.28799,148.386,
2025-08-22 00:00:00,148.379,148.506,148.27499,148.46899,
2025-08-22 01:00:00,148.47,148.685,148.405,148.54401,
2025-08-22 02:00:00,148.54401,148.56,148.451,148.48801,
2025-08-22 03:00:00,148.48399,148.717,148.478,148.67,
2025-08-22 04:00:00,148.666,148.763,148.63901,148.745,
2025-08-22 05:00:00,148.739,148.778,148.59399,148.657,
2025-08-22 06:00:00,148.659,148.70799,148.416,148.51199,
2025-08-22 07:00:00,148.50999,148.62199,148.40601,148.601,
2025-08-22 08:00:00,148.604,148.675,148.53999,148.634,
2025-08-22 09:00:00,148.632,148.71001,148.595,148.707,
2025-08-22 10:00:00,148.69299,148.73399,148.61501,148.627,
2025-08-22 11:00:00,148.627,148.74001,148.592,148.71001,
2025-08-22 12:00:00,148.709,148.722,148.597,148.70599,
2025-08-22 13:00:00,148.69901,148.72,148.48801,148.599,
2025-08-22 14:00:00,148.599,148.603,146.80099,146.853,
2025-08-22 15:00:00,146.849,146.896,146.56799,146.81799,
2025-08-22 16:00:00,146.827,146.851,146.642,146.70799,
2025-08-22 17:00:00,146.702,146.73801,146.57201,146.63699,
2025-08-22 18:00:00,146.645,146.875,146.599,146.85899,
2025-08-22 19:00:00,146.86501,147.0010071,146.839,146.963,
2025-08-22 20:00:00,146.965,146.98801,146.86099,146.903,
2025-08-24 23:00:00,147.063004,147.306,147.039001,147.263,
2025-08-25 00:00:00,147.26199,147.52699,147.243,147.38499,
2025-08-25 01:00:00,147.38499,147.461,147.248,147.397,
2025-08-25 02:00:00,147.39101,147.515,147.388,147.433,
2025-08-25 03:00:00,147.433,147.437,147.299,147.33701,
2025-08-25 04:00:00,147.33501,147.358,147.2,147.228,
2025-08-25 05:00:00,147.23,147.37601,147.226,147.29601,
2025-08-25 06:00:00,147.29401,147.319,147.091995,147.16499,
2025-08-25 07:00:00,147.158,147.371,147.134,147.33099,
2025-08-25 08:00:00,147.33099,147.369,147.25,147.286,
2025-08-25 09:00:00,147.28101,147.383,147.216,147.343,
2025-08-25 10:00:00,147.343,147.448,147.31599,147.439,
2025-08-25 11:00:00,147.43401,147.446,147.27699,147.31599,
2025-08-25 12:00:00,147.32201,147.452,147.30701,147.381,
2025-08-25 13:00:00,147.375,147.54601,147.299,147.299,
2025-08-25 14:00:00,147.314,147.495,147.285,147.489,
2025-08-25 15:00:00,147.48199,147.673,147.394,147.606,
2025-08-25 16:00:00,147.606,147.631,147.511,147.533,
2025-08-25 17:00:00,147.53101,147.59599,147.495,147.562,
2025-08-25 18:00:00,147.55499,147.826,147.53101,147.808,
2025-08-25 19:00:00,147.80499,147.937,147.783,147.82201,
2025-08-25 20:00:00,147.814,147.855,147.658,147.763,
2025-08-25 21:00:00,147.76401,147.882,147.59801,147.67999,
2025-08-25 22:00:00,147.67,147.79201,147.645,147.74001,
2025-08-25 23:00:00,147.72501,147.854,147.688,147.80901,
2025-08-26 00:00:00,147.81,147.87601,146.981,147.105,
2025-08-26 01:00:00,147.105,147.379,147.10201,147.31799,
2025-08-26 02:00:00,147.313,147.608,147.248,147.51601,
2025-08-26 03:00:00,147.51199,147.80701,147.50999,147.791,
2025-08-26 04:00:00,147.791,147.814,147.715,147.76801,
2025-08-26 05:00:00,147.771,147.88699,147.66499,147.71001,
2025-08-26 06:00:00,147.70599,147.83099,147.63,147.776,
2025-08-26 07:00:00,147.771,147.908,147.633,147.69,
2025-08-26 08:00:00,147.69,147.7,147.487,147.57201,
2025-08-26 09:00:00,147.564,147.62199,147.48199,147.543,
2025-08-26 10:00:00,147.54401,147.66701,147.468,147.58299,
2025-08-26 11:00:00,147.582,147.623,147.394,147.46201,
2025-08-26 12:00:00,147.45599,147.549,147.321,147.536,
2025-08-26 13:00:00,147.54401,147.686,147.52901,147.545,
2025-08-26 14:00:00,147.539,147.72099,147.483,147.496,
2025-08-26 15:00:00,147.496,147.502,147.289,147.31,
2025-08-26 16:00:00,147.313,147.31599,147.093994,147.302,
2025-08-26 17:00:00,147.302,147.38699,147.265,147.381,
2025-08-26 18:00:00,147.38699,147.54401,147.33,147.37399,
2025-08-26 19:00:00,147.37601,147.44299,147.299,147.43201,
2025-08-26 20:00:00,147.431,147.489,147.30901,147.358,
2025-08-26 21:00:00,147.35899,147.386,147.22701,147.349,
2025-08-26 22:00:00,147.383,147.48199,147.339,147.444,
2025-08-26 23:00:00,147.425,147.509,147.355,147.47,
2025-08-27 00:00:00,147.467,147.58299,147.39799,147.58299,
2025-08-27 01:00:00,147.575,147.649,147.508,147.59599,
2025-08-27 02:00:00,147.60001,147.737,147.59399,147.724,
2025-08-27 03:00:00,147.715,147.85201,147.70599,147.825,
2025-08-27 04:00:00,147.825,147.95799,147.821,147.938,
2025-08-27 05:00:00,147.938,147.96899,147.797,147.812,
2025-08-27 06:00:00,147.80901,147.84,147.649,147.71001,
2025-08-27 07:00:00,147.705,147.896,147.705,147.75101,
2025-08-27 08:00:00,147.758,148.0039978,147.73801,147.91,
2025-08-27 09:00:00,147.91,148.031006,147.858,148.026993,
2025-08-27 10:00:00,148.031998,148.145,147.959,148.117,
2025-08-27 11:00:00,148.11301,148.183,148.026001,148.14101,
2025-08-27 12:00:00,148.136,148.146,147.978,148.069,
2025-08-27 13:00:00,148.063995,148.12801,147.912,148.084,
2025-08-27 14:00:00,148.080002,148.093994,147.819,147.85899,
2025-08-27 15:00:00,147.86301,147.866,147.685,147.742,
2025-08-27 16:00:00,147.742,147.754,147.33299,147.353,
2025-08-27 17:00:00,147.36099,147.42799,147.287,147.349,
2025-08-27 18:00:00,147.35699,147.489,147.349,147.40199,
2025-08-27 19:00:00,147.409,147.521,147.40199,147.474,
2025-08-27 20:00:00,147.474,147.517,147.368,147.379,
2025-08-27 21:00:00,147.408,147.466,147.24899,147.383,
2025-08-27 22:00:00,147.37601,147.41299,147.19501,147.272,
2025-08-27 23:00:00,147.276,147.343,147.216,147.33701,
2025-08-28 00:00:00,147.33,147.489,147.27,147.28999,
2025-08-28 01:00:00,147.29201,147.44701,147.185,147.34,
2025-08-28 02:00:00,147.33701,147.367,147.22701,147.242,
2025-08-28 03:00:00,147.243,147.291,147.076996,147.089005,
2025-08-28 04:00:00,147.089005,147.20799,147.078003,147.157,
2025-08-28 05:00:00,147.15401,147.20799,147.076996,147.157,
2025-08-28 06:00:00,147.065002,147.34599,146.993,147.302,
2025-08-28 07:00:00,147.302,147.403,147.14999,147.162,
2025-08-28 08:00:00,147.162,147.369,147.125,147.183,
2025-08-28 09:00:00,147.189,147.189,147.059998,147.134,
2025-08-28 10:00:00,147.134,147.16499,146.90199,146.922,
2025-08-28 11:00:00,146.922,146.967,146.802,146.923,
2025-08-28 12:00:00,146.923,147.16901,146.849,147.098007,
2025-08-28 13:00:00,147.103,147.23199,147.020996,147.091995,
2025-08-28 14:00:00,147.084,147.117,146.87,146.968,
2025-08-28 15:00:00,146.967,147.070007,146.94299,146.991,
2025-08-28 16:00:00,146.98801,146.99699,146.82401,146.842,
2025-08-28 17:00:00,146.85001,146.854,146.65401,146.80099,
2025-08-28 18:00:00,146.802,146.888,146.79601,146.81599,
2025-08-28 19:00:00,146.817,146.935,146.802,146.91701,
2025-08-28 20:00:00,146.918,146.99699,146.895,146.918,
2025-08-28 21:00:00,146.895,146.94501,146.81599,146.935,
2025-08-28 22:00:00,146.93401,147.082001,146.908,147.026993,
2025-08-28 23:00:00,147.033997,147.035004,146.78999,146.83,
2025-08-29 00:00:00,146.83,146.976,146.754,146.819,
2025-08-29 01:00:00,146.819,147.114,146.77699,147.0050049,
2025-08-29 02:00:00,146.993,147.0039978,146.82201,146.88901,
2025-08-29 03:00:00,146.888,146.993,146.886,146.987,
2025-08-29 04:00:00,146.981,147.039993,146.89799,146.89799,
2025-08-29 05:00:00,146.899,147.026001,146.897,147.0099945,
2025-08-29 06:00:00,147.0010071,147.174,146.95399,147.15401,
2025-08-29 07:00:00,147.15401,147.198,146.955,146.996,
2025-08-29 08:00:00,146.996,147.029999,146.86301,146.953,
2025-08-29 09:00:00,146.94501,147.11301,146.93201,147.089996,
2025-08-29 10:00:00,147.089996,147.24899,147.072006,147.19099,
2025-08-29 11:00:00,147.19099,147.26401,147.16901,147.245,
2025-08-29 12:00:00,147.25101,147.411,147.12601,147.32201,
2025-08-29 13:00:00,147.315,147.39,147.078003,147.093994,
2025-08-29 14:00:00,147.104,147.104,146.802,146.825,
2025-08-29 15:00:00,146.827,146.972,146.761,146.89999,
2025-08-29 16:00:00,146.907,146.964,146.84801,146.908,
2025-08-29 17:00:00,146.91,147.0070038,146.87801,146.976,
2025-08-29 18:00:00,146.976,147.026993,146.95399,147.014999,
2025-08-29 19:00:00,147.0090027,147.044998,146.916,146.955,
2025-08-29 20:00:00,146.96201,147.12199,146.92,146.998,
2025-08-29 21:00:00,146.993,146.993,146.993,146.993,
2025-08-31 23:00:00,147.12,147.189,147.076004,147.112,
2025-09-01 00:00:00,147.12,147.257,147.11301,147.22701,
2025-09-01 01:00:00,147.22701,147.382,147.17599,147.289,
2025-09-01 02:00:00,147.28799,147.297,146.84399,146.892,
2025-09-01 03:00:00,146.892,147.003006,146.83501,146.88,
2025-09-01 04:00:00,146.88,147.061996,146.877,147.041,
2025-09-01 05:00:00,147.044998,147.059998,146.89101,146.91499,
2025-09-01 06:00:00,146.908,146.94701,146.78,146.937,
2025-09-01 07:00:00,146.92999,147.203,146.892,147.065002,
2025-09-01 08:00:00,147.067993,147.202,146.95599,146.98199,
2025-09-01 09:00:00,146.98199,147.12,146.93401,147.098999,
2025-09-01 10:00:00,147.098999,147.144,147.044998,147.131,
2025-09-01 11:00:00,147.12399,147.168,147.054001,147.15199,
2025-09-01 12:00:00,147.158,147.233,147.146,147.196,
2025-09-01 13:00:00,147.203,147.274,147.162,147.24699,
2025-09-01 14:00:00,147.24699,147.298,147.216,147.28799,
2025-09-01 15:00:00,147.283,147.306,147.246,147.26401,
2025-09-01 16:00:00,147.26401,147.286,147.194,147.23199,
2025-09-01 17:00:00,147.229,147.241,147.205,147.216,
2025-09-01 18:00:00,147.211,147.235,147.202,147.214,
2025-09-01 19:00:00,147.214,147.22,147.149,147.186,
2025-09-01 20:00:00,147.185,147.19099,147.13699,147.16,
2025-09-01 21:00:00,147.16299,147.312,147.061005,147.153,
2025-09-01 22:00:00,147.138,147.2,147.117,147.14799,
2025-09-01 23:00:00,147.16499,147.177,147.039993,147.089996,
2025-09-02 00:00:00,147.085007,147.35899,147.082001,147.30499,
2025-09-02 01:00:00,147.297,147.584,147.187,147.536,
2025-09-02 02:00:00,147.536,147.716,147.522,147.657,
2025-09-02 03:00:00,147.657,147.75,147.567,147.69901,
2025-09-02 04:00:00,147.69901,147.86099,147.679,147.72,
2025-09-02 05:00:00,147.717,147.924,147.69299,147.91299,
2025-09-02 06:00:00,147.918,148.050995,147.901,147.95799,
2025-09-02 07:00:00,147.968,148.743,147.946,148.64999,
2025-09-02 08:00:00,148.65601,148.793,148.217,148.439,
2025-09-02 09:00:00,148.435,148.646,148.367,148.55901,
2025-09-02 10:00:00,148.556,148.709,148.53,148.601,
2025-09-02 11:00:00,148.592,148.744,148.508,148.62,
2025-09-02 12:00:00,148.62199,148.94501,148.52699,148.82401,
2025-09-02 13:00:00,148.823,148.84801,148.342,148.405,
2025-09-02 14:00:00,148.407,148.41,147.92999,148.082001,
2025-09-02 15:00:00,148.082993,148.33701,148.063004,148.22501,
2025-09-02 16:00:00,148.22501,148.33701,148.196,148.295,
2025-09-02 17:00:00,148.29201,148.41901,148.241,148.382,
2025-09-02 18:00:00,148.377,148.534,148.36301,148.468,
2025-09-02 19:00:00,148.47501,148.483,148.312,148.35201,
2025-09-02 20:00:00,148.35201,148.41299,148.30299,148.355,
2025-09-02 21:00:00,148.35201,148.35201,148.25999,148.334,
2025-09-02 22:00:00,148.319,148.56,148.29601,148.49699,
2025-09-02 23:00:00,148.49699,148.58701,148.444,148.577,
2025-09-03 00:00:00,148.58099,148.76601,148.505,148.75101,
2025-09-03 01:00:00,148.75301,148.90199,148.71899,148.866,
2025-09-03 02:00:00,148.85899,148.903,148.70399,148.83501,
2025-09-03 03:00:00,148.83501,148.91901,148.804,148.90601,
2025-09-03 04:00:00,148.90601,148.923,148.548,148.582,
2025-09-03 05:00:00,148.582,148.659,148.48399,148.589,
2025-09-03 06:00:00,148.59801,148.683,148.506,148.606,
2025-09-03 07:00:00,148.60899,149.13699,148.606,148.731,
2025-09-03 08:00:00,148.735,148.77299,148.558,148.586,
2025-09-03 09:00:00,148.58099,148.70799,148.427,148.552,
2025-09-03 10:00:00,148.552,148.735,148.47099,148.69501,
2025-09-03 11:00:00,148.688,148.72701,148.593,148.612,
2025-09-03 12:00:00,148.61099,148.798,148.541,148.72099,
2025-09-03 13:00:00,148.72099,148.797,148.56799,148.632,
2025-09-03 14:00:00,148.62601,148.638,148.065002,148.166,
2025-09-03 15:00:00,148.16701,148.201,147.925,147.964,
2025-09-03 16:00:00,147.965,148.031006,147.903,147.935,
2025-09-03 17:00:00,147.93401,148.056,147.875,148.033997,
2025-09-03 18:00:00,148.031998,148.069,147.912,147.966,
2025-09-03 19:00:00,147.96899,148.133,147.959,148.132,
2025-09-03 20:00:00,148.13,148.16,148.072006,148.072006,
2025-09-03 21:00:00,148.046005,148.093994,148.014999,148.037994,
2025-09-03 22:00:00,148.042999,148.144,148.028,148.054001,
2025-09-03 23:00:00,148.050003,148.061996,147.944,147.972,
2025-09-04 00:00:00,147.97099,148.17,147.899,148.022995,
2025-09-04 01:00:00,148.024002,148.11099,147.784,148.0090027,
2025-09-04 02:00:00,148.0059967,148.19099,148.0059967,148.132,
2025-09-04 03:00:00,148.13499,148.263,148.114,148.242,
2025-09-04 04:00:00,148.242,148.284,148.123,148.239,
2025-09-04 05:00:00,148.23399,148.28101,148.155,148.22099,
2025-09-04 06:00:00,148.222,148.246,148.12601,148.19,
2025-09-04 07:00:00,148.19099,148.414,148.106,148.36099,
2025-09-04 08:00:00,148.35899,148.405,148.131,148.211,
2025-09-04 09:00:00,148.211,148.37199,148.162,148.314,
2025-09-04 10:00:00,148.314,148.336,148.19901,148.257,
2025-09-04 11:00:00,148.257,148.39101,148.245,148.33701,
2025-09-04 12:00:00,148.33701,148.53,148.0019989,148.422,
2025-09-04 13:00:00,148.422,148.528,148.345,148.41701,
2025-09-04 14:00:00,148.41701,148.75101,148.38,148.73399,
2025-09-04 15:00:00,148.73199,148.778,148.621,148.62601,
2025-09-04 16:00:00,148.625,148.74001,148.592,148.621,
2025-09-04 17:00:00,148.616,148.673,148.601,148.638,
2025-09-04 18:00:00,148.638,148.651,148.533,148.565,
2025-09-04 19:00:00,148.55499,148.56599,148.44901,148.48199,
2025-09-04 20:00:00,148.479,148.552,148.42599,148.466,
2025-09-04 21:00:00,148.479,148.54201,148.319,148.396,
2025-09-04 22:00:00,148.396,148.515,148.375,148.44,
2025-09-04 23:00:00,148.472,148.505,148.295,148.38699,
2025-09-05 00:00:00,148.416,148.438,148.097,148.168,
2025-09-05 01:00:00,148.164,148.26401,148.084,148.13499,
2025-09-05 02:00:00,148.13499,148.181,148.076004,148.173,
2025-09-05 03:00:00,148.17999,148.207,148.105,148.17,
2025-09-05 04:00:00,148.17599,148.237,148.16299,148.213,
2025-09-05 05:00:00,148.214,148.218,148.166,148.16701,
2025-09-05 06:00:00,148.16701,148.274,148.14301,148.235,
2025-09-05 07:00:00,148.23199,148.258,148.186,148.20799,
2025-09-05 08:00:00,148.21201,148.22301,148.108,148.15601,
2025-09-05 09:00:00,148.158,148.188,148.082001,148.16701,
2025-09-05 10:00:00,148.16701,148.185,148.076004,148.14,
2025-09-05 11:00:00,148.14,148.25101,148.129,148.192,
2025-09-05 12:00:00,148.192,148.198,147.166,147.293,
2025-09-05 13:00:00,147.297,147.467,147.035995,147.050995,
2025-09-05 14:00:00,147.057999,147.209,146.98599,147.072998,
2025-09-05 15:00:00,147.072006,147.085007,146.812,146.83701,
2025-09-05 16:00:00,146.839,147.151,146.817,147.142,
2025-09-05 17:00:00,147.13901,147.30299,147.12601,147.27,
2025-09-05 18:00:00,147.27,147.485,147.25999,147.46001,
2025-09-05 19:00:00,147.459,147.502,147.369,147.465,
2025-09-05 20:00:00,147.45799,147.506,147.325,147.394,
2025-09-07 23:00:00,148.42799,148.452,148.203,148.317,
2025-09-08 00:00:00,148.315,148.577,148.287,148.33299,
2025-09-08 01:00:00,148.33299,148.38699,148.118,148.13499,
2025-09-08 02:00:00,148.131,148.153,148,148.076004,
2025-09-08 03:00:00,148.074997,148.22301,148.0090027,148.19701,
2025-09-08 04:00:00,148.196,148.25301,148.106,148.16901,
2025-09-08 05:00:00,148.159,148.17999,147.99899,148.13499,
2025-09-08 06:00:00,148.136,148.161,147.797,147.827,
2025-09-08 07:00:00,147.82001,147.834,147.50999,147.52499,
2025-09-08 08:00:00,147.52499,147.74001,147.46001,147.68201,
2025-09-08 09:00:00,147.67999,147.771,147.65601,147.748,
2025-09-08 10:00:00,147.75101,147.879,147.741,147.80099,
2025-09-08 11:00:00,147.80299,147.819,147.672,147.77299,
2025-09-08 12:00:00,147.774,147.881,147.64301,147.69501,
2025-09-08 13:00:00,147.69,147.744,147.533,147.67101,
2025-09-08 14:00:00,147.677,147.87399,147.618,147.744,
2025-09-08 15:00:00,147.74899,147.765,147.541,147.58299,
2025-09-08 16:00:00,147.58299,147.77699,147.548,147.687,
2025-09-08 17:00:00,147.67999,147.76601,147.66701,147.729,
2025-09-08 18:00:00,147.72501,147.731,147.442,147.459,
2025-09-08 19:00:00,147.455,147.474,147.33099,147.411,
2025-09-08 20:00:00,147.411,147.539,147.37399,147.448,
2025-09-08 21:00:00,147.48,147.575,147.394,147.494,
2025-09-08 22:00:00,147.493,147.511,147.37801,147.40401,
2025-09-08 23:00:00,147.405,147.41901,147.20599,147.368,
2025-09-09 00:00:00,147.368,147.43201,147.146,147.339,
2025-09-09 01:00:00,147.343,147.399,147.194,147.23801,
2025-09-09 02:00:00,147.231,147.341,147.20599,147.328,
2025-09-09 03:00:00,147.328,147.40199,147.31599,147.35699,
2025-09-09 04:00:00,147.35699,147.37601,147.089005,147.123,
2025-09-09 05:00:00,147.127,147.132,146.84,146.854,
2025-09-09 06:00:00,146.84599,147.134,146.812,147.046005,
2025-09-09 07:00:00,147.046005,147.315,146.991,147.201,
2025-09-09 08:00:00,147.201,147.33299,146.55299,146.62199,
2025-09-09 09:00:00,146.62,146.621,146.304,146.34399,
2025-09-09 10:00:00,146.343,146.52,146.323,146.465,
2025-09-09 11:00:00,146.465,146.765,146.45599,146.729,
2025-09-09 12:00:00,146.72501,147.0070038,146.72099,146.918,
2025-09-09 13:00:00,146.918,146.966,146.771,146.864,
2025-09-09 14:00:00,146.87,147.133,146.51401,147.095001,
2025-09-09 15:00:00,147.093994,147.349,147.089996,147.231,
2025-09-09 16:00:00,147.231,147.336,147.174,147.26801,
2025-09-09 17:00:00,147.26601,147.36099,147.231,147.347,
2025-09-09 18:00:00,147.353,147.43201,147.31,147.395,
2025-09-09 19:00:00,147.39799,147.46201,147.384,147.44299,
2025-09-09 20:00:00,147.44501,147.47,147.37399,147.395,
2025-09-09 21:00:00,147.40401,147.408,147.241,147.368,
2025-09-09 22:00:00,147.366,147.41499,147.336,147.343,
2025-09-09 23:00:00,147.349,147.451,147.33,147.38901,
2025-09-10 00:00:00,147.38901,147.476,147.36301,147.418,
2025-09-10 01:00:00,147.418,147.571,147.327,147.39,
2025-09-10 02:00:00,147.39,147.412,147.291,147.29601,
2025-09-10 03:00:00,147.295,147.399,147.26401,147.388,
2025-09-10 04:00:00,147.388,147.459,147.31799,147.326,
2025-09-10 05:00:00,147.321,147.485,147.27499,147.42599,
2025-09-10 06:00:00,147.41901,147.586,147.328,147.565,
2025-09-10 07:00:00,147.56799,147.57001,147.388,147.493,
2025-09-10 08:00:00,147.493,147.55701,147.39,147.517,
2025-09-10 09:00:00,147.51199,147.541,147.39101,147.418,
2025-09-10 10:00:00,147.423,147.483,147.39,147.47099,
2025-09-10 11:00:00,147.47501,147.54401,147.44099,147.508,
2025-09-10 12:00:00,147.508,147.647,147.084,147.52699,
2025-09-10 13:00:00,147.52699,147.604,147.269,147.336,
2025-09-10 14:00:00,147.34,147.427,147.258,147.401,
2025-09-10 15:00:00,147.40199,147.44,147.308,147.362,
2025-09-10 16:00:00,147.36099,147.412,147.27499,147.371,
2025-09-10 17:00:00,147.371,147.39101,147.242,147.328,
2025-09-10 18:00:00,147.328,147.353,147.242,147.32001,
2025-09-10 19:00:00,147.32001,147.467,147.30901,147.41299,
2025-09-10 20:00:00,147.407,147.463,147.37399,147.44901,
2025-09-10 21:00:00,147.46001,147.46001,147.297,147.36,
2025-09-10 22:00:00,147.369,147.422,147.33299,147.34399,
2025-09-10 23:00:00,147.33701,147.377,147.27699,147.347,
2025-09-11 00:00:00,147.349,147.467,147.341,147.455,
2025-09-11 01:00:00,147.45399,147.47701,147.315,147.38499,
2025-09-11 02:00:00,147.38699,147.479,147.37,147.461,
2025-09-11 03:00:00,147.457,147.476,147.427,147.44,
2025-09-11 04:00:00,147.44,147.455,147.409,147.43201,
2025-09-11 05:00:00,147.429,147.586,147.42101,147.578,
2025-09-11 06:00:00,147.578,147.78999,147.554,147.71899,
2025-09-11 07:00:00,147.71899,147.832,147.649,147.77299,
2025-09-11 08:00:00,147.77299,147.86301,147.76199,147.84599,
2025-09-11 09:00:00,147.843,147.99001,147.834,147.95599,
2025-09-11 10:00:00,147.95599,147.98801,147.89101,147.96899,
2025-09-11 11:00:00,147.965,147.987,147.897,147.963,
2025-09-11 12:00:00,147.963,148.17999,147.355,147.52499,
2025-09-11 13:00:00,147.52299,147.62,147.323,147.354,
2025-09-11 14:00:00,147.354,147.377,146.98801,147.183,
2025-09-11 15:00:00,147.186,147.308,147.048004,147.16701,
2025-09-11 16:00:00,147.162,147.16901,146.98,147.054001,
2025-09-11 17:00:00,147.052002,147.304,147.044998,147.286,
2025-09-11 18:00:00,147.286,147.306,147.14,147.17,
2025-09-11 19:00:00,147.173,147.192,147.082001,147.162,
2025-09-11 20:00:00,147.159,147.243,147.11,147.19299,
2025-09-11 21:00:00,147.201,147.21001,147.125,147.15401,
2025-09-11 22:00:00,147.172,147.229,147.11,147.19701,
2025-09-11 23:00:00,147.17999,147.237,147.144,147.22301,
2025-09-12 00:00:00,147.22301,147.338,147.159,147.22501,
2025-09-12 01:00:00,147.22501,147.44701,147.207,147.411,
2025-09-12 02:00:00,147.41299,147.478,147.39301,147.41701,
2025-09-12 03:00:00,147.41701,147.479,147.41701,147.44099,
2025-09-12 04:00:00,147.44099,147.545,147.44099,147.50101,
2025-09-12 05:00:00,147.502,147.554,147.325,147.347,
2025-09-12 06:00:00,147.341,147.506,147.31799,147.39799,
2025-09-12 07:00:00,147.40401,147.483,147.23599,147.45399,
2025-09-12 08:00:00,147.45,147.92599,147.44701,147.89,
2025-09-12 09:00:00,147.896,147.98199,147.85001,147.922,
2025-09-12 10:00:00,147.92101,147.938,147.73599,147.746,
2025-09-12 11:00:00,147.748,147.855,147.679,147.834,
2025-09-12 12:00:00,147.83501,148.072006,147.802,147.84399,
2025-09-12 13:00:00,147.845,147.88699,147.69,147.718,
2025-09-12 14:00:00,147.72,147.761,147.584,147.666,
2025-09-12 15:00:00,147.66701,147.864,147.646,147.85201,
2025-09-12 16:00:00,147.85201,147.875,147.625,147.679,
2025-09-12 17:00:00,147.679,147.68401,147.508,147.556,
2025-09-12 18:00:00,147.554,147.561,147.466,147.48199,
2025-09-12 19:00:00,147.48199,147.60899,147.45799,147.58501,
2025-09-12 20:00:00,147.576,147.722,147.57201,147.645,
2025-09-14 23:00:00,147.70399,147.726,147.62199,147.67,
2025-09-15 00:00:00,147.67,147.689,147.53999,147.54601,
2025-09-15 01:00:00,147.543,147.586,147.534,147.57001,
2025-09-15 02:00:00,147.57001,147.61,147.50101,147.511,
2025-09-15 03:00:00,147.51199,147.517,147.39799,147.423,
2025-09-15 04:00:00,147.423,147.453,147.334,147.39799,
2025-09-15 05:00:00,147.39799,147.52,147.386,147.509,
2025-09-15 06:00:00,147.506,147.60699,147.492,147.52499,
2025-09-15 07:00:00,147.52499,147.59399,147.368,147.463,
2025-09-15 08:00:00,147.465,147.483,147.37,147.407,
2025-09-15 09:00:00,147.407,147.429,147.30499,147.366,
2025-09-15 10:00:00,147.362,147.40601,147.23801,147.39,
2025-09-15 11:00:00,147.388,147.478,147.317,147.41,
2025-09-15 12:00:00,147.412,147.41701,147.243,147.26601,
2025-09-15 13:00:00,147.265,147.353,147.226,147.347,
2025-09-15 14:00:00,147.34599,147.47,147.343,147.414,
2025-09-15 15:00:00,147.41701,147.435,147.26401,147.26801,
2025-09-15 16:00:00,147.26801,147.416,147.23801,147.32899,
2025-09-15 17:00:00,147.32899,147.371,147.23801,147.248,
2025-09-15 18:00:00,147.248,147.327,147.23599,147.326,
2025-09-15 19:00:00,147.319,147.41299,147.30499,147.383,
2025-09-15 20:00:00,147.383,147.42999,147.358,147.37801,
2025-09-15 21:00:00,147.37399,147.37801,147.27299,147.317,
2025-09-15 22:00:00,147.31599,147.401,147.31599,147.39301,
2025-09-15 23:00:00,147.38699,147.42599,147.33,147.395,
2025-09-16 00:00:00,147.399,147.502,147.34399,147.437,
2025-09-16 01:00:00,147.44,147.53799,147.258,147.347,
2025-09-16 02:00:00,147.347,147.353,147.112,147.146,
2025-09-16 03:00:00,147.146,147.198,147.014008,147.098007,
2025-09-16 04:00:00,147.095993,147.12801,146.967,147.0090027,
2025-09-16 05:00:00,147.0090027,147.070999,146.91,146.99001,
2025-09-16 06:00:00,146.98599,147.026001,146.774,146.89799,
2025-09-16 07:00:00,146.895,146.899,146.686,146.888,
2025-09-16 08:00:00,146.88901,147.093002,146.87199,146.994,
2025-09-16 09:00:00,146.993,147.0050049,146.86,146.957,
2025-09-16 10:00:00,146.957,147.089996,146.94099,147.054001,
2025-09-16 11:00:00,147.050003,147.114,146.869,146.95,
2025-09-16 12:00:00,146.94701,147.256,146.90199,147.098007,
2025-09-16 13:00:00,147.10001,147.13699,146.73,146.754,
2025-09-16 14:00:00,146.754,146.804,146.511,146.521,
2025-09-16 15:00:00,146.521,146.68201,146.494,146.55299,
2025-09-16 16:00:00,146.55299,146.563,146.34599,146.35001,
2025-09-16 17:00:00,146.356,146.39999,146.274,146.371,
2025-09-16 18:00:00,146.37399,146.397,146.32001,146.338,
2025-09-16 19:00:00,146.34399,146.49899,146.339,146.48399,
2025-09-16 20:00:00,146.48599,146.506,146.429,146.47701,
2025-09-16 21:00:00,146.47301,146.541,146.343,146.442,
2025-09-16 22:00:00,146.438,146.51401,146.397,146.50999,
2025-09-16 23:00:00,146.48399,146.495,146.306,146.411,
2025-09-17 00:00:00,146.408,146.569,146.207,146.53101,
2025-09-17 01:00:00,146.53,146.604,146.42599,146.495,
2025-09-17 02:00:00,146.493,146.59,146.489,146.536,
2025-09-17 03:00:00,146.534,146.563,146.47099,146.53,
2025-09-17 04:00:00,146.528,146.54401,146.42999,146.453,
2025-09-17 05:00:00,146.451,146.554,146.36301,146.51199,
2025-09-17 06:00:00,146.50999,146.54401,146.45799,146.494,
2025-09-17 07:00:00,146.495,146.67999,146.474,146.66299,
2025-09-17 08:00:00,146.662,146.68201,146.368,146.451,
2025-09-17 09:00:00,146.446,146.45399,146.272,146.314,
2025-09-17 10:00:00,146.317,146.38901,146.2,146.26801,
2025-09-17 11:00:00,146.271,146.342,146.216,146.33299,
2025-09-17 12:00:00,146.33299,146.478,146.315,146.377,
2025-09-17 13:00:00,146.37399,146.401,146.242,146.33701,
2025-09-17 14:00:00,146.33701,146.392,146.205,146.33701,
2025-09-17 15:00:00,146.338,146.38499,146.299,146.36,
2025-09-17 16:00:00,146.35699,146.37601,146.25,146.286,
2025-09-17 17:00:00,146.282,146.368,146.23801,146.25101,
2025-09-17 18:00:00,146.24899,146.85699,145.476,146.711,
2025-09-17 19:00:00,146.716,146.847,146.435,146.77901,
2025-09-17 20:00:00,146.778,147.048004,146.74699,146.939,
2025-09-17 21:00:00,146.94099,146.955,146.841,146.91901,
2025-09-17 22:00:00,146.91901,146.983,146.78799,146.838,
2025-09-17 23:00:00,146.83299,146.909,146.76199,146.87601,
2025-09-18 00:00:00,146.87601,147.028,146.84801,146.912,
2025-09-18 01:00:00,146.909,147.147,146.841,147.020004,
2025-09-18 02:00:00,147.018997,147.069,146.89101,146.89999,
2025-09-18 03:00:00,146.901,147.052002,146.84801,147.046005,
2025-09-18 04:00:00,147.046005,147.22,147.035004,147.202,
2025-09-18 05:00:00,147.202,147.405,147.168,147.351,
2025-09-18 06:00:00,147.34801,147.532,147.327,147.40601,
2025-09-18 07:00:00,147.40401,147.42599,147.022003,147.117,
2025-09-18 08:00:00,147.11099,147.48801,147.095993,147.42999,
2025-09-18 09:00:00,147.42999,147.45399,147.155,147.271,
2025-09-18 10:00:00,147.272,147.371,147.22,147.256,
2025-09-18 11:00:00,147.256,147.424,147.209,147.37801,
2025-09-18 12:00:00,147.377,147.80099,147.358,147.784,
2025-09-18 13:00:00,147.787,148.267,147.785,148.057999,
2025-09-18 14:00:00,148.052994,148.127,147.897,148.011993,
2025-09-18 15:00:00,148.0070038,148.080002,147.89799,148.018997,
2025-09-18 16:00:00,148.018005,148.042007,147.851,147.86099,
2025-09-18 17:00:00,147.86,147.89301,147.8,147.869,
2025-09-18 18:00:00,147.87,147.929,147.819,147.879,
2025-09-18 19:00:00,147.875,147.96001,147.839,147.94099,
2025-09-18 20:00:00,147.94099,148.016998,147.938,147.976,
2025-09-18 21:00:00,147.991,147.995,147.862,147.938,
2025-09-18 22:00:00,147.957,147.98,147.897,147.93201,
2025-09-18 23:00:00,147.93201,148.0070038,147.92999,147.957,
2025-09-19 00:00:00,147.959,148.11301,147.88901,148.0070038,
2025-09-19 01:00:00,148.0019989,148.093994,147.92799,148.059006,
2025-09-19 02:00:00,148.054993,148.104,147.94299,147.991,
2025-09-19 03:00:00,147.978,147.992,147.364,147.623,
2025-09-19 04:00:00,147.619,147.62601,147.192,147.517,
2025-09-19 05:00:00,147.517,147.582,147.411,147.508,
2025-09-19 06:00:00,147.506,147.98801,147.46201,147.84599,
2025-09-19 07:00:00,147.84599,147.95599,147.657,147.92599,
2025-09-19 08:00:00,147.929,148.033005,147.806,147.854,
2025-09-19 09:00:00,147.849,147.98399,147.748,147.953,
2025-09-19 10:00:00,147.952,147.976,147.85001,147.94,
2025-09-19 11:00:00,147.937,148.19701,147.927,148.164,
2025-09-19 12:00:00,148.161,148.283,148.011002,148.15401,
2025-09-19 13:00:00,148.15199,148.159,147.8,147.83,
2025-09-19 14:00:00,147.83,147.923,147.785,147.882,
2025-09-19 15:00:00,147.882,147.951,147.82201,147.83099,
2025-09-19 16:00:00,147.83,147.92599,147.78999,147.84399,
2025-09-19 17:00:00,147.84399,147.952,147.839,147.938,
2025-09-19 18:00:00,147.938,147.97501,147.91299,147.95799,
2025-09-19 19:00:00,147.963,147.995,147.91499,147.939,
2025-09-19 20:00:00,147.93401,147.993,147.892,147.912,
2025-09-21 23:00:00,147.98599,148.11,147.96899,148.10001,
2025-09-22 00:00:00,148.10001,148.257,148.098999,148.157,
2025-09-22 01:00:00,148.16,148.215,148.080002,148.19,
2025-09-22 02:00:00,148.19,148.353,148.173,148.342,
2025-09-22 03:00:00,148.342,148.37601,148.298,148.33099,
2025-09-22 04:00:00,148.33099,148.369,148.26801,148.283,
2025-09-22 05:00:00,148.28101,148.30499,148.218,148.25,
2025-09-22 06:00:00,148.24899,148.25999,147.991,148.072006,
2025-09-22 07:00:00,148.072998,148.132,147.884,148.11,
2025-09-22 08:00:00,148.112,148.127,147.814,147.84399,
2025-09-22 09:00:00,147.85201,147.944,147.793,147.871,
2025-09-22 10:00:00,147.871,147.931,147.814,147.85201,
2025-09-22 11:00:00,147.853,147.907,147.737,147.838,
2025-09-22 12:00:00,147.838,147.92999,147.758,147.836,
2025-09-22 13:00:00,147.83501,147.966,147.724,147.81599,
2025-09-22 14:00:00,147.817,147.983,147.811,147.871,
2025-09-22 15:00:00,147.877,147.90199,147.813,147.83099,
2025-09-22 16:00:00,147.83099,147.88699,147.728,147.741,
2025-09-22 17:00:00,147.73599,147.78,147.651,147.67999,
2025-09-22 18:00:00,147.683,147.77299,147.655,147.724,
2025-09-22 19:00:00,147.724,147.739,147.68401,147.73599,
2025-09-22 20:00:00,147.735,147.77901,147.688,147.702,
2025-09-22 21:00:00,147.702,147.86,147.658,147.71001,
2025-09-22 22:00:00,147.69099,147.739,147.64999,147.70799,
2025-09-22 23:00:00,147.69299,147.767,147.67599,147.72701,
2025-09-23 00:00:00,147.72701,147.76601,147.646,147.664,
2025-09-23 01:00:00,147.66299,147.701,147.59599,147.612,
2025-09-23 02:00:00,147.62,147.814,147.601,147.78799,
2025-09-23 03:00:00,147.78799,147.86501,147.744,147.759,
2025-09-23 04:00:00,147.75301,147.813,147.726,147.79601,
2025-09-23 05:00:00,147.79401,147.84,147.733,147.798,
2025-09-23 06:00:00,147.79401,147.834,147.632,147.70799,
2025-09-23 07:00:00,147.70799,147.82201,147.64,147.72501,
2025-09-23 08:00:00,147.724,147.776,147.53101,147.564,
2025-09-23 09:00:00,147.55901,147.62399,147.50301,147.604,
2025-09-23 10:00:00,147.604,147.76801,147.57401,147.71201,
2025-09-23 11:00:00,147.711,147.795,147.683,147.76401,
2025-09-23 12:00:00,147.757,147.884,147.75101,147.76601,
2025-09-23 13:00:00,147.76601,147.886,147.65601,147.674,
2025-09-23 14:00:00,147.67101,147.80099,147.61099,147.76199,
2025-09-23 15:00:00,147.76199,147.92599,147.744,147.83501,
2025-09-23 16:00:00,147.83701,147.927,147.67999,147.76601,
2025-09-23 17:00:00,147.767,147.774,147.485,147.573,
2025-09-23 18:00:00,147.573,147.623,147.45599,147.578,
2025-09-23 19:00:00,147.582,147.632,147.54401,147.623,
2025-09-23 20:00:00,147.623,147.673,147.577,147.605,
2025-09-23 21:00:00,147.61501,147.64999,147.541,147.55099,
2025-09-23 22:00:00,147.561,147.629,147.535,147.61,
2025-09-23 23:00:00,147.612,147.664,147.56799,147.60001,
2025-09-24 00:00:00,147.59599,147.828,147.511,147.776,
2025-09-24 01:00:00,147.771,147.812,147.709,147.75,
2025-09-24 02:00:00,147.75301,147.789,147.718,147.76401,
2025-09-24 03:00:00,147.76401,147.877,147.754,147.86501,
2025-09-24 04:00:00,147.87,147.961,147.86501,147.903,
2025-09-24 05:00:00,147.895,147.94,147.80499,147.871,
2025-09-24 06:00:00,147.877,148.106,147.864,148.052994,
2025-09-24 07:00:00,148.052994,148.10001,147.99899,148.039001,
2025-09-24 08:00:00,148.037994,148.29201,148.011002,148.26401,
2025-09-24 09:00:00,148.25999,148.34399,148.203,148.272,
2025-09-24 10:00:00,148.278,148.42101,148.272,148.39,
2025-09-24 11:00:00,148.39,148.51801,148.369,148.495,
2025-09-24 12:00:00,148.495,148.716,148.42599,148.66701,
2025-09-24 13:00:00,148.66499,148.77499,148.61099,148.7,
2025-09-24 14:00:00,148.709,148.78,148.58701,148.70599,
2025-09-24 15:00:00,148.70599,148.774,148.69,148.707,
2025-09-24 16:00:00,148.71201,148.79201,148.67999,148.75999,
2025-09-24 17:00:00,148.75999,148.767,148.7,148.73399,
2025-09-24 18:00:00,148.73599,148.87199,148.73199,148.83501,
2025-09-24 19:00:00,148.843,148.888,148.83,148.855,
2025-09-24 20:00:00,148.85899,148.91499,148.849,148.89,
2025-09-24 21:00:00,148.892,148.892,148.672,148.76801,
2025-09-24 22:00:00,148.754,148.849,148.754,148.795,
2025-09-24 23:00:00,148.799,148.83299,148.72099,148.778,
2025-09-25 00:00:00,148.778,148.79201,148.55701,148.569,
2025-09-25 01:00:00,148.569,148.85899,148.554,148.74699,
2025-09-25 02:00:00,148.74699,148.758,148.60899,148.744,
2025-09-25 03:00:00,148.748,148.774,148.65401,148.668,
2025-09-25 04:00:00,148.664,148.7,148.595,148.60001,
2025-09-25 05:00:00,148.60201,148.813,148.593,148.806,
2025-09-25 06:00:00,148.80499,148.86099,148.724,148.778,
2025-09-25 07:00:00,148.78101,148.827,148.63,148.82201,
2025-09-25 08:00:00,148.815,148.82401,148.658,148.737,
2025-09-25 09:00:00,148.737,148.812,148.67999,148.786,
2025-09-25 10:00:00,148.791,148.799,148.72,148.799,
2025-09-25 11:00:00,148.795,148.89301,148.78999,148.83,
2025-09-25 12:00:00,148.83501,149.355,148.79401,149.242,
2025-09-25 13:00:00,149.237,149.47501,149.132,149.422,
2025-09-25 14:00:00,149.425,149.636,149.33501,149.63,
2025-09-25 15:00:00,149.629,149.843,149.619,149.783,
2025-09-25 16:00:00,149.785,149.866,149.70399,149.806,
2025-09-25 17:00:00,149.813,149.92,149.75301,149.80499,
2025-09-25 18:00:00,149.80499,149.92799,149.72,149.883,
2025-09-25 19:00:00,149.886,149.897,149.72099,149.771,
2025-09-25 20:00:00,149.767,149.811,149.741,149.784,
2025-09-25 21:00:00,149.782,149.82401,149.72301,149.75999,
2025-09-25 22:00:00,149.741,149.80499,149.71001,149.75101,
2025-09-25 23:00:00,149.729,149.95599,149.72501,149.868,
2025-09-26 00:00:00,149.868,149.94501,149.632,149.679,
2025-09-26 01:00:00,149.67799,149.84801,149.627,149.82201,
2025-09-26 02:00:00,149.825,149.832,149.686,149.717,
2025-09-26 03:00:00,149.717,149.744,149.666,149.7,
2025-09-26 04:00:00,149.7,149.73,149.638,149.63901,
2025-09-26 05:00:00,149.63901,149.72099,149.61099,149.70799,
2025-09-26 06:00:00,149.71001,149.798,149.69,149.717,
2025-09-26 07:00:00,149.72,149.88499,149.71899,149.84599,
2025-09-26 08:00:00,149.842,149.84801,149.645,149.744,
2025-09-26 09:00:00,149.745,149.79601,149.70599,149.78101,
2025-09-26 10:00:00,149.785,149.951,149.774,149.886,
2025-09-26 11:00:00,149.892,149.89799,149.75,149.782,
2025-09-26 12:00:00,149.782,149.839,149.58099,149.623,
2025-09-26 13:00:00,149.618,149.783,149.505,149.735,
2025-09-26 14:00:00,149.741,149.741,149.457,149.498,
2025-09-26 15:00:00,149.49699,149.57401,149.42,149.519,
2025-09-26 16:00:00,149.519,149.595,149.48801,149.552,
2025-09-26 17:00:00,149.54601,149.56,149.472,149.515,
2025-09-26 18:00:00,149.517,149.55299,149.39999,149.43401,
2025-09-26 19:00:00,149.44,149.55901,149.431,149.502,
2025-09-26 20:00:00,149.506,149.549,149.439,149.45399,
2025-09-28 23:00:00,149.464,149.474,149.33299,149.41,
2025-09-29 00:00:00,149.408,149.42101,149.106,149.172,
2025-09-29 01:00:00,149.17101,149.27901,149.011993,149.085999,
2025-09-29 02:00:00,149.089005,149.105,148.896,148.938,
2025-09-29 03:00:00,148.937,148.959,148.879,148.929,
2025-09-29 04:00:00,148.931,148.978,148.882,148.94299,
2025-09-29 05:00:00,148.94299,148.979,148.737,148.77699,
2025-09-29 06:00:00,148.77299,148.853,148.705,148.817,
2025-09-29 07:00:00,148.82201,148.83701,148.517,148.57001,
2025-09-29 08:00:00,148.573,148.621,148.467,148.522,
2025-09-29 09:00:00,148.52299,148.63499,148.467,148.59801,
2025-09-29 10:00:00,148.59801,148.685,148.56599,148.66499,
2025-09-29 11:00:00,148.662,148.799,148.616,148.629,
2025-09-29 12:00:00,148.62399,148.812,148.57001,148.59801,
2025-09-29 13:00:00,148.59801,148.73801,148.47501,148.577,
2025-09-29 14:00:00,148.573,148.65199,148.52499,148.644,
2025-09-29 15:00:00,148.64999,148.651,148.495,148.56799,
2025-09-29 16:00:00,148.563,148.61501,148.55299,148.578,
2025-09-29 17:00:00,148.575,148.64799,148.545,148.58099,
2025-09-29 18:00:00,148.58,148.64101,148.53999,148.634,
2025-09-29 19:00:00,148.632,148.674,148.552,148.627,
2025-09-29 20:00:00,148.62601,148.696,148.55901,148.578,
2025-09-29 21:00:00,148.58299,148.651,148.52901,148.582,
2025-09-29 22:00:00,148.576,148.653,148.55499,148.59599,
2025-09-29 23:00:00,148.592,148.63,148.495,148.61301,
2025-09-30 00:00:00,148.614,148.845,148.54601,148.78999,
2025-09-30 01:00:00,148.793,148.793,148.59599,148.74699,
2025-09-30 02:00:00,148.746,148.802,148.62199,148.714,
2025-09-30 03:00:00,148.711,148.72099,148.508,148.511,
2025-09-30 04:00:00,148.511,148.591,148.383,148.40199,
2025-09-30 05:00:00,148.397,148.444,148.22,148.285,
2025-09-30 06:00:00,148.28101,148.351,148.042007,148.072006,
2025-09-30 07:00:00,148.061996,148.17799,147.935,148.046997,
2025-09-30 08:00:00,148.044998,148.093994,147.832,147.853,
2025-09-30 09:00:00,147.85001,147.98599,147.826,147.968,
2025-09-30 10:00:00,147.968,148.035995,147.894,148.024002,
2025-09-30 11:00:00,148.020004,148.098007,147.96001,147.964,
2025-09-30 12:00:00,147.966,148.026001,147.89,147.951,
2025-09-30 13:00:00,147.955,148.061996,147.80299,147.909,
2025-09-30 14:00:00,147.897,148.0039978,147.647,147.681,
2025-09-30 15:00:00,147.68401,148.018005,147.655,147.967,
2025-09-30 16:00:00,147.96201,147.966,147.69901,147.73801,
2025-09-30 17:00:00,147.73599,147.847,147.645,147.77699,
2025-09-30 18:00:00,147.78101,147.883,147.76401,147.86301,
2025-09-30 19:00:00,147.871,147.924,147.823,147.86,
2025-09-30 20:00:00,147.86501,147.98,147.853,147.89301,
2025-09-30 21:00:00,147.884,147.884,147.778,147.84,
2025-09-30 22:00:00,147.845,147.923,147.8,147.90601,
2025-09-30 23:00:00,147.909,148.028,147.80099,148.020996,
2025-10-01 00:00:00,148.016006,148.226,148.014999,148.101,
2025-10-01 01:00:00,148.10201,148.16701,147.935,147.94901,
2025-10-01 02:00:00,147.94901,148.039001,147.881,147.911,
2025-10-01 03:00:00,147.909,147.99899,147.86301,147.925,
2025-10-01 04:00:00,147.92101,147.957,147.54401,147.55,
2025-10-01 05:00:00,147.55299,147.642,147.45399,147.522,
2025-10-01 06:00:00,147.52699,147.52699,147.16299,147.226,
2025-10-01 07:00:00,147.23,147.32201,147.013,147.123,
2025-10-01 08:00:00,147.119,147.153,146.892,147.149,
2025-10-01 09:00:00,147.144,147.22701,147.065002,147.203,
2025-10-01 10:00:00,147.20599,147.26601,147.050995,147.072998,
2025-10-01 11:00:00,147.074005,147.108,146.99001,146.99699,
2025-10-01 12:00:00,147,147.117,146.58,146.79401,
2025-10-01 13:00:00,146.78999,146.873,146.612,146.715,
2025-10-01 14:00:00,146.714,147.048996,146.683,146.858,
2025-10-01 15:00:00,146.86,147.211,146.83701,147.14999,
2025-10-01 16:00:00,147.14101,147.254,147.089005,147.15601,
2025-10-01 17:00:00,147.157,147.19099,147.10899,147.166,
2025-10-01 18:00:00,147.16299,147.229,147.016998,147.084,
2025-10-01 19:00:00,147.087997,147.159,147.046997,147.091995,
2025-10-01 20:00:00,147.091995,147.166,147.029999,147.046005,
2025-10-01 21:00:00,147.044006,147.057999,147.013,147.020996,
2025-10-01 22:00:00,147.035995,147.065994,146.993,147.0050049,
2025-10-01 23:00:00,147.0039978,147.112,146.993,147.104,
2025-10-02 00:00:00,147.108,147.32201,147.10201,147.188,
2025-10-02 01:00:00,147.188,147.22501,146.953,146.981,
2025-10-02 02:00:00,146.98,147.185,146.93201,147.16,
2025-10-02 03:00:00,147.161,147.19501,147.046005,147.080994,
2025-10-02 04:00:00,147.080994,147.19901,147.067993,147.168,
2025-10-02 05:00:00,147.168,147.267,147.112,147.16,
2025-10-02 06:00:00,147.158,147.38,146.88499,147.15601,
2025-10-02 07:00:00,147.15601,147.216,147.0059967,147.076996,
2025-10-02 08:00:00,147.076004,147.082001,146.72099,146.789,
2025-10-02 09:00:00,146.78799,146.80901,146.59399,146.616,
2025-10-02 10:00:00,146.618,146.77,146.616,146.63901,
2025-10-02 11:00:00,146.636,146.86099,146.62,146.79201,
2025-10-02 12:00:00,146.791,147.19901,146.739,147.157,
2025-10-02 13:00:00,147.16,147.26801,147.052994,147.218,
2025-10-02 14:00:00,147.22301,147.343,147.147,147.32899,
2025-10-02 15:00:00,147.326,147.51401,147.323,147.34399,
2025-10-02 16:00:00,147.34599,147.366,147.157,147.161,
2025-10-02 17:00:00,147.16299,147.23599,147.136,147.174,
2025-10-02 18:00:00,147.174,147.21899,147.158,147.213,
2025-10-02 19:00:00,147.20799,147.252,147.125,147.23599,
2025-10-02 20:00:00,147.23199,147.293,147.18201,147.248,
2025-10-02 21:00:00,147.24699,147.258,147.168,147.2,
2025-10-02 22:00:00,147.19701,147.224,147.15199,147.18401,
2025-10-02 23:00:00,147.186,147.20399,147.087997,147.151,
2025-10-03 00:00:00,147.14999,147.381,147.149,147.347,
2025-10-03 01:00:00,147.347,147.68401,147.174,147.508,
2025-10-03 02:00:00,147.505,147.686,147.492,147.64999,
2025-10-03 03:00:00,147.645,147.76601,147.60899,147.623,
2025-10-03 04:00:00,147.623,147.743,147.588,147.71899,
2025-10-03 05:00:00,147.71899,147.815,147.56799,147.783,
2025-10-03 06:00:00,147.783,147.804,147.493,147.60001,
2025-10-03 07:00:00,147.60001,147.683,147.403,147.411,
2025-10-03 08:00:00,147.407,147.44099,147.274,147.325,
2025-10-03 09:00:00,147.325,147.43401,147.306,147.37,
2025-10-03 10:00:00,147.36501,147.39101,147.306,147.323,
2025-10-03 11:00:00,147.315,147.422,147.214,147.274,
2025-10-03 12:00:00,147.274,147.412,147.22501,147.263,
2025-10-03 13:00:00,147.258,147.382,147.21201,147.355,
2025-10-03 14:00:00,147.35699,147.51801,147.018005,147.446,
2025-10-03 15:00:00,147.44,147.491,147.3,147.332,
2025-10-03 16:00:00,147.33701,147.536,147.321,147.505,
2025-10-03 17:00:00,147.49899,147.51401,147.40199,147.506,
2025-10-03 18:00:00,147.506,147.54401,147.459,147.496,
2025-10-03 19:00:00,147.49699,147.52499,147.451,147.45799,
2025-10-03 20:00:00,147.452,147.515,147.377,147.399,
2025-10-05 23:00:00,149.32401,149.657,149.22,149.577,
2025-10-06 00:00:00,149.578,149.86099,149.446,149.707,
2025-10-06 01:00:00,149.7,149.832,149.58,149.77,
2025-10-06 02:00:00,149.767,149.918,149.714,149.871,
2025-10-06 03:00:00,149.871,150.10001,149.814,150.057007,
2025-10-06 04:00:00,150.057007,150.343,149.84,150.312,
2025-10-06 05:00:00,150.30901,150.436,150.22,150.252,
2025-10-06 06:00:00,150.255,150.349,150.0039978,150.031006,
2025-10-06 07:00:00,150.026001,150.217,149.944,150.024994,
2025-10-06 08:00:00,150.029007,150.39999,149.992,150.36501,
2025-10-06 09:00:00,150.36301,150.476,150.295,150.37199,
2025-10-06 10:00:00,150.377,150.43401,150.272,150.27901,
2025-10-06 11:00:00,150.27901,150.40601,150.214,150.368,
2025-10-06 12:00:00,150.366,150.38901,149.746,149.778,
2025-10-06 13:00:00,149.778,150.082993,149.748,149.92999,
2025-10-06 14:00:00,149.92799,150.11301,149.795,149.955,
2025-10-06 15:00:00,149.961,150.114,149.91701,150.020004,
2025-10-06 16:00:00,150.024002,150.172,149.94901,150.157,
2025-10-06 17:00:00,150.15601,150.23801,150.072998,150.201,
2025-10-06 18:00:00,150.205,150.321,150.15601,150.293,
2025-10-06 19:00:00,150.29401,150.334,150.22099,150.317,
2025-10-06 20:00:00,150.317,150.397,150.28101,150.345,
2025-10-06 21:00:00,150.34399,150.34399,150.189,150.248,
2025-10-06 22:00:00,150.248,150.388,150.244,150.32001,
2025-10-06 23:00:00,150.313,150.395,150.256,150.36,
2025-10-07 00:00:00,150.35899,150.618,150.354,150.48599,
2025-10-07 01:00:00,150.48599,150.612,150.36099,150.502,
2025-10-07 02:00:00,150.50301,150.536,150.336,150.53101,
2025-10-07 03:00:00,150.526,150.534,150.355,150.36099,
2025-10-07 04:00:00,150.35699,150.44299,150.243,150.409,
2025-10-07 05:00:00,150.411,150.541,150.397,150.492,
2025-10-07 06:00:00,150.493,150.69701,150.491,150.62199,
2025-10-07 07:00:00,150.62,150.711,150.532,150.619,
2025-10-07 08:00:00,150.62199,150.832,150.52,150.786,
2025-10-07 09:00:00,150.786,150.83,150.72099,150.75,
2025-10-07 10:00:00,150.75101,150.79401,150.702,150.763,
2025-10-07 11:00:00,150.772,150.95,150.756,150.89101,
2025-10-07 12:00:00,150.897,151.039001,150.80099,150.827,
2025-10-07 13:00:00,150.827,150.94099,150.729,150.929,
2025-10-07 14:00:00,150.93401,151.205,150.90401,151.174,
2025-10-07 15:00:00,151.17,151.20399,150.976,151.175,
2025-10-07 16:00:00,151.172,151.409,151.095001,151.323,
2025-10-07 17:00:00,151.32001,151.533,151.24699,151.515,
2025-10-07 18:00:00,151.51199,151.93401,151.49001,151.823,
2025-10-07 19:00:00,151.819,151.953,151.73399,151.89999,
2025-10-07 20:00:00,151.903,152.044006,151.873,151.892,
2025-10-07 21:00:00,151.89101,151.951,151.82001,151.87199,
2025-10-07 22:00:00,151.841,151.89101,151.729,151.841,
2025-10-07 23:00:00,151.80901,152.093002,151.78799,152.054993,
2025-10-08 00:00:00,152.052002,152.377,152.052002,152.30499,
2025-10-08 01:00:00,152.30499,152.60201,152.26601,152.59599,
2025-10-08 02:00:00,152.60201,152.647,152.3,152.483,
2025-10-08 03:00:00,152.48,152.564,152.39799,152.407,
2025-10-08 04:00:00,152.407,152.493,152.304,152.36301,
2025-10-08 05:00:00,152.36,152.44099,152.28101,152.405,
2025-10-08 06:00:00,152.40401,152.521,152.24899,152.339,
2025-10-08 07:00:00,152.339,152.554,152.325,152.539,
2025-10-08 08:00:00,152.539,152.787,152.371,152.748,
2025-10-08 09:00:00,152.743,152.998,152.71201,152.972,
2025-10-08 10:00:00,152.967,152.99699,152.645,152.72701,
2025-10-08 11:00:00,152.735,152.84801,152.64,152.687,
2025-10-08 12:00:00,152.687,152.74699,152.43201,152.502,
2025-10-08 13:00:00,152.505,152.662,152.369,152.588,
2025-10-08 14:00:00,152.582,152.67101,152.42599,152.5,
2025-10-08 15:00:00,152.49899,152.79201,152.498,152.72701,
2025-10-08 16:00:00,152.72301,152.797,152.687,152.758,
2025-10-08 17:00:00,152.752,152.886,152.741,152.866,
2025-10-08 18:00:00,152.87,152.94501,152.63901,152.71201,
2025-10-08 19:00:00,152.716,152.752,152.63499,152.70599,
2025-10-08 20:00:00,152.70799,152.73399,152.644,152.677,
2025-10-08 21:00:00,152.677,152.69701,152.55099,152.64301,
2025-10-08 22:00:00,152.651,152.66901,152.48599,152.52,
2025-10-08 23:00:00,152.52299,152.72099,152.45799,152.709,
2025-10-09 00:00:00,152.70799,152.737,152.45,152.69901,
2025-10-09 01:00:00,152.702,152.765,152.40401,152.515,
2025-10-09 02:00:00,152.521,152.606,152.39999,152.45799,
2025-10-09 03:00:00,152.45799,152.57899,152.448,152.505,
2025-10-09 04:00:00,152.505,152.597,152.448,152.46201,
2025-10-09 05:00:00,152.466,152.65601,152.461,152.63,
2025-10-09 06:00:00,152.633,153.136,152.62801,152.98,
2025-10-09 07:00:00,152.979,153.217,152.849,153.063995,
2025-10-09 08:00:00,153.067993,153.13699,152.75301,152.79601,
2025-10-09 09:00:00,152.791,152.855,152.464,152.548,
2025-10-09 10:00:00,152.552,152.748,152.49001,152.66,
2025-10-09 11:00:00,152.65401,152.841,152.649,152.79401,
2025-10-09 12:00:00,152.791,152.843,152.649,152.745,
2025-10-09 13:00:00,152.739,152.95399,152.095993,152.855,
2025-10-09 14:00:00,152.866,153.18401,152.855,153.037003,
2025-10-09 15:00:00,153.037003,153.23199,152.94099,153.050995,
2025-10-09 16:00:00,153.044998,153.146,152.98801,153.003006,
2025-10-09 17:00:00,152.99899,153.098999,152.903,153.046005,
2025-10-09 18:00:00,153.048004,153.213,152.995,153.177,
2025-10-09 19:00:00,153.17799,153.179,153.042999,153.061996,
2025-10-09 20:00:00,153.061996,153.101,152.99899,153.061005,
2025-10-09 21:00:00,152.909,153.076996,152.909,153.042999,
2025-10-09 22:00:00,153.050003,153.084,152.968,153.026993,
2025-10-09 23:00:00,153.024002,153.27499,152.957,153.020004,
2025-10-10 00:00:00,153.022995,153.16499,152.94099,152.951,
2025-10-10 01:00:00,152.95,153.048996,152.83501,153.016006,
2025-10-10 02:00:00,153.016006,153.035004,152.85899,152.914,
2025-10-10 03:00:00,152.909,152.935,152.638,152.66,
2025-10-10 04:00:00,152.66,152.83,152.632,152.75101,
2025-10-10 05:00:00,152.745,152.849,152.681,152.825,
2025-10-10 06:00:00,152.832,152.916,152.377,152.52699,
2025-10-10 07:00:00,152.532,152.95,152.479,152.843,
2025-10-10 08:00:00,152.847,152.937,152.59,152.64101,
2025-10-10 09:00:00,152.64,152.84599,152.60699,152.78999,
2025-10-10 10:00:00,152.787,152.81,152.625,152.71201,
2025-10-10 11:00:00,152.715,152.758,152.539,152.625,
2025-10-10 12:00:00,152.625,152.651,152.51199,152.552,
2025-10-10 13:00:00,152.55299,152.692,152.52499,152.644,
2025-10-10 14:00:00,152.65401,152.713,152.41299,152.46001,
2025-10-10 15:00:00,152.459,152.46201,151.5,151.942,
2025-10-10 16:00:00,151.937,152.187,151.83701,151.88901,
2025-10-10 17:00:00,151.884,151.94701,151.717,151.862,
2025-10-10 18:00:00,151.85899,151.899,151.62801,151.717,
2025-10-10 19:00:00,151.71001,151.806,151.52299,151.593,
2025-10-10 20:00:00,151.591,151.728,151.119,151.119,
2025-10-12 23:00:00,151.92599,152.085007,151.73199,152.063995,
2025-10-13 00:00:00,152.061005,152.074997,151.79201,151.84,
2025-10-13 01:00:00,151.83701,151.978,151.8,151.952,
2025-10-13 02:00:00,151.953,151.985,151.845,151.935,
2025-10-13 03:00:00,151.92999,152.014008,151.897,151.924,
2025-10-13 04:00:00,151.927,151.968,151.80499,151.90601,
2025-10-13 05:00:00,151.907,151.914,151.756,151.877,
2025-10-13 06:00:00,151.87,152.026993,151.71201,151.937,
2025-10-13 07:00:00,151.938,152.37601,151.907,152.295,
2025-10-13 08:00:00,152.29601,152.448,152.244,152.34,
2025-10-13 09:00:00,152.334,152.37,152.157,152.166,
2025-10-13 10:00:00,152.166,152.231,152.12199,152.166,
2025-10-13 11:00:00,152.16299,152.172,151.97301,152.10201,
2025-10-13 12:00:00,152.10201,152.267,152.046997,152.211,
2025-10-13 13:00:00,152.209,152.265,152.098999,152.183,
2025-10-13 14:00:00,152.187,152.44701,152.17799,152.36301,
2025-10-13 15:00:00,152.364,152.39101,152.235,152.25999,
2025-10-13 16:00:00,152.254,152.302,152.189,152.27699,
2025-10-13 17:00:00,152.27499,152.347,152.228,152.25999,
2025-10-13 18:00:00,152.259,152.334,152.21201,152.283,
2025-10-13 19:00:00,152.27699,152.325,152.24699,152.321,
2025-10-13 20:00:00,152.32201,152.35001,152.259,152.263,
2025-10-13 21:00:00,152.26401,152.26401,152.15601,152.23,
2025-10-13 22:00:00,152.23599,152.345,152.179,152.34,
2025-10-13 23:00:00,152.334,152.46001,152.27499,152.451,
2025-10-14 00:00:00,152.451,152.61301,152.423,152.467,
2025-10-14 01:00:00,152.46201,152.49899,152.349,152.45799,
2025-10-14 02:00:00,152.452,152.48599,152.354,152.37601,
2025-10-14 03:00:00,152.37601,152.394,152.044006,152.14301,
2025-10-14 04:00:00,152.146,152.14999,151.772,151.855,
2025-10-14 05:00:00,151.853,151.946,151.80499,151.813,
2025-10-14 06:00:00,151.84,151.97501,151.694,151.89,
2025-10-14 07:00:00,151.89301,152.076996,151.668,151.95599,
2025-10-14 08:00:00,151.95599,152.12601,151.92599,151.974,
2025-10-14 09:00:00,151.96899,152.153,151.966,152.106,
2025-10-14 10:00:00,152.11,152.123,151.909,151.94299,
2025-10-14 11:00:00,151.944,152.12801,151.933,152.085999,
2025-10-14 12:00:00,152.085999,152.127,151.856,152.046005,
2025-10-14 13:00:00,152.044998,152.164,151.815,151.992,
2025-10-14 14:00:00,151.98801,152.10201,151.826,151.83099,
2025-10-14 15:00:00,151.826,151.938,151.73599,151.776,
2025-10-14 16:00:00,151.774,151.91701,151.66299,151.731,
2025-10-14 17:00:00,151.731,151.868,151.66901,151.724,
2025-10-14 18:00:00,151.72301,151.802,151.692,151.755,
2025-10-14 19:00:00,151.755,151.77499,151.59801,151.686,
2025-10-14 20:00:00,151.683,151.834,151.679,151.832,
2025-10-14 21:00:00,151.815,151.83,151.67799,151.69701,
2025-10-14 22:00:00,151.69299,151.87,151.69,151.8,
2025-10-14 23:00:00,151.8,151.85201,151.689,151.702,
2025-10-15 00:00:00,151.7,151.832,151.492,151.56599,
2025-10-15 01:00:00,151.564,151.604,151.295,151.3,
2025-10-15 02:00:00,151.29601,151.315,151.029999,151.048996,
2025-10-15 03:00:00,151.052994,151.168,150.998,151.132,
2025-10-15 04:00:00,151.132,151.24899,151.085007,151.242,
2025-10-15 05:00:00,151.243,151.271,151.106,151.20399,
2025-10-15 06:00:00,151.19901,151.202,150.894,151.037994,
2025-10-15 07:00:00,151.031998,151.297,150.98,151.246,
2025-10-15 08:00:00,151.246,151.395,151.12,151.216,
2025-10-15 09:00:00,151.209,151.433,151.209,151.345,
2025-10-15 10:00:00,151.345,151.493,151.32899,151.36099,
2025-10-15 11:00:00,151.362,151.511,151.31599,151.49899,
2025-10-15 12:00:00,151.49699,151.687,151.45,151.63499,
2025-10-15 13:00:00,151.63,151.737,151.396,151.40199,
2025-10-15 14:00:00,151.39799,151.51199,151.311,151.396,
2025-10-15 15:00:00,151.396,151.46001,151.031998,151.21201,
2025-10-15 16:00:00,151.217,151.32201,151.17101,151.19099,
2025-10-15 17:00:00,151.192,151.341,151.059998,151.32401,
2025-10-15 18:00:00,151.325,151.39101,151.209,151.327,
2025-10-15 19:00:00,151.33501,151.34399,151.228,151.248,
2025-10-15 20:00:00,151.255,151.274,151.026001,151.033005,
2025-10-15 21:00:00,151.033997,151.202,150.99899,151.054993,
2025-10-15 22:00:00,151.050995,151.10201,150.742,150.89999,
2025-10-15 23:00:00,150.907,151.037994,150.877,150.983,
2025-10-16 00:00:00,150.983,151.091003,150.507,150.707,
2025-10-16 01:00:00,150.702,150.77299,150.508,150.59599,
2025-10-16 02:00:00,150.595,150.77699,150.563,150.77299,
2025-10-16 03:00:00,150.772,150.886,150.724,150.864,
2025-10-16 04:00:00,150.864,151.11301,150.86,151.039001,
2025-10-16 05:00:00,151.033997,151.192,151.011993,151.057007,
2025-10-16 06:00:00,151.050995,151.271,150.955,151.19501,
2025-10-16 07:00:00,151.198,151.382,150.936,151.23399,
2025-10-16 08:00:00,151.24001,151.28799,151.054001,151.23801,
2025-10-16 09:00:00,151.23801,151.397,151.23599,151.286,
2025-10-16 10:00:00,151.289,151.30099,151.158,151.174,
2025-10-16 11:00:00,151.173,151.37399,151.157,151.237,
2025-10-16 12:00:00,151.237,151.282,151.022003,151.098007,
2025-10-16 13:00:00,151.098999,151.287,151.011002,151.101,
2025-10-16 14:00:00,151.10001,151.121,150.74899,150.774,
2025-10-16 15:00:00,150.769,150.867,150.715,150.754,
2025-10-16 16:00:00,150.75101,150.793,150.23,150.39799,
2025-10-16 17:00:00,150.39799,150.47301,150.245,150.32899,
2025-10-16 18:00:00,150.325,150.422,150.218,150.33,
2025-10-16 19:00:00,150.336,150.42999,150.20399,150.399,
2025-10-16 20:00:00,150.397,150.45,150.34,150.41901,
2025-10-16 21:00:00,150.41901,150.44099,150.321,150.382,
2025-10-16 22:00:00,150.382,150.43401,150.23801,150.261,
2025-10-16 23:00:00,150.252,150.29201,150.046005,150.149,
2025-10-17 00:00:00,150.14799,150.231,150.037003,150.229,
2025-10-17 01:00:00,150.224,150.36099,150.16701,150.31,
2025-10-17 02:00:00,150.30901,150.38901,150.054001,150.17599,
2025-10-17 03:00:00,150.18201,150.18201,149.884,150.011993,
2025-10-17 04:00:00,150.0070038,150.14,149.93401,149.96001,
2025-10-17 05:00:00,149.95799,149.972,149.73199,149.74699,
2025-10-17 06:00:00,149.741,149.97701,149.62,149.62601,
2025-10-17 07:00:00,149.631,149.783,149.37,149.702,
2025-10-17 08:00:00,149.698,149.916,149.57899,149.77901,
2025-10-17 09:00:00,149.776,149.903,149.59801,149.66701,
2025-10-17 10:00:00,149.668,149.961,149.664,149.925,
2025-10-17 11:00:00,149.925,150.33099,149.86301,150.23399,
2025-10-17 12:00:00,150.23199,150.54201,150.226,150.384,
2025-10-17 13:00:00,150.383,150.44701,150.15601,150.35699,
2025-10-17 14:00:00,150.34599,150.592,150.341,150.42,
2025-10-17 15:00:00,150.414,150.45399,150.19901,150.325,
2025-10-17 16:00:00,150.34399,150.5,150.32401,150.408,
2025-10-17 17:00:00,150.408,150.492,150.354,150.468,
2025-10-17 18:00:00,150.48801,150.534,150.40401,150.495,
2025-10-17 19:00:00,150.498,150.521,150.44701,150.481,
2025-10-17 20:00:00,150.468,150.64,150.457,150.584,
2025-10-19 23:00:00,150.823,150.965,150.798,150.91701,
2025-10-20 00:00:00,150.91299,150.97701,150.75999,150.908,
2025-10-20 01:00:00,150.90199,151.2,150.858,150.951,
2025-10-20 02:00:00,150.951,150.99699,150.80099,150.86501,
2025-10-20 03:00:00,150.86501,150.88699,150.634,150.722,
2025-10-20 04:00:00,150.71899,150.769,150.502,150.59399,
2025-10-20 05:00:00,150.59599,150.69,150.487,150.64301,
2025-10-20 06:00:00,150.64799,150.744,150.543,150.687,
2025-10-20 07:00:00,150.67799,150.83,150.645,150.74001,
2025-10-20 08:00:00,150.737,150.79601,150.571,150.57899,
2025-10-20 09:00:00,150.578,150.771,150.26601,150.72,
2025-10-20 10:00:00,150.73,150.83501,150.661,150.71201,
2025-10-20 11:00:00,150.7,150.856,150.66299,150.696,
2025-10-20 12:00:00,150.698,150.77499,150.601,150.668,
2025-10-20 13:00:00,150.672,150.85201,150.60699,150.761,
2025-10-20 14:00:00,150.761,150.811,150.405,150.588,
2025-10-20 15:00:00,150.591,150.62199,150.48,150.589,
2025-10-20 16:00:00,150.584,150.696,150.52299,150.67101,
2025-10-20 17:00:00,150.668,150.797,150.659,150.776,
2025-10-20 18:00:00,150.77699,150.827,150.65601,150.685,
2025-10-20 19:00:00,150.69,150.731,150.62199,150.69299,
2025-10-20 20:00:00,150.69099,150.76601,150.67799,150.731,
2025-10-20 21:00:00,150.73,150.73199,150.63699,150.65199,
2025-10-20 22:00:00,150.644,150.763,150.616,150.743,
2025-10-20 23:00:00,150.72501,150.82201,150.709,150.81799,
2025-10-21 00:00:00,150.80701,150.85001,150.463,150.65401,
2025-10-21 01:00:00,150.65199,150.994,150.51801,150.97501,
2025-10-21 02:00:00,150.974,151.145,150.957,151.11099,
2025-10-21 03:00:00,151.118,151.149,150.995,151.042999,
2025-10-21 04:00:00,151.041,151.239,150.87601,151.076004,
2025-10-21 05:00:00,151.074997,151.521,150.856,151.49899,
2025-10-21 06:00:00,151.509,151.60699,151.21201,151.256,
2025-10-21 07:00:00,151.24699,151.263,151.056,151.151,
2025-10-21 08:00:00,151.14999,151.677,151.061996,151.60899,
2025-10-21 09:00:00,151.604,151.802,151.58501,151.78999,
2025-10-21 10:00:00,151.79201,152.048004,151.73399,151.91701,
2025-10-21 11:00:00,151.92599,152.0090027,151.80299,151.944,
2025-10-21 12:00:00,151.94501,152.174,151.88699,152.026993,
2025-10-21 13:00:00,152.022995,152.091003,151.58,151.59801,
2025-10-21 14:00:00,151.593,151.883,151.44901,151.871,
2025-10-21 15:00:00,151.869,151.87601,151.675,151.722,
2025-10-21 16:00:00,151.72301,151.95,151.646,151.85001,
2025-10-21 17:00:00,151.855,151.972,151.80099,151.91901,
2025-10-21 18:00:00,151.91901,151.927,151.87,151.908,
2025-10-21 19:00:00,151.91,151.97,151.886,151.91299,
2025-10-21 20:00:00,151.908,151.94701,151.864,151.922,
2025-10-21 21:00:00,151.922,151.924,151.85699,151.87199,
2025-10-21 22:00:00,151.866,151.92599,151.849,151.925,
2025-10-21 23:00:00,151.931,151.959,151.856,151.873,
2025-10-22 00:00:00,151.873,151.877,151.59801,151.62801,
2025-10-22 01:00:00,151.62601,151.75301,151.48399,151.744,
2025-10-22 02:00:00,151.743,151.75999,151.58299,151.629,
2025-10-22 03:00:00,151.627,151.81799,151.623,151.79401,
2025-10-22 04:00:00,151.79401,151.875,151.75,151.758,
2025-10-22 05:00:00,151.752,151.873,151.714,151.855,
2025-10-22 06:00:00,151.855,151.94901,151.69,151.737,
2025-10-22 07:00:00,151.73801,151.85899,151.61501,151.82201,
2025-10-22 08:00:00,151.82201,151.909,151.625,151.683,
2025-10-22 09:00:00,151.68401,151.826,151.642,151.815,
2025-10-22 10:00:00,151.813,151.834,151.711,151.813,
2025-10-22 11:00:00,151.813,151.89301,151.714,151.782,
2025-10-22 12:00:00,151.783,151.968,151.748,151.922,
2025-10-22 13:00:00,151.925,152.044998,151.864,151.967,
2025-10-22 14:00:00,151.964,152.0099945,151.854,151.88,
2025-10-22 15:00:00,151.88,151.91,151.745,151.79201,
2025-10-22 16:00:00,151.782,151.84399,151.49699,151.76199,
2025-10-22 17:00:00,151.75301,151.811,151.592,151.631,
2025-10-22 18:00:00,151.631,151.89101,151.62801,151.869,
2025-10-22 19:00:00,151.879,152.0070038,151.84,151.976,
2025-10-22 20:00:00,151.976,152.011002,151.894,151.98,
2025-10-22 21:00:00,151.967,151.967,151.856,151.881,
2025-10-22 22:00:00,151.858,151.927,151.813,151.896,
2025-10-22 23:00:00,151.894,151.99699,151.894,151.981,
2025-10-23 00:00:00,151.976,152.26199,151.961,152.13699,
2025-10-23 01:00:00,152.14,152.45599,152.105,152.41299,
2025-10-23 02:00:00,152.408,152.50101,152.373,152.459,
2025-10-23 03:00:00,152.45599,152.48399,152.384,152.47099,
2025-10-23 04:00:00,152.464,152.575,152.39799,152.407,
2025-10-23 05:00:00,152.408,152.42599,152.311,152.37399,
2025-10-23 06:00:00,152.369,152.64799,152.321,152.636,
2025-10-23 07:00:00,152.636,152.646,152.371,152.496,
2025-10-23 08:00:00,152.493,152.64999,152.44901,152.60699,
2025-10-23 09:00:00,152.603,152.66499,152.50101,152.569,
2025-10-23 10:00:00,152.563,152.77499,152.56,152.759,
2025-10-23 11:00:00,152.765,152.79201,152.657,152.666,
2025-10-23 12:00:00,152.666,152.71899,152.448,152.534,
2025-10-23 13:00:00,152.53,152.73199,152.468,152.67799,
2025-10-23 14:00:00,152.685,152.709,152.57001,152.60699,
2025-10-23 15:00:00,152.61099,152.76401,152.576,152.726,
2025-10-23 16:00:00,152.722,152.797,152.664,152.71201,
2025-10-23 17:00:00,152.71201,152.76801,152.606,152.614,
2025-10-23 18:00:00,152.60699,152.64799,152.515,152.532,
2025-10-23 19:00:00,152.532,152.56799,152.48801,152.55299,
2025-10-23 20:00:00,152.55901,152.60899,152.536,152.552,
2025-10-23 21:00:00,152.562,152.59599,152.498,152.543,
2025-10-23 22:00:00,152.53,152.593,152.49699,152.589,
2025-10-23 23:00:00,152.58,152.674,152.55701,152.59801,
2025-10-24 00:00:00,152.606,152.664,152.465,152.642,
2025-10-24 01:00:00,152.642,152.89999,152.632,152.89301,
2025-10-24 02:00:00,152.89301,152.914,152.761,152.883,
2025-10-24 03:00:00,152.886,152.914,152.70399,152.76199,
2025-10-24 04:00:00,152.769,152.912,152.75999,152.886,
2025-10-24 05:00:00,152.886,153.035995,152.87199,152.95,
2025-10-24 06:00:00,152.95,153.061996,152.903,152.91499,
2025-10-24 07:00:00,152.903,152.953,152.746,152.827,
2025-10-24 08:00:00,152.827,153.018997,152.804,152.936,
2025-10-24 09:00:00,152.93201,152.995,152.897,152.948,
2025-10-24 10:00:00,152.957,152.983,152.897,152.974,
2025-10-24 11:00:00,152.97301,152.992,152.894,152.935,
2025-10-24 12:00:00,152.925,152.961,152.217,152.659,
2025-10-24 13:00:00,152.673,153.018997,152.586,152.825,
2025-10-24 14:00:00,152.827,152.90199,152.69,152.767,
2025-10-24 15:00:00,152.76401,152.87801,152.701,152.821,
2025-10-24 16:00:00,152.817,152.87601,152.776,152.83701,
2025-10-24 17:00:00,152.82899,152.839,152.744,152.80499,
2025-10-24 18:00:00,152.8,152.89,152.78999,152.858,
2025-10-24 19:00:00,152.858,152.896,152.79601,152.825,
2025-10-24 20:00:00,152.821,152.89,152.744,152.81,
2025-10-27 00:00:00,153.061005,153.153,152.821,152.89101,
2025-10-27 01:00:00,152.886,152.99001,152.64101,152.834,
2025-10-27 02:00:00,152.827,153.014008,152.81799,152.968,
2025-10-27 03:00:00,152.981,153.050995,152.944,153.035995,
2025-10-27 04:00:00,153.035995,153.164,153.028,153.13,
2025-10-27 05:00:00,153.13,153.255,153.105,153.123,
2025-10-27 06:00:00,153.125,153.13699,152.827,152.972,
2025-10-27 07:00:00,152.97,153.029007,152.855,153.014008,
2025-10-27 08:00:00,153.0079956,153.076996,152.73399,152.812,
2025-10-27 09:00:00,152.81599,152.821,152.692,152.739,
2025-10-27 10:00:00,152.739,152.849,152.717,152.767,
2025-10-27 11:00:00,152.767,152.80701,152.59,152.63499,
2025-10-27 12:00:00,152.632,152.89799,152.55901,152.836,
2025-10-27 13:00:00,152.834,153.196,152.802,153.108,
2025-10-27 14:00:00,153.105,153.19,152.993,152.99699,
2025-10-27 15:00:00,153.0010071,153.12,152.98,153.084,
2025-10-27 16:00:00,153.085007,153.091003,152.97099,152.992,
2025-10-27 17:00:00,152.99001,153.093994,152.936,153.057007,
2025-10-27 18:00:00,153.054993,153.070999,152.754,152.814,
2025-10-27 19:00:00,152.819,152.953,152.81,152.907,
2025-10-27 20:00:00,152.899,152.911,152.839,152.87399,
2025-10-27 21:00:00,152.869,152.869,152.812,152.84801,
2025-10-27 22:00:00,152.84,152.84,152.72701,152.74001,
2025-10-27 23:00:00,152.742,152.77699,152.62601,152.70399,
2025-10-28 00:00:00,152.692,152.73599,152.38901,152.493,
2025-10-28 01:00:00,152.489,152.51199,152.258,152.399,
2025-10-28 02:00:00,152.399,152.472,152.291,152.452,
2025-10-28 03:00:00,152.455,152.474,152.16,152.27699,
2025-10-28 04:00:00,152.269,152.302,151.847,151.873,
2025-10-28 05:00:00,151.873,151.97,151.75301,151.90601,
2025-10-28 06:00:00,151.90601,152.059006,151.80499,152.013,
2025-10-28 07:00:00,152.018997,152.353,152.011993,152.142,
2025-10-28 08:00:00,152.138,152.162,151.83701,151.946,
2025-10-28 09:00:00,151.946,152.080002,151.868,151.91,
2025-10-28 10:00:00,151.91,151.987,151.82001,151.85699,
2025-10-28 11:00:00,151.858,152.082001,151.854,152.029999,
2025-10-28 12:00:00,152.029007,152.218,152.014008,152.12801,
2025-10-28 13:00:00,152.133,152.371,152.12399,152.19501,
2025-10-28 14:00:00,152.19299,152.26199,151.968,151.98599,
2025-10-28 15:00:00,151.98199,152.17799,151.84599,152.136,
2025-10-28 16:00:00,152.136,152.306,152.105,152.106,
2025-10-28 17:00:00,152.10899,152.19501,152.087006,152.17101,
2025-10-28 18:00:00,152.175,152.246,152.084,152.098007,
2025-10-28 19:00:00,152.098999,152.104,151.94099,152.048996,
2025-10-28 20:00:00,152.048004,152.131,152.037003,152.098999,
2025-10-28 21:00:00,152.101,152.114,152.0099945,152.042999,
2025-10-28 22:00:00,152.033997,152.179,152.020004,152.164,
2025-10-28 23:00:00,152.161,152.19299,151.782,151.828,
2025-10-29 00:00:00,151.73599,151.888,151.53,151.634,
2025-10-29 01:00:00,151.627,151.916,151.54201,151.89,
2025-10-29 02:00:00,151.888,152.142,151.884,151.981,
2025-10-29 03:00:00,151.97701,152.054993,151.91,152.052002,
2025-10-29 04:00:00,152.048996,152.114,151.95399,152.070007,
2025-10-29 05:00:00,152.067993,152.543,152.057007,152.36099,
2025-10-29 06:00:00,152.358,152.452,152.123,152.14,
2025-10-29 07:00:00,152.14101,152.179,151.996,152.054001,
2025-10-29 08:00:00,152.059998,152.33299,152.042007,152.33299,
2025-10-29 09:00:00,152.332,152.46899,152.189,152.23199,
2025-10-29 10:00:00,152.231,152.343,152.201,152.241,
2025-10-29 11:00:00,152.237,152.40601,152.13,152.241,
2025-10-29 12:00:00,152.239,152.297,152.15601,152.239,
2025-10-29 13:00:00,152.242,152.243,151.85899,151.993,
2025-10-29 14:00:00,151.996,152.168,151.978,152.029999,
2025-10-29 15:00:00,152.029999,152.061005,151.89999,151.912,
2025-10-29 16:00:00,151.907,152.17799,151.892,152.147,
2025-10-29 17:00:00,152.145,152.317,152.084,152.244,
2025-10-29 18:00:00,152.24699,153.054993,152.174,152.81,
2025-10-29 19:00:00,152.821,153.059998,152.745,152.814,
2025-10-29 20:00:00,152.81599,152.87601,152.582,152.714,
2025-10-29 21:00:00,152.715,152.73599,152.565,152.645,
2025-10-29 22:00:00,152.646,152.73599,152.60201,152.69,
2025-10-29 23:00:00,152.68401,152.756,152.58,152.72501,
2025-10-30 00:00:00,152.71899,152.946,152.498,152.627,
2025-10-30 01:00:00,152.627,152.679,152.446,152.53799,
2025-10-30 02:00:00,152.541,152.561,152.31,152.32201,
2025-10-30 03:00:00,152.32201,153.138,152.155,152.95799,
2025-10-30 04:00:00,152.957,153.020996,152.554,152.76601,
2025-10-30 05:00:00,152.756,153.042007,152.668,153.037003,
2025-10-30 06:00:00,153.035995,153.517,152.92799,153.332,
2025-10-30 07:00:00,153.338,153.54601,153.271,153.401,
2025-10-30 08:00:00,153.39799,153.88699,153.39799,153.742,
2025-10-30 09:00:00,153.74001,153.80099,153.618,153.77901,
2025-10-30 10:00:00,153.77499,153.959,153.76601,153.95599,
2025-10-30 11:00:00,153.952,154.174,153.85899,154.11501,
2025-10-30 12:00:00,154.112,154.28799,154.074005,154.28799,
2025-10-30 13:00:00,154.284,154.444,154.131,154.19299,
2025-10-30 14:00:00,154.198,154.321,154.048004,154.286,
2025-10-30 15:00:00,154.284,154.342,154.039001,154.17,
2025-10-30 16:00:00,154.168,154.229,154.063004,154.093994,
2025-10-30 17:00:00,154.093994,154.17,154.044998,154.098007,
2025-10-30 18:00:00,154.097,154.149,154.044998,154.078003,
2025-10-30 19:00:00,154.080002,154.089996,154.014999,154.070007,
2025-10-30 20:00:00,154.076996,154.15601,154.035004,154.11501,
2025-10-30 21:00:00,154.11501,154.133,154.022003,154.046997,
2025-10-30 22:00:00,154.059006,154.13699,154.024002,154.10699,
2025-10-30 23:00:00,154.10201,154.164,153.83099,153.905,
2025-10-31 00:00:00,153.89999,154.035995,153.815,153.89301,
2025-10-31 01:00:00,153.888,153.92101,153.645,153.83,
2025-10-31 02:00:00,153.82899,153.884,153.73399,153.882,
2025-10-31 03:00:00,153.88,154.067993,153.84599,154.035004,
2025-10-31 04:00:00,154.031998,154.057007,153.89999,153.936,
2025-10-31 05:00:00,153.931,154.054993,153.826,153.911,
2025-10-31 06:00:00,153.907,154.235,153.877,154.22099,
2025-10-31 07:00:00,154.21899,154.395,154.16499,154.30499,
2025-10-31 08:00:00,154.304,154.41299,154.217,154.242,
2025-10-31 09:00:00,154.242,154.291,154.095993,154.123,
2025-10-31 10:00:00,154.134,154.18401,154.078003,154.125,
2025-10-31 11:00:00,154.125,154.18401,154.039993,154.089005,
2025-10-31 12:00:00,154.098999,154.252,153.879,154.129,
2025-10-31 13:00:00,154.133,154.231,154.042999,154.070999,
2025-10-31 14:00:00,154.076996,154.095993,153.88699,153.942,
2025-10-31 15:00:00,153.94099,154.093994,153.911,154.039993,
2025-10-31 16:00:00,154.035004,154.173,153.963,154.11099,
2025-10-31 17:00:00,154.112,154.17599,154.076004,154.089996,
2025-10-31 18:00:00,154.091003,154.134,154.029999,154.082001,
2025-10-31 19:00:00,154.085999,154.13499,154.056,154.108,
2025-10-31 20:00:00,154.11,154.12,153.933,153.936,
2025-10-31 21:00:00,153.92799,153.94,153.92799,153.94,
2025-11-03 00:00:00,154.19901,154.216,154.114,154.17,
2025-11-03 01:00:00,154.17,154.188,154.070999,154.11,
2025-11-03 02:00:00,154.10899,154.12601,154.029999,154.078995,
2025-11-03 03:00:00,154.082001,154.095001,154.035004,154.063004,
2025-11-03 04:00:00,154.059998,154.085999,153.98399,154.072998,
2025-11-03 05:00:00,154.070007,154.134,154.054001,154.118,
2025-11-03 06:00:00,154.118,154.242,154.098007,154.18401,
2025-11-03 07:00:00,154.18401,154.284,154.10201,154.105,
2025-11-03 08:00:00,154.10699,154.20599,154.044998,154.103,
2025-11-03 09:00:00,154.103,154.16901,154.080994,154.161,
2025-11-03 10:00:00,154.161,154.19,154.12601,154.16499,
2025-11-03 11:00:00,154.166,154.185,154.091995,154.147,
2025-11-03 12:00:00,154.147,154.19099,154.136,154.177,
2025-11-03 13:00:00,154.17599,154.29601,154.17101,154.246,
2025-11-03 14:00:00,154.243,154.27299,154.069,154.095001,
2025-11-03 15:00:00,154.085999,154.158,153.884,154.093994,
2025-11-03 16:00:00,154.097,154.166,154.063004,154.127,
2025-11-03 17:00:00,154.12601,154.175,154.054993,154.14999,
2025-11-03 18:00:00,154.149,154.24001,154.11501,154.16701,
2025-11-03 19:00:00,154.16299,154.252,154.132,154.185,
2025-11-03 20:00:00,154.19,154.21899,154.16901,154.189,
2025-11-03 21:00:00,154.189,154.216,154.172,154.19901,
2025-11-03 22:00:00,154.205,154.25,154.175,154.19099,
2025-11-03 23:00:00,154.19,154.224,154.151,154.196,
2025-11-04 00:00:00,154.20399,154.397,154.192,154.33299,
2025-11-04 01:00:00,154.33299,154.48199,154.295,154.323,
2025-11-04 02:00:00,154.323,154.358,154.10001,154.103,
2025-11-04 03:00:00,154.10201,154.158,154.048004,154.082993,
2025-11-04 04:00:00,154.078995,154.101,153.80499,154.056,
2025-11-04 05:00:00,154.056,154.080994,153.68401,153.72701,
2025-11-04 06:00:00,153.73,153.78999,153.489,153.621,
2025-11-04 07:00:00,153.62,153.631,153.327,153.575,
2025-11-04 08:00:00,153.578,153.69701,153.381,153.649,
2025-11-04 09:00:00,153.644,153.755,153.397,153.48,
2025-11-04 10:00:00,153.481,153.601,153.312,153.575,
2025-11-04 11:00:00,153.57201,153.592,153.368,153.57001,
2025-11-04 12:00:00,153.569,153.625,153.49899,153.52299,
2025-11-04 13:00:00,153.522,153.541,153.311,153.38699,
2025-11-04 14:00:00,153.382,153.541,153.364,153.47501,
2025-11-04 15:00:00,153.46899,153.597,153.33299,153.379,
2025-11-04 16:00:00,153.381,153.552,153.334,153.549,
2025-11-04 17:00:00,153.54601,153.64,153.51801,153.58501,
2025-11-04 18:00:00,153.58501,153.661,153.541,153.563,
2025-11-04 19:00:00,153.558,153.64101,153.558,153.627,
2025-11-04 20:00:00,153.627,153.69099,153.617,153.62199,
2025-11-04 21:00:00,153.62601,153.683,153.59399,153.65401,
2025-11-04 22:00:00,153.66499,153.666,153.61099,153.64,
2025-11-04 23:00:00,153.631,153.69299,153.504,153.58,
2025-11-05 00:00:00,153.54401,153.74699,153.226,153.235,
2025-11-05 01:00:00,153.23,153.298,152.955,153.162,
2025-11-05 02:00:00,153.157,153.323,153.061005,153.311,
2025-11-05 03:00:00,153.311,153.56599,153.295,153.506,
2025-11-05 04:00:00,153.506,153.528,153.384,153.481,
2025-11-05 05:00:00,153.478,153.565,153.40199,153.517,
2025-11-05 06:00:00,153.515,153.74001,153.44701,153.661,
2025-11-05 07:00:00,153.662,153.69,153.44299,153.554,
2025-11-05 08:00:00,153.55901,153.664,153.412,153.492,
2025-11-05 09:00:00,153.492,153.707,153.48199,153.683,
2025-11-05 10:00:00,153.68401,153.842,153.614,153.62601,
2025-11-05 11:00:00,153.62,153.70799,153.57001,153.61,
2025-11-05 12:00:00,153.61,153.74899,153.55901,153.705,
2025-11-05 13:00:00,153.705,153.991,153.685,153.976,
2025-11-05 14:00:00,153.981,154.031998,153.892,153.936,
2025-11-05 15:00:00,153.937,154.311,153.92799,154.3,
2025-11-05 16:00:00,154.30099,154.356,154.10201,154.11501,
2025-11-05 17:00:00,154.11501,154.144,154.050995,154.072006,
2025-11-05 18:00:00,154.076004,154.14301,154.0019989,154.125,
2025-11-05 19:00:00,154.121,154.13,154.052994,154.10899,
2025-11-05 20:00:00,154.103,154.13499,154.076996,154.116,
2025-11-05 21:00:00,154.116,154.142,154.076004,154.11,
2025-11-05 22:00:00,154.11301,154.11301,154.0099945,154.052002,
2025-11-05 23:00:00,154.052002,154.087006,153.97301,154.076004,
2025-11-06 00:00:00,154.082001,154.14,153.84399,153.88699,
2025-11-06 01:00:00,153.88699,153.94099,153.798,153.86501,
2025-11-06 02:00:00,153.86501,154.0010071,153.78999,153.94299,
2025-11-06 03:00:00,153.94299,153.994,153.828,153.86501,
2025-11-06 04:00:00,153.867,154.024994,153.855,153.94701,
2025-11-06 05:00:00,153.94901,154.0059967,153.826,153.88,
2025-11-06 06:00:00,153.87801,154.0059967,153.804,153.976,
2025-11-06 07:00:00,153.976,153.993,153.769,153.86301,
2025-11-06 08:00:00,153.862,153.871,153.52699,153.55701,
2025-11-06 09:00:00,153.561,153.771,153.552,153.718,
2025-11-06 10:00:00,153.714,153.774,153.698,153.742,
2025-11-06 11:00:00,153.742,153.76401,153.584,153.645,
2025-11-06 12:00:00,153.63901,153.74001,153.58,153.601,
2025-11-06 13:00:00,153.601,153.63699,153.401,153.5,
2025-11-06 14:00:00,153.496,153.586,153.38,153.405,
2025-11-06 15:00:00,153.408,153.41,153.039001,153.044006,
2025-11-06 16:00:00,153.044006,153.168,152.96899,152.976,
2025-11-06 17:00:00,152.976,153.061996,152.826,153.0090027,
2025-11-06 18:00:00,153.0090027,153.087006,152.914,153.046005,
2025-11-06 19:00:00,153.048996,153.158,153.022995,153.14301,
2025-11-06 20:00:00,153.14,153.144,152.993,153.024002,
2025-11-06 21:00:00,153.031006,153.10201,152.992,153.041,
2025-11-06 22:00:00,153.054001,153.082993,152.964,153.044998,
2025-11-06 23:00:00,153.042999,153.067001,152.814,152.963,
2025-11-07 00:00:00,152.95,153.24899,152.853,153.17999,
2025-11-07 01:00:00,153.181,153.30701,153.044998,153.12601,
2025-11-07 02:00:00,153.127,153.175,152.95599,153.14101,
2025-11-07 03:00:00,153.142,153.187,153.011993,153.056,
2025-11-07 04:00:00,153.054001,153.18201,153.0099945,153.11099,
2025-11-07 05:00:00,153.11,153.367,153.108,153.35201,
2025-11-07 06:00:00,153.34801,153.526,153.347,153.505,
2025-11-07 07:00:00,153.505,153.539,153.37801,153.388,
2025-11-07 08:00:00,153.38699,153.515,153.34599,153.50301,
2025-11-07 09:00:00,153.508,153.522,153.438,153.492,
2025-11-07 10:00:00,153.491,153.496,153.317,153.35201,
2025-11-07 11:00:00,153.351,153.36099,153.0059967,153.129,
2025-11-07 12:00:00,153.12601,153.17599,153.033005,153.089996,
2025-11-07 13:00:00,153.093002,153.375,153.0039978,153.353,
2025-11-07 14:00:00,153.353,153.47501,153.131,153.31,
2025-11-07 15:00:00,153.326,153.34399,153.018997,153.13499,
2025-11-07 16:00:00,153.134,153.17599,153.0090027,153.059006,
2025-11-07 17:00:00,153.056,153.224,153.035004,153.093994,
2025-11-07 18:00:00,153.089996,153.267,153.029999,153.252,
2025-11-07 19:00:00,153.258,153.58299,153.216,153.55701,
2025-11-07 20:00:00,153.552,153.595,153.355,153.429,
2025-11-07 21:00:00,153.425,153.48399,153.369,153.37801,
2025-11-10 00:00:00,153.82401,153.914,153.401,153.847,
2025-11-10 01:00:00,153.853,153.95399,153.774,153.82201,
2025-11-10 02:00:00,153.823,153.89999,153.797,153.88499,
2025-11-10 03:00:00,153.88499,154.026001,153.88499,153.93201,
2025-11-10 04:00:00,153.92999,153.95399,153.78101,153.879,
2025-11-10 05:00:00,153.87399,154.070999,153.862,153.939,
2025-11-10 06:00:00,153.936,154.082993,153.896,154.022003,
2025-11-10 07:00:00,154.026001,154.15199,153.946,154.039993,
2025-11-10 08:00:00,154.042007,154.179,153.944,154.166,
2025-11-10 09:00:00,154.166,154.231,154.14101,154.158,
2025-11-10 10:00:00,154.15401,154.17799,154.056,154.15601,
2025-11-10 11:00:00,154.162,154.24899,154.11,154.12399,
2025-11-10 12:00:00,154.127,154.16701,154.033005,154.10899,
2025-11-10 13:00:00,154.11501,154.13901,153.98,154.057007,
2025-11-10 14:00:00,154.054993,154.16499,153.998,154.078003,
2025-11-10 15:00:00,154.082001,154.142,154.0059967,154.024002,
2025-11-10 16:00:00,154.026001,154.067993,153.88499,153.991,
2025-11-10 17:00:00,153.993,154.042999,153.92,153.95599,
2025-11-10 18:00:00,153.955,154.020004,153.918,153.987,
2025-11-10 19:00:00,153.992,154.074997,153.948,154.052002,
2025-11-10 20:00:00,154.048996,154.082993,153.993,154.029999,
2025-11-10 21:00:00,154.029999,154.17,154.018997,154.14101,
2025-11-10 22:00:00,154.14301,154.144,153.98801,154.041,
2025-11-10 23:00:00,154.031998,154.155,154.024994,154.138,
2025-11-11 00:00:00,154.146,154.311,154.097,154.31,
2025-11-11 01:00:00,154.30901,154.495,154.30299,154.321,
2025-11-11 02:00:00,154.31799,154.39101,154.25301,154.362,
2025-11-11 03:00:00,154.36,154.36501,154.216,154.25999,
2025-11-11 04:00:00,154.259,154.35201,154.21899,154.29401,
2025-11-11 05:00:00,154.299,154.31,154.082001,154.123,
2025-11-11 06:00:00,154.121,154.267,154.082993,154.194,
2025-11-11 07:00:00,154.19,154.25101,154.146,154.189,
2025-11-11 08:00:00,154.19,154.38901,154.16299,154.37399,
2025-11-11 09:00:00,154.379,154.44099,154.28,154.325,
2025-11-11 10:00:00,154.33,154.36099,154.203,154.246,
2025-11-11 11:00:00,154.237,154.26601,154.209,154.25301,
2025-11-11 12:00:00,154.246,154.26801,154.164,154.189,
2025-11-11 13:00:00,154.189,154.198,153.66,153.77499,
2025-11-11 14:00:00,153.77,154.0070038,153.69501,153.99699,
2025-11-11 15:00:00,153.998,154.133,153.91701,153.967,
2025-11-11 16:00:00,153.96899,154.022995,153.94,154.003006,
2025-11-11 17:00:00,153.996,154.12199,153.994,154.067001,
2025-11-11 18:00:00,154.074997,154.145,154.044998,154.106,
2025-11-11 19:00:00,154.10201,154.145,154.057007,154.11501,
2025-11-11 20:00:00,154.11501,154.14301,154.076004,154.116,
2025-11-11 21:00:00,154.116,154.17599,154.11099,154.146,
2025-11-11 22:00:00,154.146,154.146,154.013,154.028,
2025-11-11 23:00:00,154.054001,154.158,154.026001,154.080002,
2025-11-12 00:00:00,154.078003,154.302,154.042007,154.293,
2025-11-12 01:00:00,154.293,154.35201,154.256,154.323,
2025-11-12 02:00:00,154.31599,154.41299,154.308,154.34399,
2025-11-12 03:00:00,154.34399,154.38,154.23399,154.342,
2025-11-12 04:00:00,154.34,154.743,154.33501,154.73199,
2025-11-12 05:00:00,154.731,154.78999,154.561,154.63499,
2025-11-12 06:00:00,154.63499,154.759,154.578,154.606,
2025-11-12 07:00:00,154.606,154.67,154.48801,154.61501,
2025-11-12 08:00:00,154.616,154.77499,154.612,154.758,
2025-11-12 09:00:00,154.757,154.907,154.69901,154.84399,
2025-11-12 10:00:00,154.839,154.897,154.752,154.85899,
2025-11-12 11:00:00,154.86501,154.88699,154.798,154.802,
2025-11-12 12:00:00,154.80099,154.834,154.69299,154.808,
2025-11-12 13:00:00,154.80099,154.995,154.758,154.942,
2025-11-12 14:00:00,154.942,155.046005,154.855,154.866,
2025-11-12 15:00:00,154.86301,154.923,154.72701,154.73399,
2025-11-12 16:00:00,154.737,154.774,154.64,154.642,
2025-11-12 17:00:00,154.642,154.646,154.491,154.59399,
2025-11-12 18:00:00,154.59,154.687,154.575,154.686,
2025-11-12 19:00:00,154.679,154.73,154.60201,154.71201,
2025-11-12 20:00:00,154.714,154.767,154.687,154.74899,
2025-11-12 21:00:00,154.758,154.869,154.748,154.76801,
2025-11-12 22:00:00,154.77499,154.798,154.688,154.69099,
2025-11-12 23:00:00,154.69,154.756,154.683,154.713,
2025-11-13 00:00:00,154.701,154.959,154.687,154.942,
2025-11-13 01:00:00,154.936,155.014999,154.701,154.73199,
2025-11-13 02:00:00,154.73199,154.78999,154.616,154.65401,
2025-11-13 03:00:00,154.65401,154.75999,154.618,154.729,
2025-11-13 04:00:00,154.729,154.855,154.63699,154.82001,
2025-11-13 05:00:00,154.81599,154.99899,154.806,154.94501,
2025-11-13 06:00:00,154.948,155.0059967,154.85899,154.884,
2025-11-13 07:00:00,154.888,154.951,154.698,154.71001,
2025-11-13 08:00:00,154.71001,154.774,154.508,154.52,
2025-11-13 09:00:00,154.513,154.586,154.32001,154.52699,
2025-11-13 10:00:00,154.521,154.677,154.479,154.655,
2025-11-13 11:00:00,154.65401,154.765,154.636,154.73599,
2025-11-13 12:00:00,154.735,154.755,154.584,154.60201,
2025-11-13 13:00:00,154.59599,154.74001,154.534,154.646,
2025-11-13 14:00:00,154.64301,154.677,154.383,154.39301,
2025-11-13 15:00:00,154.39,154.539,154.12199,154.194,
2025-11-13 16:00:00,154.19299,154.436,154.15401,154.399,
2025-11-13 17:00:00,154.395,154.47501,154.23599,154.315,
2025-11-13 18:00:00,154.312,154.442,154.269,154.422,
2025-11-13 19:00:00,154.41701,154.48599,154.34801,154.465,
2025-11-13 20:00:00,154.468,154.541,154.45399,154.535,
2025-11-13 21:00:00,154.53999,154.586,154.459,154.55,
2025-11-13 22:00:00,154.545,154.592,154.41701,154.52,
2025-11-13 23:00:00,154.51401,154.686,154.5,154.63499,
2025-11-14 00:00:00,154.63,154.745,154.55901,154.603,
2025-11-14 01:00:00,154.599,154.68401,154.435,154.505,
2025-11-14 02:00:00,154.498,154.576,154.42999,154.44501,
2025-11-14 03:00:00,154.444,154.57401,154.304,154.537,
2025-11-14 04:00:00,154.536,154.575,154.41499,154.41499,
2025-11-14 05:00:00,154.41499,154.504,154.36099,154.476,
2025-11-14 06:00:00,154.476,154.661,154.427,154.59399,
2025-11-14 07:00:00,154.595,154.68201,154.448,154.674,
2025-11-14 08:00:00,154.67599,154.735,154.45,154.549,
2025-11-14 09:00:00,154.549,154.701,154.549,154.685,
2025-11-14 10:00:00,154.688,154.763,154.66,154.742,
2025-11-14 11:00:00,154.741,154.748,154.625,154.65199,
2025-11-14 12:00:00,154.651,154.66299,153.80299,153.813,
2025-11-14 13:00:00,153.804,154.14301,153.61099,154.085999,
2025-11-14 14:00:00,154.082993,154.34599,153.979,154.339,
2025-11-14 15:00:00,154.338,154.494,154.23,154.422,
2025-11-14 16:00:00,154.422,154.664,154.34599,154.636,
2025-11-14 17:00:00,154.636,154.743,154.612,154.63699,
2025-11-14 18:00:00,154.63699,154.661,154.55099,154.575,
2025-11-14 19:00:00,154.575,154.582,154.521,154.554,
2025-11-14 20:00:00,154.55701,154.56799,154.495,154.524,
2025-11-14 21:00:00,154.53,154.59801,154.459,154.493,
2025-11-17 00:00:00,154.592,154.659,154.41,154.636,
2025-11-17 01:00:00,154.632,154.65401,154.506,154.569,
2025-11-17 02:00:00,154.569,154.71001,154.56599,154.688,
2025-11-17 03:00:00,154.685,154.786,154.68201,154.707,
2025-11-17 04:00:00,154.707,154.731,154.603,154.62801,
2025-11-17 05:00:00,154.623,154.716,154.584,154.687,
2025-11-17 06:00:00,154.683,154.813,154.634,154.677,
2025-11-17 07:00:00,154.673,154.793,154.63901,154.688,
2025-11-17 08:00:00,154.692,154.832,154.62,154.711,
2025-11-17 09:00:00,154.70599,154.786,154.649,154.74899,
2025-11-17 10:00:00,154.75,154.84399,154.69099,154.839,
2025-11-17 11:00:00,154.83701,154.871,154.763,154.789,
2025-11-17 12:00:00,154.789,154.87199,154.73199,154.845,
2025-11-17 13:00:00,154.843,154.916,154.832,154.888,
2025-11-17 14:00:00,154.88499,155.035004,154.86099,155.024994,
2025-11-17 15:00:00,155.031998,155.304,155,155.194,
2025-11-17 16:00:00,155.19299,155.205,155.052002,155.19701,
2025-11-17 17:00:00,155.2,155.23199,155.136,155.158,
2025-11-17 18:00:00,155.15199,155.207,155.12199,155.136,
2025-11-17 19:00:00,155.13499,155.25101,155.063995,155.241,
2025-11-17 20:00:00,155.242,155.257,155.161,155.22301,
2025-11-17 21:00:00,155.222,155.261,155.205,155.261,
2025-11-17 22:00:00,155.23199,155.242,155.14101,155.18401,
2025-11-17 23:00:00,155.17599,155.287,155.16701,155.26601,
2025-11-18 00:00:00,155.27299,155.379,155.174,155.254,
2025-11-18 01:00:00,155.258,155.36099,155.14,155.194,
2025-11-18 02:00:00,155.19701,155.283,155.166,155.183,
2025-11-18 03:00:00,155.188,155.201,155.106,155.17,
2025-11-18 04:00:00,155.17,155.19099,154.80901,155.050995,
2025-11-18 05:00:00,155.052002,155.10201,154.99001,155.076996,
2025-11-18 06:00:00,155.076996,155.216,154.862,155.17799,
2025-11-18 07:00:00,155.17,155.217,154.866,154.99001,
2025-11-18 08:00:00,154.99001,155.21899,154.905,155.123,
2025-11-18 09:00:00,155.123,155.265,155.078003,155.231,
2025-11-18 10:00:00,155.22701,155.424,155.201,155.423,
2025-11-18 11:00:00,155.422,155.44099,155.354,155.42101,
2025-11-18 12:00:00,155.423,155.438,155.17101,155.18201,
2025-11-18 13:00:00,155.175,155.26199,155.056,155.16701,
2025-11-18 14:00:00,155.16499,155.381,155.136,155.222,
2025-11-18 15:00:00,155.228,155.282,155.046997,155.27299,
2025-11-18 16:00:00,155.274,155.505,155.25301,155.442,
2025-11-18 17:00:00,155.437,155.69501,155.424,155.686,
2025-11-18 18:00:00,155.687,155.73399,155.554,155.59,
2025-11-18 19:00:00,155.592,155.63699,155.495,155.52,
2025-11-18 20:00:00,155.521,155.563,155.472,155.521,
2025-11-18 21:00:00,155.526,155.549,155.478,155.478,
2025-11-18 22:00:00,155.481,155.547,155.396,155.513,
2025-11-18 23:00:00,155.496,155.592,155.474,155.53999,
2025-11-19 00:00:00,155.524,155.57899,155.367,155.47,
2025-11-19 01:00:00,155.465,155.537,155.42599,155.496,
2025-11-19 02:00:00,155.489,155.552,155.31799,155.35201,
2025-11-19 03:00:00,155.34801,155.384,155.20599,155.286,
2025-11-19 04:00:00,155.286,155.468,155.286,155.317,
2025-11-19 05:00:00,155.317,155.379,155.255,155.364,
2025-11-19 06:00:00,155.364,155.459,155.319,155.444,
2025-11-19 07:00:00,155.45,155.53,155.40199,155.51601,
2025-11-19 08:00:00,155.511,155.67799,155.474,155.63,
2025-11-19 09:00:00,155.63,155.965,155.55,155.955,
2025-11-19 10:00:00,155.94701,156.256,155.92999,156.243,
2025-11-19 11:00:00,156.241,156.30099,156.076996,156.101,
2025-11-19 12:00:00,156.101,156.26401,156.059998,156.241,
2025-11-19 13:00:00,156.241,156.297,156.033997,156.27699,
2025-11-19 14:00:00,156.28101,156.631,156.25999,156.617,
2025-11-19 15:00:00,156.629,156.71899,156.492,156.50101,
2025-11-19 16:00:00,156.49899,156.707,156.45799,156.632,
2025-11-19 17:00:00,156.631,156.873,156.616,156.75,
2025-11-19 18:00:00,156.74899,156.85001,156.686,156.78101,
2025-11-19 19:00:00,156.77901,157.039993,156.752,157.024994,
2025-11-19 20:00:00,157.020996,157.046005,156.933,156.96201,
2025-11-19 21:00:00,156.959,157.185,156.95399,157.138,
2025-11-19 22:00:00,157.13901,157.144,157.014999,157.067993,
2025-11-19 23:00:00,157.070007,157.159,156.978,156.979,
2025-11-20 00:00:00,156.99001,157.209,156.873,157.072998,
2025-11-20 01:00:00,157.069,157.437,157.031998,157.41499,
2025-11-20 02:00:00,157.41499,157.478,157.283,157.312,
2025-11-20 03:00:00,157.31799,157.436,157.27299,157.418,
2025-11-20 04:00:00,157.411,157.422,157.256,157.392,
2025-11-20 05:00:00,157.392,157.58099,157.38901,157.552,
2025-11-20 06:00:00,157.554,157.73801,157.485,157.73199,
2025-11-20 07:00:00,157.728,157.782,157.371,157.455,
2025-11-20 08:00:00,157.45,157.5,157.104,157.145,
2025-11-20 09:00:00,157.145,157.278,157.12,157.175,
2025-11-20 10:00:00,157.175,157.41299,157.147,157.377,
2025-11-20 11:00:00,157.377,157.545,157.35001,157.509,
2025-11-20 12:00:00,157.504,157.739,157.50101,157.69501,
2025-11-20 13:00:00,157.69501,157.875,157.211,157.563,
2025-11-20 14:00:00,157.564,157.83099,157.48801,157.62,
2025-11-20 15:00:00,157.614,157.892,157.612,157.674,
2025-11-20 16:00:00,157.674,157.69,157.28101,157.42,
2025-11-20 17:00:00,157.418,157.545,157.257,157.51401,
2025-11-20 18:00:00,157.52,157.69701,157.42101,157.453,
2025-11-20 19:00:00,157.466,157.564,157.444,157.534,
2025-11-20 20:00:00,157.535,157.649,157.511,157.569,
2025-11-20 21:00:00,157.569,157.59599,157.427,157.457,
2025-11-20 22:00:00,157.463,157.52299,157.39799,157.451,
2025-11-20 23:00:00,157.45599,157.481,157.18401,157.382,
2025-11-21 00:00:00,157.38,157.541,157.215,157.30901,
2025-11-21 01:00:00,157.314,157.49899,157.202,157.48199,
2025-11-21 02:00:00,157.48,157.494,157.293,157.343,
2025-11-21 03:00:00,157.342,157.431,157.289,157.30299,
2025-11-21 04:00:00,157.29401,157.30901,157.076996,157.269,
2025-11-21 05:00:00,157.26801,157.308,157.16,157.22301,
2025-11-21 06:00:00,157.222,157.25999,157.044998,157.172,
2025-11-21 07:00:00,157.164,157.196,156.60699,156.73599,
2025-11-21 08:00:00,156.733,156.95,156.562,156.911,
2025-11-21 09:00:00,156.90601,156.953,156.668,156.75301,
2025-11-21 10:00:00,156.759,156.826,156.55099,156.77699,
2025-11-21 11:00:00,156.77699,156.899,156.742,156.847,
2025-11-21 12:00:00,156.847,156.899,156.603,156.754,
2025-11-21 13:00:00,156.742,156.867,156.673,156.808,
2025-11-21 14:00:00,156.808,156.97,156.649,156.698,
2025-11-21 15:00:00,156.702,156.724,156.192,156.53101,
2025-11-21 16:00:00,156.533,156.759,156.457,156.56599,
2025-11-21 17:00:00,156.56599,156.733,156.492,156.539,
2025-11-21 18:00:00,156.536,156.647,156.455,156.57001,
2025-11-21 19:00:00,156.57401,156.58501,156.257,156.32401,
2025-11-21 20:00:00,156.325,156.455,156.312,156.39,
2025-11-21 21:00:00,156.379,156.504,156.295,156.37801,
2025-11-24 00:00:00,156.67799,156.804,156.65199,156.729,
2025-11-24 01:00:00,156.73,156.756,156.631,156.715,
2025-11-24 02:00:00,156.711,156.739,156.601,156.68401,
2025-11-24 03:00:00,156.68401,156.696,156.58299,156.645,
2025-11-24 04:00:00,156.63499,156.66701,156.504,156.54601,
2025-11-24 05:00:00,156.55299,156.593,156.495,156.575,
2025-11-24 06:00:00,156.575,156.74001,156.53799,156.731,
2025-11-24 07:00:00,156.72,156.894,156.67101,156.83501,
2025-11-24 08:00:00,156.843,156.939,156.64301,156.894,
2025-11-24 09:00:00,156.894,156.939,156.674,156.75,
2025-11-24 10:00:00,156.742,156.78101,156.692,156.70599,
2025-11-24 11:00:00,156.707,156.866,156.694,156.832,
2025-11-24 12:00:00,156.83,156.87399,156.739,156.85001,
2025-11-24 13:00:00,156.847,156.98801,156.84399,156.91299,
2025-11-24 14:00:00,156.909,157.16299,156.88,157.050003,
2025-11-24 15:00:00,157.044006,157.19299,156.733,156.791,
2025-11-24 16:00:00,156.79201,156.92635,156.77499,156.90585,
2025-11-24 17:00:00,156.90262,156.98859,156.86729,156.89015,
2025-11-24 18:00:00,156.88896,156.90054,156.79163,156.80137,
2025-11-24 19:00:00,156.8008,156.88007,156.73121,156.75587,
2025-11-24 20:00:00,156.7542,156.8492,156.73911,156.81723,
2025-11-24 21:00:00,156.81898,156.92492,156.81662,156.91644,
2025-11-24 22:00:00,156.91809,156.92748,156.81593,156.83865,
2025-11-24 23:00:00,156.84228,156.95798,156.83752,156.94051,
2025-11-25 00:00:00,156.93862,156.98488,156.68158,156.70551,
2025-11-25 01:00:00,156.70759,156.74197,156.56373,156.68102,
2025-11-25 02:00:00,156.68021,156.73093,156.61609,156.70422,
2025-11-25 03:00:00,156.70379,156.78581,156.62569,156.76858,
2025-11-25 04:00:00,156.76888,156.84379,156.76888,156.80132,
2025-11-25 05:00:00,156.80047,156.84539,156.70768,156.7132,
2025-11-25 06:00:00,156.71102,156.79648,156.67161,156.69264,
2025-11-25 07:00:00,156.69035,156.69496,156.53405,156.66257,
2025-11-25 08:00:00,156.66174,156.68994,156.44325,156.47522,
2025-11-25 09:00:00,156.46989,156.48128,156.16844,156.29321,
2025-11-25 10:00:00,156.28937,156.40591,156.21354,156.35461,
2025-11-25 11:00:00,156.35143,156.52092,156.34775,156.4517,
2025-11-25 12:00:00,156.44916,156.50332,156.3235,156.3235,
2025-11-25 13:00:00,156.31959,156.33306,156.03092,156.1761,
2025-11-25 14:00:00,156.17486,156.26556,155.93026,156.02218,
2025-11-25 15:00:00,156.02181,156.14342,155.89719,156.14342,
2025-11-25 16:00:00,156.14377,156.29468,156.08654,156.29468,
2025-11-25 17:00:00,156.29532,156.31066,155.82358,155.88552,
2025-11-25 18:00:00,155.88817,155.94356,155.83208,155.9106,
2025-11-25 19:00:00,155.91138,155.96489,155.81025,155.82374,
2025-11-25 20:00:00,155.82547,156.1923,155.82259,156.11649,
2025-11-25 21:00:00,156.11704,156.12804,156.03933,156.07522,
2025-11-25 22:00:00,156.07533,156.10094,155.94779,156.04771,
2025-11-25 23:00:00,156.04794,156.22649,156.0346,156.22649,
2025-11-26 00:00:00,156.22415,156.35632,156.08767,156.27276,
2025-11-26 01:00:00,156.27285,156.37292,155.80327,155.88012,
2025-11-26 02:00:00,155.87857,156.00375,155.67833,155.84245,
2025-11-26 03:00:00,155.8406,155.90474,155.74784,155.88846,
2025-11-26 04:00:00,155.88668,156.12296,155.87583,156.05405,
2025-11-26 05:00:00,156.05103,156.18837,156.04923,156.12722,
2025-11-26 06:00:00,156.12495,156.29834,156.0621,156.26322,
2025-11-26 07:00:00,156.26414,156.48935,156.16508,156.41425,
2025-11-26 08:00:00,156.41465,156.48453,156.32335,156.46607,
2025-11-26 09:00:00,156.46362,156.49671,156.34603,156.48366,
2025-11-26 10:00:00,156.48347,156.50215,156.34919,156.49951,
2025-11-26 11:00:00,156.49749,156.58204,156.37335,156.45653,
2025-11-26 12:00:00,156.45166,156.5944,156.45166,156.48119,
2025-11-26 13:00:00,156.47669,156.68945,156.34155,156.67846,
2025-11-26 14:00:00,156.67665,156.73214,156.51642,156.59302,
2025-11-26 15:00:00,156.58996,156.63355,156.4436,156.47096,
2025-11-26 16:00:00,156.46955,156.47194,156.30172,156.39372,
2025-11-26 17:00:00,156.39352,156.46695,156.35229,156.41933,
2025-11-26 18:00:00,156.41918,156.50504,156.35376,156.47559,
2025-11-26 19:00:00,156.47594,156.50871,156.43994,156.45151,
2025-11-26 20:00:00,156.452,156.49483,156.4156,156.44531,
2025-11-26 21:00:00,156.44714,156.47953,156.4111,156.45693,
2025-11-26 22:00:00,156.45954,156.4825,156.4146,156.4146,
2025-11-26 23:00:00,156.4165,156.42751,156.23526,156.24092,
2025-11-27 00:00:00,156.23986,156.24054,155.84767,155.98615,
2025-11-27 01:00:00,155.98557,156.19245,155.73537,156.05252,
2025-11-27 02:00:00,156.05142,156.18056,155.93371,156.13299,
2025-11-27 03:00:00,156.13152,156.15882,156.03759,156.08805,
2025-11-27 04:00:00,156.0856,156.10355,155.95211,156.00589,
2025-11-27 05:00:00,156.00157,156.01367,155.80981,155.92625,
2025-11-27 06:00:00,155.91449,156.19644,155.91449,156.15222,
2025-11-27 07:00:00,156.14821,156.30376,156.14584,156.1548,
2025-11-27 08:00:00,156.1545,156.36038,156.09,156.33592,
2025-11-27 09:00:00,156.33395,156.40095,156.31614,156.37287,
2025-11-27 10:00:00,156.3698,156.37633,156.26205,156.30625,
2025-11-27 11:00:00,156.30494,156.3577,156.26038,156.32279,
2025-11-27 12:00:00,156.32041,156.39271,156.2632,156.38546,
2025-11-27 13:00:00,156.38332,156.3879,156.26175,156.27554,
2025-11-27 14:00:00,156.27425,156.36689,156.249,156.32949,
2025-11-27 15:00:00,156.32834,156.34323,156.25939,156.30129,
2025-11-27 16:00:00,156.3017,156.35951,156.26614,156.28011,
2025-11-27 17:00:00,156.28035,156.37559,156.27877,156.34773,
2025-11-27 18:00:00,156.34742,156.37754,156.33278,156.35845,
2025-11-27 19:00:00,156.35953,156.37288,156.32914,156.34408,
2025-11-27 20:00:00,156.34432,156.34708,156.2704,156.31711,
2025-11-27 21:00:00,156.31888,156.32814,156.27032,156.29873,
2025-11-27 22:00:00,156.30134,156.33567,156.27767,156.28281,
2025-11-27 23:00:00,156.28417,156.31482,156.20096,156.29701,
2025-11-28 00:00:00,156.29774,156.6029,156.17936,156.45535,
2025-11-28 01:00:00,156.45557,156.46199,156.31913,156.40689,
2025-11-28 02:00:00,156.40595,156.40741,156.13725,156.28337,
2025-11-28 03:00:00,156.282,156.31136,156.21859,156.27374,
2025-11-28 04:00:00,156.27131,156.28133,156.20117,156.22073,
2025-11-28 05:00:00,156.21713,156.3985,156.21713,156.37867,
2025-11-28 06:00:00,156.37447,156.4286,156.35846,156.39616,
2025-11-28 07:00:00,156.39292,156.41338,156.2929,156.31043,
2025-11-28 08:00:00,156.30605,156.37736,156.303,156.36582,
2025-11-28 09:00:00,156.36179,156.37001,156.24634,156.32656,
2025-11-28 10:00:00,156.32073,156.35171,156.28388,156.28555,
2025-11-28 11:00:00,156.28312,156.29916,156.1732,156.17434,
2025-11-28 12:00:00,156.1716,156.25446,156.10167,156.122,
2025-11-28 13:00:00,156.12049,156.16649,156.02002,156.02761,
2025-11-28 14:00:00,156.02654,156.40536,155.99924,156.27426,
2025-11-28 15:00:00,156.27324,156.33584,155.9871,156.02366,
2025-11-28 16:00:00,156.02566,156.20359,156.02341,156.18817,
2025-11-28 17:00:00,156.18853,156.27494,156.13682,156.19164,
2025-11-28 18:00:00,156.19193,156.23619,156.09544,156.15605,
2025-11-28 19:00:00,156.15584,156.17276,156.07838,156.11235,
2025-11-28 20:00:00,156.11377,156.12621,156.07682,156.12621,
2025-11-28 21:00:00,156.12665,156.18998,156.11927,156.16955,
2025-11-30 22:00:00,156.11176,156.17624,156.07373,156.1101,
2025-11-30 23:00:00,156.11006,156.14394,155.9018,155.93316,
2025-12-01 00:00:00,155.93196,155.93412,155.70627,155.84596,
2025-12-01 01:00:00,155.84413,155.89778,155.51065,155.60238,
2025-12-01 02:00:00,155.59639,155.63751,155.4388,155.47107,
2025-12-01 03:00:00,155.46702,155.59548,155.41526,155.48441,
2025-12-01 04:00:00,155.48387,155.62647,155.40671,155.55614,
2025-12-01 05:00:00,155.55334,155.60293,155.42243,155.59948,
2025-12-01 06:00:00,155.5947,155.71024,155.5709,155.60632,
2025-12-01 07:00:00,155.60631,155.62094,155.31474,155.35381,
2025-12-01 08:00:00,155.34881,155.58546,155.25624,155.49911,
2025-12-01 09:00:00,155.49771,155.51463,155.26729,155.28926,
2025-12-01 10:00:00,155.28821,155.30184,155.17772,155.2518,
2025-12-01 11:00:00,155.25205,155.35014,155.10522,155.13022,
2025-12-01 12:00:00,155.12951,155.14663,154.77185,154.78538,
2025-12-01 13:00:00,154.78603,154.88863,154.69117,154.81433,
2025-12-01 14:00:00,154.81783,155.05308,154.81317,155.01602,
2025-12-01 15:00:00,155.01469,155.19938,154.89367,155.07188,
2025-12-01 16:00:00,155.07747,155.32744,155.07079,155.29434,
2025-12-01 17:00:00,155.29473,155.38796,155.25104,155.36306,
2025-12-01 18:00:00,155.36269,155.50058,155.35526,155.49453,
2025-12-01 19:00:00,155.4956,155.52651,155.46428,155.48377,
2025-12-01 20:00:00,155.48497,155.52278,155.43959,155.44756,
2025-12-01 21:00:00,155.44725,155.5151,155.43211,155.49193,
2025-12-01 22:00:00,155.49078,155.49286,155.43982,155.44377,
2025-12-01 23:00:00,155.44215,155.57179,155.44028,155.56724,
2025-12-02 00:00:00,155.56553,155.67324,155.47826,155.64544,
2025-12-02 01:00:00,155.64458,155.78874,155.60054,155.63901,
2025-12-02 02:00:00,155.63571,155.70792,155.59925,155.677,
2025-12-02 03:00:00,155.67342,155.72443,155.57389,155.63103,
2025-12-02 04:00:00,155.62723,155.67073,155.56155,155.64205,
2025-12-02 05:00:00,155.63828,155.73872,155.63774,155.66481,
2025-12-02 06:00:00,155.6618,155.82891,155.64282,155.77587,
2025-12-02 07:00:00,155.773,155.84081,155.72472,155.74407,
2025-12-02 08:00:00,155.73789,155.9978,155.73789,155.99546,
2025-12-02 09:00:00,155.99196,156.08633,155.94772,155.9703,
2025-12-02 10:00:00,155.96781,156.06511,155.96005,156.04668,
2025-12-02 11:00:00,156.04517,156.04865,155.90882,155.93009,
2025-12-02 12:00:00,155.92897,156.03716,155.91805,156.02739,
2025-12-02 13:00:00,156.0264,156.07339,155.95991,155.98944,
2025-12-02 14:00:00,155.98931,156.09136,155.93892,155.9591,
2025-12-02 15:00:00,155.95932,156.17523,155.81458,155.90598,
2025-12-02 16:00:00,155.9042,155.97974,155.7555,155.95611,
2025-12-02 17:00:00,155.95563,156.09323,155.91544,155.95876,
2025-12-02 18:00:00,155.95891,156.01984,155.92467,155.9929,
2025-12-02 19:00:00,155.99425,156.00226,155.8477,155.86852,
2025-12-02 20:00:00,155.87025,155.90497,155.81078,155.83713,
2025-12-02 21:00:00,155.83784,155.90621,155.8369,155.88101,
2025-12-02 22:00:00,155.88052,155.89897,155.81656,155.86799,
2025-12-02 23:00:00,155.86747,155.89733,155.79286,155.8141,
2025-12-03 00:00:00,155.81341,155.83155,155.66544,155.75732,
2025-12-03 01:00:00,155.75481,155.78371,155.61471,155.67206,
2025-12-03 02:00:00,155.67068,155.80299,155.65027,155.72097,
2025-12-03 03:00:00,155.71684,155.72798,155.64335,155.65234,
2025-12-03 04:00:00,155.64833,155.75831,155.64833,155.67964,
2025-12-03 05:00:00,155.67684,155.70894,155.63392,155.70081,
2025-12-03 06:00:00,155.6973,155.7042,155.52624,155.62851,
2025-12-03 07:00:00,155.62659,155.70813,155.52263,155.70813,
2025-12-03 08:00:00,155.70598,155.75358,155.6783,155.6796,
2025-12-03 09:00:00,155.67768,155.68176,155.51857,155.6016,
2025-12-03 10:00:00,155.59997,155.63862,155.51359,155.53522,
2025-12-03 11:00:00,155.53427,155.53583,155.42568,155.43261,
2025-12-03 12:00:00,155.43275,155.43639,155.37553,155.4032,
2025-12-03 13:00:00,155.40512,155.50834,155.29124,155.48737,
2025-12-03 14:00:00,155.48921,155.50772,155.28215,155.3782,
2025-12-03 15:00:00,155.37664,155.59923,155.22454,155.23594,
2025-12-03 16:00:00,155.23698,155.24382,155.02307,155.16132,
2025-12-03 17:00:00,155.16268,155.20123,155.0961,155.11842,
2025-12-03 18:00:00,155.11876,155.17757,155.07612,155.13152,
2025-12-03 19:00:00,155.13105,155.17351,155.08443,155.13038,
2025-12-03 20:00:00,155.12966,155.25086,155.12966,155.2225,
2025-12-03 21:00:00,155.22114,155.31341,155.2175,155.24193,
2025-12-03 22:00:00,155.24032,155.32773,155.17438,155.20787,
2025-12-03 23:00:00,155.20536,155.24315,155.08487,155.11687,
2025-12-04 00:00:00,155.11249,155.23826,155.04025,155.17135,
2025-12-04 01:00:00,155.17233,155.37587,155.12117,155.26896,
2025-12-04 02:00:00,155.26412,155.41709,155.26412,155.41025,
2025-12-04 03:00:00,155.4046,155.54206,155.3984,155.3999,
2025-12-04 04:00:00,155.39614,155.47197,155.33216,155.45492,
2025-12-04 05:00:00,155.44936,155.50542,155.19454,155.23779,
2025-12-04 06:00:00,155.23614,155.45017,155.22158,155.28095,
2025-12-04 07:00:00,155.27696,155.3351,155.22338,155.2245,
2025-12-04 08:00:00,155.22356,155.25303,154.78859,154.96466,
2025-12-04 09:00:00,154.96578,155.0544,154.77331,154.8318,
2025-12-04 10:00:00,154.83209,154.8924,154.74453,154.75966,
2025-12-04 11:00:00,154.76257,154.78053,154.54338,154.54531,
2025-12-04 12:00:00,154.54819,154.80813,154.50351,154.65985,
2025-12-04 13:00:00,154.66247,155.03322,154.65871,154.80643,
2025-12-04 14:00:00,154.80984,154.8419,154.57991,154.79385,
2025-12-04 15:00:00,154.79091,154.89018,154.57289,154.63312,
2025-12-04 16:00:00,154.63253,154.91926,154.627,154.901,
2025-12-04 17:00:00,154.901,154.966,154.884,154.94133,
2025-12-04 18:00:00,154.94017,154.99216,154.89482,154.9833,
2025-12-04 19:00:00,154.98139,155.03263,154.96547,155.02564,
2025-12-04 20:00:00,155.02289,155.12041,155.00912,155.1041,
2025-12-04 21:00:00,155.10103,155.14293,155.08193,155.1294,
2025-12-04 22:00:00,155.12782,155.13171,155.04415,155.05945,
2025-12-04 23:00:00,155.05335,155.1673,155.05335,155.15249,
2025-12-05 00:00:00,155.15143,155.23887,154.979,154.979,
2025-12-05 01:00:00,154.97688,155.09666,154.92338,155.03717,
2025-12-05 02:00:00,155.03498,155.09719,155.02629,155.05069,
2025-12-05 03:00:00,155.04635,155.1756,155.04635,155.12502,
2025-12-05 04:00:00,155.12249,155.1282,154.87502,154.92772,
2025-12-05 05:00:00,154.92793,154.93015,154.55283,154.62371,
2025-12-05 06:00:00,154.62384,154.70504,154.46053,154.55056,
2025-12-05 07:00:00,154.55155,154.66516,154.3671,154.63673,
2025-12-05 08:00:00,154.63693,154.88881,154.62958,154.85637,
2025-12-05 09:00:00,154.8579,154.96432,154.84481,154.92492,
2025-12-05 10:00:00,154.92383,155.16776,154.89701,155.1483,
2025-12-05 11:00:00,155.14877,155.22663,155.12752,155.15875,
2025-12-05 12:00:00,155.15861,155.25987,155.09254,155.18286,
2025-12-05 13:00:00,155.18139,155.25842,155.13299,155.19029,
2025-12-05 14:00:00,155.19182,155.28749,155.12828,155.21462,
2025-12-05 15:00:00,155.21592,155.34604,155.12561,155.2799,
2025-12-05 16:00:00,155.27652,155.47955,155.22342,155.29831,
2025-12-05 17:00:00,155.2988,155.34509,155.26546,155.30602,
2025-12-05 18:00:00,155.30347,155.32195,155.24749,155.30054,
2025-12-05 19:00:00,155.2983,155.33605,155.26226,155.30717,
2025-12-05 20:00:00,155.30481,155.32649,155.28031,155.31392,
2025-12-05 21:00:00,155.31128,155.38447,155.27977,155.36587,
2025-12-07 22:00:00,155.22528,155.26342,155.18965,155.23316,
2025-12-07 23:00:00,155.22808,155.38059,155.22808,155.33159,
2025-12-08 00:00:00,155.33085,155.33481,155.07203,155.09284,
2025-12-08 01:00:00,155.09107,155.18501,154.92583,154.94297,
2025-12-08 02:00:00,154.94498,155.07092,154.8925,155.00954,
2025-12-08 03:00:00,155.00802,155.11699,154.98289,155.1122,
2025-12-08 04:00:00,155.11104,155.12101,155.06203,155.08587,
2025-12-08 05:00:00,155.08562,155.27538,155.07473,155.2057,
2025-12-08 06:00:00,155.20672,155.2815,155.11441,155.22637,
2025-12-08 07:00:00,155.22606,155.35183,155.17992,155.33683,
2025-12-08 08:00:00,155.33718,155.45772,155.28006,155.3884,
2025-12-08 09:00:00,155.38984,155.52627,155.38902,155.48333,
2025-12-08 10:00:00,155.48501,155.52457,155.41921,155.52295,
2025-12-08 11:00:00,155.52248,155.57988,155.48213,155.57559,
2025-12-08 12:00:00,155.57624,155.65436,155.55595,155.5706,
2025-12-08 13:00:00,155.56844,155.65849,155.49266,155.64529,
2025-12-08 14:00:00,155.64353,155.86457,155.41224,155.82528,
2025-12-08 15:00:00,155.82751,155.98375,155.77442,155.86766,
2025-12-08 16:00:00,155.86666,155.95112,155.83791,155.8988,
2025-12-08 17:00:00,155.89998,155.92725,155.73493,155.76917,
2025-12-08 18:00:00,155.76604,155.78585,155.71239,155.74965,
2025-12-08 19:00:00,155.74921,155.90669,155.74386,155.90669,
2025-12-08 20:00:00,155.90523,155.93597,155.82572,155.93597,
2025-12-08 21:00:00,155.93424,155.95917,155.91725,155.93045,
2025-12-08 22:00:00,155.92792,155.96333,155.85878,155.91824,
2025-12-08 23:00:00,155.91523,155.98228,155.85017,155.86211,
2025-12-09 00:00:00,155.86141,156.02238,155.77986,156.00593,
2025-12-09 01:00:00,156.00094,156.02475,155.77283,155.80116,
2025-12-09 02:00:00,155.79556,155.90658,155.75571,155.87712,
2025-12-09 03:00:00,155.87575,155.89639,155.81075,155.82571,
2025-12-09 04:00:00,155.82293,155.98735,155.81535,155.94857,
2025-12-09 05:00:00,155.94721,156.09571,155.85845,155.98528,
2025-12-09 06:00:00,155.97992,156.12439,155.9657,156.01026,
2025-12-09 07:00:00,156.00909,156.19279,156.00299,156.19279,
2025-12-09 08:00:00,156.18983,156.43597,156.18983,156.33024,
2025-12-09 09:00:00,156.32987,156.33273,155.99031,156.06906,
2025-12-09 10:00:00,156.0686,156.20644,156.05547,156.10036,
2025-12-09 11:00:00,156.10046,156.20255,156.07611,156.19491,
2025-12-09 12:00:00,156.19601,156.36487,156.19535,156.35147,
2025-12-09 13:00:00,156.35229,156.5049,156.30113,156.33831,
2025-12-09 14:00:00,156.3416,156.53798,156.32573,156.41657,
2025-12-09 15:00:00,156.43496,156.91681,156.4161,156.88337,
2025-12-09 16:00:00,156.88176,156.92933,156.82958,156.86011,
2025-12-09 17:00:00,156.85823,156.92647,156.84186,156.91872,
2025-12-09 18:00:00,156.91993,156.93209,156.86646,156.90382,
2025-12-09 19:00:00,156.90356,156.95985,156.82143,156.84183,
2025-12-09 20:00:00,156.8415,156.92273,156.81512,156.88702,
2025-12-09 21:00:00,156.89242,156.94827,156.88604,156.89455,
2025-12-09 22:00:00,156.89112,156.93857,156.75506,156.83903,
2025-12-09 23:00:00,156.83954,156.91426,156.81003,156.83533,
2025-12-10 00:00:00,156.83245,156.93346,156.70739,156.73121,
2025-12-10 01:00:00,156.72845,156.76397,156.67218,156.70198,
2025-12-10 02:00:00,156.69831,156.72117,156.63673,156.66458,
2025-12-10 03:00:00,156.66192,156.68686,156.56854,156.59713,
2025-12-10 04:00:00,156.59412,156.65763,156.58794,156.62845,
2025-12-10 05:00:00,156.62417,156.72081,156.59409,156.72081,
2025-12-10 06:00:00,156.71877,156.76391,156.67132,156.68142,
2025-12-10 07:00:00,156.67921,156.74807,156.65154,156.66802,
2025-12-10 08:00:00,156.66596,156.70915,156.58573,156.66731,
2025-12-10 09:00:00,156.66156,156.88862,156.66156,156.8385,
2025-12-10 10:00:00,156.83729,156.86455,156.74173,156.76806,
2025-12-10 11:00:00,156.76741,156.77958,156.70128,156.71635,
2025-12-10 12:00:00,156.71653,156.75378,156.68037,156.71827,
2025-12-10 13:00:00,156.71835,156.71907,156.56306,156.56364,
2025-12-10 14:00:00,156.56417,156.63062,156.41334,156.48335,
2025-12-10 15:00:00,156.48571,156.52848,156.35377,156.4828,
2025-12-10 16:00:00,156.48317,156.48637,156.32417,156.34757,
2025-12-10 17:00:00,156.34844,156.38988,156.26797,156.31011,
2025-12-10 18:00:00,156.31068,156.50259,156.30904,156.42746,
2025-12-10 19:00:00,156.40798,156.67641,156.16527,156.25682,
2025-12-10 20:00:00,156.25949,156.30549,155.79769,155.92362,
2025-12-10 21:00:00,155.92207,156.1167,155.92207,156.03396,
2025-12-10 22:00:00,156.03137,156.03979,155.90927,156.02698,
2025-12-10 23:00:00,156.0239,156.03001,155.66063,155.77021,
2025-12-11 00:00:00,155.76808,155.88794,155.57102,155.81873,
2025-12-11 01:00:00,155.81544,155.82198,155.58874,155.73901,
2025-12-11 02:00:00,155.7396,155.78563,155.49258,155.77913,
2025-12-11 03:00:00,155.77815,155.78651,155.63538,155.69293,
2025-12-11 04:00:00,155.68981,155.8435,155.63232,155.84003,
2025-12-11 05:00:00,155.83477,156.07021,155.83477,156.06237,
2025-12-11 06:00:00,156.06005,156.15573,155.9577,155.95967,
2025-12-11 07:00:00,155.95627,156.06349,155.88582,156.01146,
2025-12-11 08:00:00,156.00875,156.05818,155.79838,155.87687,
2025-12-11 09:00:00,155.8771,156.02939,155.84973,155.88722,
2025-12-11 10:00:00,155.88653,155.95949,155.81626,155.86817,
2025-12-11 11:00:00,155.86985,155.88068,155.7642,155.78366,
2025-12-11 12:00:00,155.78376,155.81246,155.52011,155.56918,
2025-12-11 13:00:00,155.57234,155.63185,155.24944,155.29011,
2025-12-11 14:00:00,155.28864,155.2891,154.95782,154.9721,
2025-12-11 15:00:00,154.97439,155.16459,154.95865,155.16459,
2025-12-11 16:00:00,155.16243,155.29999,155.11432,155.16514,
2025-12-11 17:00:00,155.16302,155.29577,155.08355,155.24261,
2025-12-11 18:00:00,155.24033,155.41016,155.22753,155.36948,
2025-12-11 19:00:00,155.36686,155.60006,155.36686,155.59638,
2025-12-11 20:00:00,155.59359,155.67689,155.50277,155.59122,
2025-12-11 21:00:00,155.58694,155.61343,155.55599,155.58026,
2025-12-11 22:00:00,155.5761,155.60011,155.52531,155.54078,
2025-12-11 23:00:00,155.53714,155.62597,155.44961,155.52751,
2025-12-12 00:00:00,155.52964,155.72678,155.46372,155.71487,
2025-12-12 01:00:00,155.71692,155.76247,155.54699,155.67647,
2025-12-12 02:00:00,155.67402,155.74409,155.65623,155.68033,
2025-12-12 03:00:00,155.67693,155.72755,155.64334,155.7189,
2025-12-12 04:00:00,155.71618,155.7617,155.70155,155.75104,
2025-12-12 05:00:00,155.74959,155.77742,155.67917,155.74015,
2025-12-12 06:00:00,155.7389,155.81858,155.68294,155.68678,
2025-12-12 07:00:00,155.68751,155.7299,155.55705,155.64517,
2025-12-12 08:00:00,155.64559,155.80642,155.64559,155.80584,
2025-12-12 09:00:00,155.80707,155.90687,155.7744,155.89591,
2025-12-12 10:00:00,155.89623,155.96582,155.87006,155.91608,
2025-12-12 11:00:00,155.91757,155.99399,155.91433,155.91575,
2025-12-12 12:00:00,155.91661,156.14052,155.87922,156.05206,
2025-12-12 13:00:00,156.05083,156.05128,155.90821,156.03973,
2025-12-12 14:00:00,156.04608,156.10058,155.86653,155.90012,
2025-12-12 15:00:00,155.9021,156.05705,155.82877,155.89509,
2025-12-12 16:00:00,155.893,155.89408,155.67341,155.81818,
2025-12-12 17:00:00,155.81783,155.90352,155.75427,155.79795,
2025-12-12 18:00:00,155.79574,155.81875,155.71692,155.79193,
2025-12-12 19:00:00,155.79028,155.93879,155.79028,155.90318,
2025-12-12 20:00:00,155.90086,155.90399,155.78024,155.87464,
2025-12-12 21:00:00,155.8716,155.88817,155.79605,155.82964,
2025-12-14 22:00:00,155.84916,155.94377,155.76166,155.82085,
2025-12-14 23:00:00,155.81854,155.92426,155.76786,155.87512,
2025-12-15 00:00:00,155.87048,155.97852,155.87048,155.89713,
2025-12-15 01:00:00,155.89466,155.90057,155.6213,155.6213,
2025-12-15 02:00:00,155.61716,155.63151,155.36945,155.43271,
2025-12-15 03:00:00,155.4308,155.46055,155.3114,155.42323,
2025-12-15 04:00:00,155.42322,155.42557,155.19174,155.25542,
2025-12-15 05:00:00,155.2556,155.25681,155.03516,155.04753,
2025-12-15 06:00:00,155.04818,155.14622,154.96877,155.07559,
2025-12-15 07:00:00,155.07851,155.306,155.07547,155.24207,
2025-12-15 08:00:00,155.24608,155.28232,155.12151,155.16757,
2025-12-15 09:00:00,155.17087,155.19315,154.95744,154.97554,
2025-12-15 10:00:00,154.97625,155.14614,154.97183,155.09275,
2025-12-15 11:00:00,155.0923,155.10582,154.85451,154.90895,
2025-12-15 12:00:00,154.91007,155.09297,154.9081,155.0867,
2025-12-15 13:00:00,155.08483,155.13454,154.96894,155.13454,
2025-12-15 14:00:00,155.14119,155.22836,154.86394,154.9146,
2025-12-15 15:00:00,154.91229,155.1537,154.86292,155.1529,
2025-12-15 16:00:00,155.1515,155.32185,155.1515,155.29109,
2025-12-15 17:00:00,155.28889,155.37523,155.26653,155.31594,
2025-12-15 18:00:00,155.31311,155.39314,155.28963,155.35865,
2025-12-15 19:00:00,155.35527,155.40426,155.22736,155.23734,
2025-12-15 20:00:00,155.23162,155.26671,155.22689,155.24812,
2025-12-15 21:00:00,155.24238,155.26497,155.19615,155.21995,
2025-12-15 22:00:00,155.21633,155.25896,155.21229,155.22919,
2025-12-15 23:00:00,155.23421,155.23421,154.97493,155.02404,
2025-12-16 00:00:00,155.02158,155.09569,154.75531,155.04847,
2025-12-16 01:00:00,155.05209,155.11193,154.87158,154.88091,
2025-12-16 02:00:00,154.88133,154.91801,154.76121,154.77585,
2025-12-16 03:00:00,154.77574,154.91265,154.70735,154.88787,
2025-12-16 04:00:00,154.88798,154.93185,154.78096,154.822,
2025-12-16 05:00:00,154.82268,154.84589,154.69231,154.84173,
2025-12-16 06:00:00,154.84284,154.95394,154.83062,154.84333,
2025-12-16 07:00:00,154.84629,154.97825,154.84267,154.89466,
2025-12-16 08:00:00,154.89792,154.93956,154.80008,154.86228,
2025-12-16 09:00:00,154.86208,154.89064,154.79462,154.84992,
2025-12-16 10:00:00,154.84677,154.92076,154.7813,154.8704,
2025-12-16 11:00:00,154.87194,154.90844,154.80875,154.82289,
2025-12-16 12:00:00,154.82154,154.84661,154.62586,154.62764,
2025-12-16 13:00:00,154.62591,154.8876,154.42618,154.78461,
2025-12-16 14:00:00,154.78168,154.95307,154.66252,154.66252,
2025-12-16 15:00:00,154.66044,154.74477,154.49113,154.69946,
2025-12-16 16:00:00,154.69361,154.88986,154.69361,154.82771,
2025-12-16 17:00:00,154.82485,154.82989,154.62787,154.71056,
2025-12-16 18:00:00,154.70604,154.82036,154.64756,154.75249,
2025-12-16 19:00:00,154.74835,154.83023,154.62012,154.66518,
2025-12-16 20:00:00,154.66233,154.80705,154.57619,154.79386,
2025-12-16 21:00:00,154.78741,154.84421,154.71114,154.72859,
2025-12-16 22:00:00,154.7267,154.79078,154.69813,154.72601,
2025-12-16 23:00:00,154.72045,154.81705,154.72045,154.79,
2025-12-17 00:00:00,154.79188,154.88441,154.59974,154.61448,
2025-12-17 01:00:00,154.61473,154.71748,154.52906,154.67847,
2025-12-17 02:00:00,154.67804,155.01126,154.67804,155.01126,
2025-12-17 03:00:00,155.0107,155.0191,154.87136,154.87899,
2025-12-17 04:00:00,154.88001,155.15053,154.87981,155.13763,
2025-12-17 05:00:00,155.13778,155.17705,155.07826,155.14918,
2025-12-17 06:00:00,155.15033,155.43373,155.14449,155.38629,
2025-12-17 07:00:00,155.3863,155.57438,155.3768,155.50944,
2025-12-17 08:00:00,155.50795,155.60319,155.44016,155.49622,
2025-12-17 09:00:00,155.49865,155.57112,155.46883,155.52329,
2025-12-17 10:00:00,155.52653,155.54778,155.44811,155.46588,
2025-12-17 11:00:00,155.46716,155.59053,155.46474,155.54288,
2025-12-17 12:00:00,155.54271,155.5707,155.46242,155.4893,
2025-12-17 13:00:00,155.49055,155.62951,155.36599,155.42823,
2025-12-17 14:00:00,155.42514,155.6157,155.34963,155.46885,
2025-12-17 15:00:00,155.46948,155.54463,155.37413,155.44228,
2025-12-17 16:00:00,155.44043,155.60893,155.39616,155.58871,
2025-12-17 17:00:00,155.58726,155.60749,155.54035,155.54922,
2025-12-17 18:00:00,155.5468,155.67472,155.49775,155.65516,
2025-12-17 19:00:00,155.65271,155.68876,155.59633,155.63823,
2025-12-17 20:00:00,155.63453,155.74582,155.62281,155.70891,
2025-12-17 21:00:00,155.70482,155.75114,155.66937,155.70527,
2025-12-17 22:00:00,155.70359,155.70839,155.60724,155.62479,
2025-12-17 23:00:00,155.62176,155.65568,155.48559,155.49766,
2025-12-18 00:00:00,155.49268,155.579,155.42805,155.48841,
2025-12-18 01:00:00,155.48713,155.77346,155.47068,155.76792,
2025-12-18 02:00:00,155.76289,155.81325,155.67429,155.78221,
2025-12-18 03:00:00,155.7788,155.7932,155.71454,155.76743,
2025-12-18 04:00:00,155.76534,155.78531,155.70706,155.74988,
2025-12-18 05:00:00,155.74998,155.89557,155.72347,155.83198,
2025-12-18 06:00:00,155.83266,155.9127,155.76834,155.89744,
2025-12-18 07:00:00,155.89771,155.95728,155.82209,155.91248,
2025-12-18 08:00:00,155.91358,155.9284,155.81502,155.85858,
2025-12-18 09:00:00,155.85979,155.95641,155.79349,155.92218,
2025-12-18 10:00:00,155.92499,155.97481,155.85207,155.86383,
2025-12-18 11:00:00,155.865,155.87148,155.71451,155.79136,
2025-12-18 12:00:00,155.79203,155.85859,155.74209,155.80766,
2025-12-18 13:00:00,155.81117,155.83955,155.45151,155.55141,
2025-12-18 14:00:00,155.55386,155.58561,155.30554,155.44142,
2025-12-18 15:00:00,155.44259,155.67249,155.44135,155.5495,
2025-12-18 16:00:00,155.54657,155.57586,155.39654,155.54155,
2025-12-18 17:00:00,155.53934,155.6904,155.53934,155.65168,
2025-12-18 18:00:00,155.64916,155.71465,155.57054,155.64148,
2025-12-18 19:00:00,155.63841,155.66101,155.49887,155.52618,
2025-12-18 20:00:00,155.52292,155.63668,155.51286,155.62411,
2025-12-18 21:00:00,155.6216,155.62828,155.55316,155.55942,
2025-12-18 22:00:00,155.5568,155.57914,155.46966,155.56758,
2025-12-18 23:00:00,155.56453,155.63586,155.51649,155.59066,
2025-12-19 00:00:00,155.58721,155.77198,155.58721,155.73944,
2025-12-19 01:00:00,155.73388,155.78844,155.69661,155.72719,
2025-12-19 02:00:00,155.72286,155.85062,155.67804,155.84493,
2025-12-19 03:00:00,155.84263,156.10401,155.65343,155.92181,
2025-12-19 04:00:00,155.9271,156.09221,155.7518,156.07803,
2025-12-19 05:00:00,156.07836,156.0805,155.8958,155.97034,
2025-12-19 06:00:00,155.96865,156.49519,155.89321,156.04187,
2025-12-19 07:00:00,156.04205,156.73435,156.01298,156.72842,
2025-12-19 08:00:00,156.72511,156.9304,156.72511,156.92088,
2025-12-19 09:00:00,156.92016,157.19033,156.87656,157.18955,
2025-12-19 10:00:00,157.18748,157.39583,157.1576,157.33751,
2025-12-19 11:00:00,157.33777,157.36171,157.21747,157.3114,
2025-12-19 12:00:00,157.31163,157.35148,157.18292,157.2346,
2025-12-19 13:00:00,157.23653,157.37793,157.22282,157.32684,
2025-12-19 14:00:00,157.3257,157.40515,157.01729,157.40515,
2025-12-19 15:00:00,157.41033,157.49365,157.37348,157.47915,
2025-12-19 16:00:00,157.47861,157.48758,157.41697,157.43468,
2025-12-19 17:00:00,157.43591,157.63955,157.42004,157.45583,
2025-12-19 18:00:00,157.45443,157.54161,157.39994,157.52496,
2025-12-19 19:00:00,157.52522,157.59305,157.5006,157.54291,
2025-12-19 20:00:00,157.53318,157.69923,157.48412,157.6855,
2025-12-19 21:00:00,157.6856,157.77465,157.59756,157.72328,
2025-12-21 22:00:00,157.65967,157.74909,157.46385,157.48587,
2025-12-21 23:00:00,157.48519,157.71248,157.48519,157.66333,
2025-12-22 00:00:00,157.66037,157.6643,157.52136,157.57225,
2025-12-22 01:00:00,157.57007,157.57401,157.27605,157.3012,
2025-12-22 02:00:00,157.29869,157.43878,157.23493,157.42851,
2025-12-22 03:00:00,157.42339,157.46838,157.2848,157.33073,
2025-12-22 04:00:00,157.32484,157.36519,157.26284,157.32,
2025-12-22 05:00:00,157.31628,157.38293,157.27253,157.35678,
2025-12-22 06:00:00,157.34947,157.43925,157.2831,157.3513,
2025-12-22 07:00:00,157.35125,157.53858,157.32058,157.5067,
2025-12-22 08:00:00,157.50965,157.54473,157.39218,157.53355,
2025-12-22 09:00:00,157.52931,157.5625,157.42429,157.46256,
2025-12-22 10:00:00,157.46274,157.46467,157.3628,157.39796,
2025-12-22 11:00:00,157.39788,157.42888,157.34669,157.40606,
2025-12-22 12:00:00,157.40678,157.42667,157.3692,157.39314,
2025-12-22 13:00:00,157.39291,157.39328,157.01568,157.18103,
2025-12-22 14:00:00,157.18182,157.22844,156.92224,157.03261,
2025-12-22 15:00:00,157.03379,157.09574,156.93473,156.94192,
2025-12-22 16:00:00,156.94876,157.03284,156.87579,156.92946,
2025-12-22 17:00:00,156.92894,156.93604,156.72086,156.85384,
2025-12-22 18:00:00,156.85636,157.02385,156.85325,156.94147,
2025-12-22 19:00:00,156.94196,157.03221,156.90078,156.90322,
2025-12-22 20:00:00,156.90293,157.00919,156.90293,157.00016,
2025-12-22 21:00:00,156.99802,157.04847,156.98527,157.04201,
2025-12-22 22:00:00,157.03932,157.06389,156.86046,157.02071,
2025-12-22 23:00:00,157.01762,157.02265,156.8192,156.89747,
2025-12-23 00:00:00,156.8924,156.90559,156.62652,156.63361,
2025-12-23 01:00:00,156.63293,156.63702,156.42516,156.45594,
2025-12-23 02:00:00,156.45404,156.46785,156.25282,156.36525,
2025-12-23 03:00:00,156.36756,156.36848,156.17277,156.21308,
2025-12-23 04:00:00,156.21677,156.21677,155.97021,155.99655,
2025-12-23 05:00:00,155.99644,156.06823,155.8912,156.02221,
2025-12-23 06:00:00,156.02235,156.17234,155.9729,156.09884,
2025-12-23 07:00:00,156.1002,156.14854,155.95619,156.07506,
2025-12-23 08:00:00,156.07538,156.12251,155.96815,155.99944,
2025-12-23 09:00:00,155.98781,156.00133,155.67555,155.97843,
2025-12-23 10:00:00,155.97759,156.04152,155.86412,155.90111,
2025-12-23 11:00:00,155.90394,156.01996,155.8796,155.9668,
2025-12-23 12:00:00,155.96762,156.01402,155.87223,156.01402,
2025-12-23 13:00:00,156.01549,156.34145,155.96583,156.34145,
2025-12-23 14:00:00,156.34032,156.52831,156.33122,156.39153,
2025-12-23 15:00:00,156.3904,156.42734,156.21758,156.41152,
2025-12-23 16:00:00,156.4113,156.41937,156.30989,156.32652,
2025-12-23 17:00:00,156.32596,156.34004,156.25519,156.31104,
2025-12-23 18:00:00,156.30849,156.33667,156.21616,156.23594,
2025-12-23 19:00:00,156.23334,156.24134,156.18189,156.19895,
2025-12-23 20:00:00,156.19616,156.29124,156.18824,156.28209,
2025-12-23 21:00:00,156.27676,156.30722,156.20098,156.24037,
2025-12-23 22:00:00,156.2384,156.26499,156.16412,156.18809,
2025-12-23 23:00:00,156.18305,156.25796,156.1076,156.16785,
2025-12-24 00:00:00,156.1706,156.26197,155.9938,156.03775,
2025-12-24 01:00:00,156.04188,156.14475,155.61713,155.66268,
2025-12-24 02:00:00,155.66342,155.72101,155.5605,155.72101,
2025-12-24 03:00:00,155.71843,155.97575,155.71843,155.97446,
2025-12-24 04:00:00,155.97403,156.05826,155.79614,155.81194,
2025-12-24 05:00:00,155.81239,155.82907,155.75349,155.77695,
2025-12-24 06:00:00,155.77774,155.78205,155.65613,155.73248,
2025-12-24 07:00:00,155.73174,155.86699,155.71357,155.83559,
2025-12-24 08:00:00,155.82914,155.96867,155.74493,155.75363,
2025-12-24 09:00:00,155.75372,155.87687,155.70506,155.8204,
2025-12-24 10:00:00,155.82338,155.96034,155.81927,155.92561,
2025-12-24 11:00:00,155.92644,155.96873,155.85807,155.91238,
2025-12-24 12:00:00,155.91267,156.04717,155.88608,156.03377,
2025-12-25 13:00:00,155.99333,156.08931,155.80235,155.98919,
2025-12-25 14:00:00,155.98392,156.07664,155.83172,156.04127,
2025-12-25 15:00:00,156.03535,156.04127,155.84369,156.00311,
2025-12-25 16:00:00,155.99948,156.0839,155.86913,156.04282,
2025-12-25 17:00:00,156.04038,156.04402,155.89117,155.98581,
2025-12-25 18:00:00,155.97941,156.18547,155.70522,155.78097,
2025-12-25 19:00:00,155.77303,155.91866,155.69663,155.71947,
2025-12-25 20:00:00,155.71139,155.82598,155.65491,155.75461,
2025-12-25 21:00:00,155.75081,155.75803,155.60584,155.70478,
2025-12-25 22:00:00,155.67962,156.05361,155.67962,155.90111,
2025-12-25 23:00:00,155.89829,156.14374,155.77743,156.10564,
2025-12-26 00:00:00,156.09501,156.49077,156.09501,156.42867,
2025-12-26 01:00:00,156.42587,156.43217,156.16178,156.29324,
2025-12-26 02:00:00,156.29079,156.3116,156.17933,156.21992,
2025-12-26 03:00:00,156.21776,156.25044,156.03883,156.0664,
2025-12-26 04:00:00,156.06691,156.1849,156.00796,156.1635,
2025-12-26 05:00:00,156.1633,156.28968,156.1026,156.20162,
2025-12-26 06:00:00,156.20207,156.31167,156.08752,156.28404,
2025-12-26 07:00:00,156.2855,156.46162,156.22445,156.38627,
2025-12-26 08:00:00,156.38549,156.44634,156.30435,156.35036,
2025-12-26 09:00:00,156.3483,156.48228,156.32729,156.46381,
2025-12-26 10:00:00,156.46414,156.46553,156.37371,156.39467,
2025-12-26 11:00:00,156.39623,156.42208,156.33901,156.38835,
2025-12-26 12:00:00,156.39177,156.49264,156.38719,156.41795,
2025-12-26 13:00:00,156.41992,156.43608,156.24417,156.33759,
2025-12-26 14:00:00,156.33389,156.48546,156.27778,156.45253,
2025-12-26 15:00:00,156.45236,156.5307,156.32907,156.42603,
2025-12-26 16:00:00,156.42539,156.65614,156.37804,156.63934,
2025-12-26 17:00:00,156.63788,156.72571,156.56313,156.57308,
2025-12-26 18:00:00,156.57058,156.59108,156.44777,156.54512,
2025-12-26 19:00:00,156.54231,156.59324,156.52278,156.533,
2025-12-26 20:00:00,156.53244,156.53908,156.45137,156.50273,
2025-12-26 21:00:00,156.49906,156.61028,156.4989,156.58008,
2025-12-28 22:00:00,156.59477,156.59635,156.49814,156.51314,
2025-12-28 23:00:00,156.50733,156.54459,156.41369,156.49451,
2025-12-29 00:00:00,156.50433,156.50433,156.07563,156.30334,
2025-12-29 01:00:00,156.30086,156.37118,156.18871,156.29269,
2025-12-29 02:00:00,156.28605,156.52062,156.28605,156.44747,
2025-12-29 03:00:00,156.44621,156.46137,156.34397,156.39921,
2025-12-29 04:00:00,156.39868,156.49018,156.26079,156.37643,
2025-12-29 05:00:00,156.3763,156.4105,156.26228,156.32337,
2025-12-29 06:00:00,156.32374,156.33062,156.18276,156.20737,
2025-12-29 07:00:00,156.20595,156.2456,156.06619,156.08792,
2025-12-29 08:00:00,156.09092,156.31294,156.08714,156.26389,
2025-12-29 09:00:00,156.26811,156.39969,156.14364,156.32865,
2025-12-29 10:00:00,156.33246,156.35945,156.22259,156.32728,
2025-12-29 11:00:00,156.3309,156.42297,156.30416,156.39821,
2025-12-29 12:00:00,156.40167,156.43031,156.31282,156.34002,
2025-12-29 13:00:00,156.33726,156.36515,156.20498,156.23768,
2025-12-29 14:00:00,156.23668,156.24167,156.03746,156.15138,
2025-12-29 15:00:00,156.14969,156.28799,155.92836,155.95717,
2025-12-29 16:00:00,155.95443,156.12287,155.95443,156.11568,
2025-12-29 17:00:00,156.11255,156.2366,156.07101,156.2064,
2025-12-29 18:00:00,156.2031,156.23672,156.14253,156.23116,
2025-12-29 19:00:00,156.22642,156.26619,156.02972,156.03768,
2025-12-29 20:00:00,156.03409,156.09749,156.00075,156.08713,
2025-12-29 21:00:00,156.08299,156.09409,156.01234,156.05113,
2025-12-29 22:00:00,156.04577,156.09445,156.01648,156.05662,
2025-12-29 23:00:00,156.05795,156.13508,155.98951,156.03399,
2025-12-30 00:00:00,156.04003,156.32782,155.93756,156.27914,
2025-12-30 01:00:00,156.2776,156.33247,156.22482,156.23399,
2025-12-30 02:00:00,156.23401,156.34714,156.17527,156.31265,
2025-12-30 03:00:00,156.31149,156.34316,156.23158,156.27455,
2025-12-30 04:00:00,156.27421,156.29576,156.05424,156.08886,
2025-12-30 05:00:00,156.08842,156.10982,156.01744,156.05293,
2025-12-30 06:00:00,156.05279,156.1017,155.95409,156.04525,
2025-12-30 07:00:00,156.04665,156.11682,155.94183,156.01253,
2025-12-30 08:00:00,156.00658,156.06055,155.84405,155.97516,
2025-12-30 09:00:00,155.97919,156.01895,155.89482,155.92613,
2025-12-30 10:00:00,155.92754,155.93829,155.75008,155.85379,
2025-12-30 11:00:00,155.85478,155.95071,155.83474,155.89589,
2025-12-30 12:00:00,155.89643,156.02071,155.89535,155.9624,
2025-12-30 13:00:00,155.96189,156.20534,155.96189,156.20534,
2025-12-30 14:00:00,156.2047,156.32276,156.12879,156.28153,
2025-12-30 15:00:00,156.28096,156.58008,156.28096,156.35268,
2025-12-30 16:00:00,156.35037,156.37723,156.23609,156.26974,
2025-12-30 17:00:00,156.26714,156.41276,156.25955,156.34833,
2025-12-30 18:00:00,156.34566,156.44192,156.32182,156.42923,
2025-12-30 19:00:00,156.42593,156.53088,156.38197,156.5232,
2025-12-30 20:00:00,156.52306,156.52591,156.44176,156.49239,
2025-12-30 21:00:00,156.49174,156.49554,156.41866,156.43462,
2025-12-30 22:00:00,156.43331,156.43806,156.34203,156.39466,
2025-12-30 23:00:00,156.39407,156.46164,156.32659,156.41926,
2025-12-31 00:00:00,156.42071,156.47184,156.3402,156.38171,
2025-12-31 01:00:00,156.37875,156.44983,156.36713,156.43858,
2025-12-31 02:00:00,156.43556,156.49391,156.43556,156.48938,
2025-12-31 03:00:00,156.48821,156.50309,156.45963,156.49283,
2025-12-31 04:00:00,156.49162,156.63569,156.49162,156.63569,
2025-12-31 05:00:00,156.63621,156.63725,156.5592,156.60325,
2025-12-31 06:00:00,156.60368,156.64996,156.59011,156.61188,
2025-12-31 07:00:00,156.61333,156.64508,156.5808,156.58085,
2025-12-31 08:00:00,156.57937,156.6118,156.51318,156.6051,
2025-12-31 09:00:00,156.6059,156.65929,156.57116,156.6374,
2025-12-31 10:00:00,156.6373,156.68781,156.60984,156.65811,
2025-12-31 11:00:00,156.66088,156.68277,156.61914,156.61914,
2025-12-31 12:00:00,156.61755,156.64613,156.57223,156.60804,
2026-01-01 13:00:00,156.70491,156.74817,156.6554,156.71787,
2026-01-01 14:00:00,156.71487,156.72684,156.66327,156.7014,
2026-01-01 15:00:00,156.69888,156.71826,156.67206,156.69583,
2026-01-01 16:00:00,156.69528,156.72013,156.58768,156.69064,
2026-01-01 17:00:00,156.6883,156.83476,156.18253,156.72802,
2026-01-01 18:00:00,156.72551,156.79824,156.68691,156.76678,
2026-01-01 19:00:00,156.76506,156.76878,156.66949,156.70872,
2026-01-01 20:00:00,156.70622,156.74953,156.67188,156.70266,
2026-01-01 21:00:00,156.70046,156.87014,156.60725,156.75361,
2026-01-01 22:00:00,156.75178,156.78454,156.69929,156.7701,
2026-01-01 23:00:00,156.77136,156.87285,156.71866,156.74823,
2026-01-02 00:00:00,156.74719,156.75612,156.55766,156.56374,
2026-01-02 01:00:00,156.5605,156.65932,156.52473,156.64353,
2026-01-02 02:00:00,156.64161,156.6953,156.60056,156.68118,
2026-01-02 03:00:00,156.6804,156.72717,156.65629,156.7196,
2026-01-02 04:00:00,156.71906,156.85894,156.71779,156.82837,
2026-01-02 05:00:00,156.82812,156.95488,156.82361,156.92551,
2026-01-02 06:00:00,156.92556,157.0025,156.91479,156.96303,
2026-01-02 07:00:00,156.96357,156.98999,156.84207,156.86873,
2026-01-02 08:00:00,156.86928,157.00078,156.85849,156.88023,
2026-01-02 09:00:00,156.88045,156.92747,156.77622,156.90952,
2026-01-02 10:00:00,156.91252,156.93141,156.81665,156.84126,
2026-01-02 11:00:00,156.8434,156.94797,156.8267,156.92708,
2026-01-02 12:00:00,156.92589,157.00241,156.87985,156.95492,
2026-01-02 13:00:00,156.95242,156.95416,156.83146,156.91068,
2026-01-02 14:00:00,156.90924,156.93277,156.81085,156.86835,
2026-01-02 15:00:00,156.8671,156.89548,156.58146,156.58176,
2026-01-02 16:00:00,156.58003,156.77526,156.56886,156.74174,
2026-01-02 17:00:00,156.73928,156.78398,156.69496,156.77901,
2026-01-02 18:00:00,156.77638,156.94751,156.76978,156.90133,
2026-01-02 19:00:00,156.89823,156.95717,156.85003,156.86247,
2026-01-02 20:00:00,156.85919,156.92312,156.85204,156.88091,
2026-01-02 21:00:00,156.87698,156.88383,156.81656,156.85516,
2026-01-04 22:00:00,156.74082,156.8564,156.72754,156.79539,
2026-01-04 23:00:00,156.79268,157.00706,156.73888,156.99275,
2026-01-05 00:00:00,156.99248,157.24164,156.96149,157.14149,
2026-01-05 01:00:00,157.13457,157.17671,156.95564,157.04815,
2026-01-05 02:00:00,157.04896,157.19402,156.97183,157.14965,
2026-01-05 03:00:00,157.14809,157.23499,157.13623,157.22997,
2026-01-05 04:00:00,157.22601,157.30132,157.22601,157.27951,
2026-01-05 05:00:00,157.27823,157.2874,157.115,157.18592,
2026-01-05 06:00:00,157.18603,157.24766,157.02,157.02453,
2026-01-05 07:00:00,157.02504,157.0786,156.98672,157.00478,
2026-01-05 08:00:00,157.00431,157.01887,156.71873,156.84663,
2026-01-05 09:00:00,156.84549,156.99492,156.79622,156.92896,
2026-01-05 10:00:00,156.92979,156.93764,156.58161,156.61746,
2026-01-05 11:00:00,156.61448,156.66039,156.53644,156.61921,
2026-01-05 12:00:00,156.61842,156.68269,156.49213,156.65629,
2026-01-05 13:00:00,156.65579,156.98114,156.65166,156.84108,
2026-01-05 14:00:00,156.83955,156.84068,156.71224,156.74494,
2026-01-05 15:00:00,156.74299,156.74525,156.48475,156.61958,
2026-01-05 16:00:00,156.61708,156.62079,156.31914,156.35083,
2026-01-05 17:00:00,156.34851,156.38746,156.27206,156.33821,
2026-01-05 18:00:00,156.33364,156.36759,156.19191,156.20087,
2026-01-05 19:00:00,156.20112,156.26018,156.10383,156.23574,
2026-01-05 20:00:00,156.23099,156.34948,156.18759,156.33841,
2026-01-05 21:00:00,156.33325,156.41876,156.33325,156.41061,
2026-01-05 22:00:00,156.41015,156.51251,156.25076,156.50714,
2026-01-05 23:00:00,156.50079,156.64929,156.50079,156.64458,
2026-01-06 00:00:00,156.64748,156.79132,156.55366,156.55366,
2026-01-06 01:00:00,156.5514,156.69575,156.46954,156.47688,
2026-01-06 02:00:00,156.47728,156.50016,156.27785,156.30994,
2026-01-06 03:00:00,156.31039,156.43396,156.30506,156.36169,
2026-01-06 04:00:00,156.3623,156.43637,156.22851,156.37914,
2026-01-06 05:00:00,156.38104,156.45675,156.30179,156.43193,
2026-01-06 06:00:00,156.43262,156.47903,156.34306,156.37351,
2026-01-06 07:00:00,156.3701,156.37258,156.2367,156.35334,
2026-01-06 08:00:00,156.35138,156.38939,156.16767,156.32843,
2026-01-06 09:00:00,156.32782,156.48101,156.25202,156.37794,
2026-01-06 10:00:00,156.37905,156.45869,156.28569,156.44844,
2026-01-06 11:00:00,156.45068,156.54743,156.42225,156.46961,
2026-01-06 12:00:00,156.4638,156.50981,156.30542,156.50428,
2026-01-06 13:00:00,156.50319,156.57185,156.36994,156.37808,
2026-01-06 14:00:00,156.37537,156.468,156.31713,156.3737,
2026-01-06 15:00:00,156.37084,156.68335,156.37084,156.62282,
2026-01-06 16:00:00,156.62112,156.73646,156.57585,156.70599,
2026-01-06 17:00:00,156.70329,156.75462,156.6735,156.70753,
2026-01-06 18:00:00,156.70568,156.75026,156.66748,156.73835,
2026-01-06 19:00:00,156.73519,156.74915,156.61033,156.62819,
2026-01-06 20:00:00,156.62681,156.66603,156.57081,156.64355,
2026-01-06 21:00:00,156.63608,156.69679,156.63133,156.67595,
2026-01-06 22:00:00,156.67384,156.67947,156.6104,156.6344,
2026-01-06 23:00:00,156.63158,156.70932,156.62264,156.68694,
2026-01-07 00:00:00,156.68986,156.79651,156.54523,156.6496,
2026-01-07 01:00:00,156.6501,156.7529,156.54655,156.72812,
2026-01-07 02:00:00,156.7281,156.74281,156.65039,156.66147,
2026-01-07 03:00:00,156.66197,156.663,156.51296,156.5509,
2026-01-07 04:00:00,156.55189,156.59083,156.51806,156.53849,
2026-01-07 05:00:00,156.53891,156.53891,156.36628,156.38671,
2026-01-07 06:00:00,156.38667,156.38705,156.30364,156.35441,
2026-01-07 07:00:00,156.35248,156.51899,156.30147,156.4879,
2026-01-07 08:00:00,156.48771,156.58445,156.46216,156.53511,
2026-01-07 09:00:00,156.53378,156.57375,156.44023,156.47027,
2026-01-07 10:00:00,156.46993,156.5297,156.4423,156.5297,
2026-01-07 11:00:00,156.5301,156.5844,156.52224,156.52903,
2026-01-07 12:00:00,156.52489,156.56058,156.47785,156.51598,
2026-01-07 13:00:00,156.51551,156.55616,156.36733,156.41986,
2026-01-07 14:00:00,156.41784,156.5273,156.39782,156.42474,
2026-01-07 15:00:00,156.42149,156.72158,156.42149,156.70668,
2026-01-07 16:00:00,156.70403,156.80544,156.66106,156.75209,
2026-01-07 17:00:00,156.7508,156.75404,156.58231,156.6308,
2026-01-07 18:00:00,156.62756,156.71478,156.59667,156.70535,
2026-01-07 19:00:00,156.70227,156.76161,156.69235,156.75179,
2026-01-07 20:00:00,156.74799,156.79225,156.73147,156.78865,
2026-01-07 21:00:00,156.78624,156.80592,156.76208,156.76709,
2026-01-07 22:00:00,156.76503,156.77627,156.68147,156.69596,
2026-01-07 23:00:00,156.69565,156.76394,156.66653,156.72315,
2026-01-08 00:00:00,156.72219,156.80701,156.70943,156.78652,
2026-01-08 01:00:00,156.78428,156.94817,156.71175,156.92999,
2026-01-08 02:00:00,156.93092,156.96323,156.83531,156.84898,
2026-01-08 03:00:00,156.84901,156.85079,156.6496,156.72167,
2026-01-08 04:00:00,156.72218,156.73763,156.66947,156.69563,
2026-01-08 05:00:00,156.69654,156.73941,156.65538,156.67727,
2026-01-08 06:00:00,156.67765,156.69669,156.51395,156.58438,
2026-01-08 07:00:00,156.58404,156.68062,156.48166,156.5126,
2026-01-08 08:00:00,156.50667,156.71202,156.47348,156.69653,
2026-01-08 09:00:00,156.69965,156.78047,156.63988,156.74479,
2026-01-08 10:00:00,156.74578,156.78381,156.67937,156.68796,
2026-01-08 11:00:00,156.68716,156.78255,156.66735,156.76237,
2026-01-08 12:00:00,156.76256,156.77949,156.70325,156.72772,
2026-01-08 13:00:00,156.72545,156.94864,156.66816,156.93727,
2026-01-08 14:00:00,156.94021,157.07172,156.93707,156.98203,
2026-01-08 15:00:00,156.98005,157.05288,156.85914,156.88338,
2026-01-08 16:00:00,156.88086,156.97992,156.86363,156.89059,
2026-01-08 17:00:00,156.8877,156.90067,156.77746,156.83114,
2026-01-08 18:00:00,156.82941,156.89632,156.80418,156.89564,
2026-01-08 19:00:00,156.89105,156.99041,156.89105,156.9841,
2026-01-08 20:00:00,156.98323,157.00185,156.91739,156.96449,
2026-01-08 21:00:00,156.96141,156.99671,156.84007,156.87651,
2026-01-08 22:00:00,156.87509,156.88004,156.79389,156.85639,
2026-01-08 23:00:00,156.85396,156.93706,156.83461,156.89414,
2026-01-09 00:00:00,156.89055,157.06181,156.88326,157.01484,
2026-01-09 01:00:00,157.01354,157.16877,157.00565,157.16483,
2026-01-09 02:00:00,157.16376,157.26719,157.12917,157.1942,
2026-01-09 03:00:00,157.19446,157.25194,157.16415,157.23937,
2026-01-09 04:00:00,157.2385,157.30327,157.2029,157.21417,
2026-01-09 05:00:00,157.21416,157.39642,157.21416,157.37292,
2026-01-09 06:00:00,157.37336,157.43829,157.3639,157.39179,
2026-01-09 07:00:00,157.39309,157.57287,157.39226,157.51169,
2026-01-09 08:00:00,157.51052,157.66649,157.47501,157.63653,
2026-01-09 09:00:00,157.63844,157.74063,157.59085,157.72166,
2026-01-09 10:00:00,157.72094,157.73227,157.64381,157.67028,
2026-01-09 11:00:00,157.66801,157.68157,157.57783,157.57903,
2026-01-09 12:00:00,157.58167,157.71225,157.56809,157.6568,
2026-01-09 13:00:00,157.65678,157.67434,157.41088,157.47834,
2026-01-09 14:00:00,157.48048,158.02737,157.41441,157.97539,
2026-01-09 15:00:00,157.97397,158.18768,157.88732,157.92754,
2026-01-09 16:00:00,157.92189,158.12867,157.86002,158.08063,
2026-01-09 17:00:00,158.0797,158.1344,157.99598,158.05777,
2026-01-09 18:00:00,158.057,158.06624,157.87485,157.91542,
2026-01-09 19:00:00,157.91321,157.93132,157.84128,157.90021,
2026-01-09 20:00:00,157.89752,157.90955,157.85427,157.88767,
2026-01-09 21:00:00,157.88387,157.96363,157.8686,157.93491,
2026-01-09 22:00:00,157.9348,157.93751,157.76562,157.85808,
2026-01-09 23:00:00,157.85844,157.88945,157.70075,157.8664,
2026-01-10 00:00:00,157.8605,157.92326,157.79796,157.91958,
2026-01-10 01:00:00,157.91629,157.92343,157.8489,157.91982,
2026-01-10 02:00:00,157.91691,157.92366,157.7678,157.91659,
2026-01-10 03:00:00,157.91414,157.92344,157.82498,157.9187,
2026-01-10 04:00:00,157.91679,157.9236,157.82326,157.91773,
2026-01-10 05:00:00,157.91645,157.92395,157.79279,157.91746,
2026-01-10 06:00:00,157.91682,157.92363,157.8245,157.91661,
2026-01-10 07:00:00,157.91654,157.92661,157.82614,157.91311,
2026-01-10 08:00:00,157.91361,157.92362,157.88913,157.9156,
2026-01-10 09:00:00,157.91644,157.92393,157.90326,157.91551,
2026-01-10 10:00:00,157.9166,157.92409,157.83685,157.91474,
2026-01-10 11:00:00,157.91598,157.92363,157.90166,157.91543,
2026-01-10 12:00:00,157.91654,157.92384,157.90283,157.90283,
2026-01-10 13:00:00,157.90369,157.91057,157.8814,157.8886,
2026-01-10 14:00:00,157.88905,157.89592,157.8851,157.88729,
2026-01-10 15:00:00,157.88723,157.89406,157.87665,157.8833,
2026-01-10 16:00:00,157.88265,157.89868,157.87594,157.88473,
2026-01-10 17:00:00,157.88346,157.92186,157.8823,157.89525,
2026-01-10 18:00:00,157.89339,157.91717,157.88973,157.90122,
2026-01-10 19:00:00,157.89904,157.92134,157.89904,157.90649,
2026-01-10 20:00:00,157.90358,157.92274,157.89077,157.89616,
2026-01-10 21:00:00,157.89288,157.91673,157.8887,157.89433,
2026-01-10 22:00:00,157.89083,157.91505,157.88997,157.90656,
2026-01-10 23:00:00,157.90134,157.91994,157.88629,157.89633,
2026-01-11 00:00:00,157.89289,157.92222,157.89096,157.9123,
2026-01-11 01:00:00,157.90911,157.91585,157.89157,157.89657,
2026-01-11 02:00:00,157.89381,157.90073,157.88379,157.88811,
2026-01-11 03:00:00,157.88589,157.89567,157.88378,157.89045,
2026-01-11 04:00:00,157.88866,157.89767,157.88031,157.89196,
2026-01-11 05:00:00,157.89094,157.89892,157.88884,157.89245,
2026-01-11 06:00:00,157.89204,157.89877,157.87839,157.88806,
2026-01-11 07:00:00,157.88822,157.90141,157.87718,157.88565,
2026-01-11 08:00:00,157.88627,157.89591,157.88413,157.88809,
2026-01-11 09:00:00,157.88906,157.89781,157.87756,157.88986,
2026-01-11 10:00:00,157.891,157.89788,157.88887,157.88983,
2026-01-11 11:00:00,157.891,157.96923,157.05631,157.48599,
2026-01-11 12:00:00,157.48653,157.57919,157.47936,157.57211,
2026-01-11 13:00:00,157.57232,157.62597,156.98754,157.28357,
2026-01-11 14:00:00,157.28257,157.28942,157.28044,157.28419,
2026-01-11 15:00:00,157.28257,157.99108,157.0384,157.7501,
2026-01-11 16:00:00,157.74895,157.75581,157.17589,157.1809,
2026-01-11 17:00:00,157.17799,157.67903,157.12591,157.52181,
2026-01-11 18:00:00,157.52341,158.15973,157.40167,158.06202,
2026-01-11 19:00:00,158.05945,158.09089,157.83756,157.9771,
2026-01-11 20:00:00,157.9758,158.08856,157.91676,158.00403,
2026-01-11 21:00:00,158.00533,158.18725,157.89507,158.10737,
2026-01-11 22:00:00,158.10361,158.15184,158.02303,158.07019,
2026-01-11 23:00:00,158.07176,158.1938,158.00007,158.15385,
2026-01-12 00:00:00,158.15254,158.20074,157.55189,157.58423,
2026-01-12 01:00:00,157.5788,157.74885,157.53492,157.74093,
2026-01-12 02:00:00,157.73501,158.06683,157.67444,158.04023,
2026-01-12 03:00:00,158.03742,158.1189,157.95522,158.11328,
2026-01-12 04:00:00,158.10886,158.1882,158.10886,158.13693,
2026-01-12 05:00:00,158.13901,158.1458,158.0052,158.00969,
2026-01-12 06:00:00,158.00931,158.07192,157.95559,158.02172,
2026-01-12 07:00:00,158.02192,158.03245,157.8069,157.83303,
2026-01-12 08:00:00,157.83318,157.86797,157.70059,157.76335,
2026-01-12 09:00:00,157.76666,157.89966,157.71476,157.89426,
2026-01-12 10:00:00,157.89428,157.9618,157.84423,157.84959,
2026-01-12 11:00:00,157.85148,157.92216,157.79663,157.89991,
2026-01-12 12:00:00,157.90014,157.94957,157.81693,157.86784,
2026-01-12 13:00:00,157.8678,157.89082,157.72011,157.84764,
2026-01-12 14:00:00,157.84812,158.03506,157.84498,157.96021,
2026-01-12 15:00:00,157.95775,157.96396,157.87331,157.96396,
2026-01-12 16:00:00,157.96379,158.15416,157.93831,158.15416,
2026-01-12 17:00:00,158.15393,158.16458,158.05902,158.0851,
2026-01-12 18:00:00,158.08404,158.15261,158.05551,158.13849,
2026-01-12 19:00:00,158.13631,158.15403,158.09646,158.14518,
2026-01-12 20:00:00,158.14231,158.20315,158.11793,158.19986,
2026-01-12 21:00:00,158.19714,158.20182,158.12028,158.17268,
2026-01-12 22:00:00,158.16904,158.17524,158.04722,158.10813,
2026-01-12 23:00:00,158.10398,158.18832,157.95511,157.97926,
2026-01-13 00:00:00,157.97033,158.27251,157.97033,158.17542,
2026-01-13 01:00:00,158.17161,158.48912,158.16778,158.48428,
2026-01-13 02:00:00,158.4785,158.68988,158.34295,158.67816,
2026-01-13 03:00:00,158.67591,158.83038,158.65255,158.82259,
2026-01-13 04:00:00,158.81805,158.92758,158.67012,158.7426,
2026-01-13 05:00:00,158.74207,158.82935,158.71831,158.79141,
2026-01-13 06:00:00,158.78653,158.96002,158.76148,158.76148,
2026-01-13 07:00:00,158.75687,158.94821,158.72984,158.93531,
2026-01-13 08:00:00,158.92988,159.03097,158.87511,158.96316,
2026-01-13 09:00:00,158.96384,159.00445,158.82887,158.88246,
2026-01-13 10:00:00,158.8824,158.94601,158.80368,158.80936,
2026-01-13 11:00:00,158.81035,158.94287,158.80989,158.85524,
2026-01-13 12:00:00,158.85616,158.93381,158.84646,158.88977,
2026-01-13 13:00:00,158.89055,158.94258,158.62206,158.90762,
2026-01-13 14:00:00,158.90523,158.98405,158.83236,158.90712,
2026-01-13 15:00:00,158.90694,159.06625,158.89542,158.95399,
2026-01-13 16:00:00,158.94967,159.1918,158.90399,159.08725,
2026-01-13 17:00:00,159.08374,159.14379,158.98839,159.04156,
2026-01-13 18:00:00,159.0398,159.09455,159.00976,159.03584,
2026-01-13 19:00:00,159.03655,159.15042,159.03507,159.1224,
2026-01-13 20:00:00,159.12164,159.16405,159.07008,159.11792,
2026-01-13 21:00:00,159.11693,159.17969,159.10318,159.17805,
2026-01-13 22:00:00,159.17545,159.18358,159.02996,159.14073,
2026-01-13 23:00:00,159.13815,159.20601,159.11617,159.19957,
2026-01-14 00:00:00,159.1966,159.28442,159.09746,159.20938,
2026-01-14 01:00:00,159.20434,159.4555,159.20434,159.32929,
2026-01-14 02:00:00,159.32538,159.40545,159.18741,159.22798,
2026-01-14 03:00:00,159.22773,159.23117,159.09482,159.16378,
2026-01-14 04:00:00,159.16069,159.24243,159.13978,159.21082,
2026-01-14 05:00:00,159.20737,159.33755,159.17217,159.33755,
2026-01-14 06:00:00,159.33378,159.34598,159.14214,159.15697,
2026-01-14 07:00:00,159.15615,159.19869,159.11561,159.17548,
2026-01-14 08:00:00,159.17531,159.19592,158.91193,158.94405,
2026-01-14 09:00:00,158.94407,158.94593,158.72078,158.76659,
2026-01-14 10:00:00,158.76659,158.8059,158.59302,158.68041,
2026-01-14 11:00:00,158.68208,158.82462,158.65767,158.71224,
2026-01-14 12:00:00,158.70294,158.71319,158.21231,158.55152,
2026-01-14 13:00:00,158.55509,158.71922,158.52799,158.5864,
2026-01-14 14:00:00,158.58975,158.68351,158.19553,158.20808,
2026-01-14 15:00:00,158.21528,158.40418,158.13125,158.14235,
2026-01-14 16:00:00,158.14176,158.29818,158.12168,158.14357,
2026-01-14 17:00:00,158.14293,158.34951,158.13144,158.3243,
2026-01-14 18:00:00,158.3228,158.44405,158.3075,158.44405,
2026-01-14 19:00:00,158.44338,158.51693,158.42687,158.5122,
2026-01-14 20:00:00,158.50987,158.59658,158.48242,158.59492,
2026-01-14 21:00:00,158.59212,158.59834,158.4555,158.4555,
2026-01-14 22:00:00,158.45282,158.46674,158.18606,158.29206,
2026-01-14 23:00:00,158.28918,158.43672,158.26428,158.42814,
2026-01-15 00:00:00,158.42103,158.57068,158.37713,158.41261,
2026-01-15 01:00:00,158.41234,158.42865,158.23832,158.33899,
2026-01-15 02:00:00,158.3307,158.53938,158.31748,158.53099,
2026-01-15 03:00:00,158.52928,158.64164,158.50889,158.52702,
2026-01-15 04:00:00,158.52756,158.64585,158.49036,158.59876,
2026-01-15 05:00:00,158.59529,158.60608,158.3952,158.42898,
2026-01-15 06:00:00,158.42721,158.65075,158.42158,158.60837,
2026-01-15 07:00:00,158.6091,158.73208,158.4579,158.56687,
2026-01-15 08:00:00,158.56649,158.72694,158.56338,158.67862,
2026-01-15 09:00:00,158.67895,158.69734,158.29453,158.3901,
2026-01-15 10:00:00,158.39048,158.47933,158.36246,158.45723,
2026-01-15 11:00:00,158.45994,158.56713,158.4473,158.55576,
2026-01-15 12:00:00,158.55859,158.60697,158.49501,158.59326,
2026-01-15 13:00:00,158.59663,158.8623,158.5634,158.84635,
2026-01-15 14:00:00,158.84761,158.8751,158.66336,158.74131,
2026-01-15 15:00:00,158.74116,158.74451,158.49198,158.54038,
2026-01-15 16:00:00,158.54147,158.56547,158.43481,158.50563,
2026-01-15 17:00:00,158.5044,158.53852,158.43552,158.5241,
2026-01-15 18:00:00,158.52205,158.52536,158.48429,158.4994,
2026-01-15 19:00:00,158.49755,158.56433,158.46654,158.53982,
2026-01-15 20:00:00,158.53727,158.6466,158.51821,158.6461,
2026-01-15 21:00:00,158.64321,158.67339,158.6065,158.63187,
2026-01-15 22:00:00,158.62875,158.64572,158.60883,158.63704,
2026-01-15 23:00:00,158.63475,158.67238,158.59413,158.59413,
2026-01-16 00:00:00,158.59097,158.6992,158.52732,158.6763,
2026-01-16 01:00:00,158.67521,158.68601,158.48302,158.60565,
2026-01-16 02:00:00,158.60298,158.62882,157.96953,158.3244,
2026-01-16 03:00:00,158.32494,158.32769,158.12843,158.14557,
2026-01-16 04:00:00,158.1479,158.29265,158.09355,158.2746,
2026-01-16 05:00:00,158.27286,158.38098,158.22734,158.37292,
2026-01-16 06:00:00,158.37172,158.44786,158.34441,158.3945,
2026-01-16 07:00:00,158.39441,158.41292,158.10973,158.17188,
2026-01-16 08:00:00,158.17164,158.24621,158.0251,158.22016,
2026-01-16 09:00:00,158.21972,158.22001,158.09401,158.19358,
2026-01-16 10:00:00,158.19502,158.21846,158.08588,158.11396,
2026-01-16 11:00:00,158.11721,158.1405,158.05287,158.08992,
2026-01-16 12:00:00,158.09181,158.21553,158.08874,158.14744,
2026-01-16 13:00:00,158.14875,158.15881,157.95363,158.03229,
2026-01-16 14:00:00,158.03062,158.11805,157.88483,157.92278,
2026-01-16 15:00:00,157.91828,158.24712,157.82087,158.07342,
2026-01-16 16:00:00,158.0704,158.08755,157.96258,158.01533,
2026-01-16 17:00:00,158.01457,158.16363,158.01457,158.14399,
2026-01-16 18:00:00,158.14168,158.24862,158.1278,158.16578,
2026-01-16 19:00:00,158.16226,158.21746,158.09865,158.12511,
2026-01-16 20:00:00,158.1222,158.12736,158.05465,158.09444,
2026-01-16 21:00:00,158.09203,158.14174,158.05607,158.0858,
2026-01-16 22:00:00,158.08172,158.19187,158.08172,158.18729,
2026-01-16 23:00:00,158.18378,158.2044,158.15478,158.18796,
2026-01-17 00:00:00,158.18426,158.20124,158.15392,158.19762,
2026-01-17 01:00:00,158.19472,158.20152,158.16425,158.19559,
2026-01-17 02:00:00,158.19298,158.20208,158.18648,158.19807,
2026-01-17 03:00:00,158.19641,158.20117,158.18953,158.19548,
2026-01-17 04:00:00,158.19429,158.20165,158.15698,158.19533,
2026-01-17 05:00:00,158.19476,158.20146,158.17353,158.19448,
2026-01-17 06:00:00,158.19448,158.20208,158.18891,158.1941,
2026-01-17 07:00:00,158.19459,158.20194,158.19044,158.19431,
2026-01-17 08:00:00,158.19512,158.20196,158.19197,158.19283,
2026-01-17 09:00:00,158.19393,158.20156,158.15645,158.18924,
2026-01-17 10:00:00,158.19071,158.25775,158.12192,158.19424,
2026-01-17 11:00:00,158.19534,158.24525,158.1916,158.19409,
2026-01-17 12:00:00,158.19481,158.20208,158.19195,158.19471,
2026-01-17 13:00:00,158.19517,158.24645,158.17305,158.18041,
2026-01-17 14:00:00,158.18033,158.19603,158.17822,158.18978,
2026-01-17 15:00:00,158.18914,158.21551,158.18533,158.20499,
2026-01-17 16:00:00,158.20376,158.22979,158.1999,158.2171,
2026-01-17 17:00:00,158.21527,158.21918,158.16582,158.18355,
2026-01-17 18:00:00,158.18107,158.22816,158.13829,158.16224,
2026-01-17 19:00:00,158.16123,158.16407,158.1121,158.15224,
2026-01-17 20:00:00,158.14891,158.21225,158.1147,158.18288,
2026-01-17 21:00:00,158.17937,158.18568,158.12319,158.18139,
2026-01-17 22:00:00,158.1848,158.1848,158.09954,158.16926,
2026-01-17 23:00:00,158.16472,158.1898,158.1052,158.18607,
2026-01-18 00:00:00,158.18292,158.1922,158.13744,158.16828,
2026-01-18 01:00:00,158.16557,158.2049,158.16357,158.19828,
2026-01-18 02:00:00,158.19604,158.22325,158.18452,158.18937,
2026-01-18 03:00:00,158.18774,158.19607,158.1682,158.1713,
2026-01-18 04:00:00,158.17034,158.19517,158.17034,158.18867,
2026-01-18 05:00:00,158.18828,158.19758,158.18614,158.19054,
2026-01-18 06:00:00,158.1907,158.21636,158.18714,158.20367,
2026-01-18 07:00:00,158.20427,158.22232,158.19982,158.21454,
2026-01-18 08:00:00,158.21548,158.22235,158.20451,158.20696,
2026-01-18 09:00:00,158.20811,158.2136,158.17766,158.17825,
2026-01-18 10:00:00,158.17942,158.18632,158.17728,158.1784,
2026-01-18 11:00:00,158.17942,158.27287,158.16397,158.26522,
2026-01-18 12:00:00,158.26606,158.28537,158.26391,158.27938,
2026-01-18 13:00:00,158.27985,158.34255,158.26874,158.33545,
2026-01-18 14:00:00,158.33552,158.3423,158.25041,158.26969,
2026-01-18 15:00:00,158.26904,158.33702,158.1243,158.203,
2026-01-18 16:00:00,158.20157,158.38726,158.19946,158.31104,
2026-01-18 17:00:00,158.30924,158.54218,158.07778,158.15563,
2026-01-18 18:00:00,158.15534,158.15715,157.79763,157.83589,
2026-01-18 19:00:00,157.83039,158.00641,157.74893,157.79748,
2026-01-18 20:00:00,157.79304,157.95096,157.76271,157.79692,
2026-01-18 21:00:00,157.79584,157.91134,157.72023,157.87908,
2026-01-18 22:00:00,157.87431,157.97587,157.82695,157.88608,
2026-01-18 23:00:00,157.8908,157.8908,157.50206,157.57318,
2026-01-19 00:00:00,157.57326,157.87627,157.47462,157.47466,
2026-01-19 01:00:00,157.47313,157.71004,157.44079,157.69834,
2026-01-19 02:00:00,157.69669,157.93081,157.69669,157.90238,
2026-01-19 03:00:00,157.90469,157.96159,157.81819,157.88303,
2026-01-19 04:00:00,157.88323,157.91883,157.83692,157.83692,
2026-01-19 05:00:00,157.83696,157.95065,157.7563,157.90729,
2026-01-19 06:00:00,157.9079,157.9374,157.80079,157.8124,
2026-01-19 07:00:00,157.8146,158.11698,157.76,158.07103,
2026-01-19 08:00:00,158.07343,158.13916,157.99961,158.03487,
2026-01-19 09:00:00,158.03248,158.1466,157.93522,157.95382,
2026-01-19 10:00:00,157.94944,157.98609,157.83008,157.8675,
2026-01-19 11:00:00,157.87187,158.10617,157.86622,158.04023,
2026-01-19 12:00:00,158.04009,158.05641,157.93186,158.02223,
2026-01-19 13:00:00,158.02128,158.02413,157.88509,157.93531,
2026-01-19 14:00:00,157.93367,157.9426,157.86756,157.90949,
2026-01-19 15:00:00,157.9078,158.07191,157.85723,158.06645,
2026-01-19 16:00:00,158.06441,158.14443,158.04738,158.08699,
2026-01-19 17:00:00,158.08448,158.10256,158.01604,158.04252,
2026-01-19 18:00:00,158.03966,158.08257,158.0156,158.07527,
2026-01-19 19:00:00,158.07156,158.1138,158.07156,158.09673,
2026-01-19 20:00:00,158.09406,158.15881,158.07987,158.13212,
2026-01-19 21:00:00,158.12955,158.14925,158.10795,158.13902,
2026-01-19 22:00:00,158.13667,158.14244,158.0678,158.11913,
2026-01-19 23:00:00,158.11432,158.23398,158.11432,158.18754,
2026-01-20 00:00:00,158.18655,158.28271,157.94817,157.94817,
2026-01-20 01:00:00,157.94899,158.18751,157.88395,157.9492,
2026-01-20 02:00:00,157.94626,158.07303,157.94626,158.02952,
2026-01-20 03:00:00,158.028,158.04033,157.91212,157.9737,
2026-01-20 04:00:00,157.9733,158.10681,157.90793,158.01976,
2026-01-20 05:00:00,158.02016,158.1034,157.95984,158.10295,
2026-01-20 06:00:00,158.10391,158.47856,158.10361,158.41845,
2026-01-20 07:00:00,158.4197,158.61463,158.32131,158.36971,
2026-01-20 08:00:00,158.36983,158.36983,157.77445,157.81096,
2026-01-20 09:00:00,157.80949,157.80984,157.58402,157.71803,
2026-01-20 10:00:00,157.71982,157.92903,157.71101,157.81516,
2026-01-20 11:00:00,157.81444,157.9044,157.69589,157.74217,
2026-01-20 12:00:00,157.74291,157.89256,157.66686,157.86765,
2026-01-20 13:00:00,157.86727,157.92885,157.57264,157.83692,
2026-01-20 14:00:00,157.8353,158.06044,157.76126,158.05955,
2026-01-20 15:00:00,158.05846,158.09273,157.8878,157.93218,
2026-01-20 16:00:00,157.92987,158.06189,157.86582,157.90733,
2026-01-20 17:00:00,157.90429,157.99282,157.86685,157.95733,
2026-01-20 18:00:00,157.95344,158.06503,157.95344,158.04616,
2026-01-20 19:00:00,158.04112,158.29623,158.04112,158.28901,
2026-01-20 20:00:00,158.28572,158.29159,158.1956,158.21244,
2026-01-20 21:00:00,158.20801,158.22883,158.14943,158.15776,
2026-01-20 22:00:00,158.15618,158.17475,158.11942,158.17056,
2026-01-20 23:00:00,158.16981,158.20816,158.03836,158.17214,
2026-01-21 00:00:00,158.16691,158.27387,158.15336,158.16952,
2026-01-21 01:00:00,158.1767,158.1767,157.8745,157.96945,
2026-01-21 02:00:00,157.96761,158.082,157.89616,157.93579,
2026-01-21 03:00:00,157.93678,158.14163,157.90186,158.08828,
2026-01-21 04:00:00,158.08818,158.13008,158.0046,158.05045,
2026-01-21 05:00:00,158.05063,158.24974,158.0437,158.22105,
2026-01-21 06:00:00,158.22132,158.2507,158.08976,158.14594,
2026-01-21 07:00:00,158.1473,158.16418,157.8882,157.93536,
2026-01-21 08:00:00,157.93524,157.98743,157.82937,157.87614,
2026-01-21 09:00:00,157.8785,158.03628,157.86105,158.0168,
2026-01-21 10:00:00,158.01589,158.09095,158.00687,158.027,
2026-01-21 11:00:00,158.02843,158.07762,157.92212,157.93693,
2026-01-21 12:00:00,157.93367,157.93606,157.75575,157.7986,
2026-01-21 13:00:00,157.79802,157.93875,157.76298,157.90581,
2026-01-21 14:00:00,157.90374,158.13655,157.8927,158.13655,
2026-01-21 15:00:00,158.13395,158.29228,158.06999,158.2304,
2026-01-21 16:00:00,158.22775,158.25208,158.12212,158.1775,
2026-01-21 17:00:00,158.17491,158.22566,158.04949,158.15258,
2026-01-21 18:00:00,158.15017,158.24805,158.12599,158.2233,
2026-01-21 19:00:00,158.21924,158.51673,158.15488,158.39435,
2026-01-21 20:00:00,158.38913,158.49476,158.33961,158.36661,
2026-01-21 21:00:00,158.35984,158.43319,158.27345,158.30893,
2026-01-21 22:00:00,158.3069,158.34424,158.26627,158.31067,
2026-01-21 23:00:00,158.30481,158.48951,158.28085,158.48191,
2026-01-22 00:00:00,158.48057,158.48547,158.20114,158.23417,
2026-01-22 01:00:00,158.22908,158.36673,158.22465,158.35163,
2026-01-22 02:00:00,158.34866,158.47595,158.34866,158.47283,
2026-01-22 03:00:00,158.47201,158.58225,158.41444,158.55802,
2026-01-22 04:00:00,158.55579,158.69454,158.55579,158.64565,
2026-01-22 05:00:00,158.64379,158.73882,158.63631,158.71778,
2026-01-22 06:00:00,158.71716,158.84272,158.71708,158.78089,
2026-01-22 07:00:00,158.78099,158.88475,158.76899,158.78437,
2026-01-22 08:00:00,158.78565,158.84634,158.73321,158.77553,
2026-01-22 09:00:00,158.77581,158.77581,158.61901,158.69994,
2026-01-22 10:00:00,158.70058,158.75871,158.63212,158.63751,
2026-01-22 11:00:00,158.63875,158.70286,158.56919,158.59089,
2026-01-22 12:00:00,158.59265,158.82341,158.53814,158.82104,
2026-01-22 13:00:00,158.82391,158.84962,158.64514,158.71105,
2026-01-22 14:00:00,158.70785,158.76021,158.5512,158.62018,
2026-01-22 15:00:00,158.61674,158.64533,158.36567,158.42262,
2026-01-22 16:00:00,158.41891,158.42292,158.26121,158.3497,
2026-01-22 17:00:00,158.34723,158.42113,158.2443,158.31098,
2026-01-22 18:00:00,158.30763,158.33339,158.28519,158.32268,
2026-01-22 19:00:00,158.32038,158.46791,158.30309,158.42676,
2026-01-22 20:00:00,158.42506,158.44296,158.34342,158.43823,
2026-01-22 21:00:00,158.43324,158.47458,158.38097,158.43183,
2026-01-22 22:00:00,158.42807,158.4352,158.34538,158.40409,
2026-01-22 23:00:00,158.40116,158.52829,158.37817,158.50316,
2026-01-23 00:00:00,158.49937,158.588,158.4634,158.53211,
2026-01-23 01:00:00,158.52847,158.66138,158.50563,158.65412,
2026-01-23 02:00:00,158.65224,158.68267,158.52597,158.59635,
2026-01-23 03:00:00,158.59462,158.73735,158.55373,158.62435,
2026-01-23 04:00:00,158.62248,158.67093,158.54987,158.55093,
2026-01-23 05:00:00,158.55055,158.63628,158.48464,158.62598,
2026-01-23 06:00:00,158.62603,158.9379,158.57374,158.87356,
2026-01-23 07:00:00,158.87365,159.22693,157.81169,158.35704,
2026-01-23 08:00:00,158.3494,158.46572,158.12027,158.13678,
2026-01-23 09:00:00,158.13658,158.13766,157.85977,157.99868,
2026-01-23 10:00:00,158.00433,158.24646,157.99686,158.20341,
2026-01-23 11:00:00,158.20159,158.3134,158.14186,158.15409,
2026-01-23 12:00:00,158.14975,158.27056,158.11849,158.17346,
2026-01-23 13:00:00,158.17229,158.28469,158.10457,158.26834,
2026-01-23 14:00:00,158.26878,158.33442,158.19965,158.27392,
2026-01-23 15:00:00,158.27289,158.30182,158.11314,158.11791,
2026-01-23 16:00:00,158.11542,158.24078,157.39858,157.60491,
2026-01-23 17:00:00,157.60322,157.60774,156.15746,156.3484,
2026-01-23 18:00:00,156.33269,156.59217,155.97361,156.17474,
2026-01-23 19:00:00,156.1698,156.22103,155.63959,155.88371,
2026-01-23 20:00:00,155.88469,155.93135,155.7446,155.81775,
2026-01-23 21:00:00,155.82029,155.88756,155.66445,155.72028,
2026-01-23 22:00:00,155.71706,156.1823,155.64377,155.65517,
2026-01-23 23:00:00,155.65629,156.75516,155.64996,155.65822,
2026-01-24 00:00:00,155.66086,156.35321,155.65709,155.69393,
2026-01-24 01:00:00,155.69445,156.09085,155.66939,155.69408,
2026-01-24 02:00:00,155.69426,156.23193,155.64893,155.69468,
2026-01-24 03:00:00,155.69434,156.23182,155.59012,155.69452,
2026-01-24 04:00:00,155.69352,156.23134,155.58571,155.69568,
2026-01-24 05:00:00,155.69406,156.08897,155.62171,155.6967,
2026-01-24 06:00:00,155.69451,156.23298,155.60218,155.69724,
2026-01-24 07:00:00,155.69455,156.2341,155.62072,155.69877,
2026-01-24 08:00:00,155.69571,155.70223,155.69154,155.69716,
2026-01-24 09:00:00,155.69372,155.70509,155.69137,155.69789,
2026-01-24 10:00:00,155.69438,155.70526,155.69095,155.69737,
2026-01-24 11:00:00,155.69395,155.71242,155.69197,155.69742,
2026-01-24 12:00:00,155.69428,155.71115,155.69153,155.70943,
2026-01-24 13:00:00,155.7065,155.72038,155.70441,155.71627,
2026-01-24 14:00:00,155.7138,155.72101,155.7117,155.71615,
2026-01-24 15:00:00,155.71423,155.72424,155.71212,155.7179,
2026-01-24 16:00:00,155.71657,155.72524,155.71416,155.71921,
2026-01-24 17:00:00,155.63833,156.22952,155.63833,155.97459,
2026-01-24 18:00:00,155.97375,156.88189,155.70529,156.0081,
2026-01-24 19:00:00,156.00792,156.84511,156.00792,156.18662,
2026-01-24 20:00:00,156.18662,156.92125,155.71427,156.00438,
2026-01-24 21:00:00,156.00514,156.64159,155.79467,155.90577,
2026-01-24 22:00:00,155.90688,156.40144,155.90541,156.13376,
2026-01-24 23:00:00,156.16111,156.58026,155.93987,156.01149,
2026-01-25 00:00:00,156.01262,156.0194,155.86216,155.8635,
2026-01-25 01:00:00,155.86426,155.87105,155.76133,155.76557,
2026-01-25 02:00:00,155.76573,155.77251,155.72854,155.73908,
2026-01-25 03:00:00,155.73863,155.74542,155.72803,155.7312,
2026-01-25 04:00:00,155.73012,155.73518,155.72014,155.72394,
2026-01-25 05:00:00,155.72224,155.72901,155.71758,155.72192,
2026-01-25 06:00:00,155.71963,155.727,155.7163,155.72113,
2026-01-25 07:00:00,155.71834,155.72508,155.70418,155.70946,
2026-01-25 08:00:00,155.70628,155.7162,155.70423,155.71284,
2026-01-25 09:00:00,155.70942,155.71872,155.70844,155.71565,
2026-01-25 10:00:00,155.71214,155.71892,155.71005,155.71556,
2026-01-25 11:00:00,155.71214,155.98647,155.71003,155.86093,
2026-01-25 12:00:00,155.85759,155.86438,155.85549,155.86063,
2026-01-25 13:00:00,155.85759,156.04894,155.85243,155.95345,
2026-01-25 14:00:00,155.95068,155.95745,155.86653,155.90122,
2026-01-25 15:00:00,155.89906,155.99283,155.72558,155.72797,
2026-01-25 16:00:00,155.72682,155.87377,155.7007,155.86785,
2026-01-25 17:00:00,155.78949,156.37998,155.29915,155.34644,
2026-01-25 18:00:00,155.35125,155.93139,154.82726,154.91224,
2026-01-25 19:00:00,154.91579,155.1077,154.79343,154.94662,
2026-01-25 20:00:00,154.93608,154.99361,154.36105,154.47146,
2026-01-25 21:00:00,154.46859,154.89784,154.43449,154.74801,
2026-01-25 22:00:00,154.7391,155.22828,154.23197,154.58171,
2026-01-25 23:00:00,154.58414,155.2512,154.55352,155.18101,
2026-01-26 00:00:00,155.18131,155.32874,154.7285,154.81359,
2026-01-26 01:00:00,154.81173,154.91792,154.31632,154.43329,
2026-01-26 02:00:00,154.42985,154.45089,153.92692,154.03171,
2026-01-26 03:00:00,154.03315,154.34959,153.96984,154.21011,
2026-01-26 04:00:00,154.20549,154.26172,153.85961,154.02126,
2026-01-26 05:00:00,154.01575,154.13839,153.94553,154.09387,
2026-01-26 06:00:00,154.08417,154.41469,154.06724,154.22954,
2026-01-26 07:00:00,154.22278,154.33748,153.9419,154.24846,
2026-01-26 08:00:00,154.2395,154.29955,153.48115,153.90671,
2026-01-26 09:00:00,153.90422,154.09948,153.5569,153.69691,
2026-01-26 10:00:00,153.69731,153.86965,153.52596,153.56271,
2026-01-26 11:00:00,153.56353,153.81628,153.22004,153.72359,
2026-01-26 12:00:00,153.72721,154.17177,153.72392,154.16357,
2026-01-26 13:00:00,154.16312,154.29053,154.05486,154.07509,
2026-01-26 14:00:00,154.07551,154.12159,153.69217,153.7242,
2026-01-26 15:00:00,153.72509,153.8744,153.64222,153.7849,
2026-01-26 16:00:00,153.79043,154.03461,153.76296,153.89771,
2026-01-26 17:00:00,153.8966,154.12034,153.86706,153.97374,
2026-01-26 18:00:00,153.97728,154.181,153.88995,154.16298,
2026-01-26 19:00:00,154.16543,154.27731,154.10292,154.11371,
2026-01-26 20:00:00,154.09592,154.14609,153.88629,154.06357,
2026-01-26 21:00:00,154.06732,154.26679,154.0632,154.21524,
2026-01-26 22:00:00,154.21232,154.27686,154.1301,154.15641,
2026-01-26 23:00:00,154.1546,154.41757,154.1546,154.38677,
2026-01-27 00:00:00,154.38445,154.38745,154.14038,154.28707,
2026-01-27 01:00:00,154.28444,154.39301,154.25493,154.3515,
2026-01-27 02:00:00,154.34882,154.37908,154.09451,154.22898,
2026-01-27 03:00:00,154.22036,154.4427,154.22036,154.42745,
2026-01-27 04:00:00,154.42324,154.62847,154.42324,154.61033,
2026-01-27 05:00:00,154.60894,154.63261,154.44355,154.47806,
2026-01-27 06:00:00,154.46746,154.60626,154.38234,154.53124,
2026-01-27 07:00:00,154.53134,154.75155,154.48544,154.74188,
2026-01-27 08:00:00,154.74452,154.88564,154.65113,154.72477,
2026-01-27 09:00:00,154.72395,154.74285,152.9601,153.72495,
2026-01-27 10:00:00,153.72438,154.17791,153.65772,153.71677,
2026-01-27 11:00:00,153.71792,153.78084,153.6069,153.73272,
2026-01-27 12:00:00,153.73325,153.78054,153.28328,153.3224,
2026-01-27 13:00:00,153.3175,153.39493,153.05929,153.27509,
2026-01-27 14:00:00,153.26956,153.37477,152.98167,153.24726,
2026-01-27 15:00:00,153.23538,153.3302,152.8985,153.23858,
2026-01-27 16:00:00,153.24143,153.27096,152.97697,153.03317,
2026-01-27 17:00:00,153.03603,153.14012,152.68082,152.77256,
2026-01-27 18:00:00,152.77083,152.87417,152.61249,152.75736,
2026-01-27 19:00:00,152.7538,152.83049,152.72288,152.72302,
2026-01-27 20:00:00,152.71846,152.75056,152.0463,152.32384,
2026-01-27 21:00:00,152.30829,152.46577,152.19221,152.21034,
2026-01-27 22:00:00,152.18786,152.37607,152.17278,152.30076,
2026-01-27 23:00:00,152.29713,152.61239,152.29713,152.47721,
2026-01-28 00:00:00,152.46261,152.72283,152.46261,152.65311,
2026-01-28 01:00:00,152.65238,152.99471,152.63159,152.97229,
2026-01-28 02:00:00,152.96521,153.06535,152.82883,152.85266,
2026-01-28 03:00:00,152.85167,152.85566,152.66263,152.73612,
2026-01-28 04:00:00,152.73463,152.82743,152.5432,152.55107,
2026-01-28 05:00:00,152.55077,152.72928,152.51385,152.64657,
2026-01-28 06:00:00,152.647,152.75494,152.57316,152.65979,
2026-01-28 07:00:00,152.65896,152.71605,152.298,152.66038,
2026-01-28 08:00:00,152.65848,152.79026,152.40597,152.65022,
2026-01-28 09:00:00,152.64956,152.75416,152.59864,152.68349,
2026-01-28 10:00:00,152.68773,152.71963,152.44928,152.55799,
2026-01-28 11:00:00,152.56269,152.72153,152.5527,152.603,
2026-01-28 12:00:00,152.60425,152.63189,152.4147,152.56776,
2026-01-28 13:00:00,152.56884,152.91339,152.56027,152.87149,
2026-01-28 14:00:00,152.86973,152.9384,152.673,152.81048,
2026-01-28 15:00:00,152.81204,153.72409,152.79693,153.48033,
2026-01-28 16:00:00,153.47707,153.79732,153.45473,153.64642,
2026-01-28 17:00:00,153.63607,153.74058,153.53694,153.55482,
2026-01-28 18:00:00,153.55206,153.94089,153.53261,153.8281,
2026-01-28 19:00:00,153.82546,154.14157,153.48622,153.49186,
2026-01-28 20:00:00,153.48917,153.5837,153.32672,153.36986,
2026-01-28 21:00:00,153.36655,153.46273,153.30264,153.41824,
2026-01-28 22:00:00,153.41733,153.43727,153.37639,153.42926,
2026-01-28 23:00:00,153.4303,153.43186,153.05221,153.12635,
2026-01-29 00:00:00,153.12244,153.15516,152.8042,153.10069,
2026-01-29 01:00:00,153.09754,153.36078,153.09577,153.23313,
2026-01-29 02:00:00,153.22035,153.37502,153.05441,153.12239,
2026-01-29 03:00:00,153.11818,153.18278,152.92143,152.93209,
2026-01-29 04:00:00,152.93198,153.17888,152.91465,152.98593,
2026-01-29 05:00:00,152.98602,153.09915,152.92337,153.04893,
2026-01-29 06:00:00,153.04934,153.14434,152.93343,153.05642,
2026-01-29 07:00:00,153.05656,153.40937,153.00766,153.32572,
2026-01-29 08:00:00,153.32581,153.46381,153.17123,153.3575,
2026-01-29 09:00:00,153.35735,153.39319,153.15634,153.31681,
2026-01-29 10:00:00,153.31721,153.43057,153.27524,153.41818,
2026-01-29 11:00:00,153.42101,153.51743,153.39522,153.4699,
2026-01-29 12:00:00,153.47061,153.47402,153.23492,153.2482,
2026-01-29 13:00:00,153.24793,153.40179,153.19671,153.34042,
2026-01-29 14:00:00,153.34192,153.37813,153.03471,153.07863,
2026-01-29 15:00:00,153.08263,153.49106,152.68866,152.82171,
2026-01-29 16:00:00,152.82197,153.03793,152.76573,152.87185,
2026-01-29 17:00:00,152.87187,152.97166,152.81878,152.91527,
2026-01-29 18:00:00,152.91307,153.13022,152.91307,153.02095,
2026-01-29 19:00:00,153.01819,153.16463,153.01819,153.08511,
2026-01-29 20:00:00,153.08162,153.21897,153.04467,153.11247,
2026-01-29 21:00:00,153.10753,153.18201,153.07804,153.11176,
2026-01-29 22:00:00,153.10884,153.15263,152.97278,153.01342,
2026-01-29 23:00:00,153.00923,153.19186,152.8982,153.16952,
2026-01-30 00:00:00,153.16792,153.6148,153.08299,153.50559,
2026-01-30 01:00:00,153.49847,153.78078,153.46829,153.76919,
2026-01-30 02:00:00,153.76043,153.96224,153.72029,153.83783,
2026-01-30 03:00:00,153.83672,153.97022,153.78832,153.95277,
2026-01-30 04:00:00,153.94814,153.95733,153.84857,153.91946,
2026-01-30 05:00:00,153.91376,154.10919,153.80917,153.94309,
2026-01-30 06:00:00,153.94369,153.97919,153.77202,153.93848,
2026-01-30 07:00:00,153.93896,154.04456,153.72033,153.79043,
2026-01-30 08:00:00,153.79032,153.94408,153.73043,153.94408,
2026-01-30 09:00:00,153.94246,154.28536,153.94246,154.23786,
2026-01-30 10:00:00,154.23413,154.28549,154.10632,154.16668,
2026-01-30 11:00:00,154.16692,154.16937,153.86365,153.87707,
2026-01-30 12:00:00,153.87665,154.06309,153.82141,154.04263,
2026-01-30 13:00:00,154.04195,154.35,154.00393,154.35,
2026-01-30 14:00:00,154.35166,154.50965,154.24551,154.48202,
2026-01-30 15:00:00,154.48257,154.75715,154.21385,154.25542,
2026-01-30 16:00:00,154.25522,154.4075,154.1674,154.34116,
2026-01-30 17:00:00,154.34133,154.54858,154.33685,154.47699,
2026-01-30 18:00:00,154.47236,154.61859,154.27809,154.40379,
2026-01-30 19:00:00,154.40236,154.7128,154.36937,154.59254,
2026-01-30 20:00:00,154.58504,154.7638,154.54625,154.7638,
2026-01-30 21:00:00,154.76385,154.81091,154.70481,154.77687,
2026-01-30 22:00:00,154.77283,154.95518,154.55164,154.71814,
2026-01-30 23:00:00,154.70525,154.76537,154.41563,154.72427,
2026-01-31 00:00:00,154.72303,154.79435,154.53011,154.7881,
2026-01-31 01:00:00,154.78564,154.79408,154.55967,154.7884,
2026-01-31 02:00:00,154.79636,154.79636,154.58123,154.78784,
2026-01-31 03:00:00,154.78444,154.79407,154.58912,154.7912,
2026-01-31 04:00:00,154.78775,154.79442,154.5854,154.79134,
2026-01-31 05:00:00,154.82514,154.82759,154.37681,154.79113,
2026-01-31 06:00:00,154.7878,154.79453,154.57659,154.78868,
2026-01-31 07:00:00,154.78537,154.79438,154.57273,154.7855,
2026-01-31 08:00:00,154.78241,154.79456,154.73694,154.78985,
2026-01-31 09:00:00,154.78772,154.79587,154.77975,154.78957,
2026-01-31 10:00:00,154.78808,154.79599,154.73787,154.78889,
2026-01-31 11:00:00,154.78789,154.79584,154.74238,154.78784,
2026-01-31 12:00:00,154.78752,154.79465,154.7706,154.77159,
2026-01-31 13:00:00,154.77183,154.77857,154.7446,154.74579,
2026-01-31 14:00:00,154.7465,154.75308,154.74387,154.74495,
2026-01-31 15:00:00,154.74596,154.76595,154.73154,154.75006,
2026-01-31 16:00:00,154.7512,154.75781,154.73362,154.73456,
2026-01-31 17:00:00,154.73568,154.77691,154.58122,154.76445,
2026-01-31 18:00:00,154.76543,154.7816,154.5876,154.70691,
2026-01-31 19:00:00,154.6923,154.71339,154.62779,154.70656,
2026-01-31 20:00:00,154.70665,154.72191,154.54561,154.70005,
2026-01-31 21:00:00,154.69957,154.71985,154.62167,154.69889,
2026-01-31 22:00:00,154.6896,154.7138,154.62035,154.70556,
2026-01-31 23:00:00,154.70452,154.72279,154.58314,154.71005,
2026-02-01 00:00:00,154.7078,154.76368,154.70572,154.75722,
2026-02-01 01:00:00,154.75455,154.76321,154.72001,154.75726,
2026-02-01 02:00:00,154.75418,154.7716,154.72328,154.74668,
2026-02-01 03:00:00,154.74332,154.76606,154.74122,154.75994,
2026-02-01 04:00:00,154.75646,154.76988,154.742,154.74769,
2026-02-01 05:00:00,154.74426,154.76739,154.74216,154.76312,
2026-02-01 06:00:00,154.75988,154.76657,154.73867,154.74516,
2026-02-01 07:00:00,154.74229,154.74957,154.72993,154.73441,
2026-02-01 08:00:00,154.73203,154.74344,154.73004,154.73853,
2026-02-01 09:00:00,154.7367,154.76505,154.73552,154.75971,
2026-02-01 10:00:00,154.75843,154.76517,154.75633,154.75909,
2026-02-01 11:00:00,154.75843,154.76517,154.5544,154.55619,
2026-02-01 12:00:00,154.55649,154.67769,154.54946,154.63894,
2026-02-01 13:00:00,154.63954,154.64628,154.44869,154.47934,
2026-02-01 14:00:00,154.4804,154.70878,154.47494,154.62985,
2026-02-01 15:00:00,154.63099,154.85429,154.37385,154.75232,
2026-02-01 16:00:00,154.75348,154.76022,154.55134,154.55239,
2026-02-01 17:00:00,154.54412,154.67378,154.46607,154.46607,
2026-02-01 18:00:00,154.46575,154.79617,154.20748,154.73942,
2026-02-01 19:00:00,154.74379,154.8993,154.62819,154.75101,
2026-02-01 20:00:00,154.74954,155.03052,154.72683,154.90303,
2026-02-01 21:00:00,154.89905,154.98063,154.8575,154.91463,
2026-02-01 22:00:00,154.91608,155.40509,154.88467,155.3513,
2026-02-01 23:00:00,155.34938,155.49892,155.10608,155.22393,
2026-02-02 00:00:00,155.21509,155.28878,154.85465,155.24813,
2026-02-02 01:00:00,155.24721,155.38477,155.02576,155.02712,
2026-02-02 02:00:00,155.02445,155.15458,154.88108,155.13308,
2026-02-02 03:00:00,155.13004,155.13658,154.92508,154.98978,
2026-02-02 04:00:00,154.98913,154.99253,154.78414,154.875,
2026-02-02 05:00:00,154.87317,154.95813,154.75564,154.90401,
2026-02-02 06:00:00,154.90782,154.96963,154.57316,154.61881,
2026-02-02 07:00:00,154.61608,154.9187,154.61243,154.91413,
2026-02-02 08:00:00,154.91295,155.04976,154.77056,155.01135,
2026-02-02 09:00:00,155.01428,155.01456,154.7759,154.78858,
2026-02-02 10:00:00,154.78749,154.88132,154.75628,154.7657,
2026-02-02 11:00:00,154.76576,154.87342,154.73847,154.77523,
2026-02-02 12:00:00,154.77543,155.00716,154.72581,154.95683,
2026-02-02 13:00:00,154.95703,155.29213,154.95703,155.24246,
2026-02-02 14:00:00,155.24265,155.39305,155.17228,155.28707,
2026-02-02 15:00:00,155.28973,155.69975,155.28803,155.6822,
2026-02-02 16:00:00,155.68243,155.68317,155.50917,155.51732,
2026-02-02 17:00:00,155.51727,155.5764,155.43798,155.52668,
2026-02-02 18:00:00,155.52617,155.73475,155.51508,155.66144,
2026-02-02 19:00:00,155.66414,155.78403,155.62288,155.63349,
2026-02-02 20:00:00,155.63738,155.665,155.53594,155.55552,
2026-02-02 21:00:00,155.56256,155.62421,155.5369,155.60926,
2026-02-02 22:00:00,155.60434,155.6518,155.54644,155.55993,
2026-02-02 23:00:00,155.56157,155.61149,155.44272,155.48536,
2026-02-03 00:00:00,155.48588,155.61115,155.46459,155.48563,
2026-02-03 01:00:00,155.48495,155.62405,155.46494,155.47669,
2026-02-03 02:00:00,155.47415,155.54671,155.3836,155.54389,
2026-02-03 03:00:00,155.54136,155.56361,155.40517,155.46373,
2026-02-03 04:00:00,155.45978,155.49531,155.32546,155.42168,
2026-02-03 05:00:00,155.41737,155.47902,155.35393,155.43402,
2026-02-03 06:00:00,155.4309,155.47383,155.36318,155.42466,
2026-02-03 07:00:00,155.41995,155.51189,155.31268,155.38154,
2026-02-03 08:00:00,155.37397,155.5888,155.37397,155.53026,
2026-02-03 09:00:00,155.52533,155.87417,155.52313,155.87318,
2026-02-03 10:00:00,155.87028,155.95223,155.801,155.93467,
2026-02-03 11:00:00,155.93282,155.98199,155.88705,155.95449,
2026-02-03 12:00:00,155.95329,155.96058,155.86579,155.89232,
2026-02-03 13:00:00,155.89292,155.89521,155.77011,155.8783,
2026-02-03 14:00:00,155.87458,156.08412,155.81523,155.86398,
2026-02-03 15:00:00,155.86385,155.91928,155.71729,155.72427,
2026-02-03 16:00:00,155.72465,155.77109,155.67692,155.70608,
2026-02-03 17:00:00,155.70619,155.72396,155.55384,155.71515,
2026-02-03 18:00:00,155.71815,155.79735,155.61646,155.64264,
2026-02-03 19:00:00,155.64513,155.80787,155.64186,155.7719,
2026-02-03 20:00:00,155.77714,155.81869,155.71593,155.72734,
2026-02-03 21:00:00,155.73093,155.79124,155.70347,155.78386,
2026-02-03 22:00:00,155.78107,155.82583,155.72353,155.76499,
2026-02-03 23:00:00,155.76521,155.8556,155.66448,155.8039,
2026-02-04 00:00:00,155.80548,156.0226,155.80311,156.0226,
2026-02-04 01:00:00,156.02509,156.19043,156.02186,156.13645,
2026-02-04 02:00:00,156.13679,156.28569,156.13595,156.27683,
2026-02-04 03:00:00,156.27468,156.38707,156.25425,156.3249,
2026-02-04 04:00:00,156.32386,156.36146,156.25443,156.28146,
2026-02-04 05:00:00,156.27899,156.34959,156.25107,156.30073,
2026-02-04 06:00:00,156.29786,156.38571,156.23155,156.36603,
2026-02-04 07:00:00,156.36372,156.46528,156.3403,156.42772,
2026-02-04 08:00:00,156.42381,156.49877,156.41032,156.47282,
2026-02-04 09:00:00,156.47112,156.6759,156.40701,156.65013,
2026-02-04 10:00:00,156.64593,156.80749,156.62055,156.75079,
2026-02-04 11:00:00,156.74892,156.86038,156.72836,156.81194,
2026-02-04 12:00:00,156.80691,156.81585,156.605,156.61938,
2026-02-04 13:00:00,156.61308,156.75869,156.48413,156.4964,
2026-02-04 14:00:00,156.49751,156.59051,156.41217,156.44972,
2026-02-04 15:00:00,156.45142,156.69235,156.38116,156.67625,
2026-02-04 16:00:00,156.67574,156.72814,156.57105,156.62371,
2026-02-04 17:00:00,156.623,156.69192,156.47994,156.68019,
2026-02-04 18:00:00,156.68024,156.78224,156.63649,156.78224,
2026-02-04 19:00:00,156.78241,156.89705,156.75267,156.8204,
2026-02-04 20:00:00,156.82096,156.9447,156.81282,156.92867,
2026-02-04 21:00:00,156.92914,156.94099,156.88119,156.89325,
2026-02-04 22:00:00,156.8895,156.89398,156.77594,156.83675,
2026-02-04 23:00:00,156.8391,156.92501,156.81501,156.91131,
2026-02-05 00:00:00,156.91156,156.98674,156.74434,156.80043,
2026-02-05 01:00:00,156.80067,156.95353,156.78686,156.86214,
2026-02-05 02:00:00,156.86352,156.96261,156.79756,156.8994,
2026-02-05 03:00:00,156.89886,156.91461,156.71669,156.80432,
2026-02-05 04:00:00,156.80398,156.86262,156.80374,156.82677,
2026-02-05 05:00:00,156.82487,157.00047,156.81608,156.98387,
2026-02-05 06:00:00,156.98213,157.04073,156.8625,157.00959,
2026-02-05 07:00:00,157.00748,157.21314,156.92588,157.13847,
2026-02-05 08:00:00,157.13599,157.14244,157.0117,157.04112,
2026-02-05 09:00:00,157.03848,157.34558,157.02984,157.33964,
2026-02-05 10:00:00,157.33715,157.34136,157.1766,157.25177,
2026-02-05 11:00:00,157.24839,157.27465,157.13753,157.15112,
2026-02-05 12:00:00,157.14256,157.27428,156.86436,156.95018,
2026-02-05 13:00:00,156.94892,156.95368,156.57737,156.60382,
2026-02-05 14:00:00,156.59808,156.91022,156.59808,156.88806,
2026-02-05 15:00:00,156.90878,156.90878,156.56579,156.82658,
2026-02-05 16:00:00,156.82546,157.01318,156.81713,156.90436,
2026-02-05 17:00:00,156.90064,156.92422,156.82423,156.82516,
2026-02-05 18:00:00,156.82592,156.8985,156.78026,156.85517,
2026-02-05 19:00:00,156.85533,156.90858,156.80345,156.89781,
2026-02-05 20:00:00,156.8986,157.05813,156.88384,157.04681,
2026-02-05 21:00:00,157.04813,157.10103,157.02109,157.04057,
2026-02-05 22:00:00,157.03847,157.0878,156.90586,157.03714,
2026-02-05 23:00:00,157.03828,157.05253,156.73507,156.80157,
2026-02-06 00:00:00,156.79858,156.83179,156.60926,156.66826,
2026-02-06 01:00:00,156.66662,156.76863,156.56636,156.65971,
2026-02-06 02:00:00,156.66321,156.84062,156.65873,156.74571,
2026-02-06 03:00:00,156.74277,156.78475,156.68904,156.75244,
2026-02-06 04:00:00,156.74971,156.75321,156.6377,156.65463,
2026-02-06 05:00:00,156.65197,156.76656,156.60002,156.7576,
2026-02-06 06:00:00,156.75588,156.91568,156.75588,156.7977,
2026-02-06 07:00:00,156.79523,156.88639,156.68249,156.87918,
2026-02-06 08:00:00,156.87598,156.99838,156.80585,156.98094,
2026-02-06 09:00:00,156.97629,157.0714,156.97629,157.04368,
2026-02-06 10:00:00,157.03785,157.07235,156.92005,156.95531,
2026-02-06 11:00:00,156.94864,157.14626,156.94864,157.06299,
2026-02-06 12:00:00,157.06026,157.14241,156.99422,157.08972,
2026-02-06 13:00:00,157.08845,157.12155,156.92377,156.94035,
2026-02-06 14:00:00,156.94064,156.94708,156.79559,156.87811,
2026-02-06 15:00:00,156.87386,157.1106,156.85304,156.85304,
2026-02-06 16:00:00,156.85085,157.11196,156.85085,157.11114,
2026-02-06 17:00:00,157.10962,157.12523,156.9966,157.04739,
2026-02-06 18:00:00,157.04634,157.10725,157.00005,157.08696,
2026-02-06 19:00:00,157.08682,157.1355,157.07918,157.11466,
2026-02-06 20:00:00,157.11483,157.14479,157.08848,157.11279,
2026-02-06 21:00:00,157.11312,157.25351,157.10569,157.2291,
2026-02-06 22:00:00,157.22867,157.22923,157.15643,157.21175,
2026-02-06 23:00:00,157.2079,157.22242,157.07027,157.21054,
2026-02-07 00:00:00,157.21117,157.21716,157.09689,157.19826,
2026-02-07 01:00:00,157.19932,157.20713,157.11022,157.19779,
2026-02-07 02:00:00,157.19866,157.21088,157.07188,157.19808,
2026-02-07 03:00:00,157.18969,157.20536,157.15074,157.19855,
2026-02-07 04:00:00,157.1984,157.20577,157.151,157.19903,
2026-02-07 05:00:00,157.19838,157.24216,157.10265,157.20264,
2026-02-07 06:00:00,157.19682,157.20551,157.15367,157.20073,
2026-02-07 07:00:00,157.19875,157.20626,157.1492,157.20101,
2026-02-07 08:00:00,157.19849,157.206,157.19465,157.20165,
2026-02-07 09:00:00,157.19867,157.21345,157.1962,157.20216,
2026-02-07 10:00:00,157.19884,157.20607,157.19548,157.20226,
2026-02-07 11:00:00,157.1988,157.20614,157.19485,157.20276,
2026-02-07 12:00:00,157.19933,157.20639,157.19661,157.20283,
2026-02-07 13:00:00,157.19944,157.20629,157.19331,157.19953,
2026-02-07 14:00:00,157.19644,157.20472,157.19431,157.20056,
2026-02-07 15:00:00,157.1979,157.21717,157.1925,157.20936,
2026-02-07 16:00:00,157.20722,157.21406,157.1919,157.20024,
2026-02-07 17:00:00,157.19872,157.21638,157.0098,157.15336,
2026-02-07 18:00:00,157.1526,157.16642,156.99398,157.15642,
2026-02-07 19:00:00,157.15621,157.15805,157.07091,157.11847,
2026-02-07 20:00:00,157.11608,157.20673,157.02999,157.17752,
2026-02-07 21:00:00,157.17824,157.18219,157.08168,157.14989,
2026-02-07 22:00:00,157.15093,157.15585,157.06528,157.11912,
2026-02-09 00:00:00,157.24699,157.29201,156.65401,156.881,
2026-02-09 01:00:00,156.87601,156.90601,156.20399,156.631,
2026-02-09 02:00:00,156.631,156.938,156.612,156.83501,
2026-02-09 03:00:00,156.834,156.91499,156.761,156.85899,
2026-02-09 04:00:00,156.869,156.88499,156.64101,156.68201,
2026-02-09 05:00:00,156.68201,156.71001,156.51199,156.608,
2026-02-09 06:00:00,156.601,156.61301,156.28,156.52499,
2026-02-09 07:00:00,156.524,156.68401,156.282,156.592,
2026-02-09 08:00:00,156.588,156.782,156.55,156.584,
2026-02-09 09:00:00,156.59,156.701,156.39,156.634,
2026-02-09 10:00:00,156.63901,156.745,156.563,156.674,
2026-02-09 11:00:00,156.674,156.75,156.40199,156.45799,
2026-02-09 12:00:00,156.461,156.55701,156.326,156.379,
2026-02-09 13:00:00,156.37199,156.392,155.903,155.925,
2026-02-09 14:00:00,155.927,155.94299,155.51401,155.604,
2026-02-09 15:00:00,155.608,155.88901,155.562,155.84599,
2026-02-09 16:00:00,155.84599,156.144,155.826,156.082993,
2026-02-09 17:00:00,156.082993,156.136,155.94901,155.964,
2026-02-09 18:00:00,155.95399,156.031998,155.894,155.901,
2026-02-09 19:00:00,155.901,155.944,155.65036,155.71697,
2026-02-09 20:00:00,155.72106,155.88764,155.71581,155.88053,
2026-02-09 21:00:00,155.88194,155.93499,155.86803,155.89887,
2026-02-09 22:00:00,155.89516,156.01279,155.81044,155.86677,
2026-02-09 23:00:00,155.86751,156.14871,155.86621,156.1419,
2026-02-10 00:00:00,156.14075,156.28961,155.99568,156.0471,
2026-02-10 01:00:00,156.03953,156.04737,155.68913,155.75363,
2026-02-10 02:00:00,155.75122,155.83231,155.36665,155.39292,
2026-02-10 03:00:00,155.39029,155.39563,155.15811,155.31952,
2026-02-10 04:00:00,155.31524,155.35772,155.16569,155.23657,
2026-02-10 05:00:00,155.22793,155.31871,155.08704,155.30993,
2026-02-10 06:00:00,155.30275,155.44094,155.29355,155.42084,
2026-02-10 07:00:00,155.42328,155.58806,155.31162,155.57152,
2026-02-10 08:00:00,155.56577,155.63277,155.5025,155.57023,
2026-02-10 09:00:00,155.57032,155.57336,155.2579,155.29231,
2026-02-10 10:00:00,155.29162,155.29454,155.05511,155.14121,
2026-02-10 11:00:00,155.14128,155.3,155.12977,155.28014,
2026-02-10 12:00:00,155.28034,155.29878,155.08582,155.20245,
2026-02-10 13:00:00,155.20259,155.21158,154.7568,154.76854,
2026-02-10 14:00:00,154.76794,154.78284,154.23622,154.38845,
2026-02-10 15:00:00,154.38747,154.44469,154.0673,154.20089,
2026-02-10 16:00:00,154.20378,154.31408,154.07441,154.31408,
2026-02-10 17:00:00,154.31115,154.42231,154.17083,154.37527,
2026-02-10 18:00:00,154.37493,154.53666,154.36178,154.50361,
2026-02-10 19:00:00,154.5021,154.58471,154.3168,154.31976,
2026-02-10 20:00:00,154.31724,154.35733,154.25234,154.33977,
2026-02-10 21:00:00,154.33607,154.43678,154.33146,154.38904,
2026-02-10 22:00:00,154.38578,154.44604,154.31411,154.41158,
2026-02-10 23:00:00,154.40677,154.51422,154.40677,154.5034,
2026-02-11 00:00:00,154.49805,154.5203,154.02001,154.09546,
2026-02-11 01:00:00,154.10408,154.10408,153.85036,153.98663,
2026-02-11 02:00:00,153.98463,153.98994,153.6371,153.64576,
2026-02-11 03:00:00,153.64681,153.72986,153.56467,153.57814,
2026-02-11 04:00:00,153.57834,153.5987,153.27776,153.3174,
2026-02-11 05:00:00,153.31853,153.40236,153.01664,153.05844,
2026-02-11 06:00:00,153.05505,153.17972,152.81382,153.11627,
2026-02-11 07:00:00,153.12097,153.30501,153.08792,153.12558,
2026-02-11 08:00:00,153.11834,153.31122,153.05878,153.17787,
2026-02-11 09:00:00,153.17354,153.40172,153.12624,153.20767,
2026-02-11 10:00:00,153.20668,153.33557,153.19056,153.3004,
2026-02-11 11:00:00,153.30527,153.51174,153.29918,153.49777,
2026-02-11 12:00:00,153.49657,153.65374,153.48885,153.59445,
2026-02-11 13:00:00,153.59698,154.69772,153.29798,153.79378,
2026-02-11 14:00:00,153.80564,153.94568,153.35473,153.48231,
2026-02-11 15:00:00,153.47728,153.64737,153.22012,153.63041,
2026-02-11 16:00:00,153.62839,153.66556,152.92389,152.96109,
2026-02-11 17:00:00,152.96399,152.98455,152.58967,152.83599,
2026-02-11 18:00:00,152.8312,152.95524,152.57989,152.68031,
2026-02-11 19:00:00,152.66244,152.94354,152.66244,152.94196,
2026-02-11 20:00:00,152.93822,153.25375,152.93822,153.23483,
2026-02-11 21:00:00,153.23161,153.31599,153.21279,153.26993,
2026-02-11 22:00:00,153.26778,153.27336,153.10466,153.13805,
2026-02-11 23:00:00,153.1356,153.30641,153.09412,153.27986,
2026-02-12 00:00:00,153.28147,153.44511,153.09602,153.12118,
2026-02-12 01:00:00,153.12436,153.16304,152.78069,152.85739,
2026-02-12 02:00:00,152.85758,152.89161,152.51818,152.55554,
2026-02-12 03:00:00,152.55183,152.66913,152.29766,152.57509,
2026-02-12 04:00:00,152.57358,152.84251,152.41206,152.84251,
2026-02-12 05:00:00,152.84573,153.19187,152.84202,153.09771,
2026-02-12 06:00:00,153.09935,153.54182,152.98811,153.30309,
2026-02-12 07:00:00,153.30743,153.34285,152.88877,153.06176,
2026-02-12 08:00:00,153.05546,153.06064,152.83459,152.91107,
2026-02-12 09:00:00,152.91041,153.00259,152.82658,152.92841,
2026-02-12 10:00:00,152.92778,153.1113,152.90309,153.1113,
2026-02-12 11:00:00,153.11089,153.32475,153.04996,153.32475,
2026-02-12 12:00:00,153.32309,153.75684,153.28117,153.69395,
2026-02-12 13:00:00,153.69207,153.71965,153.23934,153.26522,
2026-02-12 14:00:00,153.26294,153.3931,152.97782,153.05036,
2026-02-12 15:00:00,153.04922,153.06234,152.63939,152.6724,
2026-02-12 16:00:00,152.6684,152.83088,152.37011,152.67995,
2026-02-12 17:00:00,152.68166,152.87106,152.56123,152.86104,
2026-02-12 18:00:00,152.85847,152.95776,152.76403,152.9184,
2026-02-12 19:00:00,152.913,152.98817,152.89476,152.91449,
2026-02-12 20:00:00,152.91234,152.92767,152.70528,152.70528,
2026-02-12 21:00:00,152.70231,152.78794,152.67399,152.7391,
2026-02-12 22:00:00,152.73527,152.8199,152.67068,152.73438,
2026-02-12 23:00:00,152.73341,152.89869,152.70019,152.79731,
2026-02-13 00:00:00,152.79709,152.96162,152.7403,152.78879,
2026-02-13 01:00:00,152.78791,153.33683,152.78791,153.29511,
2026-02-13 02:00:00,153.29541,153.30132,153.05488,153.1632,
2026-02-13 03:00:00,153.16342,153.16424,152.83589,152.93763,
2026-02-13 04:00:00,152.93809,153.25842,152.8597,153.24753,
2026-02-13 05:00:00,153.24933,153.38251,153.0846,153.29823,
2026-02-13 06:00:00,153.30161,153.42071,153.12152,153.38268,
2026-02-13 07:00:00,153.38819,153.58207,153.33417,153.40579,
2026-02-13 08:00:00,153.40571,153.65688,153.38012,153.57142,
2026-02-13 09:00:00,153.57504,153.65316,153.4619,153.51147,
2026-02-13 10:00:00,153.51117,153.58563,153.45474,153.47564,
2026-02-13 11:00:00,153.47007,153.4746,153.23711,153.35199,
2026-02-13 12:00:00,153.35335,153.39992,153.26054,153.26404,
2026-02-13 13:00:00,153.26169,153.3516,152.99316,153.03232,
2026-02-13 14:00:00,153.03027,153.11114,152.83633,153.02383,
2026-02-13 15:00:00,153.01982,153.13019,152.92608,153.10004,
2026-02-13 16:00:00,153.09408,153.20654,152.75321,152.77717,
2026-02-13 17:00:00,152.77208,152.86244,152.61754,152.80916,
2026-02-13 18:00:00,152.80453,152.88967,152.77439,152.83656,
2026-02-13 19:00:00,152.8331,152.85638,152.7275,152.77224,
2026-02-13 20:00:00,152.76143,152.83756,152.6743,152.71622,
2026-02-13 21:00:00,152.7125,152.73429,152.63832,152.69509,
2026-02-13 22:00:00,152.69414,152.73728,152.66246,152.66886,
2026-02-13 23:00:00,152.6637,152.92995,152.59029,152.67195,
2026-02-14 00:00:00,152.67114,152.82991,152.66403,152.73602,
2026-02-14 01:00:00,152.73624,152.929,152.72067,152.73419,
2026-02-14 02:00:00,152.7349,152.89138,152.71671,152.73181,
2026-02-14 03:00:00,152.73277,152.83423,152.71634,152.73334,
2026-02-14 04:00:00,152.74755,152.94768,152.73003,152.73556,
2026-02-14 05:00:00,152.73667,152.8204,152.72551,152.73537,
2026-02-14 06:00:00,152.73615,152.86722,152.71449,152.73544,
2026-02-14 07:00:00,152.7557,152.94205,152.72578,152.73281,
2026-02-14 08:00:00,152.73345,152.74409,152.72133,152.736,
2026-02-14 09:00:00,152.73577,152.74289,152.72421,152.73757,
2026-02-14 10:00:00,152.73656,152.74341,152.72112,152.73627,
2026-02-14 11:00:00,152.73488,152.7536,152.72247,152.73792,
2026-02-14 12:00:00,152.73587,152.74372,152.71612,152.72326,
2026-02-14 13:00:00,152.72064,152.75253,152.71706,152.73871,
2026-02-14 14:00:00,152.7357,153.00678,152.68824,152.90009,
2026-02-14 15:00:00,152.89701,152.95081,152.6975,152.78632,
2026-02-14 16:00:00,152.7829,152.78954,152.73677,152.75301,
2026-02-14 17:00:00,152.74961,152.88415,152.73838,152.73838,
2026-02-14 18:00:00,152.71954,152.82723,152.67333,152.7112,
2026-02-14 19:00:00,152.70835,152.8012,152.69408,152.7612,
2026-02-14 20:00:00,152.74395,152.84259,152.72775,152.7346,
2026-02-14 21:00:00,152.7327,153.78135,152.70512,152.80385,
2026-02-14 22:00:00,152.80238,152.87636,152.78164,152.80773,
2026-02-14 23:00:00,152.80891,152.9145,152.76176,152.76392,
2026-02-15 00:00:00,152.76373,152.7655,152.6927,152.71087,
2026-02-15 01:00:00,152.71128,152.83093,152.70507,152.7417,
2026-02-15 02:00:00,152.74246,152.74909,152.71613,152.71716,
2026-02-15 03:00:00,152.7182,152.72485,152.70669,152.70761,
2026-02-15 04:00:00,152.70875,152.71453,152.70109,152.70144,
2026-02-15 05:00:00,152.70251,152.70917,152.69779,152.69896,
2026-02-15 06:00:00,152.69981,152.70787,152.69783,152.6985,
2026-02-15 07:00:00,152.69898,152.70703,152.69611,152.70038,
2026-02-15 08:00:00,152.70039,152.70696,152.69638,152.699,
2026-02-15 09:00:00,152.69845,152.7044,152.69488,152.69792,
2026-02-15 10:00:00,152.69677,152.70341,152.69469,152.69852,
2026-02-15 11:00:00,152.69677,152.86947,152.67673,152.86478,
2026-02-15 12:00:00,152.8628,152.86947,152.86074,152.86531,
2026-02-15 13:00:00,152.8628,152.97573,152.85628,152.97185,
2026-02-15 14:00:00,152.96907,152.97573,152.96699,152.97222,
2026-02-15 15:00:00,152.96907,153.05542,152.76348,152.78803,
2026-02-15 16:00:00,152.78459,152.92881,152.77633,152.84971,
2026-02-15 17:00:00,152.85521,152.85521,152.6432,152.6799,
2026-02-15 18:00:00,152.67039,152.72818,152.59472,152.59602,
2026-02-15 19:00:00,152.59327,152.78921,152.50679,152.70238,
2026-02-15 20:00:00,152.6993,152.97177,152.57063,152.67332,
2026-02-15 21:00:00,152.66748,152.71069,152.61754,152.68745,
2026-02-15 22:00:00,152.68622,152.75846,152.64427,152.6784,
2026-02-15 23:00:00,152.67835,152.85746,152.66981,152.807,
2026-02-16 00:00:00,152.80705,153.09733,152.778,153.08686,
2026-02-16 01:00:00,153.08577,153.16317,152.98599,153.02527,
2026-02-16 02:00:00,153.0255,153.10757,152.9789,153.00235,
2026-02-16 03:00:00,153.00434,153.10006,153.00253,153.06583,
2026-02-16 04:00:00,153.06746,153.25282,153.00547,153.24066,
2026-02-16 05:00:00,153.24116,153.24327,153.16329,153.18606,
2026-02-16 06:00:00,153.19041,153.22369,153.09569,153.1579,
2026-02-16 07:00:00,153.15669,153.38676,153.14712,153.34518,
2026-02-16 08:00:00,153.34837,153.44328,153.23334,153.33146,
2026-02-16 09:00:00,153.33266,153.60166,153.31214,153.56659,
2026-02-16 10:00:00,153.56829,153.63236,153.53571,153.54885,
2026-02-16 11:00:00,153.5467,153.55944,153.36665,153.38044,
2026-02-16 12:00:00,153.37832,153.41287,153.32688,153.37457,
2026-02-16 13:00:00,153.37224,153.44997,153.31144,153.34481,
2026-02-16 14:00:00,153.34227,153.39867,153.25776,153.37806,
2026-02-16 15:00:00,153.37552,153.47577,153.31177,153.45968,
2026-02-16 16:00:00,153.45635,153.56073,153.41358,153.48668,
2026-02-16 17:00:00,153.48302,153.56134,153.45829,153.4742,
2026-02-16 18:00:00,153.4715,153.52424,153.46168,153.52302,
2026-02-16 19:00:00,153.52187,153.53273,153.48152,153.48916,
2026-02-16 20:00:00,153.48621,153.49446,153.44953,153.48445,
2026-02-16 21:00:00,153.47743,153.54207,153.47743,153.52186,
2026-02-16 22:00:00,153.52314,153.54101,153.42343,153.52792,
2026-02-16 23:00:00,153.5258,153.71244,153.51768,153.56919,
2026-02-17 00:00:00,153.56755,153.57205,153.17621,153.19674,
2026-02-17 01:00:00,153.19492,153.38811,153.16583,153.1702,
2026-02-17 02:00:00,153.1702,153.26345,153.07593,153.14766,
2026-02-17 03:00:00,153.14775,153.18389,153.04017,153.17452,
2026-02-17 04:00:00,153.1745,153.2114,153.00992,153.08309,
2026-02-17 05:00:00,153.08555,153.15332,152.91357,152.95775,
2026-02-17 06:00:00,152.95802,152.96319,152.83864,152.95804,
2026-02-17 07:00:00,152.95871,153.10046,152.82757,153.08527,
2026-02-17 08:00:00,153.08611,153.19016,152.74911,152.7542,
2026-02-17 09:00:00,152.74941,152.94413,152.71693,152.90459,
2026-02-17 10:00:00,152.90401,153.08678,152.86279,153.00561,
2026-02-17 11:00:00,153.00352,153.16988,152.95464,153.15313,
2026-02-17 12:00:00,153.1516,153.18244,153.07752,153.0868,
2026-02-17 13:00:00,153.08434,153.40129,153.03023,153.28658,
2026-02-17 14:00:00,153.28405,153.52477,153.28405,153.48415,
2026-02-17 15:00:00,153.48161,153.90662,153.47491,153.80731,
2026-02-17 16:00:00,153.80481,153.84522,153.51714,153.57777,
2026-02-17 17:00:00,153.57477,153.58008,153.42405,153.47699,
2026-02-17 18:00:00,153.47487,153.47995,153.2981,153.35864,
2026-02-17 19:00:00,153.35414,153.40206,153.26343,153.26343,
2026-02-17 20:00:00,153.26093,153.30324,153.21277,153.25237,
2026-02-17 21:00:00,153.24466,153.30379,153.22592,153.29572,
2026-02-17 22:00:00,153.29282,153.31752,153.20638,153.27034,
2026-02-17 23:00:00,153.26875,153.3102,153.14311,153.1432,
2026-02-18 00:00:00,153.14382,153.30101,153.08782,153.24104,
2026-02-18 01:00:00,153.24082,153.46182,153.22827,153.43381,
2026-02-18 02:00:00,153.43311,153.70043,153.43311,153.51755,
2026-02-18 03:00:00,153.51795,153.60537,153.47465,153.60148,
2026-02-18 04:00:00,153.60254,153.62156,153.52972,153.60003,
2026-02-18 05:00:00,153.60086,153.61797,153.46052,153.46687,
2026-02-18 06:00:00,153.46787,153.52665,153.38571,153.42162,
2026-02-18 07:00:00,153.42306,153.70398,153.42059,153.66244,
2026-02-18 08:00:00,153.66501,153.79271,153.57903,153.73073,
2026-02-18 09:00:00,153.73068,153.79328,153.65527,153.72796,
2026-02-18 10:00:00,153.72964,153.84885,153.70774,153.80785,
2026-02-18 11:00:00,153.80858,153.81956,153.66031,153.70935,
2026-02-18 12:00:00,153.70653,153.80067,153.54608,153.68518,
2026-02-18 13:00:00,153.68398,153.94106,153.6259,153.94106,
2026-02-18 14:00:00,153.94087,154.42838,153.92373,154.40241,
2026-02-18 15:00:00,154.40219,154.41155,154.27876,154.30448,
2026-02-18 16:00:00,154.30199,154.4842,154.24146,154.4456,
2026-02-18 17:00:00,154.44398,154.60797,154.40563,154.58745,
2026-02-18 18:00:00,154.58438,154.80484,154.50299,154.74487,
2026-02-18 19:00:00,154.74268,154.86713,154.54675,154.72215,
2026-02-18 20:00:00,154.71865,154.8389,154.70069,154.83386,
2026-02-18 21:00:00,154.83188,154.85023,154.78505,154.8362,
2026-02-18 22:00:00,154.8353,154.83885,154.73604,154.772,
2026-02-18 23:00:00,154.76775,154.80555,154.68222,154.7038,
2026-02-19 00:00:00,154.7016,154.82952,154.63934,154.73975,
2026-02-19 01:00:00,154.73481,155.00097,154.67263,154.95464,
2026-02-19 02:00:00,154.95002,155.05379,154.80348,154.99488,
2026-02-19 03:00:00,154.99079,155.26139,154.94744,155.15212,
2026-02-19 04:00:00,155.15458,155.28466,155.09572,155.12233,
2026-02-19 05:00:00,155.11908,155.3258,155.11908,155.292,
2026-02-19 06:00:00,155.28871,155.34008,154.9754,155.06113,
2026-02-19 07:00:00,155.05915,155.21594,154.94833,154.96516,
2026-02-19 08:00:00,154.96558,155.0047,154.73814,154.83701,
2026-02-19 09:00:00,154.83824,154.96791,154.77537,154.80126,
2026-02-19 10:00:00,154.80397,154.85488,154.68102,154.704,
2026-02-19 11:00:00,154.70728,154.73234,154.58496,154.63273,
2026-02-19 12:00:00,154.63233,154.81103,154.55547,154.81063,
2026-02-19 13:00:00,154.81043,155.03238,154.8059,154.90854,
2026-02-19 14:00:00,154.91086,155.29219,154.90739,155.2213,
2026-02-19 15:00:00,155.22162,155.22718,154.98162,155.02092,
2026-02-19 16:00:00,155.01862,155.02011,154.86633,154.96837,
2026-02-19 17:00:00,154.96787,155.06204,154.93056,155.02692,
2026-02-19 18:00:00,155.0253,155.02816,154.83726,154.89855,
2026-02-19 19:00:00,154.89594,155.12626,154.84189,155.0986,
2026-02-19 20:00:00,155.0961,155.12463,155.00883,155.08899,
2026-02-19 21:00:00,155.08569,155.0958,154.95969,155.00371,
2026-02-19 22:00:00,155.0004,155.05975,154.9,154.9638,
2026-02-19 23:00:00,154.95711,155.20998,154.93426,155.18648,
2026-02-20 00:00:00,155.18209,155.23154,154.95852,155.0973,
2026-02-20 01:00:00,155.09145,155.29732,154.98042,155.15692,
2026-02-20 02:00:00,155.15529,155.23245,155.07794,155.19834,
2026-02-20 03:00:00,155.19415,155.2054,155.10619,155.14946,
2026-02-20 04:00:00,155.14934,155.22015,155.0862,155.22015,
2026-02-20 05:00:00,155.2221,155.34471,155.17308,155.28256,
2026-02-20 06:00:00,155.27822,155.39332,155.14648,155.16979,
2026-02-20 07:00:00,155.16928,155.51536,154.97361,155.48837,
2026-02-20 08:00:00,155.48836,155.61048,155.32593,155.57796,
2026-02-20 09:00:00,155.57843,155.6442,155.3785,155.40499,
2026-02-20 10:00:00,155.40536,155.43462,155.1717,155.17534,
2026-02-20 11:00:00,155.17572,155.27615,155.15611,155.21798,
2026-02-20 12:00:00,155.22115,155.31161,155.1954,155.24455,
2026-02-20 13:00:00,155.24574,155.45252,155.14918,155.43644,
2026-02-20 14:00:00,155.43279,155.51279,155.3756,155.40622,
2026-02-20 15:00:00,155.40799,155.47722,154.8143,154.86647,
2026-02-20 16:00:00,154.86521,155.09117,154.73896,154.99814,
2026-02-20 17:00:00,154.99943,155.19738,154.94257,155.00085,
2026-02-20 18:00:00,154.99934,155.08167,154.83318,155.03031,
2026-02-20 19:00:00,155.02807,155.18866,154.97243,155.14229,
2026-02-20 20:00:00,155.13977,155.17729,154.98624,155.02775,
2026-02-20 21:00:00,155.02173,155.08805,154.96343,155.07716,
2026-02-20 22:00:00,155.07284,155.08245,155.00077,155.01183,
2026-02-20 23:00:00,155.00834,155.13491,154.97924,155.01463,
2026-02-21 00:00:00,155.00871,155.1628,155.00871,155.0702,
2026-02-21 01:00:00,155.0546,155.13654,155.03141,155.07024,
2026-02-21 02:00:00,155.0671,155.2433,155.04214,155.06673,
2026-02-21 03:00:00,155.064,155.24598,155.02909,155.07013,
2026-02-21 04:00:00,155.06811,155.15304,155.04464,155.06974,
2026-02-21 05:00:00,155.0685,155.124,155.01619,155.0779,
2026-02-21 06:00:00,155.07714,155.2283,155.03225,155.0783,
2026-02-21 07:00:00,155.07816,155.14613,155.05854,155.07324,
2026-02-21 08:00:00,155.07367,155.08603,155.04253,155.07849,
2026-02-21 09:00:00,155.07929,155.08615,155.05606,155.07857,
2026-02-21 10:00:00,155.07956,155.08555,155.05217,155.0768,
2026-02-21 11:00:00,155.07811,155.08532,155.03365,155.07755,
2026-02-21 12:00:00,155.07865,155.08497,155.04311,155.04311,
2026-02-21 13:00:00,155.04397,155.0779,155.04144,155.07061,
2026-02-21 14:00:00,155.07115,155.07787,155.06639,155.06844,
2026-02-21 15:00:00,155.0685,155.07525,155.06639,155.069,
2026-02-21 16:00:00,155.0685,155.07525,155.06641,155.06961,
2026-02-21 17:00:00,155.0685,155.07694,154.96814,155.01639,
2026-02-21 18:00:00,155.01455,155.01828,154.9693,154.97388,
2026-02-21 19:00:00,154.97153,154.97509,154.93477,154.93986,
2026-02-21 20:00:00,154.93687,154.94362,154.93477,154.94017,
2026-02-21 21:00:00,154.93687,154.94362,154.93477,154.94033,
2026-02-21 22:00:00,154.93687,154.94319,154.90251,154.9127,
2026-02-21 23:00:00,154.90925,154.91599,154.90714,154.91253,
2026-02-22 00:00:00,154.90925,155.0168,154.8986,155.01316,
2026-02-22 01:00:00,155.01006,155.01681,155.00796,155.01275,
2026-02-22 02:00:00,155.01006,155.01681,155.00796,155.01224,
2026-02-22 03:00:00,155.01006,155.01681,155.00796,155.01166,
2026-02-22 04:00:00,155.01006,155.01681,155.00796,155.01104,
2026-02-22 05:00:00,155.01006,155.01681,155.00796,155.01044,
2026-02-22 06:00:00,155.01006,155.0168,155.00796,155.0099,
2026-02-22 07:00:00,155.01006,155.01681,155.00796,155.00944,
2026-02-22 08:00:00,155.01006,155.01681,155.00796,155.00911,
2026-02-22 09:00:00,155.01006,155.01681,155.00796,155.00893,
2026-02-22 10:00:00,155.01006,155.01681,155.00796,155.00891,
2026-02-22 11:00:00,155.01006,155.01681,155.00796,155.00905,
2026-02-22 12:00:00,155.01006,155.0168,155.00796,155.00934,
2026-02-22 13:00:00,155.01006,155.01681,155.00796,155.00976,
2026-02-22 14:00:00,155.01006,155.05161,155.00796,155.03564,
2026-02-22 15:00:00,155.03547,155.04222,155.03337,155.03623,
2026-02-22 16:00:00,155.03547,155.04222,155.03337,155.03685,
2026-02-22 17:00:00,155.03547,155.10208,154.97788,154.99185,
2026-02-22 18:00:00,154.98931,155.05508,154.83983,155.00141,
2026-02-22 19:00:00,154.99946,155.08888,154.94027,154.99889,
2026-02-22 20:00:00,154.99652,155.07541,154.94978,154.99009,
2026-02-22 21:00:00,154.98726,155.08494,154.90541,154.94012,
2026-02-22 22:00:00,154.93686,154.96657,154.90106,154.94152,
2026-02-22 23:00:00,154.94025,154.96922,154.3429,154.34992,
2026-02-23 00:00:00,154.34685,154.47552,154.08177,154.08177,
2026-02-23 01:00:00,154.08175,154.27813,154.00613,154.23143,
2026-02-23 02:00:00,154.23261,154.27465,154.09038,154.24736,
2026-02-23 03:00:00,154.24742,154.42754,154.23762,154.25919,
2026-02-23 04:00:00,154.25939,154.43992,154.22145,154.39552,
2026-02-23 05:00:00,154.3963,154.49855,154.39272,154.43753,
2026-02-23 06:00:00,154.44025,154.48231,154.23751,154.46748,
2026-02-23 07:00:00,154.46942,154.60118,154.45454,154.49208,
2026-02-23 08:00:00,154.49061,154.77372,154.47034,154.71797,
2026-02-23 09:00:00,154.72104,154.86134,154.64612,154.8226,
2026-02-23 10:00:00,154.82102,154.88951,154.76248,154.79638,
2026-02-23 11:00:00,154.79881,154.94339,154.76428,154.92005,
2026-02-23 12:00:00,154.92713,155.04244,154.86795,154.90396,
2026-02-23 13:00:00,154.90703,154.93206,154.58098,154.63404,
2026-02-23 14:00:00,154.6308,154.82708,154.57341,154.5821,
2026-02-23 15:00:00,154.5779,154.58217,154.38201,154.42023,
2026-02-23 16:00:00,154.41825,154.46936,154.29171,154.32411,
2026-02-23 17:00:00,154.3222,154.41758,154.23991,154.40031,
2026-02-23 18:00:00,154.39673,154.6422,154.38587,154.49776,
2026-02-23 19:00:00,154.4931,154.67096,154.48651,154.63567,
2026-02-23 20:00:00,154.63327,154.7213,154.61217,154.7184,
2026-02-23 21:00:00,154.71487,154.7679,154.64799,154.66819,
2026-02-23 22:00:00,154.66495,154.67155,154.59728,154.62732,
2026-02-23 23:00:00,154.62766,154.7006,154.52984,154.67637,
2026-02-24 00:00:00,154.67603,154.85313,154.64839,154.85194,
2026-02-24 01:00:00,154.84598,155.12818,154.84598,155.01655,
2026-02-24 02:00:00,155.02039,155.10265,154.88543,154.92997,
2026-02-24 03:00:00,154.93023,155.11226,154.86798,155.11226,
2026-02-24 04:00:00,155.11054,155.31365,155.07892,155.25157,
2026-02-24 05:00:00,155.2507,155.3108,155.18451,155.18497,
2026-02-24 06:00:00,155.18524,155.18696,154.98565,154.98899,
2026-02-24 07:00:00,154.98941,156.14001,154.96405,156.12654,
2026-02-24 08:00:00,156.12889,156.28277,155.90652,155.94218,
2026-02-24 09:00:00,155.94112,155.95824,155.70388,155.85692,
2026-02-24 10:00:00,155.85734,155.93723,155.75528,155.87834,
2026-02-24 11:00:00,155.87872,155.9414,155.68519,155.8467,
2026-02-24 12:00:00,155.85077,156.01943,155.80668,155.87661,
2026-02-24 13:00:00,155.87983,156.08498,155.75925,156.05013,
2026-02-24 14:00:00,156.05019,156.18922,155.92319,155.97871,
2026-02-24 15:00:00,155.97802,156.1121,155.83592,155.93666,
2026-02-24 16:00:00,155.93321,155.93955,155.60292,155.6532,
2026-02-24 17:00:00,155.65369,155.78098,155.64023,155.75738,
2026-02-24 18:00:00,155.75496,155.80205,155.7024,155.78065,
2026-02-24 19:00:00,155.7805,155.8253,155.70627,155.79374,
2026-02-24 20:00:00,155.79096,155.86359,155.75519,155.86247,
2026-02-24 21:00:00,155.86091,155.93061,155.84151,155.90765,
2026-02-24 22:00:00,155.90503,155.90904,155.80228,155.81764,
2026-02-24 23:00:00,155.81287,155.91414,155.80117,155.90477,
2026-02-25 00:00:00,155.89958,155.99285,155.64583,155.69498,
2026-02-25 01:00:00,155.69276,155.83137,155.63931,155.79578,
2026-02-25 02:00:00,155.79541,155.80905,155.44254,155.49902,
2026-02-25 03:00:00,155.50367,156.03767,155.4034,155.82484,
2026-02-25 04:00:00,155.8202,156.03937,155.72448,155.74215,
2026-02-25 05:00:00,155.73778,155.79183,155.59236,155.59727,
2026-02-25 06:00:00,155.59325,155.78892,155.53716,155.71084,
2026-02-25 07:00:00,155.70851,155.9182,155.70851,155.91629,
2026-02-25 08:00:00,155.91501,156.2813,155.89046,156.27705,
2026-02-25 09:00:00,156.2713,156.66903,156.25478,156.56257,
2026-02-25 10:00:00,156.56176,156.78098,156.55749,156.75685,
2026-02-25 11:00:00,156.75458,156.8192,156.74268,156.81083,
2026-02-25 12:00:00,156.81134,156.81254,156.65904,156.68148,
2026-02-25 13:00:00,156.68224,156.73839,156.59555,156.69659,
2026-02-25 14:00:00,156.6973,156.75446,156.44976,156.59298,
2026-02-25 15:00:00,156.59219,156.59537,156.35409,156.39659,
2026-02-25 16:00:00,156.39238,156.46853,156.30665,156.32371,
2026-02-25 17:00:00,156.32354,156.36876,156.23747,156.33981,
2026-02-25 18:00:00,156.3408,156.40435,156.28713,156.39533,
2026-02-25 19:00:00,156.39484,156.53173,156.37454,156.43993,
2026-02-25 20:00:00,156.44047,156.46348,156.34194,156.4419,
2026-02-25 21:00:00,156.44277,156.47189,156.36055,156.37441,
2026-02-25 22:00:00,156.37285,156.45495,156.26847,156.32308,
2026-02-25 23:00:00,156.32055,156.32432,156.12776,156.18976,
2026-02-26 00:00:00,156.18845,156.23862,155.95814,156.01693,
2026-02-26 01:00:00,156.01646,156.05572,155.82507,155.83516,
2026-02-26 02:00:00,155.83415,156.04565,155.76068,155.9301,
2026-02-26 03:00:00,155.92535,156.00027,155.80712,155.93646,
2026-02-26 04:00:00,155.93163,156.12386,155.90931,155.90931,
2026-02-26 05:00:00,155.90926,155.97008,155.76663,155.93321,
2026-02-26 06:00:00,155.92779,156.06243,155.87965,155.99772,
2026-02-26 07:00:00,155.99424,156.16391,155.99424,156.07326,
2026-02-26 08:00:00,156.07453,156.16358,155.93271,155.96127,
2026-02-26 09:00:00,155.96055,156.08821,155.92488,156.06857,
2026-02-26 10:00:00,156.06891,156.10146,155.95277,155.96618,
2026-02-26 11:00:00,155.96624,156.07457,155.93568,156.07048,
2026-02-26 12:00:00,156.07179,156.16096,155.98364,156.07836,
2026-02-26 13:00:00,156.07759,156.17387,155.96418,156.16707,
2026-02-26 14:00:00,156.168,156.23264,155.86169,155.93616,
2026-02-26 15:00:00,155.93883,156.13784,155.88149,156.02894,
2026-02-26 16:00:00,156.033,156.26971,156.02778,156.14776,
2026-02-26 17:00:00,156.14647,156.41312,156.13271,156.39801,
2026-02-26 18:00:00,156.39691,156.43763,156.29663,156.39462,
2026-02-26 19:00:00,156.39323,156.39506,156.13358,156.14242,
2026-02-26 20:00:00,156.13962,156.15441,156.07072,156.11019,
2026-02-26 21:00:00,156.10927,156.14954,156.06305,156.13882,
2026-02-26 22:00:00,156.13623,156.16593,156.06843,156.10936,
2026-02-26 23:00:00,156.10655,156.11127,155.83037,155.87528,
2026-02-27 00:00:00,155.87049,155.96526,155.69207,155.85845,
2026-02-27 01:00:00,155.85136,156.00056,155.73287,155.98714,
2026-02-27 02:00:00,155.9853,155.99053,155.74736,155.76182,
2026-02-27 03:00:00,155.76119,155.80786,155.69394,155.76966,
2026-02-27 04:00:00,155.76603,155.83033,155.54832,155.59781,
2026-02-27 05:00:00,155.5961,155.84111,155.58529,155.81791,
2026-02-27 06:00:00,155.81414,155.94761,155.77799,155.87447,
2026-02-27 07:00:00,155.87035,156.1297,155.86483,156.10285,
2026-02-27 08:00:00,156.10226,156.17047,155.97737,156.16505,
2026-02-27 09:00:00,156.16578,156.23524,156.06338,156.0882,
2026-02-27 10:00:00,156.0883,156.08917,155.93809,155.9957,
2026-02-27 11:00:00,155.99529,156.00695,155.87172,155.92012,
2026-02-27 12:00:00,155.91927,155.95988,155.83549,155.90078,
2026-02-27 13:00:00,155.90188,156.17927,155.89795,156.16524,
2026-02-27 14:00:00,156.16843,156.22954,155.94967,156.19402,
2026-02-27 15:00:00,156.19331,156.20263,155.96,156.11604,
2026-02-27 16:00:00,156.11114,156.145,155.97698,156.05574,
2026-02-27 17:00:00,156.05624,156.12713,155.93308,156.04189,
2026-02-27 18:00:00,156.04271,156.09607,155.9977,156.01641,
2026-02-27 19:00:00,156.01461,156.02091,155.89655,156.01661,
2026-02-27 20:00:00,156.01467,156.1709,155.95877,156.1709,
2026-02-27 21:00:00,156.16849,156.19824,156.03648,156.08,
2026-02-27 22:00:00,156.07795,156.09966,156.00691,156.02913,
2026-02-27 23:00:00,156.02648,156.05709,155.99926,156.03168,
2026-02-28 00:00:00,156.02606,156.09776,156.02606,156.05867,
2026-02-28 01:00:00,156.05544,156.06591,156.05025,156.05662,
2026-02-28 02:00:00,156.05295,156.06272,156.05004,156.05695,
2026-02-28 03:00:00,156.05287,156.06493,156.0502,156.05504,
2026-02-28 04:00:00,156.05231,156.068,156.05013,156.05497,
2026-02-28 05:00:00,156.05171,156.07287,156.05072,156.05429,
2026-02-28 06:00:00,156.05266,156.06743,156.05044,156.0536,
2026-02-28 07:00:00,156.05252,156.06655,156.05066,156.0545,
2026-02-28 08:00:00,156.05406,156.06255,156.05041,156.05205,
2026-02-28 09:00:00,156.05216,156.10168,156.0509,156.09365,
2026-02-28 10:00:00,156.09419,156.10123,156.07765,156.09357,
2026-02-28 11:00:00,156.09443,156.10135,156.06969,156.0928,
2026-02-28 12:00:00,156.0939,156.10097,156.08236,156.08236,
2026-02-28 13:00:00,156.08248,156.08408,156.05928,156.06166,
2026-02-28 14:00:00,156.06271,156.08155,156.06059,156.07407,
2026-02-28 15:00:00,156.07486,156.08166,156.052,156.05481,
2026-02-28 16:00:00,156.05516,156.06196,156.05097,156.05321,
2026-02-28 17:00:00,156.05304,156.05981,156.04806,156.04989,
2026-02-28 18:00:00,156.04912,156.06078,156.04701,156.05371,
2026-02-28 19:00:00,156.05233,156.05691,156.04103,156.0458,
2026-02-28 20:00:00,156.04379,156.06937,156.03192,156.05881,
2026-02-28 21:00:00,156.05628,156.05997,156.04301,156.05239,
2026-02-28 22:00:00,156.0494,156.05418,156.03885,156.04561,
2026-02-28 23:00:00,156.04292,156.05127,156.03284,156.04802,
2026-03-01 00:00:00,156.04453,156.06937,156.04251,156.06271,
2026-03-01 01:00:00,156.05921,156.06592,156.05033,156.05548,
2026-03-01 02:00:00,156.05214,156.05893,156.0486,156.05498,
2026-03-01 03:00:00,156.05194,156.05856,156.04668,156.05139,
2026-03-01 04:00:00,156.04879,156.05683,156.03984,156.04458,
2026-03-01 05:00:00,156.04253,156.05016,156.04041,156.04488,
2026-03-01 06:00:00,156.04342,156.05486,156.04139,156.04781,
2026-03-01 07:00:00,156.04696,156.05573,156.04445,156.0492,
2026-03-01 08:00:00,156.04894,156.05565,156.04544,156.04728,
2026-03-01 09:00:00,156.04756,156.05384,156.04438,156.0456,
2026-03-01 10:00:00,156.04631,156.0531,156.04419,156.0453,
2026-03-01 11:00:00,156.04631,156.08335,155.56356,155.76615,
2026-03-01 12:00:00,155.76728,155.77407,155.76517,155.76633,
2026-03-01 13:00:00,155.76728,155.8021,155.3972,155.58839,
2026-03-01 14:00:00,155.5887,155.59548,155.5866,155.58891,
2026-03-01 15:00:00,155.5887,155.91338,155.35555,155.81471,
2026-03-01 16:00:00,155.81441,155.91441,155.61445,155.88228,
2026-03-01 17:00:00,155.88154,156.05989,155.36125,155.50132,
2026-03-01 18:00:00,155.49985,156.06294,155.46525,156.04246,
2026-03-01 19:00:00,156.04107,156.3965,155.88471,156.13278,
2026-03-01 20:00:00,156.13256,156.71334,155.74819,156.09842,
2026-03-01 21:00:00,156.09579,156.1154,155.82662,155.99282,
2026-03-01 22:00:00,155.98991,156.33644,155.97117,156.13878,
2026-03-01 23:00:00,156.12623,156.64495,156.12623,156.63345,
2026-03-02 00:00:00,156.63053,156.77717,156.34302,156.43572,
2026-03-02 01:00:00,156.43312,156.56822,156.2327,156.26619,
2026-03-02 02:00:00,156.27186,156.43679,156.16449,156.29243,
2026-03-02 03:00:00,156.29031,156.35299,156.18006,156.34054,
2026-03-02 04:00:00,156.33888,156.58181,156.28741,156.5409,
2026-03-02 05:00:00,156.53532,156.86326,156.53532,156.81323,
2026-03-02 06:00:00,156.80469,157.01142,156.77409,156.87969,
2026-03-02 07:00:00,156.8702,157.03312,156.86865,156.96953,
2026-03-02 08:00:00,156.96679,157.26446,156.93845,156.98529,
2026-03-02 09:00:00,156.98372,157.01537,156.81584,157.00446,
2026-03-02 10:00:00,157.00392,157.00688,156.81533,156.92561,
2026-03-02 11:00:00,156.92516,157.00285,156.87764,156.95918,
2026-03-02 12:00:00,156.95926,157.39446,156.95773,157.38573,
2026-03-02 13:00:00,157.386,157.59497,157.36919,157.53754,
2026-03-02 14:00:00,157.53766,157.58581,157.43674,157.50743,
2026-03-02 15:00:00,157.5077,157.75706,157.49841,157.73894,
2026-03-02 16:00:00,157.73878,157.75401,157.38294,157.46605,
2026-03-02 17:00:00,157.46963,157.50238,157.34915,157.37065,
2026-03-02 18:00:00,157.37184,157.48445,157.34469,157.37797,
2026-03-02 19:00:00,157.37643,157.38195,157.11343,157.14934,
2026-03-02 20:00:00,157.15008,157.47974,157.11427,157.33019,
2026-03-02 21:00:00,157.33432,157.40378,157.29588,157.35763,
2026-03-02 22:00:00,157.36064,157.4484,157.3246,157.39962,
2026-03-02 23:00:00,157.39918,157.41119,157.19898,157.25793,
2026-03-03 00:00:00,157.25674,157.50572,157.20503,157.47089,
2026-03-03 01:00:00,157.47075,157.58575,157.29989,157.31594,
2026-03-03 02:00:00,157.31246,157.3832,157.20329,157.27474,
2026-03-03 03:00:00,157.27405,157.37524,157.2112,157.26741,
2026-03-03 04:00:00,157.26143,157.41858,157.2187,157.41465,
2026-03-03 05:00:00,157.41003,157.43358,157.27877,157.40076,
2026-03-03 06:00:00,157.39616,157.47043,157.22616,157.23848,
2026-03-03 07:00:00,157.23483,157.4475,157.14769,157.37733,
2026-03-03 08:00:00,157.36511,157.58464,157.31992,157.56386,
2026-03-03 09:00:00,157.56497,157.81009,157.48433,157.68329,
2026-03-03 10:00:00,157.68082,157.85942,157.6074,157.83736,
2026-03-03 11:00:00,157.83596,157.97376,157.71064,157.71064,
2026-03-03 12:00:00,157.71014,157.75402,157.51963,157.63343,
2026-03-03 13:00:00,157.63234,157.81852,157.62846,157.81051,
2026-03-03 14:00:00,157.81085,157.96508,157.75486,157.84763,
2026-03-03 15:00:00,157.84741,157.90253,157.6108,157.78346,
2026-03-03 16:00:00,157.78377,157.92714,157.64453,157.69497,
2026-03-03 17:00:00,157.69644,157.85067,157.68772,157.82974,
2026-03-03 18:00:00,157.83209,157.84576,157.50004,157.64907,
2026-03-03 19:00:00,157.64949,157.81176,157.50909,157.65061,
2026-03-03 20:00:00,157.65382,157.67696,157.48061,157.65982,
2026-03-03 21:00:00,157.66269,157.75908,157.64032,157.7057,
2026-03-03 22:00:00,157.70691,157.74964,157.31151,157.57564,
2026-03-03 23:00:00,157.57941,157.80212,157.5631,157.78314,
2026-03-04 00:00:00,157.78231,157.86588,157.46661,157.58918,
2026-03-04 01:00:00,157.58697,157.76625,157.56183,157.59915,
2026-03-04 02:00:00,157.59648,157.61239,157.49669,157.59697,
2026-03-04 03:00:00,157.59356,157.64854,157.36849,157.40549,
2026-03-04 04:00:00,157.40234,157.42636,157.1811,157.38038,
2026-03-04 05:00:00,157.37424,157.63268,157.35429,157.58692,
2026-03-04 06:00:00,157.58211,157.64973,157.38909,157.43454,
2026-03-04 07:00:00,157.42938,157.475,157.27453,157.475,
2026-03-04 08:00:00,157.47646,157.53555,157.25646,157.42545,
2026-03-04 09:00:00,157.42609,157.44246,157.11704,157.23436,
2026-03-04 10:00:00,157.23356,157.31917,156.91129,157.31889,
2026-03-04 11:00:00,157.31927,157.34233,157.08304,157.22783,
2026-03-04 12:00:00,157.22785,157.32927,157.05059,157.32927,
2026-03-04 13:00:00,157.32872,157.33238,157.1308,157.29478,
2026-03-04 14:00:00,157.29583,157.44295,157.25017,157.2619,
2026-03-04 15:00:00,157.26486,157.37526,157.11022,157.13292,
2026-03-04 16:00:00,157.13066,157.15758,156.89413,156.93209,
2026-03-04 17:00:00,156.93599,157.0285,156.89864,156.99817,
2026-03-04 18:00:00,156.99672,157.16432,156.98245,157.16128,
2026-03-04 19:00:00,157.16148,157.1677,156.97999,156.98788,
2026-03-04 20:00:00,156.99013,157.11676,156.97308,157.0604,
2026-03-04 21:00:00,157.06444,157.12613,157.02053,157.05658,
2026-03-04 22:00:00,157.05702,157.09218,157.02031,157.02031,
2026-03-04 23:00:00,157.01813,157.09208,156.96794,156.99393,
2026-03-05 00:00:00,156.99161,157.00191,156.57417,156.59353,
2026-03-05 01:00:00,156.59125,156.75605,156.46795,156.75088,
2026-03-05 02:00:00,156.74269,156.97289,156.73397,156.96129,
2026-03-05 03:00:00,156.95837,157.07411,156.90475,157.03736,
2026-03-05 04:00:00,157.03701,157.15783,157.00006,157.12672,
2026-03-05 05:00:00,157.12035,157.21972,157.03336,157.20577,
2026-03-05 06:00:00,157.20675,157.24944,157.00015,157.06516,
2026-03-05 07:00:00,157.06606,157.28449,156.97953,157.25145,
2026-03-05 08:00:00,157.24635,157.38447,157.18535,157.29881,
2026-03-05 09:00:00,157.29947,157.31511,156.90845,157.15308,
2026-03-05 10:00:00,157.15242,157.30799,157.12818,157.29305,
2026-03-05 11:00:00,157.29238,157.36956,157.24498,157.35408,
2026-03-05 12:00:00,157.35389,157.49641,157.31485,157.43002,
2026-03-05 13:00:00,157.43039,157.78069,157.42957,157.7681,
2026-03-05 14:00:00,157.76829,157.76931,157.51034,157.55464,
2026-03-05 15:00:00,157.55442,157.77118,157.43329,157.58898,
2026-03-05 16:00:00,157.59393,157.77798,157.55693,157.60281,
2026-03-05 17:00:00,157.60213,157.81072,157.57335,157.69234,
2026-03-05 18:00:00,157.6933,157.83899,157.64906,157.74115,
2026-03-05 19:00:00,157.73842,157.84597,157.72079,157.82476,
2026-03-05 20:00:00,157.82489,157.84671,157.43862,157.57097,
2026-03-05 21:00:00,157.5688,157.57339,157.47539,157.56104,
2026-03-05 22:00:00,157.56028,157.61106,157.45287,157.52998,
2026-03-05 23:00:00,157.52741,157.602,157.4738,157.56158,
2026-03-06 00:00:00,157.55855,157.56299,157.4206,157.45445,
2026-03-06 01:00:00,157.45174,157.59034,157.42718,157.47082,
2026-03-06 02:00:00,157.46659,157.55129,157.43966,157.50764,
2026-03-06 03:00:00,157.50425,157.51301,157.47505,157.50115,
2026-03-06 04:00:00,157.49775,157.69364,157.4958,157.67019,
2026-03-06 05:00:00,157.66413,157.88871,157.66413,157.85654,
2026-03-06 06:00:00,157.85392,157.89964,157.73816,157.76006,
2026-03-06 07:00:00,157.76144,157.77167,157.53475,157.54979,
2026-03-06 08:00:00,157.54864,157.67296,157.50677,157.65883,
2026-03-06 09:00:00,157.65384,157.88911,157.63519,157.85476,
2026-03-06 10:00:00,157.84856,157.9147,157.78341,157.86948,
2026-03-06 11:00:00,157.86666,157.98573,157.84427,157.96116,
2026-03-06 12:00:00,157.96094,158.10873,157.86472,158.00986,
2026-03-06 13:00:00,158.01106,158.01202,157.50455,157.86515,
2026-03-06 14:00:00,157.86524,158.08183,157.66753,157.68766,
2026-03-06 15:00:00,157.68831,157.75892,157.5513,157.57955,
2026-03-06 16:00:00,157.5831,157.70256,157.52185,157.60918,
2026-03-06 17:00:00,157.61627,157.85168,157.60421,157.78812,
2026-03-06 18:00:00,157.79237,157.86646,157.63647,157.80542,
2026-03-06 19:00:00,157.80852,157.85421,157.7553,157.85333,
2026-03-06 20:00:00,157.85829,157.96049,157.81834,157.90236,
2026-03-06 21:00:00,157.90186,157.90488,157.78574,157.79781,
2026-03-06 22:00:00,157.79578,157.8158,157.71356,157.76189,
2026-03-06 23:00:00,157.76327,157.7926,157.69411,157.75769,
2026-03-07 00:00:00,157.75445,157.76995,157.73491,157.75388,
2026-03-07 01:00:00,157.7516,157.76434,157.6887,157.75377,
2026-03-07 02:00:00,157.751,157.76903,157.70054,157.75767,
2026-03-07 03:00:00,157.75461,157.76896,157.70839,157.75438,
2026-03-07 04:00:00,157.75096,157.76569,157.71718,157.75504,
2026-03-07 05:00:00,157.75666,157.76618,157.69111,157.75518,
2026-03-07 06:00:00,157.7517,157.76479,157.70603,157.7542,
2026-03-07 07:00:00,157.75087,157.7701,157.70559,157.76067,
2026-03-07 08:00:00,157.75805,157.76617,157.74876,157.75401,
2026-03-07 09:00:00,157.7516,157.77776,157.74864,157.75343,
2026-03-07 10:00:00,157.75159,157.76459,157.74879,157.75339,
2026-03-07 11:00:00,157.75219,157.78592,157.7487,157.75144,
2026-03-07 12:00:00,157.75084,157.7681,157.74917,157.76362,
2026-03-07 13:00:00,157.76357,157.78382,157.76144,157.77591,
2026-03-07 14:00:00,157.77634,157.78633,157.77426,157.77863,
2026-03-07 15:00:00,157.77946,157.78916,157.77891,157.78134,
2026-03-07 16:00:00,157.78243,157.79097,157.78031,157.78292,
2026-03-07 17:00:00,157.774,157.78917,157.72122,157.75233,
2026-03-07 18:00:00,157.75343,157.78271,157.64956,157.76497,
2026-03-07 19:00:00,157.75443,157.77026,157.7066,157.75664,
2026-03-07 20:00:00,157.75712,157.76816,157.64107,157.75784,
2026-03-07 21:00:00,157.74804,157.78277,157.7002,157.76973,
2026-03-07 22:00:00,157.76916,157.77962,157.65385,157.73916,
2026-03-07 23:00:00,157.73894,157.76292,157.64978,157.75804,
2026-03-08 00:00:00,157.7562,157.79172,157.75406,157.78839,
2026-03-08 01:00:00,157.78603,157.79279,157.78336,157.78829,
2026-03-08 02:00:00,157.78544,157.79228,157.78321,157.78857,
2026-03-08 03:00:00,157.78533,157.79312,157.78325,157.78949,
2026-03-08 04:00:00,157.78602,157.79265,157.78332,157.78901,
2026-03-08 05:00:00,157.78546,157.79233,157.78317,157.78875,
2026-03-08 06:00:00,157.78529,157.79217,157.78316,157.78841,
2026-03-08 07:00:00,157.78519,157.79207,157.78303,157.78806,
2026-03-08 08:00:00,157.78523,157.79313,157.78317,157.7882,
2026-03-08 09:00:00,157.78588,157.79253,157.75363,157.76798,
2026-03-08 10:00:00,157.76629,157.77316,157.76415,157.76736,
2026-03-08 11:00:00,157.76629,157.77315,157.75904,157.76161,
2026-03-08 12:00:00,157.76117,157.77397,157.75903,157.76701,
2026-03-08 13:00:00,157.76712,157.77857,157.76264,157.76417,
2026-03-08 14:00:00,157.76475,157.77149,157.74383,157.74782,
2026-03-08 15:00:00,157.74877,157.78392,157.74532,157.77592,
2026-03-08 16:00:00,157.77705,157.7867,157.76769,157.76866,
2026-03-08 17:00:00,157.76984,157.7975,157.72259,157.76621,
2026-03-08 18:00:00,157.76604,158.21768,157.64264,157.9784,
2026-03-08 19:00:00,158.00075,158.21035,157.76971,157.95017,
2026-03-08 20:00:00,157.95554,158.09638,157.94853,158.05609,
2026-03-08 21:00:00,158.05039,158.10523,158.01678,158.09393,
2026-03-08 22:00:00,158.09498,158.46229,158.09181,158.29803,
2026-03-08 23:00:00,158.29749,158.44077,158.22062,158.4214,
2026-03-09 00:00:00,158.4187,158.69796,158.35055,158.66372,
2026-03-09 01:00:00,158.66332,158.71958,158.5886,158.69566,
2026-03-09 02:00:00,158.69545,158.74882,158.64453,158.68862,
2026-03-09 03:00:00,158.68745,158.9018,158.67403,158.86584,
2026-03-09 04:00:00,158.86377,158.86796,158.69572,158.73087,
2026-03-09 05:00:00,158.72782,158.77181,158.33478,158.39464,
2026-03-09 06:00:00,158.39142,158.67197,158.38465,158.60126,
2026-03-09 07:00:00,158.59334,158.64413,158.42133,158.47835,
2026-03-09 08:00:00,158.48085,158.68341,158.38559,158.65545,
2026-03-09 09:00:00,158.65443,158.66038,158.23996,158.4203,
2026-03-09 10:00:00,158.41602,158.56015,158.37517,158.48252,
2026-03-09 11:00:00,158.48541,158.49798,158.38585,158.49601,
2026-03-09 12:00:00,158.49605,158.59332,158.36943,158.58732,
2026-03-09 13:00:00,158.58701,158.59017,158.21114,158.42688,
2026-03-09 14:00:00,158.42886,158.52165,158.31521,158.37478,
2026-03-09 15:00:00,158.37493,158.41335,158.00905,158.01505,
2026-03-09 16:00:00,158.01756,158.21178,157.96377,158.12928,
2026-03-09 17:00:00,158.13314,158.35204,158.12632,158.33992,
2026-03-09 18:00:00,158.34269,158.40736,158.25535,158.39771,
2026-03-09 19:00:00,158.40065,158.41913,157.66014,157.82202,
2026-03-09 20:00:00,157.83189,157.9242,157.65082,157.66208,
2026-03-09 21:00:00,157.66541,157.75126,157.64248,157.68068,
2026-03-09 22:00:00,157.68022,157.90134,157.66333,157.81972,
2026-03-09 23:00:00,157.81962,157.94861,157.76175,157.87635,
2026-03-10 00:00:00,157.87433,157.99515,157.57691,157.58429,
2026-03-10 01:00:00,157.58006,157.76434,157.55869,157.64211,
2026-03-10 02:00:00,157.63989,157.8214,157.61395,157.82135,
2026-03-10 03:00:00,157.8179,157.91678,157.81352,157.89285,
2026-03-10 04:00:00,157.88776,157.93347,157.77146,157.78476,
2026-03-10 05:00:00,157.78113,157.78808,157.63135,157.66111,
2026-03-10 06:00:00,157.66007,157.66968,157.48525,157.55028,
2026-03-10 07:00:00,157.54424,157.64029,157.27956,157.33275,
2026-03-10 08:00:00,157.33186,157.71064,157.32237,157.70529,
2026-03-10 09:00:00,157.70323,157.71729,157.55138,157.64443,
2026-03-10 10:00:00,157.6404,157.88345,157.63778,157.78964,
2026-03-10 11:00:00,157.79023,157.86605,157.69604,157.80707,
2026-03-10 12:00:00,157.80681,157.97142,157.78031,157.78894,
2026-03-10 13:00:00,157.7895,157.85568,157.66352,157.82664,
2026-03-10 14:00:00,157.82743,157.90866,157.66479,157.68487,
2026-03-10 15:00:00,157.68649,157.78851,157.56662,157.62424,
2026-03-10 16:00:00,157.62248,157.71094,157.54913,157.56807,
2026-03-10 17:00:00,157.56982,157.64912,157.40702,157.6123,
2026-03-10 18:00:00,157.61397,157.97068,157.61075,157.86169,
2026-03-10 19:00:00,157.86555,158.12456,157.85377,158.03915,
2026-03-10 20:00:00,158.03458,158.0842,157.97933,158.0602,
2026-03-10 21:00:00,158.05809,158.12137,158.00625,158.09294,
2026-03-10 22:00:00,158.09174,158.1823,158.0436,158.17192,
2026-03-10 23:00:00,158.1695,158.18123,158.05727,158.12673,
2026-03-11 00:00:00,158.12246,158.24403,157.93522,158.21525,
2026-03-11 01:00:00,158.21223,158.3322,158.19116,158.29142,
2026-03-11 02:00:00,158.28887,158.39349,158.24448,158.28861,
2026-03-11 03:00:00,158.28545,158.29536,158.16786,158.20638,
2026-03-11 04:00:00,158.20251,158.26143,158.10042,158.10888,
2026-03-11 05:00:00,158.10583,158.18225,158.06258,158.18225,
2026-03-11 06:00:00,158.17941,158.18553,157.8803,158.01457,
2026-03-11 07:00:00,158.01415,158.26913,157.97332,158.24609,
2026-03-11 08:00:00,158.24406,158.44341,158.20325,158.40472,
2026-03-11 09:00:00,158.39991,158.49323,158.36974,158.47634,
2026-03-11 10:00:00,158.47268,158.48834,158.2613,158.29213,
2026-03-11 11:00:00,158.29254,158.50399,158.25502,158.50023,
2026-03-11 12:00:00,158.49942,158.61957,158.37155,158.60066,
2026-03-11 13:00:00,158.59824,158.63736,158.4885,158.59515,
2026-03-11 14:00:00,158.59704,158.65696,158.37653,158.6536,
2026-03-11 15:00:00,158.65244,158.8545,158.64858,158.80584,
2026-03-11 16:00:00,158.80565,158.87348,158.77955,158.84961,
2026-03-11 17:00:00,158.84931,158.99584,158.82654,158.86939,
2026-03-11 18:00:00,158.86883,158.94365,158.84529,158.9293,
2026-03-11 19:00:00,158.92979,158.97092,158.92051,158.95257,
2026-03-11 20:00:00,158.95424,158.97475,158.92265,158.95776,
2026-03-11 21:00:00,158.95395,158.96111,158.83989,158.84417,
2026-03-11 22:00:00,158.8518,159.00179,158.84039,158.99211,
2026-03-11 23:00:00,158.99063,159.1407,158.91761,159.09098,
2026-03-12 00:00:00,159.0939,159.23179,158.95215,158.9656,
2026-03-12 01:00:00,158.96558,158.97373,158.80921,158.87999,
2026-03-12 02:00:00,158.8768,159.10865,158.83468,159.06446,
2026-03-12 03:00:00,159.0626,159.07617,158.98661,159.0381,
2026-03-12 04:00:00,159.0356,159.15879,159.01663,159.13814,
2026-03-12 05:00:00,159.13561,159.13919,158.98368,159.12225,
2026-03-12 06:00:00,159.11967,159.12398,158.89729,158.9046,
2026-03-12 07:00:00,158.89853,159.01056,158.79652,158.80972,
2026-03-12 08:00:00,158.80936,158.93327,158.6874,158.89487,
2026-03-12 09:00:00,158.8894,158.95472,158.72119,158.74846,
2026-03-12 10:00:00,158.74541,158.82186,158.68473,158.72813,
2026-03-12 11:00:00,158.7265,158.73424,158.57921,158.69702,
2026-03-12 12:00:00,158.69424,158.93703,158.69068,158.89779,
2026-03-12 13:00:00,158.89636,159.08185,158.79203,159.03152,
2026-03-12 14:00:00,159.03092,159.20188,158.96302,159.17667,
2026-03-12 15:00:00,159.17553,159.28809,159.11586,159.14798,
2026-03-12 16:00:00,159.14749,159.29972,159.12954,159.22232,
2026-03-12 17:00:00,159.22252,159.33728,159.12844,159.31794,
2026-03-12 18:00:00,159.31812,159.40609,159.30086,159.40255,
2026-03-12 19:00:00,159.40327,159.43597,159.32345,159.37604,
2026-03-12 20:00:00,159.37701,159.42082,159.31526,159.35529,
2026-03-12 21:00:00,159.35489,159.40051,159.26915,159.38468,
2026-03-12 22:00:00,159.38332,159.42552,159.25825,159.28524,
2026-03-12 23:00:00,159.28585,159.36051,159.19547,159.22057,
2026-03-13 00:00:00,159.21864,159.22486,159.01718,159.11149,
2026-03-13 01:00:00,159.1091,159.28097,159.05194,159.27453,
2026-03-13 02:00:00,159.27389,159.37177,159.20752,159.29943,
2026-03-13 03:00:00,159.29634,159.41396,159.27416,159.36568,
2026-03-13 04:00:00,159.3639,159.63426,159.34615,159.48872,
2026-03-13 05:00:00,159.48713,159.50496,159.32684,159.44241,
2026-03-13 06:00:00,159.43985,159.4572,159.33693,159.42203,
2026-03-13 07:00:00,159.41778,159.54853,159.34984,159.4582,
2026-03-13 08:00:00,159.45622,159.54149,159.29287,159.35977,
2026-03-13 09:00:00,159.36089,159.49831,159.25988,159.4955,
2026-03-13 10:00:00,159.49386,159.50891,159.34129,159.41702,
2026-03-13 11:00:00,159.41682,159.43856,159.29916,159.31363,
2026-03-13 12:00:00,159.31184,159.399,159.24441,159.32956,
2026-03-13 13:00:00,159.3266,159.34775,159.02766,159.10141,
2026-03-13 14:00:00,159.09825,159.37082,159.09825,159.36917,
2026-03-13 15:00:00,159.3656,159.59241,159.3656,159.56393,
2026-03-13 16:00:00,159.56224,159.62666,159.50585,159.6171,
2026-03-13 17:00:00,159.61672,159.68561,159.56417,159.57774,
2026-03-13 18:00:00,159.57759,159.685,159.57736,159.64038,
2026-03-13 19:00:00,159.64034,159.69998,159.60777,159.6762,
2026-03-13 20:00:00,159.67674,159.74851,159.65654,159.73321,
2026-03-13 21:00:00,159.73415,159.89661,159.69292,159.84521,
2026-03-13 22:00:00,159.84299,159.85583,159.69236,159.73356,
2026-03-13 23:00:00,159.7196,159.77508,159.55551,159.73522,
2026-03-14 00:00:00,159.73597,159.7454,159.61518,159.72987,
2026-03-14 01:00:00,159.73055,159.7378,159.65493,159.72988,
2026-03-14 02:00:00,159.7218,159.74005,159.68354,159.73189,
2026-03-14 03:00:00,159.73151,159.7452,159.60728,159.73115,
2026-03-14 04:00:00,159.73028,159.74034,159.61408,159.73155,
2026-03-14 05:00:00,159.7262,159.74977,159.47851,159.6584,
2026-03-14 06:00:00,159.65581,159.72083,159.60676,159.71694,
2026-03-14 07:00:00,159.71425,159.72324,159.64493,159.71747,
2026-03-14 08:00:00,159.71442,159.72164,159.68394,159.71672,
2026-03-14 09:00:00,159.7132,159.72678,159.71104,159.71773,
2026-03-14 10:00:00,159.71409,159.72421,159.68051,159.71814,
2026-03-14 11:00:00,159.71454,159.72559,159.65796,159.71613,
2026-03-14 12:00:00,159.71281,159.73051,159.71009,159.73051,
2026-03-14 13:00:00,159.72744,159.73438,159.66405,159.70237,
2026-03-14 14:00:00,159.69981,159.72665,159.6975,159.72575,
2026-03-14 15:00:00,159.72371,159.73049,159.66067,159.69375,
2026-03-14 16:00:00,159.69239,159.70987,159.65003,159.65279,
2026-03-14 17:00:00,159.65216,159.69135,159.61749,159.69135,
2026-03-14 18:00:00,159.69217,159.69282,159.59914,159.67933,
2026-03-14 19:00:00,159.67854,159.68586,159.6396,159.67808,
2026-03-14 20:00:00,159.67891,159.68312,159.60438,159.66421,
2026-03-14 21:00:00,159.66531,159.67061,159.61537,159.62548,
2026-03-14 22:00:00,159.62667,159.67456,159.58009,159.66626,
2026-03-14 23:00:00,159.67025,159.6987,159.63595,159.68722,
2026-03-15 00:00:00,159.68814,159.72185,159.68599,159.71248,
2026-03-15 01:00:00,159.71307,159.72,159.64593,159.68885,
2026-03-15 02:00:00,159.68891,159.71109,159.61845,159.66715,
2026-03-15 03:00:00,159.66658,159.7088,159.66422,159.70297,
2026-03-15 04:00:00,159.70185,159.71744,159.65447,159.69713,
2026-03-15 05:00:00,159.69537,159.72017,159.6932,159.71555,
2026-03-15 06:00:00,159.71323,159.72011,159.65528,159.69183,
2026-03-15 07:00:00,159.68896,159.70712,159.64862,159.65406,
2026-03-15 08:00:00,159.65075,159.7007,159.64863,159.69725,
2026-03-15 09:00:00,159.69374,159.71402,159.59756,159.67476,
2026-03-15 10:00:00,159.67117,159.67812,159.66901,159.67467,
2026-03-15 11:00:00,159.67117,159.67812,159.64767,159.65295,
2026-03-15 12:00:00,159.64973,159.65669,159.64757,159.65254,
2026-03-15 13:00:00,159.64973,159.67196,159.64412,159.64857,
2026-03-15 14:00:00,159.64629,160.08751,159.64412,159.89653,
2026-03-15 15:00:00,159.89428,159.91463,159.68061,159.71875,
2026-03-15 16:00:00,159.71753,159.72696,159.64408,159.68151,
2026-03-15 17:00:00,159.681,159.72603,159.14647,159.7156,
2026-03-15 18:00:00,159.71559,159.92071,159.43284,159.6179,
2026-03-15 19:00:00,159.62001,159.80147,159.55145,159.66239,
2026-03-15 20:00:00,159.66393,159.75177,159.56898,159.62096,
2026-03-15 21:00:00,159.62333,159.65432,159.5159,159.6086,
2026-03-15 22:00:00,159.61031,159.74158,159.50926,159.53083,
2026-03-15 23:00:00,159.53178,159.60885,159.51248,159.57635,
2026-03-16 00:00:00,159.56688,159.57692,159.24859,159.30633,
2026-03-16 01:00:00,159.30542,159.4963,159.29867,159.43495,
2026-03-16 02:00:00,159.43238,159.5979,159.42084,159.58532,
2026-03-16 03:00:00,159.5847,159.63455,159.47662,159.50382,
2026-03-16 04:00:00,159.50221,159.62408,159.49622,159.56977,
2026-03-16 05:00:00,159.56711,159.58716,159.33592,159.37484,
2026-03-16 06:00:00,159.37329,159.40554,159.28817,159.30578,
2026-03-16 07:00:00,159.30299,159.38574,159.19849,159.32682,
2026-03-16 08:00:00,159.33158,159.37748,159.22485,159.36631,
2026-03-16 09:00:00,159.36287,159.3859,159.26203,159.32116,
2026-03-16 10:00:00,159.31597,159.34381,159.21033,159.23446,
2026-03-16 11:00:00,159.2306,159.26543,159.11356,159.13107,
2026-03-16 12:00:00,159.12935,159.14204,158.98806,159.13126,
2026-03-16 13:00:00,159.13117,159.1733,158.92412,158.92616,
2026-03-16 14:00:00,158.92437,159.18304,158.86823,159.13511,
2026-03-16 15:00:00,159.1343,159.3155,159.04581,159.30504,
2026-03-16 16:00:00,159.30496,159.36997,159.1972,159.26039,
2026-03-16 17:00:00,159.26036,159.29107,159.15165,159.26734,
2026-03-16 18:00:00,159.26792,159.26893,158.91751,158.974,
2026-03-16 19:00:00,158.97415,159.17664,158.91537,159.15555,
2026-03-16 20:00:00,159.15398,159.15825,159.04863,159.05254,
2026-03-16 21:00:00,159.05189,159.10993,159.02301,159.04731,
2026-03-16 22:00:00,159.05392,159.13867,159.03529,159.12482,
2026-03-16 23:00:00,159.12778,159.22026,159.10652,159.12851,
2026-03-17 00:00:00,159.1302,159.33132,159.11576,159.307,
2026-03-17 01:00:00,159.30928,159.44715,159.29988,159.38137,
2026-03-17 02:00:00,159.38029,159.43389,159.32464,159.36503,
2026-03-17 03:00:00,159.36495,159.40672,159.28816,159.35749,
2026-03-17 04:00:00,159.35498,159.3918,159.22521,159.23993,
2026-03-17 05:00:00,159.23689,159.44554,159.22025,159.44246,
2026-03-17 06:00:00,159.43861,159.49601,159.34943,159.36297,
2026-03-17 07:00:00,159.35841,159.39191,159.19674,159.27445,
2026-03-17 08:00:00,159.27845,159.27863,159.05766,159.12132,
2026-03-17 09:00:00,159.12088,159.1865,159.07543,159.14429,
2026-03-17 10:00:00,159.14168,159.20657,159.05893,159.11611,
2026-03-17 11:00:00,159.11135,159.14296,158.99059,159.10403,
2026-03-17 12:00:00,159.09955,159.15345,158.97845,159.05466,
2026-03-17 13:00:00,159.05605,159.05716,158.74144,158.88673,
2026-03-17 14:00:00,158.88613,159.00402,158.83842,158.90976,
2026-03-17 15:00:00,158.91028,159.10516,158.88399,159.04465,
2026-03-17 16:00:00,159.04526,159.11733,158.89748,158.94054,
2026-03-17 17:00:00,158.94289,159.01519,158.93052,158.97911,
2026-03-17 18:00:00,158.97871,159.03952,158.89208,159.03952,
2026-03-17 19:00:00,159.04236,159.06212,158.98669,159.05207,
2026-03-17 20:00:00,159.05173,159.05524,159.00336,159.00512,
2026-03-17 21:00:00,159.00747,159.04138,158.90371,158.99433,
2026-03-17 22:00:00,158.9938,159.00225,158.92431,158.97808,
2026-03-17 23:00:00,158.97752,158.99194,158.88926,158.91573,
2026-03-18 00:00:00,158.91316,159.11709,158.80647,159.08163,
2026-03-18 01:00:00,159.08042,159.09355,158.97601,159.01016,
2026-03-18 02:00:00,159.00792,159.03602,158.89275,158.91161,
2026-03-18 03:00:00,158.90844,158.99256,158.9072,158.94964,
2026-03-18 04:00:00,158.94748,158.95167,158.77164,158.82399,
2026-03-18 05:00:00,158.8215,158.82679,158.67478,158.72424,
2026-03-18 06:00:00,158.72202,158.78959,158.57484,158.7387,
2026-03-18 07:00:00,158.73109,158.86521,158.70258,158.76948,
2026-03-18 08:00:00,158.76381,158.99199,158.76381,158.95737,
2026-03-18 09:00:00,158.95171,159.0478,158.91238,158.91963,
2026-03-18 10:00:00,158.91564,159.0347,158.91564,159.01463,
2026-03-18 11:00:00,159.01204,159.1133,158.91286,158.9731,
2026-03-18 12:00:00,158.97137,159.39697,158.96951,159.39139,
2026-03-18 13:00:00,159.38845,159.57683,159.38845,159.53842,
2026-03-18 14:00:00,159.53823,159.54121,159.45165,159.51819,
2026-03-18 15:00:00,159.51711,159.52489,159.38947,159.45341,
2026-03-18 16:00:00,159.45274,159.52596,159.40566,159.47842,
2026-03-18 17:00:00,159.47855,159.55178,159.38069,159.4099,
2026-03-18 18:00:00,159.40422,159.71629,159.32029,159.71114,
2026-03-18 19:00:00,159.71403,159.83079,159.70422,159.83079,
2026-03-18 20:00:00,159.83224,159.90793,159.81728,159.88999,
2026-03-18 21:00:00,159.89066,159.8935,159.74372,159.75265,
2026-03-18 22:00:00,159.75104,159.85883,159.73699,159.77512,
2026-03-18 23:00:00,159.7774,159.83376,159.7592,159.81242,
2026-03-19 00:00:00,159.81426,159.84339,159.7043,159.78779,
2026-03-19 01:00:00,159.79071,159.81814,159.60024,159.65046,
2026-03-19 02:00:00,159.65242,159.71056,159.56765,159.65682,
2026-03-19 03:00:00,159.65622,159.71357,159.61271,159.6234,
2026-03-19 04:00:00,159.62191,159.6789,159.60261,159.65939,
2026-03-19 05:00:00,159.65681,159.74723,159.64987,159.70402,
2026-03-19 06:00:00,159.70027,159.79722,159.6328,159.72083,
2026-03-19 07:00:00,159.72078,159.73863,159.28255,159.28255,
2026-03-19 08:00:00,159.28449,159.37993,159.05938,159.23223,
2026-03-19 09:00:00,159.23642,159.28366,159.08536,159.17952,
2026-03-19 10:00:00,159.18392,159.24233,159.09969,159.13551,
2026-03-19 11:00:00,159.1316,159.16203,159.05324,159.07956,
2026-03-19 12:00:00,159.07938,159.28818,158.86488,158.88692,
2026-03-19 13:00:00,158.8847,158.94658,158.39711,158.45289,
2026-03-19 14:00:00,158.44992,158.53692,158.09813,158.30275,
2026-03-19 15:00:00,158.3056,158.53476,158.22023,158.47823,
2026-03-19 16:00:00,158.48332,158.54009,158.07604,158.09051,
2026-03-19 17:00:00,158.08974,158.14716,157.84338,157.87298,
2026-03-19 18:00:00,157.86955,157.91659,157.79057,157.88361,
2026-03-19 19:00:00,157.88424,157.8995,157.53377,157.66298,
2026-03-19 20:00:00,157.66153,157.72258,157.60766,157.71375,
2026-03-19 21:00:00,157.71197,157.89026,157.61126,157.7937,
2026-03-19 22:00:00,157.79121,157.89614,157.70665,157.88094,
2026-03-19 23:00:00,157.87961,157.99083,157.8387,157.93196,
2026-03-20 00:00:00,157.92881,157.988,157.81639,157.86162,
2026-03-20 01:00:00,157.85839,158.13636,157.76147,158.11844,
2026-03-20 02:00:00,158.11402,158.35215,158.11402,158.31399,
2026-03-20 03:00:00,158.31074,158.40213,158.28858,158.40191,
2026-03-20 04:00:00,158.39862,158.42506,158.35831,158.40088,
2026-03-20 05:00:00,158.39839,158.43793,158.36059,158.43414,
2026-03-20 06:00:00,158.43018,158.4377,158.34504,158.41331,
2026-03-20 07:00:00,158.40845,158.44898,158.29906,158.29906,
2026-03-20 08:00:00,158.29623,158.49208,158.26091,158.47778,
2026-03-20 09:00:00,158.47592,158.85433,158.47414,158.85288,
2026-03-20 10:00:00,158.85186,158.88606,158.70237,158.71616,
2026-03-20 11:00:00,158.71449,158.73015,158.53482,158.59741,
2026-03-20 12:00:00,158.59765,158.70919,158.54002,158.70455,
2026-03-20 13:00:00,158.70473,158.99037,158.69693,158.99037,
2026-03-20 14:00:00,158.99028,159.17399,158.9678,159.12889,
2026-03-20 15:00:00,159.12905,159.24588,159.03575,159.24463,
2026-03-20 16:00:00,159.2457,159.27874,159.17106,159.2625,
2026-03-20 17:00:00,159.26378,159.29443,159.1591,159.21775,
2026-03-20 18:00:00,159.21769,159.38131,159.19243,159.37202,
2026-03-20 19:00:00,159.3688,159.37581,159.25797,159.30315,
2026-03-20 20:00:00,159.30376,159.32045,159.22688,159.22923,
2026-03-20 21:00:00,159.22938,159.23776,159.03708,159.08806,
2026-03-20 22:00:00,159.07397,159.18874,158.9651,159.08438,
2026-03-20 23:00:00,159.08285,159.19178,158.91569,159.09538,
2026-03-21 00:00:00,159.09196,159.24898,159.05879,159.24206,
2026-03-21 01:00:00,159.24053,159.24893,159.22367,159.24299,
2026-03-21 02:00:00,159.24087,159.24912,159.23752,159.24451,
2026-03-21 03:00:00,159.24188,159.24801,159.22308,159.24444,
2026-03-21 04:00:00,159.24132,159.24933,159.23757,159.24446,
2026-03-21 05:00:00,159.24114,159.24944,159.21993,159.24614,
2026-03-21 06:00:00,159.24258,159.24969,159.22499,159.24555,
2026-03-21 07:00:00,159.24194,159.24971,159.23786,159.24513,
2026-03-21 08:00:00,159.24167,159.24865,159.23261,159.24329,
2026-03-21 09:00:00,159.24,159.24823,159.23704,159.24489,
2026-03-21 10:00:00,159.24253,159.24912,159.23568,159.24259,
2026-03-21 11:00:00,159.24061,159.25013,159.23757,159.24241,
2026-03-21 12:00:00,159.24087,159.24888,159.23832,159.2412,
2026-03-21 13:00:00,159.24038,159.24914,159.23826,159.24198,
2026-03-21 14:00:00,159.24176,159.24863,159.23897,159.2408,
2026-03-21 15:00:00,159.24113,159.2495,159.23586,159.23807,
2026-03-21 16:00:00,159.23882,159.24845,159.23667,159.24048,
2026-03-21 17:00:00,159.24139,159.24729,159.22989,159.23366,
2026-03-21 18:00:00,159.23485,159.24438,159.2303,159.23448,
2026-03-21 19:00:00,159.23563,159.24413,159.2335,159.23625,
2026-03-21 20:00:00,159.23721,159.24734,159.23425,159.23425,
2026-03-21 21:00:00,159.23486,159.24492,159.22998,159.23784,
2026-03-21 22:00:00,159.23798,159.24533,159.23536,159.23632,
2026-03-21 23:00:00,159.23602,159.24709,159.23435,159.24121,
2026-03-22 00:00:00,159.24017,159.24711,159.23101,159.23614,
2026-03-22 01:00:00,159.23446,159.24634,159.23241,159.24173,
2026-03-22 02:00:00,159.23947,159.24759,159.23324,159.23809,
2026-03-22 03:00:00,159.2353,159.24393,159.23318,159.24019,
2026-03-22 04:00:00,159.23699,159.24963,159.23547,159.24564,
2026-03-22 05:00:00,159.24217,159.24895,159.23587,159.24197,
2026-03-22 06:00:00,159.23839,159.27298,159.23402,159.24108,
2026-03-22 07:00:00,159.23755,159.26433,159.23128,159.25669,
2026-03-22 08:00:00,159.25336,159.26028,159.24639,159.25151,
2026-03-22 09:00:00,159.24855,159.25541,159.24297,159.24684,
2026-03-22 10:00:00,159.24438,159.25132,159.24222,159.24627,
2026-03-22 11:00:00,159.24438,159.25251,159.07517,159.09307,
2026-03-22 12:00:00,159.09217,159.18789,159.0882,159.17635,
2026-03-22 13:00:00,159.17587,159.18904,159.17371,159.18205,
2026-03-22 14:00:00,159.18213,159.2475,159.17923,159.21497,
2026-03-22 15:00:00,159.21549,159.22339,159.20592,159.21559,
2026-03-22 16:00:00,159.21648,159.22465,159.20555,159.21069,
2026-03-22 17:00:00,159.21181,159.23372,159.04925,159.08989,
2026-03-22 18:00:00,159.1108,159.58573,159.06913,159.38702,
2026-03-22 19:00:00,159.38402,159.50214,159.22207,159.35902,
2026-03-22 20:00:00,159.35824,159.38184,159.26652,159.34664,
2026-03-22 21:00:00,159.34393,159.3828,159.09859,159.34768,
2026-03-22 22:00:00,159.34183,159.47401,159.23808,159.30672,
2026-03-22 23:00:00,159.30528,159.30925,159.12127,159.21302,
2026-03-23 00:00:00,159.20691,159.50696,159.04137,159.45689,
2026-03-23 01:00:00,159.45927,159.52267,159.34433,159.49807,
2026-03-23 02:00:00,159.49527,159.58069,159.42287,159.53348,
2026-03-23 03:00:00,159.53104,159.61824,159.33091,159.46527,
2026-03-23 04:00:00,159.46331,159.46707,159.353,159.41326,
2026-03-23 05:00:00,159.40984,159.59286,159.37218,159.58013,
2026-03-23 06:00:00,159.57583,159.64837,159.50942,159.50942,
2026-03-23 07:00:00,159.51419,159.63372,159.38667,159.61739,
2026-03-23 08:00:00,159.61813,159.63555,159.30143,159.42991,
2026-03-23 09:00:00,159.42448,159.59334,159.42198,159.57233,
2026-03-23 10:00:00,159.57336,159.63915,159.5275,159.62313,
2026-03-23 11:00:00,159.62013,159.64409,158.37331,158.92423,
2026-03-23 12:00:00,158.92345,159.02177,158.51026,158.52936,
2026-03-23 13:00:00,158.52768,158.70542,158.47363,158.4854,
2026-03-23 14:00:00,158.48192,158.50199,158.23994,158.43573,
2026-03-23 15:00:00,158.43727,158.74219,158.23195,158.72701,
2026-03-23 16:00:00,158.72519,158.83466,158.58148,158.68916,
2026-03-23 17:00:00,158.68867,158.71073,158.42198,158.4435,
2026-03-23 18:00:00,158.44392,158.47658,158.04248,158.06511,
2026-03-23 19:00:00,158.0673,158.39381,158.06201,158.39381,
2026-03-23 20:00:00,158.39813,158.47912,158.3771,158.43274,
2026-03-23 21:00:00,158.43208,158.48692,158.34014,158.40916,
2026-03-23 22:00:00,158.40657,158.41371,158.30736,158.32951,
2026-03-23 23:00:00,158.32691,158.50759,158.2799,158.50154,
2026-03-24 00:00:00,158.49833,158.70761,158.44848,158.57994,
2026-03-24 01:00:00,158.57627,158.64359,158.45646,158.59746,
2026-03-24 02:00:00,158.59496,158.67875,158.51249,158.66195,
2026-03-24 03:00:00,158.65669,158.74132,158.61698,158.73686,
2026-03-24 04:00:00,158.73309,158.78949,158.71681,158.77203,
2026-03-24 05:00:00,158.77079,158.7853,158.57824,158.65197,
2026-03-24 06:00:00,158.64896,158.72187,158.57537,158.61279,
2026-03-24 07:00:00,158.61091,158.63811,158.39303,158.49942,
2026-03-24 08:00:00,158.49791,158.66357,158.46094,158.66126,
2026-03-24 09:00:00,158.66049,158.77668,158.62491,158.62688,
2026-03-24 10:00:00,158.62542,158.78581,158.62523,158.70994,
2026-03-24 11:00:00,158.70978,158.81489,158.63347,158.76426,
2026-03-24 12:00:00,158.76445,158.85572,158.69063,158.8147,
2026-03-24 13:00:00,158.81567,158.95393,158.78669,158.83048,
2026-03-24 14:00:00,158.83137,158.84478,158.47579,158.61851,
2026-03-24 15:00:00,158.62554,158.83192,158.61313,158.83192,
2026-03-24 16:00:00,158.83407,158.95496,158.80977,158.92385,
2026-03-24 17:00:00,158.92586,159.17526,158.90993,159.0869,
2026-03-24 18:00:00,159.08617,159.17468,158.86867,158.98122,
2026-03-24 19:00:00,158.97905,159.00801,158.84578,158.98917,
2026-03-24 20:00:00,158.99116,159.03701,158.3977,158.71137,
2026-03-24 21:00:00,158.70997,158.73125,158.59764,158.66222,
2026-03-24 22:00:00,158.66071,158.76111,158.63049,158.68847,
2026-03-24 23:00:00,158.68617,158.77453,158.648,158.71787,
2026-03-25 00:00:00,158.71514,158.83376,158.56972,158.66437,
2026-03-25 01:00:00,158.66142,158.75102,158.64215,158.72167,
2026-03-25 02:00:00,158.7185,158.83157,158.69569,158.81533,
2026-03-25 03:00:00,158.81135,158.8252,158.77117,158.81196,
2026-03-25 04:00:00,158.80744,158.93938,158.80014,158.89161,
2026-03-25 05:00:00,158.88517,159.02098,158.88517,159.01166,
2026-03-25 06:00:00,159.01097,159.04797,158.96616,159.00381,
2026-03-25 07:00:00,158.9982,159.14474,158.95205,159.14474,
2026-03-25 08:00:00,159.13984,159.17574,158.72863,158.76993,
2026-03-25 09:00:00,158.76738,158.95016,158.74285,158.91351,
2026-03-25 10:00:00,158.9145,158.98164,158.86962,158.88951,
2026-03-25 11:00:00,158.88878,158.92795,158.82745,158.87517,
2026-03-25 12:00:00,158.87525,159.07797,158.78566,159.02175,
2026-03-25 13:00:00,159.02199,159.13661,158.94702,159.13661,
2026-03-25 14:00:00,159.13808,159.20304,159.0221,159.05385,
2026-03-25 15:00:00,159.05432,159.24976,159.04314,159.22867,
2026-03-25 16:00:00,159.2265,159.29655,159.14695,159.26341,
2026-03-25 17:00:00,159.2625,159.29321,159.18311,159.25189,
2026-03-25 18:00:00,159.25426,159.46276,159.24291,159.42669,
2026-03-25 19:00:00,159.42868,159.50784,159.4256,159.47871,
2026-03-25 20:00:00,159.47843,159.49925,159.45312,159.47165,
2026-03-25 21:00:00,159.47127,159.49855,159.34167,159.40747,
2026-03-25 22:00:00,159.40726,159.47073,159.39965,159.41858,
2026-03-25 23:00:00,159.41534,159.44607,159.37181,159.39884,
2026-03-26 00:00:00,159.39789,159.5257,159.34245,159.45935,
2026-03-26 01:00:00,159.45747,159.50446,159.40774,159.48185,
2026-03-26 02:00:00,159.47941,159.54038,159.437,159.52525,
2026-03-26 03:00:00,159.52222,159.53171,159.42034,159.46545,
2026-03-26 04:00:00,159.46234,159.47428,159.37344,159.44437,
2026-03-26 05:00:00,159.44154,159.49584,159.38248,159.48136,
2026-03-26 06:00:00,159.47729,159.51143,159.2904,159.3171,
2026-03-26 07:00:00,159.31376,159.50667,159.29662,159.50136,
2026-03-26 08:00:00,159.49912,159.55123,159.44594,159.45832,
2026-03-26 09:00:00,159.4519,159.5401,159.44471,159.52746,
2026-03-26 10:00:00,159.52844,159.55484,159.43699,159.49269,
2026-03-26 11:00:00,159.49163,159.66102,159.48238,159.65857,
2026-03-26 12:00:00,159.65583,159.70657,159.56814,159.66305,
2026-03-26 13:00:00,159.66399,159.67466,159.49585,159.58633,
2026-03-26 14:00:00,159.58698,159.59815,159.4375,159.56516,
2026-03-26 15:00:00,159.5656,159.69858,159.5438,159.66292,
2026-03-26 16:00:00,159.66352,159.69973,159.62461,159.66261,
2026-03-26 17:00:00,159.66381,159.75894,159.63823,159.75894,
2026-03-26 18:00:00,159.76025,159.80539,159.71063,159.76162,
2026-03-26 19:00:00,159.7603,159.84154,159.74737,159.82895,
2026-03-26 20:00:00,159.83106,159.88615,159.29525,159.77536,
2026-03-26 21:00:00,159.77856,159.80519,159.64857,159.67192,
2026-03-26 22:00:00,159.6794,159.75924,159.65502,159.65955,
2026-03-26 23:00:00,159.65874,159.72877,159.64368,159.72877,
2026-03-27 00:00:00,159.72751,159.75731,159.47472,159.56596,
2026-03-27 01:00:00,159.56436,159.60041,159.4577,159.4798,
2026-03-27 02:00:00,159.47719,159.5914,159.47311,159.52255,
2026-03-27 03:00:00,159.51938,159.6301,159.51102,159.6301,
2026-03-27 04:00:00,159.62714,159.64329,159.56282,159.62013,
2026-03-27 05:00:00,159.61494,159.6524,159.58069,159.62575,
2026-03-27 06:00:00,159.62047,159.76634,159.58827,159.75826,
2026-03-27 07:00:00,159.75426,159.97488,159.74155,159.96671,
2026-03-27 08:00:00,159.96552,159.97008,159.78929,159.84914,
2026-03-27 09:00:00,159.84696,159.94339,159.77011,159.87269,
2026-03-27 10:00:00,159.8691,159.9476,159.79017,159.92628,
2026-03-27 11:00:00,159.92395,159.94086,159.82934,159.86173,
2026-03-27 12:00:00,159.86016,159.94185,159.80518,159.87621,
2026-03-27 13:00:00,159.87296,159.95565,159.85165,159.90128,
2026-03-27 14:00:00,159.90152,159.91866,159.79601,159.89814,
2026-03-27 15:00:00,159.89826,160.14225,159.70916,160.11464,
2026-03-27 16:00:00,160.11361,160.21322,160.07416,160.14546,
2026-03-27 17:00:00,160.14617,160.39895,160.13795,160.35292,
2026-03-27 18:00:00,160.35298,160.3955,160.25312,160.25789,
2026-03-27 19:00:00,160.25765,160.29339,160.13254,160.15533,
2026-03-27 20:00:00,160.15671,160.32554,160.12232,160.29395,
2026-03-27 21:00:00,160.29641,160.34908,160.22313,160.30044,
2026-03-27 22:00:00,160.29449,160.30169,160.12434,160.20211,
2026-03-27 23:00:00,160.19515,160.27362,160.13066,160.2083,
2026-03-28 00:00:00,160.21237,160.32648,160.16339,160.31975,
2026-03-28 01:00:00,160.31947,160.32762,160.23306,160.3206,
2026-03-28 02:00:00,160.31969,160.3266,160.26285,160.31952,
2026-03-28 03:00:00,160.31805,160.32841,160.19165,160.32166,
2026-03-28 04:00:00,160.31952,160.32685,160.21005,160.32253,
2026-03-28 05:00:00,160.32113,160.3266,160.25261,160.32251,
2026-03-28 06:00:00,160.31936,160.32937,160.2426,160.32319,
2026-03-28 07:00:00,160.31976,160.32668,160.24295,160.32132,
2026-03-28 08:00:00,160.31763,160.34378,160.27444,160.32333,
2026-03-28 09:00:00,160.31977,160.33465,160.31525,160.32324,
2026-03-28 10:00:00,160.31983,160.3268,160.2609,160.32248,
2026-03-28 11:00:00,160.31938,160.32679,160.25217,160.32232,
2026-03-28 12:00:00,160.31971,160.32679,160.31138,160.31534,
2026-03-28 13:00:00,160.31332,160.334,159.58966,159.59159,
2026-03-28 14:00:00,159.59183,159.91281,159.56794,159.84616,
2026-03-28 15:00:00,159.84641,160.21575,159.83178,160.12895,
2026-03-28 16:00:00,160.12917,160.22529,160.12701,160.20906,
2026-03-28 17:00:00,160.20962,160.27618,160.20872,160.2743,
2026-03-28 18:00:00,160.27516,160.27934,160.23648,160.25968,
2026-03-28 19:00:00,160.26079,160.27857,160.25786,160.27038,
2026-03-28 20:00:00,160.2711,160.27464,160.23757,160.26567,
2026-03-28 21:00:00,160.26679,160.27615,160.24297,160.24424,
2026-03-28 22:00:00,160.2451,160.2686,160.24305,160.26047,
2026-03-28 23:00:00,160.26671,160.27387,160.23576,160.25166,
2026-03-29 00:00:00,160.25163,160.28878,160.24949,160.27682,
2026-03-29 01:00:00,160.27626,160.28526,160.22848,160.28268,
2026-03-29 02:00:00,160.2815,160.29719,160.22114,160.25774,
2026-03-29 03:00:00,160.25587,160.27404,160.25391,160.26951,
2026-03-29 04:00:00,160.26715,160.2931,160.25176,160.26346,
2026-03-29 05:00:00,160.26052,160.30696,159.6873,159.99182,
2026-03-29 06:00:00,159.98828,160.21908,159.98008,160.17172,
2026-03-29 07:00:00,160.16814,160.21737,160.16598,160.20914,
2026-03-29 08:00:00,160.20555,160.24184,160.20331,160.23835,
2026-03-29 09:00:00,160.23487,160.25466,160.23074,160.24692,
2026-03-29 10:00:00,160.2437,160.25069,160.24153,160.2465,
2026-03-29 11:00:00,160.2437,160.26523,159.96357,160.0395,
2026-03-29 12:00:00,160.0377,160.04467,160.03553,160.03887,
2026-03-29 13:00:00,160.0377,160.13969,159.89245,159.89483,
2026-03-29 14:00:00,159.89461,160.17311,159.5448,159.64421,
2026-03-29 15:00:00,159.64494,159.64874,159.56749,159.58267,
2026-03-29 16:00:00,159.58375,159.5907,159.52431,159.52528,
2026-03-29 17:00:00,159.52647,160.15901,159.47791,160.05871,
2026-03-29 18:00:00,160.06462,160.42009,159.89842,160.32925,
2026-03-29 19:00:00,160.3265,160.36968,160.0705,160.22639,
2026-03-29 20:00:00,160.23505,160.34872,160.15341,160.2243,
2026-03-29 21:00:00,160.2312,160.56062,160.12569,160.2164,
2026-03-29 22:00:00,160.22059,160.46234,160.2152,160.4188,
2026-03-29 23:00:00,160.41252,160.45277,160.23703,160.25752,
2026-03-30 00:00:00,160.25467,160.28694,159.89616,159.90925,
2026-03-30 01:00:00,159.90673,159.99292,159.86329,159.95197,
2026-03-30 02:00:00,159.94976,159.99056,159.76614,159.84907,
2026-03-30 03:00:00,159.84613,159.85063,159.73859,159.79584,
2026-03-30 04:00:00,159.79437,159.81125,159.6642,159.79641,
2026-03-30 05:00:00,159.79174,159.80774,159.68533,159.71826,
2026-03-30 06:00:00,159.71499,159.83607,159.62526,159.82493,
2026-03-30 07:00:00,159.82438,159.85473,159.59192,159.77735,
2026-03-30 08:00:00,159.7725,159.8083,159.61309,159.69208,
2026-03-30 09:00:00,159.68805,159.73477,159.59327,159.62736,
2026-03-30 10:00:00,159.62838,159.65663,159.50939,159.60564,
2026-03-30 11:00:00,159.60403,159.61962,159.46238,159.52228,
2026-03-30 12:00:00,159.52232,159.59434,159.332,159.37947,
2026-03-30 13:00:00,159.37931,159.55077,159.33594,159.53235,
2026-03-30 14:00:00,159.53335,159.61596,159.50661,159.52664,
2026-03-30 15:00:00,159.52909,159.63341,159.41381,159.48092,
2026-03-30 16:00:00,159.48178,159.49507,159.41429,159.45219,
2026-03-30 17:00:00,159.45187,159.57799,159.43443,159.57204,
2026-03-30 18:00:00,159.57251,159.63982,159.46326,159.63088,
2026-03-30 19:00:00,159.63178,159.70574,159.61711,159.70574,
2026-03-30 20:00:00,159.70568,159.74244,159.65115,159.74136,
2026-03-30 21:00:00,159.74083,159.7674,159.66604,159.76118,
2026-03-30 22:00:00,159.76041,159.81049,159.71589,159.8032,
2026-03-30 23:00:00,159.80399,159.86776,159.80149,159.85487,
2026-03-31 00:00:00,159.85065,159.93089,159.72204,159.8701,
2026-03-31 01:00:00,159.86891,159.97571,159.66472,159.75038,
2026-03-31 02:00:00,159.74757,159.77242,159.60269,159.6305,
2026-03-31 03:00:00,159.62853,159.7482,159.60535,159.72647,
2026-03-31 04:00:00,159.72305,159.73024,159.61032,159.62674,
2026-03-31 05:00:00,159.62196,159.63855,159.52143,159.61925,
2026-03-31 06:00:00,159.61639,159.73999,159.50433,159.71894,
2026-03-31 07:00:00,159.71354,159.79551,159.63512,159.66831,
2026-03-31 08:00:00,159.66849,159.67517,159.5257,159.59635,
2026-03-31 09:00:00,159.59689,159.6719,159.52091,159.66196,
2026-03-31 10:00:00,159.66124,159.7714,159.64715,159.74664,
2026-03-31 11:00:00,159.74664,159.79273,159.38892,159.45138,
2026-03-31 12:00:00,159.45188,159.54882,159.34634,159.36331,
2026-03-31 13:00:00,159.36405,159.46425,159.09548,159.11519,
2026-03-31 14:00:00,159.11266,159.30882,159.06538,159.11696,
2026-03-31 15:00:00,159.11564,159.16325,158.91228,159.09545,
2026-03-31 16:00:00,159.09563,159.20173,158.77757,158.93367,
2026-03-31 17:00:00,158.93557,158.95089,158.76383,158.94254,
2026-03-31 18:00:00,158.94519,158.97119,158.79456,158.86989,
2026-03-31 19:00:00,158.87149,159.00223,158.69822,158.71263,
2026-03-31 20:00:00,158.71143,158.75804,158.66439,158.72499,
2026-03-31 21:00:00,158.72306,158.89677,158.66309,158.77494,
2026-03-31 22:00:00,158.7733,158.82926,158.70315,158.72871,
2026-03-31 23:00:00,158.72544,158.78343,158.54476,158.56868,
2026-04-01 00:00:00,158.56165,158.81727,158.46368,158.77846,
2026-04-01 01:00:00,158.77073,159.00787,158.73502,158.75339,
2026-04-01 02:00:00,158.75042,158.79211,158.65927,158.72364,
2026-04-01 03:00:00,158.71931,158.8435,158.58378,158.84209,
2026-04-01 04:00:00,158.83565,158.92348,158.79328,158.79752,
2026-04-01 05:00:00,158.79752,158.90459,158.62584,158.67639,
2026-04-01 06:00:00,158.67698,158.67936,158.30927,158.32114,
2026-04-01 07:00:00,158.32114,158.77194,158.28981,158.76606,
2026-04-01 08:00:00,158.76517,158.83695,158.42416,158.57245,
2026-04-01 09:00:00,158.57262,158.75662,158.49066,158.71645,
2026-04-01 10:00:00,158.71638,158.72377,158.49609,158.50954,
2026-04-01 11:00:00,158.51105,158.53535,158.35133,158.35375,
2026-04-01 12:00:00,158.35146,158.58655,158.32238,158.53846,
2026-04-01 13:00:00,158.53866,158.66671,158.45145,158.62425,
2026-04-01 14:00:00,158.63079,158.73074,158.45816,158.46843,
2026-04-01 15:00:00,158.47047,158.68273,158.40775,158.61305,
2026-04-01 16:00:00,158.61438,158.70899,158.54139,158.54596,
2026-04-01 17:00:00,158.54592,158.7097,158.45527,158.7097,
2026-04-01 18:00:00,158.70801,158.8319,158.69292,158.8319,
2026-04-01 19:00:00,158.83442,158.94323,158.79103,158.90565,
2026-04-01 20:00:00,158.90262,158.92324,158.7531,158.7935,
2026-04-01 21:00:00,158.79129,158.86232,158.61423,158.71497,
2026-04-01 22:00:00,158.71196,158.73847,158.58037,158.61417,
2026-04-01 23:00:00,158.61187,158.73157,158.5425,158.7081,
2026-04-02 00:00:00,158.70314,158.76526,158.61174,158.64479,
2026-04-02 01:00:00,158.63456,159.30539,158.58287,159.27437,
2026-04-02 02:00:00,159.26915,159.46616,159.18981,159.41409,
2026-04-02 03:00:00,159.40847,159.44433,159.30246,159.37939,
2026-04-02 04:00:00,159.37826,159.44016,159.33374,159.34504,
2026-04-02 05:00:00,159.34154,159.45144,159.34056,159.43778,
2026-04-02 06:00:00,159.43756,159.45848,159.30851,159.38312,
2026-04-02 07:00:00,159.38113,159.6938,159.374,159.56596,
2026-04-02 08:00:00,159.56219,159.69658,159.5604,159.68224,
2026-04-02 09:00:00,159.68253,159.7137,159.57337,159.5996,
2026-04-02 10:00:00,159.60148,159.69003,159.5199,159.68726,
2026-04-02 11:00:00,159.68701,159.7509,159.6765,159.69412,
2026-04-02 12:00:00,159.69363,159.70739,159.56947,159.63199,
2026-04-02 13:00:00,159.63251,159.68576,159.46651,159.47606,
2026-04-02 14:00:00,159.4762,159.49628,159.25017,159.33782,
2026-04-02 15:00:00,159.34006,159.3796,159.24699,159.35155,
2026-04-02 16:00:00,159.34999,159.50709,159.31597,159.49016,
2026-04-02 17:00:00,159.49398,159.61019,159.48386,159.59362,
2026-04-02 18:00:00,159.59304,159.70616,159.58663,159.61357,
2026-04-02 19:00:00,159.6125,159.66873,159.54481,159.66839,
2026-04-02 20:00:00,159.66917,159.67876,159.55352,159.59405,
2026-04-02 21:00:00,159.59117,159.61929,159.55608,159.57686,
2026-04-02 22:00:00,159.57296,159.60467,159.51403,159.53832,
2026-04-02 23:00:00,159.53546,159.53892,159.48528,159.49353,
2026-04-03 00:00:00,159.49087,159.61195,159.42241,159.59352,
2026-04-03 01:00:00,159.59011,159.64794,159.56845,159.64736,
2026-04-03 02:00:00,159.64418,159.69783,159.61122,159.6748,
2026-04-03 03:00:00,159.67138,159.68123,159.59227,159.59227,
2026-04-03 04:00:00,159.58875,159.65326,159.5369,159.62634,
2026-04-03 05:00:00,159.62384,159.65627,159.59302,159.65627,
2026-04-03 06:00:00,159.65285,159.69566,159.59533,159.63908,
2026-04-03 07:00:00,159.63663,159.64263,159.53178,159.58173,
2026-04-03 08:00:00,159.57834,159.63556,159.57834,159.59677,
2026-04-03 09:00:00,159.59366,159.61617,159.57403,159.59619,
2026-04-03 10:00:00,159.5956,159.61337,159.5664,159.59101,
2026-04-03 11:00:00,159.59057,159.59716,159.54289,159.55944,
2026-04-03 12:00:00,159.55966,159.67696,159.53962,159.61882,
2026-04-03 13:00:00,159.61948,159.62435,159.48459,159.5207,
2026-04-03 14:00:00,159.52143,159.59854,159.49867,159.59231,
2026-04-03 15:00:00,159.59348,159.63871,159.56006,159.63839,
2026-04-03 16:00:00,159.63938,159.6459,159.62737,159.63042,
2026-04-03 17:00:00,159.63205,159.64937,159.61266,159.63221,
2026-04-03 18:00:00,159.63289,159.65131,159.62567,159.65131,
2026-04-03 19:00:00,159.65221,159.66106,159.63747,159.64147,
2026-04-03 20:00:00,159.64107,159.69606,159.52268,159.65888,
2026-04-03 21:00:00,159.65868,159.68396,159.57805,159.66652,
2026-04-03 22:00:00,159.66538,159.70204,159.50888,159.63819,
2026-04-03 23:00:00,159.63676,159.68517,159.54667,159.63875,
2026-04-04 00:00:00,159.6363,159.67833,159.63282,159.67401,
2026-04-04 01:00:00,159.67105,159.67964,159.6548,159.67593,
2026-04-04 02:00:00,159.67267,159.67942,159.65696,159.67409,
2026-04-04 03:00:00,159.6705,159.67929,159.65452,159.67641,
2026-04-04 04:00:00,159.6728,159.67962,159.57084,159.57601,
2026-04-04 05:00:00,159.57264,159.63696,159.57054,159.57729,
2026-04-04 06:00:00,159.57366,159.6026,159.56849,159.57581,
2026-04-04 07:00:00,159.57231,159.5967,159.57067,159.58401,
2026-04-04 08:00:00,159.58275,159.60756,159.56852,159.57486,
2026-04-04 09:00:00,159.57332,159.59643,159.57081,159.57294,
2026-04-04 10:00:00,159.57202,159.60383,159.56939,159.57462,
2026-04-04 11:00:00,159.57447,159.59349,159.56999,159.58448,
2026-04-04 12:00:00,159.5848,159.63395,159.58275,159.62727,
2026-04-04 13:00:00,159.62796,159.64315,159.61394,159.62265,
2026-04-04 14:00:00,159.62366,159.64758,159.62166,159.63949,
2026-04-04 16:00:00,159.63119,159.64093,159.58057,159.61175,
2026-04-04 17:00:00,159.61275,159.61963,159.56425,159.6196,
2026-04-04 18:00:00,159.62027,159.65215,159.59135,159.64493,
2026-04-04 19:00:00,159.64521,159.66112,159.57987,159.64308,
2026-04-04 20:00:00,159.6428,159.65187,159.61029,159.64177,
2026-04-04 21:00:00,159.64088,159.64633,159.57203,159.60236,
2026-04-04 22:00:00,159.59894,159.61842,159.57647,159.60791,
2026-04-04 23:00:00,159.60606,159.62923,159.56687,159.625,
2026-04-05 00:00:00,159.62228,159.63554,159.60716,159.62141,
2026-04-05 01:00:00,159.61825,159.64982,159.61479,159.6463,
2026-04-05 02:00:00,159.64287,159.65726,159.64071,159.65393,
2026-04-05 03:00:00,159.65036,159.6586,159.64832,159.65523,
2026-04-05 04:00:00,159.65167,159.66092,159.65,159.65736,
2026-04-05 05:00:00,159.65397,159.66094,159.65181,159.65704,
2026-04-05 06:00:00,159.65398,159.66184,159.65182,159.65719,
2026-04-05 07:00:00,159.65458,159.6621,159.65233,159.6572,
2026-04-05 08:00:00,159.65515,159.66194,159.6526,159.65617,
2026-04-05 09:00:00,159.65474,159.66155,159.65226,159.65518,
2026-04-05 10:00:00,159.65438,159.66133,159.65221,159.65457,
2026-04-05 11:00:00,159.65438,159.66132,159.5983,159.6,
2026-04-05 12:00:00,159.60044,159.60739,159.59827,159.5996,
2026-04-05 13:00:00,159.60044,159.60734,159.55341,159.55971,
2026-04-05 14:00:00,159.56084,159.67685,159.51706,159.61349,
2026-04-05 15:00:00,159.61469,159.62069,159.57288,159.57392,
2026-04-05 16:00:00,159.57504,159.58199,159.54752,159.54883,
2026-04-05 17:00:00,159.54966,159.65174,159.54159,159.64533,
2026-04-05 18:00:00,159.64593,159.65287,159.21327,159.58569,
2026-04-05 19:00:00,159.58224,160.11121,159.43274,159.60476,
2026-04-05 20:00:00,159.61236,159.82447,159.6001,159.70628,
2026-04-05 21:00:00,159.70247,159.79038,159.51968,159.71309,
2026-04-05 22:00:00,159.70635,159.80031,159.53406,159.67239,
2026-04-05 23:00:00,159.67001,159.80706,159.62932,159.79129,
2026-04-06 00:00:00,159.78869,159.80545,159.66473,159.76174,
2026-04-06 01:00:00,159.75963,159.76364,159.63347,159.69856,
2026-04-06 02:00:00,159.69604,159.70114,159.53838,159.55934,
2026-04-06 03:00:00,159.55537,159.63981,159.54262,159.63473,
2026-04-06 04:00:00,159.63231,159.63817,159.5479,159.57951,
2026-04-06 05:00:00,159.5765,159.58389,159.55638,159.57609,
2026-04-06 06:00:00,159.57439,159.64492,159.54325,159.63512,
2026-04-06 07:00:00,159.63481,159.70845,159.36197,159.38222,
2026-04-06 08:00:00,159.38159,159.43572,159.32448,159.38695,
2026-04-06 09:00:00,159.38607,159.4863,159.37033,159.44553,
2026-04-06 10:00:00,159.44559,159.49672,159.42508,159.46044,
2026-04-06 11:00:00,159.46082,159.59086,159.4533,159.55751,
2026-04-06 12:00:00,159.55846,159.57335,159.39158,159.40826,
2026-04-06 13:00:00,159.40917,159.50375,159.40697,159.48313,
2026-04-06 14:00:00,159.48063,159.71953,159.42499,159.70827,
2026-04-06 15:00:00,159.71181,159.805,159.6942,159.72342,
2026-04-06 16:00:00,159.72166,159.73236,159.62259,159.6852,
2026-04-06 17:00:00,159.6879,159.79651,159.68402,159.7662,
2026-04-06 18:00:00,159.76774,159.78527,159.59979,159.69416,
2026-04-06 19:00:00,159.69432,159.73717,159.66437,159.67763,
2026-04-06 20:00:00,159.68036,159.72123,159.66586,159.68838,
2026-04-06 21:00:00,159.68691,159.75377,159.60331,159.6836,
2026-04-06 22:00:00,159.68007,159.68401,159.57695,159.67809,
2026-04-06 23:00:00,159.67565,159.71803,159.65863,159.70002,
2026-04-07 00:00:00,159.697,159.837,159.6969,159.82736,
2026-04-07 01:00:00,159.82355,159.92841,159.79562,159.89568,
2026-04-07 02:00:00,159.89216,159.9239,159.85286,159.88528,
2026-04-07 03:00:00,159.88334,159.89479,159.8235,159.8353,
2026-04-07 04:00:00,159.8318,159.83862,159.73859,159.74385,
2026-04-07 05:00:00,159.74019,159.82467,159.72976,159.78752,
2026-04-07 06:00:00,159.78534,159.80899,159.75049,159.78999,
2026-04-07 07:00:00,159.78499,159.88359,159.78499,159.8713,
2026-04-07 08:00:00,159.86953,159.88029,159.49971,159.49971,
2026-04-07 09:00:00,159.49921,159.63666,159.48216,159.6364,
2026-04-07 10:00:00,159.6357,159.78602,159.61576,159.7835,
2026-04-07 11:00:00,159.78333,159.86225,159.78147,159.83752,
2026-04-07 12:00:00,159.83779,159.87515,159.75639,159.77623,
2026-04-07 13:00:00,159.77715,159.89517,159.73217,159.88722,
2026-04-07 14:00:00,159.88906,159.95631,159.81922,159.95631,
2026-04-07 15:00:00,159.95852,160.03641,159.89576,159.89781,
2026-04-07 16:00:00,159.89737,159.9092,159.82303,159.90455,
2026-04-07 17:00:00,159.90421,159.95188,159.72424,159.79772,
2026-04-07 18:00:00,159.79453,159.859,159.70628,159.83746,
2026-04-07 19:00:00,159.8392,159.85928,159.56092,159.56763,
2026-04-07 20:00:00,159.57003,159.69389,159.51306,159.62133,
2026-04-07 21:00:00,159.61984,159.64843,159.54133,159.55645,
2026-04-07 22:00:00,159.55414,159.55804,158.82676,158.90553,
2026-04-07 23:00:00,158.899,158.98326,158.64041,158.74211,
2026-04-08 00:00:00,158.74598,158.7789,158.55887,158.67361,
2026-04-08 01:00:00,158.66626,158.69362,158.33572,158.4146,
2026-04-08 02:00:00,158.41414,158.5701,158.31614,158.45667,
2026-04-08 03:00:00,158.45654,158.46963,158.36041,158.43191,
2026-04-08 04:00:00,158.43156,158.46239,158.34993,158.36696,
2026-04-08 05:00:00,158.36707,158.40511,158.17014,158.28316,
2026-04-08 06:00:00,158.28352,158.37281,158.05846,158.18923,
2026-04-08 07:00:00,158.19205,158.35543,158.12265,158.21145,
2026-04-08 08:00:00,158.21223,158.47681,158.13569,158.37147,
2026-04-08 09:00:00,158.37333,158.50913,158.28376,158.4885,
2026-04-08 10:00:00,158.49011,158.52975,158.38689,158.41344,
2026-04-08 11:00:00,158.4183,158.48755,158.22619,158.24656,
2026-04-08 12:00:00,158.24649,158.30232,157.98166,158.00326,
2026-04-08 13:00:00,158.00385,158.33663,157.87451,158.29375,
2026-04-08 14:00:00,158.29151,158.40667,158.18902,158.28767,
2026-04-08 15:00:00,158.28684,158.46223,158.26181,158.38312,
2026-04-08 16:00:00,158.38377,158.49457,158.34691,158.43228,
2026-04-08 17:00:00,158.42977,158.52108,158.39665,158.47547,
2026-04-08 18:00:00,158.4731,158.7306,158.38033,158.7282,
2026-04-08 19:00:00,158.72641,158.7816,158.5115,158.5239,
2026-04-08 20:00:00,158.51857,158.63961,158.51843,158.58407,
2026-04-08 21:00:00,158.58094,158.65212,158.49751,158.55537,
2026-04-08 22:00:00,158.55387,158.5956,158.52017,158.57471,
2026-04-08 23:00:00,158.57177,158.68167,158.56369,158.66244,
2026-04-09 00:00:00,158.65897,158.86001,158.6528,158.85578,
2026-04-09 01:00:00,158.85423,158.95465,158.80677,158.82591,
2026-04-09 02:00:00,158.82233,158.8562,158.70782,158.73279,
2026-04-09 03:00:00,158.73105,158.8061,158.69666,158.75482,
2026-04-09 04:00:00,158.75339,158.75775,158.64827,158.73854,
2026-04-09 05:00:00,158.73758,158.8662,158.73343,158.84905,
2026-04-09 06:00:00,158.84802,158.92933,158.79508,158.80772,
2026-04-09 07:00:00,158.80788,158.97452,158.7865,158.95118,
2026-04-09 08:00:00,158.95155,159.10617,158.91748,158.99692,
2026-04-09 09:00:00,158.99852,159.05516,158.95199,158.98568,
2026-04-09 10:00:00,158.98705,159.07876,158.95821,159.07031,
2026-04-09 11:00:00,159.07284,159.08989,158.83743,158.89676,
2026-04-09 12:00:00,158.89732,159.10446,158.85132,159.014,
2026-04-09 13:00:00,159.01371,159.09257,158.88998,159.07995,
2026-04-09 14:00:00,159.08324,159.24041,159.00325,159.20336,
2026-04-09 15:00:00,159.20175,159.28977,158.87263,158.88125,
2026-04-09 16:00:00,158.87994,158.89525,158.64552,158.76043,
2026-04-09 17:00:00,158.75926,158.79386,158.68784,158.77415,
2026-04-09 18:00:00,158.77213,159.03504,158.76934,159.00355,
2026-04-09 19:00:00,159.00251,159.08471,158.97849,159.08471,
2026-04-09 20:00:00,159.08239,159.12887,159.00138,159.00167,
2026-04-09 21:00:00,158.99896,159.0118,158.95141,159.00808,
2026-04-09 22:00:00,159.0052,159.10165,158.98224,159.09244,
2026-04-09 23:00:00,159.08959,159.12983,159.04916,159.10956,
2026-04-10 00:00:00,159.1049,159.23891,159.1049,159.19596,
2026-04-10 01:00:00,159.18999,159.23157,159.03257,159.06017,
2026-04-10 02:00:00,159.0601,159.19396,159.02496,159.16868,
2026-04-10 03:00:00,159.16643,159.17738,159.12806,159.15648,
2026-04-10 04:00:00,159.15644,159.21128,159.12838,159.1908,
2026-04-10 05:00:00,159.18834,159.27675,159.18705,159.25699,
2026-04-10 06:00:00,159.25612,159.36528,159.18893,159.27312,
2026-04-10 07:00:00,159.27154,159.34301,159.21167,159.34301,
2026-04-10 08:00:00,159.34276,159.34798,159.24855,159.321,
2026-04-10 09:00:00,159.32121,159.34418,159.22223,159.25237,
2026-04-10 10:00:00,159.25274,159.29458,159.19765,159.19787,
2026-04-10 11:00:00,159.19978,159.2446,159.16625,159.17711,
2026-04-10 12:00:00,159.17905,159.18963,158.97622,159.16632,
2026-04-10 13:00:00,159.16874,159.19765,159.07052,159.19447,
2026-04-10 14:00:00,159.19339,159.22575,159.10424,159.15396,
2026-04-10 15:00:00,159.14855,159.23562,159.05049,159.23358,
2026-04-10 16:00:00,159.23464,159.34861,159.2131,159.27434,
2026-04-10 17:00:00,159.27427,159.30867,159.24523,159.298,
2026-04-10 18:00:00,159.29783,159.33813,159.24832,159.28485,
2026-04-10 19:00:00,159.28328,159.30954,159.27296,159.30566,
2026-04-10 20:00:00,159.30361,159.32601,159.26786,159.30185,
2026-04-10 21:00:00,159.29938,159.30328,159.19199,159.26432,
2026-04-10 22:00:00,159.26078,159.26644,159.21549,159.24547,
2026-04-10 23:00:00,159.24346,159.25521,159.21617,159.24556,
2026-04-11 00:00:00,159.24399,159.25512,159.18869,159.19653,
2026-04-11 01:00:00,159.19308,159.24249,159.19007,159.19548,
2026-04-11 02:00:00,159.19223,159.22004,159.18751,159.20144,
2026-04-11 03:00:00,159.19918,159.2504,159.18853,159.19405,
2026-04-11 04:00:00,159.19188,159.3014,159.18126,159.19629,
2026-04-11 05:00:00,159.19152,159.24845,159.18879,159.19419,
2026-04-11 06:00:00,159.19326,159.22185,159.18754,159.19316,
2026-04-11 07:00:00,159.19272,159.2405,159.1889,159.20084,
2026-04-11 08:00:00,159.20098,159.2245,159.18928,159.19197,
2026-04-11 09:00:00,159.19258,159.20931,159.18755,159.19154,
2026-04-11 10:00:00,159.19245,159.22849,159.18612,159.19234,
2026-04-11 11:00:00,159.1932,159.22265,159.18844,159.20727,
2026-04-11 12:00:00,159.20846,159.24991,159.20581,159.23984,
2026-04-11 13:00:00,159.24093,159.2744,159.23037,159.25665,
2026-04-11 14:00:00,159.2575,159.27072,159.25534,159.26333,
2026-04-11 15:00:00,159.2638,159.27067,159.23014,159.25604,
2026-04-11 16:00:00,159.25599,159.2731,159.22578,159.24716,
2026-04-11 17:00:00,159.2465,159.26231,159.24226,159.26057,
2026-04-11 18:00:00,159.2593,159.26422,159.21443,159.23498,
2026-04-11 19:00:00,159.23307,159.25541,159.23158,159.25096,
2026-04-11 20:00:00,159.24848,159.25698,159.23398,159.25309,
2026-04-11 21:00:00,159.25013,159.25973,159.21759,159.24741,
2026-04-11 22:00:00,159.24409,159.26108,159.24027,159.25623,
2026-04-11 23:00:00,159.25414,159.26537,159.23118,159.25265,
2026-04-12 00:00:00,159.24907,159.2726,159.247,159.26929,
2026-04-12 01:00:00,159.26582,159.27276,159.2406,159.25984,
2026-04-12 02:00:00,159.25665,159.26724,159.24138,159.24626,
2026-04-12 03:00:00,159.24351,159.26177,159.24148,159.2571,
2026-04-12 04:00:00,159.25414,159.2658,159.23742,159.25086,
2026-04-12 05:00:00,159.24922,159.26544,159.24709,159.25953,
2026-04-12 06:00:00,159.2585,159.26542,159.23065,159.25465,
2026-04-12 07:00:00,159.25425,159.26534,159.22631,159.24234,
2026-04-12 08:00:00,159.24253,159.26114,159.24056,159.25359,
2026-04-12 09:00:00,159.25422,159.26531,159.22511,159.24804,
2026-04-12 10:00:00,159.24901,159.25595,159.24685,159.24785,
2026-04-12 11:00:00,159.24901,159.25595,159.22183,159.23168,
2026-04-12 12:00:00,159.23286,159.23923,159.19872,159.19875,
2026-04-12 13:00:00,159.19974,159.21456,159.19619,159.19844,
2026-04-12 14:00:00,159.1991,159.30261,159.13881,159.24322,
2026-04-12 15:00:00,159.2435,159.25027,159.1924,159.2031,
2026-04-12 16:00:00,159.20275,159.21627,159.19833,159.20292,
2026-04-12 17:00:00,159.20196,159.26373,159.19792,159.20689,
2026-04-12 18:00:00,159.20531,159.44096,158.80777,159.29404,
2026-04-12 19:00:00,159.29094,159.77498,159.10601,159.5226,
2026-04-12 20:00:00,159.51938,159.75183,159.45778,159.57218,
2026-04-12 21:00:00,159.56978,159.65238,159.52436,159.60693,
2026-04-12 22:00:00,159.60381,159.84514,159.60129,159.8104,
2026-04-12 23:00:00,159.80721,159.84973,159.66166,159.71103,
2026-04-13 00:00:00,159.70922,159.8399,159.67667,159.73064,
2026-04-13 01:00:00,159.72947,159.78516,159.67222,159.69804,
2026-04-13 02:00:00,159.69538,159.76141,159.6502,159.71712,
2026-04-13 03:00:00,159.71409,159.75391,159.69749,159.69749,
2026-04-13 04:00:00,159.69617,159.77776,159.67728,159.73051,
2026-04-13 05:00:00,159.72724,159.75476,159.68543,159.68773,
2026-04-13 06:00:00,159.68726,159.73412,159.57714,159.68221,
2026-04-13 07:00:00,159.68196,159.72397,159.61372,159.62318,
2026-04-13 08:00:00,159.6235,159.72287,159.57033,159.71719,
2026-04-13 09:00:00,159.71722,159.74547,159.68584,159.73804,
2026-04-13 10:00:00,159.73838,159.74789,159.67421,159.69676,
2026-04-13 11:00:00,159.69642,159.82809,159.6679,159.82809,
2026-04-13 12:00:00,159.83096,159.85746,159.6984,159.7376,
2026-04-13 13:00:00,159.74028,159.79623,159.54338,159.58367,
2026-04-13 14:00:00,159.57996,159.65787,159.52201,159.58223,
2026-04-13 15:00:00,159.58533,159.76119,159.56559,159.75255,
2026-04-13 16:00:00,159.75143,159.78649,159.47285,159.51515,
2026-04-13 17:00:00,159.51578,159.5272,159.37181,159.41559,
2026-04-13 18:00:00,159.41397,159.41613,159.30702,159.3249,
2026-04-13 19:00:00,159.32231,159.39297,159.30192,159.38166,
2026-04-13 20:00:00,159.37919,159.46032,159.37546,159.45216,
2026-04-13 21:00:00,159.44894,159.46702,159.35253,159.38554,
2026-04-13 22:00:00,159.38364,159.41229,159.34906,159.3743,
2026-04-13 23:00:00,159.37062,159.38478,159.21682,159.22744,
2026-04-14 00:00:00,159.21929,159.34159,159.15208,159.17955,
2026-04-14 01:00:00,159.17472,159.23742,159.08789,159.22204,
2026-04-14 02:00:00,159.2194,159.26527,159.14088,159.1433,
2026-04-14 03:00:00,159.14004,159.1693,159.07969,159.08893,
2026-04-14 04:00:00,159.08642,159.11941,159.02021,159.03189,
2026-04-14 05:00:00,159.03092,159.15688,158.96535,159.15074,
2026-04-14 06:00:00,159.1505,159.28357,159.12969,159.16641,
2026-04-14 07:00:00,159.16656,159.17715,158.95533,159.05669,
2026-04-14 08:00:00,159.05801,159.16884,159.03254,159.07943,
2026-04-14 09:00:00,159.0796,159.08857,158.84753,158.98234,
2026-04-14 10:00:00,158.98149,158.98443,158.81822,158.82687,
2026-04-14 11:00:00,158.82825,158.83671,158.73409,158.75154,
2026-04-14 12:00:00,158.75716,158.87288,158.69456,158.72366,
2026-04-14 13:00:00,158.72291,158.89925,158.68742,158.85798,
2026-04-14 14:00:00,158.85661,158.864,158.61529,158.73413,
2026-04-14 15:00:00,158.73642,158.93267,158.7251,158.91735,
2026-04-14 16:00:00,158.91595,158.92801,158.8193,158.83314,
2026-04-14 17:00:00,158.83127,158.88667,158.7103,158.73089,
2026-04-14 18:00:00,158.72777,158.84062,158.69482,158.83102,
2026-04-14 19:00:00,158.82783,158.91191,158.80302,158.86543,
2026-04-14 20:00:00,158.86071,158.89593,158.80326,158.81164,
2026-04-14 21:00:00,158.81055,158.8515,158.77729,158.83418,
2026-04-14 22:00:00,158.83231,158.84475,158.78471,158.8421,
2026-04-14 23:00:00,158.83801,158.88179,158.78848,158.80788,
2026-04-15 00:00:00,158.80595,158.89618,158.76604,158.80832,
2026-04-15 01:00:00,158.79824,158.97862,158.79824,158.92197,
2026-04-15 02:00:00,158.91774,159.06449,158.89349,159.04908,
2026-04-15 03:00:00,159.04792,159.05212,158.96744,158.99401,
2026-04-15 04:00:00,158.99278,159.01351,158.95401,158.99085,
2026-04-15 05:00:00,158.99042,158.99951,158.91288,158.95464,
2026-04-15 06:00:00,158.95483,159.02136,158.877,159.01667,
2026-04-15 07:00:00,159.01734,159.02355,158.88673,158.95382,
2026-04-15 08:00:00,158.95246,158.95588,158.66119,158.78032,
2026-04-15 09:00:00,158.77918,158.93452,158.7247,158.8989,
2026-04-15 10:00:00,158.90057,159.03428,158.83246,158.95967,
2026-04-15 11:00:00,158.96367,159.12252,158.94154,159.02858,
2026-04-15 12:00:00,159.03023,159.15384,159.02688,159.10583,
2026-04-15 13:00:00,159.10785,159.12193,158.97831,159.03268,
2026-04-15 14:00:00,159.0318,159.06178,158.93345,158.98744,
2026-04-15 15:00:00,158.98719,159.02721,158.87199,159.02238,
2026-04-15 16:00:00,159.02149,159.03004,158.72334,158.8937,
2026-04-15 17:00:00,158.89139,159.11634,158.88827,159.10894,
2026-04-15 18:00:00,159.10654,159.1114,159.00202,159.03247,
2026-04-15 19:00:00,159.02907,159.04055,158.95595,158.97968,
2026-04-15 20:00:00,158.97604,159.00383,158.96108,158.98396,
2026-04-15 21:00:00,158.9796,159.01874,158.8719,158.96952,
2026-04-15 22:00:00,158.96983,158.97285,158.84775,158.8708,
2026-04-15 23:00:00,158.86992,158.87436,158.80329,158.8218,
2026-04-16 00:00:00,158.82241,158.84966,158.72169,158.74377,
2026-04-16 01:00:00,158.74216,158.82804,158.689,158.76442,
2026-04-16 02:00:00,158.76569,158.81806,158.53909,158.53982,
2026-04-16 03:00:00,158.5418,158.67681,158.24595,158.66655,
2026-04-16 04:00:00,158.66549,158.73804,158.64594,158.71447,
2026-04-16 05:00:00,158.71483,158.87089,158.69806,158.85236,
2026-04-16 06:00:00,158.85211,158.94815,158.76629,158.77066,
2026-04-16 07:00:00,158.77382,158.88997,158.74511,158.86724,
2026-04-16 08:00:00,158.86833,159.05347,158.86415,158.98083,
2026-04-16 09:00:00,158.9841,159.0689,158.96783,159.04483,
2026-04-16 10:00:00,159.04564,159.14637,159.01698,159.02474,
2026-04-16 11:00:00,159.02272,159.03066,158.89059,158.96793,
2026-04-16 12:00:00,158.96662,159.11439,158.94902,159.10451,
2026-04-16 13:00:00,159.10624,159.32576,158.99027,159.26033,
2026-04-16 14:00:00,159.25431,159.29787,159.10627,159.26475,
2026-04-16 15:00:00,159.26561,159.27806,159.09572,159.10082,
2026-04-16 16:00:00,159.0981,159.24326,159.03103,159.1959,
2026-04-16 17:00:00,159.19347,159.28988,159.18368,159.26222,
2026-04-16 18:00:00,159.25975,159.26749,159.16433,159.22686,
2026-04-16 19:00:00,159.22468,159.22838,159.10695,159.14535,
2026-04-16 20:00:00,159.13986,159.19908,159.12888,159.15489,
2026-04-16 21:00:00,159.15039,159.22362,159.11477,159.15617,
2026-04-16 22:00:00,159.15561,159.15937,159.02401,159.11966,
2026-04-16 23:00:00,159.11569,159.2318,159.10143,159.21756,
2026-04-17 00:00:00,159.2138,159.35409,159.18991,159.34005,
2026-04-17 01:00:00,159.33336,159.41996,159.30555,159.36856,
2026-04-17 02:00:00,159.36521,159.45327,159.36313,159.38082,
2026-04-17 03:00:00,159.3788,159.46899,159.36931,159.39321,
2026-04-17 04:00:00,159.39188,159.47927,159.38123,159.4707,
2026-04-17 05:00:00,159.46886,159.52353,159.45724,159.48244,
2026-04-17 06:00:00,159.48201,159.51924,159.38286,159.39184,
2026-04-17 07:00:00,159.39201,159.39521,159.29072,159.30298,
2026-04-17 08:00:00,159.302,159.32502,159.14486,159.15262,
2026-04-17 09:00:00,159.15248,159.19714,159.01461,159.04823,
2026-04-17 10:00:00,159.05013,159.17997,159.03855,159.16918,
2026-04-17 11:00:00,159.16906,159.22766,159.144,159.17889,
2026-04-17 12:00:00,159.1793,159.18782,158.44397,158.47993,
2026-04-17 13:00:00,158.47546,158.4843,158.09807,158.2125,
2026-04-17 14:00:00,158.2101,158.21482,157.62772,157.84629,
2026-04-17 15:00:00,157.83871,158.19849,157.80313,158.12089,
2026-04-17 16:00:00,158.11668,158.18809,157.98362,158.05827,
2026-04-17 17:00:00,158.05227,158.27984,158.02259,158.17153,
2026-04-17 18:00:00,158.16879,158.46214,158.15102,158.43421,
2026-04-17 19:00:00,158.42686,158.57903,158.36886,158.57537,
2026-04-17 20:00:00,158.57121,158.64148,158.55166,158.62356,
2026-04-17 21:00:00,158.62299,158.77952,158.1891,158.21396,
2026-04-17 22:00:00,158.18871,158.53178,157.9924,158.36181,
2026-04-17 23:00:00,158.32863,158.54557,158.27168,158.35039,
2026-04-18 00:00:00,158.32503,158.66542,158.32503,158.65841,
2026-04-18 01:00:00,158.65667,158.90472,158.64733,158.65824,
2026-04-18 02:00:00,158.64269,158.7843,158.64269,158.65719,
2026-04-18 03:00:00,158.65684,158.80688,158.35953,158.63498,
2026-04-18 04:00:00,158.63374,158.74296,158.62365,158.62479,
2026-04-18 05:00:00,158.62944,158.74134,158.62321,158.62551,
2026-04-18 06:00:00,158.62654,158.75998,158.61463,158.62514,
2026-04-18 07:00:00,158.62634,158.75757,158.61432,158.62535,
2026-04-18 08:00:00,158.62641,158.6329,158.62103,158.62435,
2026-04-18 09:00:00,158.62534,158.64811,158.62268,158.62489,
2026-04-18 10:00:00,158.62566,158.65319,158.6237,158.62644,
2026-04-18 11:00:00,158.62663,158.63391,158.61625,158.62504,
2026-04-18 12:00:00,158.62469,158.63741,158.62272,158.63138,
2026-04-18 13:00:00,158.63042,158.63886,158.54176,158.5982,
2026-04-18 14:00:00,158.59654,158.62521,158.5945,158.62052,
2026-04-18 15:00:00,158.61831,158.62469,158.5469,158.60203,
2026-04-18 16:00:00,158.59926,158.60739,158.46423,158.58469,
2026-04-18 17:00:00,158.58148,158.63448,158.45577,158.61118,
2026-04-18 18:00:00,158.60773,158.62017,158.47964,158.55869,
2026-04-18 19:00:00,158.55512,158.56652,158.43646,158.51164,
2026-04-18 20:00:00,158.50819,158.56862,158.50626,158.56643,
2026-04-18 21:00:00,158.58659,158.58659,158.31737,158.54455,
2026-04-18 22:00:00,158.54171,158.55008,158.42236,158.50357,
2026-04-18 23:00:00,158.49672,158.53626,158.41508,158.51088,
2026-04-19 00:00:00,158.50921,158.61106,158.50167,158.60544,
2026-04-19 01:00:00,158.60418,158.61109,158.58603,158.60388,
2026-04-19 02:00:00,158.60324,158.61549,158.58833,158.59047,
2026-04-19 03:00:00,158.59044,158.61158,158.5884,158.60423,
2026-04-19 04:00:00,158.60468,158.61663,158.57047,158.59797,
2026-04-19 05:00:00,158.59883,158.61696,158.59671,158.60895,
2026-04-19 06:00:00,158.61005,158.61591,158.57206,158.60397,
2026-04-19 07:00:00,158.60516,158.61698,158.57735,158.59012,
2026-04-19 08:00:00,158.59123,158.61893,158.58908,158.61118,
2026-04-19 09:00:00,158.61207,158.62948,158.61001,158.62329,
2026-04-19 10:00:00,158.62382,158.65197,158.62168,158.64497,
2026-04-19 11:00:00,158.64506,158.65194,158.64046,158.64332,
2026-04-19 12:00:00,158.64283,158.65047,158.64084,158.64475,
2026-04-19 13:00:00,158.64363,158.65054,158.63996,158.64442,
2026-04-19 14:00:00,158.64268,158.68479,158.64068,158.6589,
2026-04-19 15:00:00,158.6566,158.65977,158.64446,158.64936,
2026-04-19 16:00:00,158.64653,158.65927,158.5076,158.59195,
2026-04-19 17:00:00,158.58865,158.6243,158.08111,158.23741,
2026-04-19 18:00:00,158.23387,159.02361,157.89609,158.58534,
2026-04-19 19:00:00,158.58264,158.82965,158.42009,158.80732,
2026-04-19 20:00:00,158.81817,158.83711,158.64452,158.79069,
2026-04-19 21:00:00,158.79025,158.91067,158.75139,158.90212,
2026-04-19 22:00:00,158.89296,159.04927,158.89296,159.00856,
2026-04-19 23:00:00,159.00515,159.20385,158.95892,159.1717,
2026-04-20 00:00:00,159.16738,159.18938,158.91773,158.99595,
2026-04-20 01:00:00,158.99177,159.01154,158.8373,158.86366,
2026-04-20 02:00:00,158.86159,158.91111,158.78389,158.88892,
2026-04-20 03:00:00,158.88868,158.93524,158.81178,158.88706,
2026-04-20 04:00:00,158.88715,158.95049,158.86031,158.90171,
2026-04-20 05:00:00,158.90253,159.00936,158.89893,158.94962,
2026-04-20 06:00:00,158.9499,159.01208,158.82171,158.88857,
2026-04-20 07:00:00,158.88931,159.05369,158.73473,159.00442,
2026-04-20 08:00:00,158.99952,159.07485,158.92593,158.984,
2026-04-20 09:00:00,158.98375,158.99732,158.89122,158.93715,
2026-04-20 10:00:00,158.93751,158.9703,158.87317,158.92139,
2026-04-20 11:00:00,158.92058,158.9545,158.78873,158.83771,
2026-04-20 12:00:00,158.83887,158.97252,158.83677,158.89398,
2026-04-20 13:00:00,158.8956,158.9336,158.58255,158.62923,
2026-04-20 14:00:00,158.62829,158.83569,158.61696,158.74812,
2026-04-20 15:00:00,158.74527,158.78774,158.56339,158.66809,
2026-04-20 16:00:00,158.66471,158.72681,158.6294,158.67682,
2026-04-20 17:00:00,158.67546,158.77068,158.62942,158.75638,
2026-04-20 18:00:00,158.753,158.91704,158.67605,158.90941,
2026-04-20 19:00:00,158.90713,158.91225,158.80959,158.84914,
2026-04-20 20:00:00,158.84446,158.90787,158.81342,158.82886,
2026-04-20 21:00:00,158.82693,158.83239,158.71324,158.75768,
2026-04-20 22:00:00,158.75179,158.82538,158.75179,158.78943,
2026-04-20 23:00:00,158.78851,158.86595,158.76627,158.85839,
2026-04-21 00:00:00,158.85614,158.98946,158.85577,158.9633,
2026-04-21 01:00:00,158.96114,158.98196,158.9223,158.95808,
2026-04-21 02:00:00,158.95645,158.99802,158.92363,158.9524,
2026-04-21 03:00:00,158.9516,158.99532,158.93378,158.98695,
2026-04-21 04:00:00,158.98701,158.99893,158.95422,158.95861,
2026-04-21 05:00:00,158.95899,158.95957,158.8582,158.91595,
2026-04-21 06:00:00,158.91491,158.91985,158.80817,158.81581,
2026-04-21 07:00:00,158.81759,159.00105,158.80889,159.00105,
2026-04-21 08:00:00,159.00672,159.21328,158.97319,159.19137,
2026-04-21 09:00:00,159.19177,159.25794,159.15177,159.19584,
2026-04-21 10:00:00,159.20018,159.23226,159.1741,159.20295,
2026-04-21 11:00:00,159.20254,159.24616,159.03965,159.05527,
2026-04-21 12:00:00,159.05406,159.22332,159.03233,159.19987,
2026-04-21 13:00:00,159.19626,159.20823,159.03191,159.08862,
2026-04-21 14:00:00,159.08903,159.38008,159.07148,159.38008,
2026-04-21 15:00:00,159.38009,159.4367,159.29603,159.4048,
2026-04-21 16:00:00,159.40189,159.50044,159.38598,159.46246,
2026-04-21 17:00:00,159.46126,159.61385,159.21129,159.33998,
2026-04-21 18:00:00,159.33799,159.49546,159.29396,159.4031,
2026-04-21 19:00:00,159.4021,159.63443,159.24263,159.62361,
2026-04-21 20:00:00,159.62094,159.64373,159.3021,159.3956,
2026-04-21 21:00:00,159.39437,159.45571,159.33639,159.41446,
2026-04-21 22:00:00,159.41559,159.42431,159.35961,159.41483,
2026-04-21 23:00:00,159.41119,159.46044,159.37947,159.38171,
2026-04-22 00:00:00,159.38202,159.38791,159.15153,159.29293,
2026-04-22 01:00:00,159.29499,159.33381,159.23718,159.26902,
2026-04-22 02:00:00,159.26814,159.38212,159.25227,159.36081,
2026-04-22 03:00:00,159.35926,159.40389,159.33735,159.39699,
2026-04-22 04:00:00,159.39647,159.39913,159.30725,159.34913,
2026-04-22 05:00:00,159.34925,159.35322,159.12569,159.22243,
2026-04-22 06:00:00,159.22341,159.25644,159.1442,159.1456,
2026-04-22 07:00:00,159.14498,159.30384,159.11969,159.23367,
2026-04-22 08:00:00,159.23328,159.36759,159.21209,159.36049,
2026-04-22 09:00:00,159.36071,159.36479,159.32004,159.34361,
2026-04-22 10:00:00,159.34519,159.3653,159.21867,159.22571,
2026-04-22 11:00:00,159.22651,159.27801,159.20556,159.26058,
2026-04-22 12:00:00,159.25822,159.36196,159.18974,159.35493,
2026-04-22 13:00:00,159.35546,159.36485,159.1363,159.18739,
2026-04-22 14:00:00,159.18408,159.38754,159.14925,159.38754,
2026-04-22 15:00:00,159.38762,159.5097,159.37257,159.49657,
2026-04-22 16:00:00,159.49443,159.52317,159.45727,159.51174,
2026-04-22 17:00:00,159.50989,159.51923,159.41598,159.45191,
2026-04-22 18:00:00,159.44914,159.49583,159.42808,159.48888,
2026-04-22 19:00:00,159.48532,159.55282,159.46673,159.55231,
2026-04-22 20:00:00,159.54825,159.58194,159.47784,159.47784,
2026-04-22 21:00:00,159.47465,159.51826,159.40251,159.4645,
2026-04-22 22:00:00,159.4625,159.49576,159.42462,159.48971,
2026-04-22 23:00:00,159.48852,159.49659,159.44723,159.4924,
2026-04-23 00:00:00,159.48828,159.66577,159.30214,159.3321,
2026-04-23 01:00:00,159.33125,159.42295,159.31503,159.39005,
2026-04-23 02:00:00,159.38928,159.56697,159.37647,159.54794,
2026-04-23 03:00:00,159.5474,159.55114,159.49549,159.54805,
2026-04-23 04:00:00,159.54714,159.58078,159.52421,159.54909,
2026-04-23 05:00:00,159.54883,159.60117,159.52912,159.54551,
2026-04-23 06:00:00,159.54568,159.65993,159.5308,159.6566,
2026-04-23 07:00:00,159.65756,159.69301,159.5987,159.60628,
2026-04-23 08:00:00,159.60658,159.70239,159.60022,159.69383,
2026-04-23 09:00:00,159.6952,159.74428,159.68052,159.73555,
2026-04-23 10:00:00,159.73677,159.78465,159.68205,159.71144,
2026-04-23 11:00:00,159.71229,159.75275,159.49526,159.54886,
2026-04-23 12:00:00,159.54987,159.59213,159.44819,159.52229,
2026-04-23 13:00:00,159.52093,159.60972,159.46672,159.57534,
2026-04-23 14:00:00,159.57676,159.61552,159.39417,159.40075,
2026-04-23 15:00:00,159.39844,159.48096,159.32294,159.43487,
2026-04-23 16:00:00,159.43392,159.48044,159.42171,159.47352,
2026-04-23 17:00:00,159.47091,159.84777,159.45769,159.57802,
2026-04-23 18:00:00,159.57567,159.62059,159.4862,159.61728,
2026-04-23 19:00:00,159.61338,159.76709,159.60385,159.69928,
2026-04-23 20:00:00,159.69532,159.7613,159.68762,159.74873,
2026-04-23 21:00:00,159.74743,159.75245,159.61482,159.66682,
2026-04-23 22:00:00,159.66247,159.72569,159.66028,159.7102,
2026-04-23 23:00:00,159.70663,159.7873,159.70009,159.77203,
2026-04-24 00:00:00,159.76928,159.81065,159.68413,159.79466,
2026-04-24 01:00:00,159.79102,159.81116,159.76033,159.76598,
2026-04-24 02:00:00,159.76365,159.79853,159.75694,159.77749,
2026-04-24 03:00:00,159.77624,159.84609,159.76865,159.79956,
2026-04-24 04:00:00,159.79847,159.8022,159.7326,159.77834,
2026-04-24 05:00:00,159.77758,159.81821,159.75502,159.76854,
2026-04-24 06:00:00,159.76849,159.79903,159.61163,159.6879,
2026-04-24 07:00:00,159.68857,159.70891,159.64299,159.66007,
2026-04-24 08:00:00,159.66286,159.76225,159.65958,159.72765,
2026-04-24 09:00:00,159.72733,159.75709,159.69647,159.74601,
2026-04-24 10:00:00,159.74727,159.77007,159.65162,159.65635,
2026-04-24 11:00:00,159.65613,159.67143,159.35607,159.43239,
2026-04-24 12:00:00,159.43021,159.62784,159.39765,159.54504,
2026-04-24 13:00:00,159.54533,159.66312,159.49657,159.608,
2026-04-24 14:00:00,159.6062,159.60727,159.40073,159.50887,
2026-04-24 15:00:00,159.50809,159.57469,159.32904,159.37203,
2026-04-24 16:00:00,159.36929,159.42071,159.34099,159.35306,
2026-04-24 17:00:00,159.35024,159.42672,159.33891,159.41974,
2026-04-24 18:00:00,159.41616,159.48166,159.40703,159.43178,
2026-04-24 19:00:00,159.42843,159.44047,159.37915,159.42356,
2026-04-24 20:00:00,159.41946,159.42781,159.34108,159.3729,
2026-04-24 21:00:00,159.36632,159.42176,159.29392,159.36155,
2026-04-24 22:00:00,159.36192,159.52511,159.31908,159.33932,
2026-04-24 23:00:00,159.33637,159.56306,159.25889,159.3381,
2026-04-25 00:00:00,159.33553,159.40711,159.32319,159.34344,
2026-04-25 01:00:00,159.33368,159.39228,159.33368,159.34257,
2026-04-25 02:00:00,159.34099,159.47427,159.337,159.34396,
2026-04-25 03:00:00,159.34334,159.41753,159.33158,159.33932,
2026-04-25 04:00:00,159.33695,159.41071,159.3341,159.34992,
2026-04-25 05:00:00,159.35147,159.42228,159.34435,159.34941,
2026-04-25 06:00:00,159.35025,159.41803,159.34423,159.34884,
2026-04-25 07:00:00,159.35551,159.42761,159.34786,159.35044,
2026-04-25 08:00:00,159.35152,159.35928,159.34789,159.34891,
2026-04-25 09:00:00,159.35057,159.3596,159.34787,159.34911,
2026-04-25 10:00:00,159.34997,159.36228,159.3479,159.34979,
2026-04-25 11:00:00,159.35025,159.35944,159.34789,159.35252,
2026-04-25 12:00:00,159.35251,159.36395,159.35038,159.35918,
2026-04-25 13:00:00,159.3586,159.36777,159.35498,159.36065,
2026-04-25 14:00:00,159.35944,159.36836,159.35728,159.36327,
2026-04-25 15:00:00,159.36144,159.38405,159.35843,159.37873,
2026-04-25 16:00:00,159.37632,159.38202,159.35668,159.36172,
2026-04-25 17:00:00,159.35881,159.37157,159.35674,159.36999,
2026-04-25 18:00:00,159.36671,159.37363,159.3529,159.36495,
2026-04-25 19:00:00,159.3582,159.39391,159.3582,159.38631,
2026-04-25 20:00:00,159.38273,159.41779,159.36701,159.37383,
2026-04-25 21:00:00,159.37033,159.41469,159.36283,159.3704,
2026-04-25 22:00:00,159.36716,159.4164,159.36503,159.38853,
2026-04-25 23:00:00,159.38608,159.42144,159.37237,159.37697,
2026-04-26 00:00:00,159.37462,159.38165,159.35658,159.36938,
2026-04-26 01:00:00,159.36765,159.37421,159.35014,159.36153,
2026-04-26 02:00:00,159.36044,159.37027,159.35137,159.35379,
2026-04-26 03:00:00,159.35334,159.36805,159.35118,159.35877,
2026-04-26 04:00:00,159.35888,159.36905,159.34264,159.35657,
2026-04-26 05:00:00,159.35716,159.37047,159.355,159.36264,
2026-04-26 06:00:00,159.36358,159.36995,159.34254,159.36006,
2026-04-26 07:00:00,159.36121,159.37091,159.34459,159.35246,
2026-04-26 08:00:00,159.35365,159.36828,159.35152,159.36027,
2026-04-26 09:00:00,159.36134,159.37419,159.35917,159.36721,
2026-04-26 10:00:00,159.368,159.37495,159.36584,159.36762,
2026-04-26 11:00:00,159.368,159.40648,158.95503,159.16722,
2026-04-26 12:00:00,159.16662,159.17355,159.16446,159.16784,
2026-04-26 13:00:00,159.16662,159.26002,158.96841,159.08609,
2026-04-26 14:00:00,159.08405,159.34673,159.07403,159.34168,
2026-04-26 15:00:00,159.33962,159.35424,158.96595,158.99199,
2026-04-26 16:00:00,158.98881,159.09652,158.89383,158.89949,
2026-04-26 17:00:00,158.88246,159.38375,158.88246,159.05864,
2026-04-26 18:00:00,159.05508,159.43753,159.01559,159.35367,
2026-04-26 19:00:00,159.35585,159.72755,159.23916,159.52813,
2026-04-26 20:00:00,159.52199,159.65438,159.4788,159.57647,
2026-04-26 21:00:00,159.56689,159.6184,159.50575,159.56455,
2026-04-26 22:00:00,159.56535,159.59699,159.51203,159.57372,
2026-04-26 23:00:00,159.57518,159.60347,159.51478,159.58967,
2026-04-27 00:00:00,159.58838,159.59314,159.45211,159.47752,
2026-04-27 01:00:00,159.47788,159.49051,159.25968,159.32301,
2026-04-27 02:00:00,159.3216,159.37319,159.27498,159.30242,
2026-04-27 03:00:00,159.3022,159.30579,159.21091,159.22876,
2026-04-27 04:00:00,159.22909,159.26232,159.16525,159.24547,
2026-04-27 05:00:00,159.24621,159.4307,159.23956,159.40621,
2026-04-27 06:00:00,159.40824,159.50205,159.25249,159.26953,
2026-04-27 07:00:00,159.26887,159.3066,159.2055,159.22231,
2026-04-27 08:00:00,159.22569,159.26429,159.12145,159.1444,
2026-04-27 09:00:00,159.14543,159.23688,159.10308,159.2286,
2026-04-27 10:00:00,159.22911,159.27131,159.144,159.15381,
2026-04-27 11:00:00,159.15398,159.21514,159.11248,159.20355,
2026-04-27 12:00:00,159.20135,159.22108,159.10392,159.22108,
2026-04-27 13:00:00,159.22008,159.28224,159.15202,159.27235,
2026-04-27 14:00:00,159.27077,159.29007,159.12649,159.22537,
2026-04-27 15:00:00,159.22301,159.3116,159.20483,159.30454,
2026-04-27 16:00:00,159.30179,159.39516,159.28953,159.38088,
2026-04-27 17:00:00,159.37704,159.45977,159.35775,159.38322,
2026-04-27 18:00:00,159.37841,159.45476,159.37841,159.45476,
2026-04-27 19:00:00,159.45161,159.45764,159.37443,159.42736,
2026-04-27 20:00:00,159.42344,159.43586,159.39579,159.42995,
2026-04-27 21:00:00,159.42717,159.44608,159.38967,159.42664,
2026-04-27 22:00:00,159.42345,159.44888,159.39571,159.41112,
2026-04-27 23:00:00,159.40851,159.45484,159.3653,159.37268,
2026-04-28 00:00:00,159.37178,159.47467,159.31456,159.47214,
2026-04-28 01:00:00,159.46909,159.5476,159.46377,159.53949,
2026-04-28 02:00:00,159.53675,159.56422,159.49556,159.52168,
2026-04-28 03:00:00,159.52144,159.52602,158.99589,159.06462,
2026-04-28 04:00:00,159.06609,159.083,158.97791,159.07517,
2026-04-28 05:00:00,159.07725,159.23347,159.05885,159.20542,
2026-04-28 06:00:00,159.20836,159.36018,159.05312,159.335,
2026-04-28 07:00:00,159.33919,159.53657,159.27455,159.53243,
2026-04-28 08:00:00,159.53847,159.68484,159.47609,159.49435,
2026-04-28 09:00:00,159.49631,159.6043,159.41965,159.58044,
2026-04-28 10:00:00,159.57954,159.64332,159.5368,159.6363,
2026-04-28 11:00:00,159.63608,159.79317,159.59788,159.77232,
2026-04-28 12:00:00,159.77143,159.77732,159.44535,159.46147,
2026-04-28 13:00:00,159.4624,159.60207,159.44515,159.51512,
2026-04-28 14:00:00,159.51455,159.74637,159.50878,159.73876,
2026-04-28 15:00:00,159.73456,159.74527,159.5328,159.54277,
2026-04-28 16:00:00,159.54027,159.62346,159.51239,159.56736,
2026-04-28 17:00:00,159.56447,159.62641,159.51808,159.55627,
2026-04-28 18:00:00,159.55353,159.63145,159.54332,159.62149,
2026-04-28 19:00:00,159.61775,159.68463,159.58319,159.66967,
2026-04-28 20:00:00,159.6674,159.67277,159.58707,159.62029,
2026-04-28 21:00:00,159.61774,159.63323,159.54592,159.57784,
2026-04-28 22:00:00,159.57319,159.59323,159.5473,159.57471,
2026-04-28 23:00:00,159.57239,159.58659,159.53842,159.56071,
2026-04-29 00:00:00,159.55967,159.57947,159.52506,159.53617,
2026-04-29 01:00:00,159.53399,159.65473,159.53298,159.61346,
2026-04-29 02:00:00,159.61316,159.62669,159.5739,159.61259,
2026-04-29 03:00:00,159.61163,159.63666,159.5863,159.60874,
2026-04-29 04:00:00,159.60873,159.64635,159.60873,159.62625,
2026-04-29 05:00:00,159.62686,159.69711,159.62479,159.69474,
2026-04-29 06:00:00,159.69632,159.73774,159.6169,159.64944,
2026-04-29 07:00:00,159.65076,159.69333,159.61546,159.66284,
2026-04-29 08:00:00,159.66287,159.7817,159.64968,159.77084,
2026-04-29 09:00:00,159.77304,159.83883,159.75389,159.83133,
2026-04-29 10:00:00,159.83232,159.83898,159.74821,159.76339,
2026-04-29 11:00:00,159.76235,159.85116,159.75351,159.84104,
2026-04-29 12:00:00,159.84038,159.97314,159.80552,159.96664,
2026-04-29 13:00:00,159.96748,160.1881,159.95429,160.1824,
2026-04-29 14:00:00,160.18324,160.19388,159.99721,160.10914,
2026-04-29 15:00:00,160.1076,160.28588,160.10141,160.23529,
2026-04-29 16:00:00,160.2345,160.31239,160.17304,160.31239,
2026-04-29 17:00:00,160.31049,160.3582,160.25873,160.25911,
2026-04-29 18:00:00,160.25803,160.41882,160.21492,160.37127,
2026-04-29 19:00:00,160.36901,160.44076,160.29213,160.39543,
2026-04-29 20:00:00,160.3926,160.46707,160.37299,160.44656,
2026-04-29 21:00:00,160.44565,160.4529,160.31931,160.41166,
2026-04-29 22:00:00,160.40945,160.43999,160.3226,160.34392,
2026-04-29 23:00:00,160.34371,160.35306,160.16123,160.20133,
2026-04-30 00:00:00,160.20212,160.30744,160.08296,160.30341,
2026-04-30 01:00:00,160.2992,160.30896,160.22748,160.23815,
2026-04-30 02:00:00,160.23626,160.40388,160.2304,160.35793,
2026-04-30 03:00:00,160.3564,160.43782,160.32386,160.43099,
2026-04-30 04:00:00,160.42919,160.60448,160.38347,160.55132,
2026-04-30 05:00:00,160.55177,160.637,160.47825,160.63599,
2026-04-30 06:00:00,160.63261,160.7163,160.54406,160.63009,
2026-04-30 07:00:00,160.63058,160.63171,159.92529,160.17402,
2026-04-30 08:00:00,160.17009,160.17869,159.49569,159.55025,
2026-04-30 09:00:00,159.55774,159.62096,159.29051,159.36246,
2026-04-30 10:00:00,159.36059,159.39839,157.01729,157.17982,
2026-04-30 11:00:00,157.18336,157.4229,155.66172,156.30491,
2026-04-30 12:00:00,156.28959,157.08416,156.28959,156.81339,
2026-04-30 13:00:00,156.81321,157.08623,156.41863,156.92096,
2026-04-30 14:00:00,156.91789,156.93243,156.48141,156.67364,
2026-04-30 15:00:00,156.67037,156.83544,156.6194,156.67362,
2026-04-30 16:00:00,156.67374,156.73312,156.5188,156.57008,
2026-04-30 17:00:00,156.57063,156.68643,156.46081,156.491,
2026-04-30 18:00:00,156.46622,156.52182,156.31606,156.40328,
2026-04-30 19:00:00,156.40847,156.5695,156.3359,156.54967,
2026-04-30 20:00:00,156.56739,156.63666,156.51337,156.62545,
2026-04-30 21:00:00,156.61448,156.67255,156.53061,156.58998,
2026-04-30 22:00:00,156.59917,156.74235,156.55379,156.67996,
2026-04-30 23:00:00,156.66598,157.01866,156.65523,157.01444,
2026-05-01 00:00:00,157.00427,157.29151,156.96885,157.08517,
2026-05-01 01:00:00,157.08722,157.2552,157.0666,157.16342,
2026-05-01 02:00:00,157.18608,157.3281,157.14811,157.27665,
2026-05-01 03:00:00,157.23383,157.3013,157.07648,157.23198,
2026-05-01 04:00:00,157.19729,157.28215,157.11944,157.27716,
2026-05-01 05:00:00,157.24404,157.29835,157.19684,157.28552,
2026-05-01 06:00:00,157.29552,157.60746,155.60039,155.78546,
2026-05-01 07:00:00,156.06826,156.71217,155.67236,156.69103,
2026-05-01 08:00:00,156.61336,156.68966,156.28551,156.53252,
2026-05-01 09:00:00,156.48949,156.76146,156.42384,156.60608,
2026-05-01 10:00:00,156.59337,156.63289,156.51373,156.60295,
2026-05-01 11:00:00,156.61178,156.62625,156.47182,156.57572,
2026-05-01 12:00:00,156.58675,156.6744,156.41535,156.59635,
2026-05-01 13:00:00,156.6099,156.76206,156.5056,156.53521,
2026-05-01 14:00:00,156.4841,156.74701,156.39736,156.65653,
2026-05-01 15:00:00,156.65747,156.8221,156.64324,156.77133,
2026-05-01 16:00:00,156.76225,156.92582,156.70088,156.92004,
2026-05-01 17:00:00,156.94053,157.02527,156.89139,156.93207,
2026-05-01 18:00:00,156.94018,157.10887,156.92735,157.01169,
2026-05-01 19:00:00,157.01885,157.09575,157.01191,157.07642,
2026-05-01 20:00:00,157.06596,157.08889,156.99292,157.06932,
2026-05-01 21:00:00,157.06721,157.12274,157.02902,157.08933,
2026-05-01 22:00:00,157.09202,157.10187,157.01918,157.07993,
2026-05-01 23:00:00,157.08579,157.11997,157.02221,157.08032,
2026-05-02 00:00:00,157.07919,157.16633,156.95158,157.07987,
2026-05-02 01:00:00,157.08686,157.08885,156.99343,157.08036,
2026-05-02 02:00:00,157.08323,157.08889,157.00724,157.08026,
2026-05-02 03:00:00,157.07845,157.08704,156.97131,157.07918,
2026-05-02 04:00:00,157.00871,157.11093,156.9923,157.08224,
2026-05-02 05:00:00,157.08118,157.12556,156.97444,157.0827,
2026-05-02 06:00:00,157.07999,157.10156,157.00374,157.08865,
2026-05-02 07:00:00,157.08104,157.09774,156.99757,157.08479,
2026-05-02 08:00:00,157.08053,157.0871,157.07332,157.08323,
2026-05-02 09:00:00,157.0797,157.08674,157.07532,157.07979,
2026-05-02 10:00:00,157.08093,157.08781,157.07322,157.08322,
2026-05-02 11:00:00,157.07986,157.11452,157.02223,157.08284,
2026-05-02 12:00:00,157.07998,157.10428,157.03231,157.08,
2026-05-02 13:00:00,157.02999,157.13955,157.00669,157.06029,
2026-05-02 14:00:00,157.06743,157.10539,157.05188,157.0864,
2026-05-02 15:00:00,157.08307,157.16408,157.01932,157.0788,
2026-05-02 16:00:00,157.07819,157.12542,156.99722,157.09016,
2026-05-02 17:00:00,157.08408,157.11221,157.04068,157.07954,
2026-05-02 18:00:00,157.07926,157.08706,157.01945,157.07913,
2026-05-02 19:00:00,157.07999,157.08706,157.02143,157.0789,
2026-05-02 20:00:00,157.02052,157.12713,157.00049,157.07765,
2026-05-02 21:00:00,157.02204,157.1394,157.00497,157.07886,
2026-05-02 22:00:00,157.03501,157.13695,157.00673,157.07914,
2026-05-02 23:00:00,157.07909,157.12503,157.01177,157.07944,
2026-05-03 00:00:00,157.07996,157.10474,157.07743,157.08219,
2026-05-03 01:00:00,157.08217,157.0892,157.06703,157.07596,
2026-05-03 02:00:00,157.07535,157.08684,157.06912,157.08119,
2026-05-03 03:00:00,157.07999,157.08706,157.07719,157.08183,
2026-05-03 04:00:00,157.08,157.08885,157.06893,157.08193,
2026-05-03 05:00:00,157.07981,157.08694,157.07663,157.08219,
2026-05-03 06:00:00,157.0793,157.09014,157.06716,157.08236,
2026-05-03 07:00:00,157.07965,157.09174,157.06417,157.08334,
2026-05-03 08:00:00,157.07987,157.08702,157.07613,157.08185,
2026-05-03 09:00:00,157.07831,157.08558,157.0742,157.07998,
2026-05-03 10:00:00,157.07655,157.08362,157.07334,157.07884,
2026-05-03 11:00:00,157.07568,157.30408,156.84728,156.86691,
2026-05-03 12:00:00,156.86456,156.87159,156.76032,156.76185,
2026-05-03 13:00:00,156.76032,157.22226,156.70116,156.72316,
2026-05-03 14:00:00,156.72234,157.08307,156.71259,156.99245,
2026-05-03 15:00:00,156.99161,157.01456,156.68808,156.76976,
2026-05-03 16:00:00,156.76997,157.09609,156.69987,157.07969,
2026-05-03 17:00:00,157.07993,157.18416,156.98304,157.02691,
2026-05-03 18:00:00,157.05791,157.16701,156.84158,157.08347,
2026-05-03 19:00:00,157.01729,157.14574,156.62196,156.93021,
2026-05-03 20:00:00,156.90847,156.99907,156.74031,156.87838,
2026-05-03 21:00:00,156.89551,156.90064,156.68562,156.74415,
2026-05-03 22:00:00,156.75055,156.92416,156.68986,156.83684,
2026-05-03 23:00:00,156.84939,156.89042,156.80978,156.86836,
2026-05-04 00:00:00,156.91616,156.99204,156.86196,156.92066,
2026-05-04 01:00:00,156.91445,157.07816,156.85266,157.07733,
2026-05-04 02:00:00,157.04866,157.21188,157.02187,157.13343,
2026-05-04 03:00:00,157.13955,157.69254,155.82019,156.12902,
2026-05-04 04:00:00,156.22017,156.79104,156.10277,156.76782,
2026-05-04 05:00:00,156.75282,156.88693,156.70313,156.76278,
2026-05-04 06:00:00,156.77501,156.93881,156.75829,156.90255,
2026-05-04 07:00:00,156.93081,156.97793,156.84536,156.86584,
2026-05-04 08:00:00,156.91195,156.98014,156.84425,156.96437,
2026-05-04 09:00:00,156.96549,157.03613,156.9337,156.98727,
2026-05-04 10:00:00,156.98497,157.20167,156.97736,157.14047,
2026-05-04 11:00:00,157.11028,157.18784,157.08995,157.18257,
2026-05-04 12:00:00,157.17946,157.18656,157.01805,157.12661,
2026-05-04 13:00:00,157.16527,157.16601,156.99121,157.03147,
2026-05-04 14:00:00,157.04513,157.15378,156.91779,157.07589,
2026-05-04 15:00:00,157.10322,157.26194,157.01135,157.21144,
2026-05-04 16:00:00,157.19011,157.30625,157.16899,157.28761,
2026-05-04 17:00:00,157.28106,157.28863,157.17683,157.21995,
2026-05-04 18:00:00,157.23369,157.2832,157.00512,157.08731,
2026-05-04 19:00:00,156.92681,157.13302,156.86702,157.10554,
2026-05-04 20:00:00,157.1079,157.27687,157.09632,157.25649,
2026-05-04 21:00:00,157.25077,157.25817,157.15478,157.15582,
2026-05-04 22:00:00,157.16761,157.27024,157.15068,157.23982,
2026-05-04 23:00:00,157.23239,157.2443,157.18544,157.19706,
2026-05-05 00:00:00,157.21341,157.26358,157.18332,157.21665,
2026-05-05 01:00:00,157.22152,157.27362,157.203,157.21884,
2026-05-05 02:00:00,157.21364,157.23355,157.19902,157.23165,
2026-05-05 03:00:00,157.23021,157.27248,157.22292,157.27069,
2026-05-05 04:00:00,157.26896,157.30491,157.2517,157.30262,
2026-05-05 05:00:00,157.29436,157.30697,157.21855,157.29787,
2026-05-05 06:00:00,157.27915,157.3015,157.21965,157.24033,
2026-05-05 07:00:00,157.22492,157.2457,157.13534,157.23133,
2026-05-05 08:00:00,157.23845,157.29018,157.21319,157.28161,
2026-05-05 09:00:00,157.5045,157.67768,157.10483,157.54834,
2026-05-05 10:00:00,157.51297,157.6712,157.51239,157.62374,
2026-05-05 11:00:00,157.6311,157.78095,157.61961,157.77047,
2026-05-05 12:00:00,157.76428,157.84005,157.67384,157.78427,
2026-05-05 13:00:00,157.78109,157.79938,157.69006,157.79833,
2026-05-05 14:00:00,157.7942,157.81072,157.69317,157.71644,
2026-05-05 15:00:00,157.71093,157.73763,157.62047,157.67792,
2026-05-05 16:00:00,157.67433,157.80024,157.65775,157.79874,
2026-05-05 17:00:00,157.79282,157.89095,157.77908,157.8641,
2026-05-05 18:00:00,157.86227,157.92168,157.84595,157.88615,
2026-05-05 19:00:00,157.88622,157.92133,157.86213,157.87084,
2026-05-05 20:00:00,157.87301,157.90677,157.84181,157.88797,
2026-05-05 21:00:00,157.8909,157.90601,157.82545,157.90272,
2026-05-05 22:00:00,157.89719,157.93649,157.58971,157.74864,
2026-05-05 23:00:00,157.73186,157.78415,157.56549,157.69715,
2026-05-06 00:00:00,157.6978,157.70418,157.56901,157.5871,
2026-05-06 01:00:00,157.59292,157.69432,157.56905,157.68529,
2026-05-06 02:00:00,157.67309,157.8393,157.66485,157.81495,
2026-05-06 03:00:00,157.80848,157.90551,157.72465,157.77926,
2026-05-06 04:00:00,157.77849,157.82555,155.08038,155.70078,
2026-05-06 05:00:00,155.6155,156.37201,155.27303,156.35948,
2026-05-06 06:00:00,156.35464,156.44231,156.32569,156.38123,
2026-05-06 07:00:00,156.37517,156.55423,155.87985,155.95469,
2026-05-06 08:00:00,156.12531,156.28984,155.84813,156.03293,
2026-05-06 09:00:00,156.02722,156.11098,155.92962,155.95983,
2026-05-06 10:00:00,155.95766,156.1318,155.62756,155.70813,
2026-05-06 11:00:00,155.66563,156.10137,155.65533,156.0973,
2026-05-06 12:00:00,156.088,156.27355,156.08161,156.26497,
2026-05-06 13:00:00,156.25033,156.29636,156.07701,156.12612,
2026-05-06 14:00:00,156.12601,156.29308,156.06993,156.27563,
2026-05-06 15:00:00,156.24715,156.42551,156.21329,156.39443,
2026-05-06 16:00:00,156.40366,156.49083,156.38604,156.42055,
2026-05-06 17:00:00,156.41616,156.5092,156.36104,156.49767,
2026-05-06 18:00:00,156.50017,156.51927,156.34759,156.35509,
2026-05-06 19:00:00,156.37432,156.43666,156.3585,156.40446,
2026-05-06 20:00:00,156.39494,156.45118,156.3078,156.38812,
2026-05-06 21:00:00,156.38824,156.39238,156.26017,156.26549,
2026-05-06 22:00:00,156.273,156.37793,156.25111,156.35154,
2026-05-06 23:00:00,156.35112,156.52331,156.3007,156.52034,
2026-05-07 00:00:00,156.51533,156.52555,156.21181,156.34242,
2026-05-07 01:00:00,156.33928,156.34438,156.04493,156.20586,
2026-05-07 02:00:00,156.19108,156.33845,156.14704,156.33612,
2026-05-07 03:00:00,156.32871,156.4403,156.31266,156.43758,
2026-05-07 04:00:00,156.43135,156.43135,156.31317,156.38111,
2026-05-07 05:00:00,156.37794,156.40352,156.31173,156.38208,
2026-05-07 06:00:00,156.37646,156.40219,156.14771,156.28499,
2026-05-07 07:00:00,156.28009,156.30151,156.04746,156.26065,
2026-05-07 08:00:00,156.2473,156.34085,156.19302,156.3403,
2026-05-07 09:00:00,156.33714,156.41895,156.30656,156.39107,
2026-05-07 10:00:00,156.38885,156.40435,156.31134,156.39635,
2026-05-07 11:00:00,156.39198,156.47102,156.35911,156.4062,
2026-05-07 12:00:00,156.41693,156.44303,156.25278,156.27221,
2026-05-07 13:00:00,156.28145,156.39297,156.2701,156.35498,
2026-05-07 14:00:00,156.35481,156.40521,156.22897,156.23412,
2026-05-07 15:00:00,156.24567,156.52049,156.24312,156.5052,
2026-05-07 16:00:00,156.50269,156.64783,156.49125,156.64351,
2026-05-07 17:00:00,156.63662,156.89186,156.61698,156.6943,
2026-05-07 18:00:00,156.69915,156.85374,156.62577,156.74411,
2026-05-07 19:00:00,156.74588,156.87434,156.69551,156.86629,
2026-05-07 20:00:00,156.8553,156.94958,156.77569,156.94741,
2026-05-07 21:00:00,156.94679,156.97874,156.77893,156.86856,
2026-05-07 22:00:00,156.84929,156.93462,156.83498,156.88988,
2026-05-07 23:00:00,156.88252,156.92585,156.82434,156.84891,
2026-05-08 00:00:00,156.84461,156.9877,156.82926,156.97571,
2026-05-08 01:00:00,156.96286,156.97201,156.8552,156.90905,
2026-05-08 02:00:00,156.90979,156.96053,156.89023,156.89053,
2026-05-08 03:00:00,156.88994,156.90279,156.78417,156.84025,
2026-05-08 04:00:00,156.83791,156.90281,156.832,156.86054,
2026-05-08 05:00:00,156.86807,156.88607,156.82834,156.83291,
2026-05-08 06:00:00,156.83969,156.84805,156.74134,156.81698,
2026-05-08 07:00:00,156.81208,156.84875,156.77004,156.84233,
2026-05-08 08:00:00,156.83911,156.86247,156.65099,156.72662,
2026-05-08 09:00:00,156.722,156.73165,156.63403,156.6989,
2026-05-08 10:00:00,156.69606,156.77905,156.67093,156.76857,
2026-05-08 11:00:00,156.75983,156.78853,156.73898,156.76009,
2026-05-08 12:00:00,156.75831,156.77553,156.55947,156.60778,
2026-05-08 13:00:00,156.58184,156.6898,156.45615,156.53536,
2026-05-08 14:00:00,156.52733,156.65809,156.5242,156.63877,
2026-05-08 15:00:00,156.63579,156.66695,156.57916,156.64645,
2026-05-08 16:00:00,156.63907,156.7066,156.62103,156.67914,
2026-05-08 17:00:00,156.68316,156.71823,156.63129,156.6816,
2026-05-08 18:00:00,156.67401,156.74416,156.59348,156.71732,
2026-05-08 19:00:00,156.71702,156.79601,156.69491,156.71109,
2026-05-08 20:00:00,156.72062,156.76237,156.65317,156.69034,
2026-05-08 21:00:00,156.6931,156.69889,156.63319,156.69687,
2026-05-08 22:00:00,156.69389,156.69921,156.66373,156.6696,
2026-05-08 23:00:00,156.668,156.69057,156.65722,156.67034,
2026-05-09 00:00:00,156.66929,156.70422,156.66269,156.68154,
2026-05-09 01:00:00,156.68,156.70269,156.672,156.68122,
2026-05-09 02:00:00,156.68,156.71595,156.67176,156.68122,
2026-05-09 03:00:00,156.67937,156.70228,156.67237,156.6824,
2026-05-09 04:00:00,156.68,156.70632,156.66766,156.68289,
2026-05-09 05:00:00,156.68001,156.69442,156.67575,156.68312,
2026-05-09 06:00:00,156.67987,156.70715,156.67369,156.68345,
2026-05-09 07:00:00,156.67998,156.70699,156.66435,156.68343,
2026-05-09 08:00:00,156.6799,156.68699,156.67463,156.68322,
2026-05-09 09:00:00,156.6798,156.68676,156.67683,156.68254,
2026-05-09 10:00:00,156.67939,156.68704,156.67535,156.68275,
2026-05-09 11:00:00,156.67999,156.69582,156.65725,156.68205,
2026-05-09 12:00:00,156.67981,156.69631,156.67767,156.68943,
2026-05-09 13:00:00,156.68064,156.75342,156.64933,156.74923,
2026-05-09 14:00:00,156.74637,156.75458,156.67118,156.68346,
2026-05-09 15:00:00,156.67997,156.68746,156.66704,156.67964,
2026-05-09 16:00:00,156.67977,156.69141,156.66596,156.67932,
2026-05-09 17:00:00,156.67992,156.69095,156.67762,156.67906,
2026-05-09 18:00:00,156.67996,156.69187,156.66755,156.67886,
2026-05-09 19:00:00,156.68,156.69621,156.67059,156.67883,
2026-05-09 20:00:00,156.68,156.69666,156.66891,156.67892,
2026-05-09 21:00:00,156.67996,156.69247,156.66558,156.67922,
2026-05-09 22:00:00,156.67998,156.69302,156.67766,156.67967,
2026-05-09 23:00:00,156.68,156.69593,156.66345,156.68163,
2026-05-10 00:00:00,156.67967,156.68803,156.67742,156.68121,
2026-05-10 01:00:00,156.67985,156.68638,156.66315,156.6716,
2026-05-10 02:00:00,156.67017,156.68671,156.66565,156.68187,
2026-05-10 03:00:00,156.67986,156.68704,156.67752,156.68256,
2026-05-10 04:00:00,156.68,156.69193,156.66338,156.683,
2026-05-10 05:00:00,156.67999,156.68702,156.67765,156.68333,
2026-05-10 06:00:00,156.68,156.68844,156.6641,156.68338,
2026-05-10 07:00:00,156.67987,156.687,156.66321,156.67425,
2026-05-10 08:00:00,156.67074,156.68583,156.66847,156.68214,
2026-05-10 09:00:00,156.67878,156.68609,156.67644,156.68198,
2026-05-10 10:00:00,156.67894,156.68599,156.6766,156.68155,
2026-05-10 11:00:00,156.67894,156.68599,156.66782,156.67908,
2026-05-10 12:00:00,156.67702,156.68406,156.65461,156.65917,
2026-05-10 13:00:00,156.65651,156.68222,156.65418,156.67031,
2026-05-10 14:00:00,156.66714,156.69065,156.66411,156.68265,
2026-05-10 15:00:00,156.68233,156.68801,156.67002,156.68358,
2026-05-10 16:00:00,156.67952,156.69357,156.67223,156.68013,
2026-05-10 17:00:00,156.68084,156.69339,156.67047,156.68063,
2026-05-10 18:00:00,156.67563,156.85968,156.66437,156.69245,
2026-05-10 19:00:00,156.68953,156.72662,156.49412,156.65982,
2026-05-10 20:00:00,156.6376,156.70308,156.47235,156.61929,
2026-05-10 21:00:00,156.59976,156.73366,156.44527,156.73034,
2026-05-10 22:00:00,156.7283,156.94785,156.66524,156.90416,
2026-05-10 23:00:00,156.90017,156.90894,156.82782,156.8724,
2026-05-11 00:00:00,156.86607,157.03825,156.84323,156.95867,
2026-05-11 01:00:00,156.96112,157.09933,156.92772,157.08748,
2026-05-11 02:00:00,157.08725,157.15121,157.04516,157.14398,
2026-05-11 03:00:00,157.13813,157.17632,157.08803,157.16067,
2026-05-11 04:00:00,157.15894,157.16498,157.09553,157.13713,
2026-05-11 05:00:00,157.13445,157.15656,157.07722,157.14246,
2026-05-11 06:00:00,157.13987,157.1474,156.99845,157.00191,
2026-05-11 07:00:00,157.00574,157.12686,156.99064,157.12415,
2026-05-11 08:00:00,157.11302,157.14621,156.95807,157.09093,
2026-05-11 09:00:00,157.08636,157.14246,157.07494,157.14112,
2026-05-11 10:00:00,157.13347,157.1611,157.08859,157.1337,
2026-05-11 11:00:00,157.1272,157.15084,157.074,157.13641,
2026-05-11 12:00:00,157.13325,157.1428,157.0824,157.13355,
2026-05-11 13:00:00,157.12969,157.13391,157.00476,157.03267,
2026-05-11 14:00:00,157.02706,157.08458,156.99893,157.0002,
2026-05-11 15:00:00,157.00194,157.07113,156.99787,157.05034,
2026-05-11 16:00:00,157.04643,157.16572,157.04251,157.16238,
2026-05-11 17:00:00,157.15658,157.20393,157.10718,157.12134,
2026-05-11 18:00:00,157.11588,157.21592,157.09508,157.2123,
2026-05-11 19:00:00,157.20684,157.27449,157.20335,157.24754,
2026-05-11 20:00:00,157.24841,157.25904,157.20902,157.22577,
2026-05-11 21:00:00,157.22704,157.24443,157.12547,157.15655,
2026-05-11 22:00:00,157.15121,157.20531,157.12745,157.19534,
2026-05-11 23:00:00,157.19617,157.25134,157.18076,157.24891,
2026-05-12 00:00:00,157.24592,157.41736,157.2383,157.38548,
2026-05-12 01:00:00,157.39456,157.58373,157.38907,157.54252,
2026-05-12 02:00:00,157.53952,157.64351,157.52922,157.59614,
2026-05-12 03:00:00,157.60128,157.64252,157.55571,157.62236,
2026-05-12 04:00:00,157.62834,157.64169,157.55475,157.57964,
2026-05-12 05:00:00,157.57806,157.76464,157.1174,157.35356,
2026-05-12 06:00:00,157.3172,157.49495,157.20458,157.47623,
2026-05-12 07:00:00,157.47195,157.56633,157.39285,157.51142,
2026-05-12 08:00:00,157.508,157.65076,157.49825,157.61111,
2026-05-12 09:00:00,157.61732,157.65608,157.56182,157.56209,
2026-05-12 10:00:00,157.55804,157.62096,157.50778,157.55864,
2026-05-12 11:00:00,157.55971,157.60272,157.5097,157.57319,
2026-05-12 12:00:00,157.56937,157.64956,157.5394,157.55022,
2026-05-12 13:00:00,157.54392,157.67096,157.51596,157.66534,
2026-05-12 14:00:00,157.66336,157.68967,157.58544,157.63968,
2026-05-12 15:00:00,157.63916,157.74789,157.63373,157.70365,
2026-05-12 16:00:00,157.70329,157.76515,157.68696,157.76354,
2026-05-12 17:00:00,157.75943,157.76195,157.68804,157.70036,
2026-05-12 18:00:00,157.69632,157.72526,157.59422,157.59608,
2026-05-12 19:00:00,157.59647,157.61336,157.52693,157.60537,
2026-05-12 20:00:00,157.59379,157.66511,157.58094,157.61982,
2026-05-12 21:00:00,157.61545,157.63865,157.5757,157.58191,
2026-05-12 22:00:00,157.57745,157.6203,157.57466,157.59833,
2026-05-12 23:00:00,157.59948,157.68211,157.57002,157.67237,
2026-05-13 00:00:00,157.67433,157.76094,157.63867,157.73552,
2026-05-13 01:00:00,157.74145,157.77861,157.56987,157.66757,
2026-05-13 02:00:00,157.66601,157.72613,157.61122,157.65655,
2026-05-13 03:00:00,157.65291,157.67705,157.6375,157.66757,
2026-05-13 04:00:00,157.67085,157.74767,157.67068,157.72255,
2026-05-13 05:00:00,157.72106,157.7336,157.69626,157.69895,
2026-05-13 06:00:00,157.70224,157.77868,157.69357,157.77595,
2026-05-13 07:00:00,157.77121,157.83426,157.68742,157.83154,
2026-05-13 08:00:00,157.8219,157.83671,157.76407,157.81693,
2026-05-13 09:00:00,157.8137,157.89892,157.80554,157.83094,
2026-05-13 10:00:00,157.84667,157.85757,157.78821,157.83307,
2026-05-13 11:00:00,157.82953,157.84174,157.74892,157.77264,
2026-05-13 12:00:00,157.76856,157.8893,157.7576,157.86142,
2026-05-13 13:00:00,157.85846,157.86375,157.7679,157.78004,
2026-05-13 14:00:00,157.7777,157.88034,157.7645,157.86483,
2026-05-13 15:00:00,157.86328,157.87449,157.78656,157.84141,
2026-05-13 16:00:00,157.83814,157.86124,157.75897,157.85952,
2026-05-13 17:00:00,157.85515,157.9234,157.83751,157.90998,
2026-05-13 18:00:00,157.91235,157.92931,157.85778,157.8798,
2026-05-13 19:00:00,157.88367,157.89684,157.84654,157.87075,
2026-05-13 20:00:00,157.87148,157.90707,157.86494,157.88909,
2026-05-13 21:00:00,157.88999,157.91128,157.7473,157.83215,
2026-05-13 22:00:00,157.83512,157.84661,157.79778,157.81283,
2026-05-13 23:00:00,157.81357,157.86622,157.78534,157.85841,
2026-05-14 00:00:00,157.85958,157.88467,157.81367,157.85083,
2026-05-14 01:00:00,157.84811,157.92325,157.84405,157.92129,
2026-05-14 02:00:00,157.91825,157.9552,157.90025,157.92535,
2026-05-14 03:00:00,157.92524,158.00083,157.92295,157.97105,
2026-05-14 04:00:00,157.97105,157.99562,157.76157,157.8638,
2026-05-14 05:00:00,157.86346,157.95074,157.86258,157.90197,
2026-05-14 06:00:00,157.90019,157.92121,157.80485,157.84295,
2026-05-14 07:00:00,157.83953,157.94066,157.83418,157.90136,
2026-05-14 08:00:00,157.88231,157.95138,157.86159,157.89743,
2026-05-14 09:00:00,157.89461,157.9288,157.8802,157.9094,
2026-05-14 10:00:00,157.90566,157.94603,157.89385,157.92558,
2026-05-14 11:00:00,157.92108,157.96697,157.91486,157.966,
2026-05-14 12:00:00,157.95913,157.9777,157.90797,157.97462,
2026-05-14 13:00:00,157.97114,158.3338,157.60812,157.87587,
2026-05-14 14:00:00,157.85187,158.12713,157.85187,158.11795,
2026-05-14 15:00:00,158.09443,158.20536,158.09073,158.09759,
2026-05-14 16:00:00,158.09505,158.20211,158.08837,158.18146,
2026-05-14 17:00:00,158.18014,158.2038,158.1436,158.2016,
2026-05-14 18:00:00,158.19812,158.20608,158.1758,158.19323,
2026-05-14 19:00:00,158.19299,158.38312,158.15058,158.36962,
2026-05-14 20:00:00,158.36915,158.42548,158.34024,158.40024,
2026-05-14 21:00:00,158.40183,158.40583,158.31256,158.3352,
2026-05-14 22:00:00,158.33544,158.39942,158.33015,158.36447,
2026-05-14 23:00:00,158.3689,158.44404,158.32697,158.35719,
2026-05-15 00:00:00,158.36717,158.50539,158.35813,158.46702,
2026-05-15 01:00:00,158.46727,158.56022,158.43028,158.52192,
2026-05-15 02:00:00,158.51589,158.57601,158.46372,158.52052,
2026-05-15 03:00:00,158.51207,158.53638,158.48512,158.4969,
2026-05-15 04:00:00,158.49691,158.52681,158.48057,158.52033,
2026-05-15 05:00:00,158.51825,158.64255,158.51647,158.59477,
2026-05-15 06:00:00,158.59463,158.66514,158.44332,158.4661,
2026-05-15 07:00:00,158.4639,158.4682,158.35952,158.4345,
2026-05-15 08:00:00,158.42837,158.56989,158.41098,158.56814,
2026-05-15 09:00:00,158.56187,158.60266,158.48039,158.50552,
2026-05-15 10:00:00,158.4987,158.52334,158.33586,158.36446,
2026-05-15 11:00:00,158.36487,158.58599,158.35472,158.58253,
2026-05-15 12:00:00,158.57876,158.58181,158.52507,158.57473,
2026-05-15 13:00:00,158.57127,158.73985,158.54844,158.68465,
2026-05-15 14:00:00,158.6819,158.74144,158.60782,158.61225,
2026-05-15 15:00:00,158.61864,158.7481,158.57805,158.72879,
2026-05-15 16:00:00,158.72448,158.74268,158.6747,158.70309,
2026-05-15 17:00:00,158.70028,158.72696,158.65631,158.71871,
2026-05-15 18:00:00,158.71643,158.75364,158.70167,158.72368,
2026-05-15 19:00:00,158.72227,158.78816,158.69782,158.78486,
2026-05-15 20:00:00,158.77764,158.84713,158.74722,158.77675,
2026-05-15 21:00:00,158.77636,158.78011,158.69067,158.73369,
2026-05-15 22:00:00,158.73387,158.74575,158.65631,158.74335,
2026-05-15 23:00:00,158.73971,158.74704,158.66155,158.74349,
2026-05-16 00:00:00,158.73979,158.77264,158.66941,158.76386,
2026-05-16 01:00:00,158.765,158.77218,158.70906,158.76383,
2026-05-16 02:00:00,158.76502,158.77376,158.70883,158.76612,
2026-05-16 03:00:00,158.76193,158.809,158.7193,158.73543,
2026-05-16 04:00:00,158.74106,158.77748,158.6986,158.76467,
2026-05-16 05:00:00,158.76502,158.7778,158.69618,158.76689,
2026-05-16 06:00:00,158.76485,158.78495,158.7109,158.76641,
2026-05-16 07:00:00,158.76501,158.7756,158.70753,158.76227,
2026-05-16 08:00:00,158.76034,158.77215,158.75231,158.76702,
2026-05-16 09:00:00,158.765,158.77998,158.74257,158.76745,
2026-05-16 10:00:00,158.76487,158.77208,158.75252,158.76787,
2026-05-16 11:00:00,158.76482,158.77206,158.75416,158.76835,
2026-05-16 12:00:00,158.76499,158.77706,158.74922,158.7551,
2026-05-16 13:00:00,158.75289,158.77461,158.74955,158.76835,
2026-05-16 14:00:00,158.76478,158.77213,158.75292,158.76839,
2026-05-16 15:00:00,158.76499,158.77482,158.74735,158.75646,
2026-05-16 16:00:00,158.75338,158.81028,158.67217,158.76775,
2026-05-16 17:00:00,158.76509,158.80347,158.69914,158.76709,
2026-05-16 18:00:00,158.76585,158.77043,158.6773,158.75195,
2026-05-16 19:00:00,158.7493,158.77394,158.6906,158.71673,
2026-05-16 20:00:00,158.71345,158.71992,158.63356,158.71026,
2026-05-16 21:00:00,158.70652,158.77422,158.63324,158.76476,
2026-05-16 22:00:00,158.76503,158.79656,158.71124,158.76428,
2026-05-16 23:00:00,158.765,158.77495,158.71371,158.76749,
2026-05-17 00:00:00,158.76282,158.77548,158.74338,158.76183,
2026-05-17 01:00:00,158.76301,158.76974,158.72768,158.74709,
2026-05-17 02:00:00,158.74824,158.7745,158.73599,158.76393,
2026-05-17 03:00:00,158.76492,158.77729,158.74927,158.76434,
2026-05-17 04:00:00,158.765,158.77956,158.73453,158.76684,
2026-05-17 05:00:00,158.76426,158.77201,158.74672,158.76504,
2026-05-17 06:00:00,158.76323,158.78964,158.72998,158.76266,
2026-05-17 07:00:00,158.7604,158.80127,158.72871,158.75888,
2026-05-17 08:00:00,158.75606,158.77057,158.74272,158.74733,
2026-05-17 09:00:00,158.74508,158.74957,158.71853,158.7237,
2026-05-17 10:00:00,158.72089,158.72803,158.71851,158.7241,
2026-05-17 11:00:00,158.72089,158.8058,158.62755,158.63343,
2026-05-17 12:00:00,158.62991,158.63704,158.62753,158.63347,
2026-05-17 13:00:00,158.62991,158.80594,158.61389,158.62352,
2026-05-17 14:00:00,158.62009,158.84015,158.6096,158.76868,
2026-05-17 15:00:00,158.76538,158.86306,158.63964,158.76798,
2026-05-17 16:00:00,158.765,158.81192,158.66886,158.76743,
2026-05-17 17:00:00,158.76493,158.80585,158.6999,158.7672,
2026-05-17 18:00:00,158.765,158.81155,158.66458,158.72467,
2026-05-17 19:00:00,158.72448,158.787,158.51892,158.60359,
2026-05-17 20:00:00,158.61341,158.72185,158.54419,158.68471,
2026-05-17 21:00:00,158.68791,158.77885,158.5656,158.66593,
2026-05-17 22:00:00,158.66781,158.81148,158.63959,158.79538,
2026-05-17 23:00:00,158.79626,158.88904,158.78245,158.8752,
2026-05-18 00:00:00,158.87398,158.95093,158.81762,158.93847,
2026-05-18 01:00:00,158.93928,158.95643,158.87739,158.9109,
2026-05-18 02:00:00,158.91886,158.94718,158.89538,158.92222,
2026-05-18 03:00:00,158.92266,159.03824,158.91279,159.01714,
2026-05-18 04:00:00,159.02422,159.06798,158.95361,158.98439,
2026-05-18 05:00:00,158.9767,159.00325,158.90682,158.96207,
2026-05-18 06:00:00,158.95838,158.97217,158.83714,158.89115,
2026-05-18 07:00:00,158.88952,158.98989,158.81599,158.91556,
2026-05-18 08:00:00,158.90944,158.93842,158.79597,158.82813,
2026-05-18 09:00:00,158.82497,158.93394,158.80824,158.92962,
2026-05-18 10:00:00,158.92726,158.95242,158.90546,158.92575,
2026-05-18 11:00:00,158.92077,158.97513,158.73461,158.84246,
2026-05-18 12:00:00,158.83874,158.85458,158.6303,158.71289,
2026-05-18 13:00:00,158.70857,158.78016,158.66339,158.7323,
2026-05-18 14:00:00,158.71257,158.91526,158.71253,158.85083,
2026-05-18 15:00:00,158.84785,158.93324,158.80598,158.82517,
2026-05-18 16:00:00,158.81491,158.94628,158.76598,158.92457,
2026-05-18 17:00:00,158.92449,158.94251,158.88944,158.92026,
2026-05-18 18:00:00,158.91817,159.06855,158.91499,159.06118,
2026-05-18 19:00:00,159.04457,159.12201,158.83603,158.87685,
2026-05-18 20:00:00,158.86391,158.88626,158.79136,158.85335,
2026-05-18 21:00:00,158.85515,158.86575,158.75689,158.76987,
2026-05-18 22:00:00,158.76706,158.83638,158.76314,158.83325,
2026-05-18 23:00:00,158.82905,158.87931,158.8022,158.87463,
2026-05-19 00:00:00,158.86799,159.01459,158.86405,159.00429,
2026-05-19 01:00:00,159.00434,159.02975,158.89975,158.9799,
2026-05-19 02:00:00,158.97184,159.0107,158.95652,158.96847,
2026-05-19 03:00:00,158.96954,158.99515,158.93758,158.95771,
2026-05-19 04:00:00,158.9589,159.00241,158.92464,159.00017,
2026-05-19 05:00:00,158.99658,159.02684,158.96222,159.02566,
2026-05-19 06:00:00,159.02335,159.1034,159.01166,159.07264,
2026-05-19 07:00:00,159.06842,159.14759,159.02018,159.05468,
2026-05-19 08:00:00,159.0512,159.1408,159.01393,159.1385,
2026-05-19 09:00:00,159.13214,159.17797,159.07504,159.07907,
2026-05-19 10:00:00,159.08298,159.17946,159.06355,159.11164,
2026-05-19 11:00:00,159.10896,159.14058,159.08519,159.13219,
2026-05-19 12:00:00,159.12423,159.16612,158.82527,159.0461,
2026-05-19 13:00:00,159.03195,159.19421,159.02065,159.04855,
2026-05-19 14:00:00,159.04555,159.24221,159.02183,159.06687,
2026-05-19 15:00:00,159.08725,159.16652,159.03293,159.11088,
2026-05-19 16:00:00,159.10436,159.17362,158.78877,158.81564,
2026-05-19 17:00:00,158.81568,158.8927,158.7855,158.8644,
2026-05-19 18:00:00,158.86135,159.09321,158.86006,159.04572,
2026-05-19 19:00:00,159.04706,159.0825,159.00688,159.03781,
2026-05-19 20:00:00,159.03974,159.10011,159.03974,159.08635,
2026-05-19 21:00:00,159.08527,159.09376,159.03253,159.07274,
2026-05-19 22:00:00,159.07312,159.10707,159.06497,159.0756,
2026-05-19 23:00:00,159.07619,159.07637,158.99785,159.05097,
2026-05-20 00:00:00,159.0395,159.10269,158.96838,159.01709,
2026-05-20 01:00:00,159.01837,159.09298,158.98705,159.05081,
2026-05-20 02:00:00,159.04684,159.05294,158.9024,158.93069,
2026-05-20 03:00:00,158.92699,158.95582,158.85731,158.87968,
2026-05-20 04:00:00,158.87704,159.00343,158.84045,158.97794,
2026-05-20 05:00:00,158.98136,158.99294,158.92318,158.98998,
2026-05-20 06:00:00,158.98906,159.00477,158.8778,158.97641,
2026-05-20 07:00:00,158.979,159.05888,158.93924,159.04826,
2026-05-20 08:00:00,159.04012,159.10933,159.0106,159.05868,
2026-05-20 09:00:00,159.05576,159.0807,158.99745,159.0704,
2026-05-20 10:00:00,159.06771,159.07481,158.9728,158.99496,
2026-05-20 11:00:00,158.99472,159.05378,158.97344,159.04566,
2026-05-20 12:00:00,159.04275,159.04572,158.98974,159.01202,
2026-05-20 13:00:00,159.01136,159.10303,159.01136,159.09947,
2026-05-20 14:00:00,159.08615,159.17332,158.81332,158.84727,
2026-05-20 15:00:00,158.83876,158.9267,158.58506,158.84839,
2026-05-20 16:00:00,158.83819,158.91408,158.75953,158.85812,
2026-05-20 17:00:00,158.85095,158.93245,158.83265,158.93052,
2026-05-20 18:00:00,158.92703,158.96085,158.79687,158.84046,
2026-05-20 19:00:00,158.83162,158.89556,158.81019,158.86424,
2026-05-20 20:00:00,158.86662,158.93783,158.85639,158.93592,
2026-05-20 21:00:00,158.93237,158.93441,158.8443,158.86206,
2026-05-20 22:00:00,158.8592,158.87937,158.83842,158.8426,
2026-05-20 23:00:00,158.84676,158.92332,158.8268,158.88457,
2026-05-21 00:00:00,158.88624,158.92606,158.86211,158.86963,
2026-05-21 01:00:00,158.87023,158.90241,158.82895,158.89654,
2026-05-21 02:00:00,158.89158,158.98052,158.8614,158.97591,
2026-05-21 03:00:00,158.96939,158.99146,158.92709,158.97518,
2026-05-21 04:00:00,158.97535,159.00208,158.95044,159.00081,
2026-05-21 05:00:00,158.9989,159.05348,158.97792,159.00822,
2026-05-21 06:00:00,159.00871,159.07712,159.00116,159.06024,
2026-05-21 07:00:00,159.06205,159.0894,159.00789,159.03647,
2026-05-21 08:00:00,159.04513,159.04513,158.91711,158.98791,
2026-05-21 09:00:00,158.98541,158.99416,158.92473,158.98186,
2026-05-21 10:00:00,158.97892,159.1421,158.96569,159.11776,
2026-05-21 11:00:00,159.11697,159.17255,159.05044,159.16888,
2026-05-21 12:00:00,159.166,159.18702,159.10184,159.16079,
2026-05-21 13:00:00,159.15598,159.3454,159.14067,159.21725,
2026-05-21 14:00:00,159.21134,159.26438,159.13425,159.17595,
2026-05-21 15:00:00,159.17214,159.26079,159.1518,159.18802,
2026-05-21 16:00:00,159.19349,159.20212,159.12924,159.15809,
2026-05-21 17:00:00,159.15595,159.18344,158.82485,158.86956,
2026-05-21 18:00:00,158.85611,159.0963,158.85386,159.0777,
2026-05-21 19:00:00,159.08036,159.08734,158.88826,158.89109,
2026-05-21 20:00:00,158.89691,159.0086,158.89691,158.99722,
2026-05-21 21:00:00,158.99769,158.99909,158.9086,158.96862,
2026-05-21 22:00:00,158.96593,159.02744,158.96188,158.99672,
2026-05-21 23:00:00,159.00028,159.04291,158.98453,159.04074,
2026-05-22 00:00:00,159.03616,159.12089,159.02512,159.07505,
2026-05-22 01:00:00,159.08105,159.1251,159.05892,159.1018,
2026-05-22 02:00:00,159.09841,159.10387,159.00964,159.05202,
2026-05-22 03:00:00,159.05345,159.06518,159.01402,159.03686,
2026-05-22 04:00:00,159.03826,159.07633,159.00966,159.0742,
2026-05-22 05:00:00,159.07052,159.1424,159.05812,159.12748,
2026-05-22 06:00:00,159.12878,159.13446,159.07286,159.11172,
2026-05-22 07:00:00,159.10946,159.14727,159.10946,159.13674,
2026-05-22 08:00:00,159.13505,159.13656,159.07068,159.09351,
2026-05-22 09:00:00,159.09135,159.14829,159.08226,159.1167,
2026-05-22 10:00:00,159.11132,159.13497,159.0852,159.13018,
2026-05-22 11:00:00,159.12675,159.14669,159.11881,159.14062,
2026-05-22 12:00:00,159.13683,159.16232,159.09012,159.11233,
2026-05-22 13:00:00,159.10759,159.13825,159.00778,159.12879,
2026-05-22 14:00:00,159.12385,159.17661,159.09311,159.10823,
2026-05-22 15:00:00,159.10988,159.23279,159.09796,159.21181,
2026-05-22 16:00:00,159.21875,159.23742,159.16214,159.18918,
2026-05-22 17:00:00,159.18678,159.19062,159.06162,159.12565,
2026-05-22 18:00:00,159.12619,159.16817,159.1091,159.1339,
2026-05-22 19:00:00,159.13049,159.17108,159.10916,159.16969,
2026-05-22 20:00:00,159.16643,159.21602,159.15073,159.20212,
2026-05-22 21:00:00,159.20363,159.20811,159.14764,159.17797,
2026-05-22 22:00:00,159.17954,159.19328,159.14651,159.17005,
2026-05-22 23:00:00,159.16653,159.17803,159.13494,159.1505,
2026-05-23 00:00:00,159.15135,159.21713,159.14014,159.2088,
2026-05-23 01:00:00,159.20999,159.21715,159.18948,159.20884,
2026-05-23 02:00:00,159.20999,159.21721,159.18964,159.2089,
2026-05-23 03:00:00,159.20985,159.21719,159.18668,159.20944,
2026-05-23 04:00:00,159.21003,159.21702,159.18476,159.20988,
2026-05-23 05:00:00,159.21,159.21718,159.18829,159.21166,
2026-05-23 06:00:00,159.20992,159.22009,159.19359,159.21113,
2026-05-23 07:00:00,159.20999,159.21721,159.19295,159.21144,
2026-05-23 08:00:00,159.20973,159.21742,159.20061,159.21228,
2026-05-23 09:00:00,159.20999,159.21716,159.20679,159.21282,
2026-05-23 10:00:00,159.21,159.21715,159.2004,159.21319,
2026-05-23 11:00:00,159.20997,159.21713,159.19983,159.21347,
2026-05-23 12:00:00,159.20999,159.21711,159.20697,159.21276,
2026-05-23 13:00:00,159.20917,159.21707,159.19764,159.21199,
2026-05-23 14:00:00,159.20848,159.2162,159.20132,159.20693,
2026-05-23 15:00:00,159.20365,159.21079,159.19564,159.20229,
2026-05-23 16:00:00,159.1994,159.21734,159.19525,159.21241,
2026-05-23 17:00:00,159.20999,159.21991,159.20279,159.21184,
2026-05-23 18:00:00,159.21004,159.21779,159.20008,159.21279,
2026-05-23 19:00:00,159.20989,159.22028,159.2066,159.21315,
2026-05-23 20:00:00,159.20973,159.21909,159.1993,159.2087,
2026-05-23 21:00:00,159.2087,159.21966,159.20012,159.20923,
2026-05-23 22:00:00,159.20974,159.21741,159.2074,159.20912,
2026-05-23 23:00:00,159.21,159.2201,159.19795,159.20735,
2026-05-24 00:00:00,159.20847,159.21629,159.20545,159.20793,
2026-05-24 01:00:00,159.20912,159.21608,159.19798,159.20153,
2026-05-24 02:00:00,159.20263,159.21683,159.19925,159.20913,
2026-05-24 03:00:00,159.20998,159.21716,159.20698,159.20954,
2026-05-24 04:00:00,159.21,159.21716,159.19994,159.21199,
2026-05-24 05:00:00,159.20979,159.21712,159.20718,159.21126,
2026-05-24 06:00:00,159.20972,159.21713,159.19995,159.21093,
2026-05-24 07:00:00,159.20966,159.21748,159.1998,159.21177,
2026-05-24 08:00:00,159.20987,159.21711,159.20668,159.21236,
2026-05-24 09:00:00,159.20989,159.21662,159.20548,159.21081,
2026-05-24 10:00:00,159.20786,159.21502,159.20547,159.21117,
2026-05-24 11:00:00,159.20786,159.21502,159.19738,159.20424,
2026-05-24 12:00:00,159.20071,159.20782,159.19771,159.20367,
2026-05-24 13:00:00,159.20009,159.2123,159.19601,159.20246,
2026-05-24 14:00:00,159.199,159.23569,159.1737,159.215,
2026-05-24 15:00:00,159.2118,159.21819,159.19896,159.206,
2026-05-24 16:00:00,159.20323,159.21688,159.19847,159.20328,
2026-05-24 17:00:00,159.20105,159.21715,159.18484,159.21249,
2026-05-24 18:00:00,159.20999,159.46915,158.72004,159.18093,
2026-05-24 19:00:00,159.14093,159.24594,158.71121,158.95974,
2026-05-24 20:00:00,158.93154,159.13572,158.73324,158.94744,
2026-05-24 21:00:00,158.92922,159.00939,158.79468,158.87188,
2026-05-24 22:00:00,158.87657,158.94118,158.81043,158.88413,
2026-05-24 23:00:00,158.88018,158.9646,158.8504,158.96226,
2026-05-25 00:00:00,158.95885,158.96428,158.84301,158.91619,
2026-05-25 01:00:00,158.90488,158.93739,158.7515,158.88124,
2026-05-25 02:00:00,158.87895,158.88371,158.83846,158.8535,
2026-05-25 03:00:00,158.85476,158.8945,158.841,158.89053,
2026-05-25 04:00:00,158.88999,158.92339,158.85461,158.86524,
2026-05-25 05:00:00,158.86236,158.93513,158.84629,158.93259,
2026-05-25 06:00:00,158.92945,158.93823,158.89915,158.92288,
2026-05-25 07:00:00,158.92012,159.04201,158.91,158.9944,
2026-05-25 08:00:00,158.98957,158.99481,158.91666,158.93197,
2026-05-25 09:00:00,158.92743,158.94876,158.90582,158.93746,
2026-05-25 10:00:00,158.93382,158.9587,158.92419,158.95268,
2026-05-25 11:00:00,158.94958,158.96387,158.90409,158.93684,
2026-05-25 12:00:00,158.93123,158.94625,158.8802,158.90935,
2026-05-25 13:00:00,158.90577,158.92719,158.89367,158.91869,
2026-05-25 14:00:00,158.91842,158.92697,158.89625,158.92459,
2026-05-25 15:00:00,158.92207,158.94804,158.88491,158.89975,
2026-05-25 16:00:00,158.89786,158.92565,158.89158,158.90631,
2026-05-25 17:00:00,158.90498,158.91367,158.88509,158.90235,
2026-05-25 18:00:00,158.899,158.9134,158.88985,158.90981,
2026-05-25 19:00:00,158.90601,158.92651,158.89416,158.918,
2026-05-25 20:00:00,158.91807,158.94644,158.91068,158.93242,
2026-05-25 21:00:00,158.92832,158.93785,158.86608,158.89845,
2026-05-25 22:00:00,158.89523,158.96644,158.88919,158.93173,
2026-05-25 23:00:00,158.92793,158.97041,158.91329,158.95862,
2026-05-26 00:00:00,158.9543,158.99699,158.93813,158.96799,
2026-05-26 01:00:00,158.97027,159.00402,158.95449,158.97072,
2026-05-26 02:00:00,158.96678,158.98608,158.94108,158.95818,
2026-05-26 03:00:00,158.95739,158.95739,158.91542,158.9346,
2026-05-26 04:00:00,158.93621,159.00697,158.93621,159.00384,
2026-05-26 05:00:00,158.99737,159.03513,158.97792,159.02883,
2026-05-26 06:00:00,159.02736,159.12086,159.02658,159.10404,
2026-05-26 07:00:00,159.09722,159.20538,159.09722,159.20102,
2026-05-26 08:00:00,159.19872,159.24324,159.1961,159.21739,
2026-05-26 09:00:00,159.21442,159.22503,159.1642,159.17058,
2026-05-26 10:00:00,159.16748,159.18157,159.11687,159.1456,
2026-05-26 11:00:00,159.14201,159.21673,159.14027,159.20051,
2026-05-26 12:00:00,159.19673,159.22667,159.19515,159.22458,
2026-05-26 13:00:00,159.22016,159.30238,159.2171,159.2808,
2026-05-26 14:00:00,159.27722,159.32499,159.2338,159.32297,
2026-05-26 15:00:00,159.3158,159.37679,159.30703,159.37063,
2026-05-26 16:00:00,159.36781,159.37035,159.28479,159.31091,
2026-05-26 17:00:00,159.31213,159.38223,159.28548,159.38022,
2026-05-26 18:00:00,159.3787,159.3787,159.30594,159.33295,
2026-05-26 19:00:00,159.32593,159.35082,159.30384,159.30707,
2026-05-26 20:00:00,159.30893,159.3407,159.29721,159.31182,
2026-05-26 21:00:00,159.30989,159.32364,159.29335,159.29776,
2026-05-26 22:00:00,159.30079,159.30764,159.27234,159.27554,
2026-05-26 23:00:00,159.27569,159.28249,159.21047,159.24386,
2026-05-27 00:00:00,159.25063,159.30548,159.17856,159.27024,
2026-05-27 01:00:00,159.27368,159.30668,159.22683,159.30419,
2026-05-27 02:00:00,159.3006,159.30714,159.22911,159.23384,
2026-05-27 03:00:00,159.23229,159.2338,159.19178,159.20869,
2026-05-27 04:00:00,159.20993,159.25334,159.20586,159.24779,
2026-05-27 05:00:00,159.24382,159.34762,159.24382,159.33931,
2026-05-27 06:00:00,159.33978,159.37885,159.29946,159.35707,
2026-05-27 07:00:00,159.35231,159.36439,159.31383,159.35149,
2026-05-27 08:00:00,159.33957,159.44657,159.32783,159.39373,
2026-05-27 09:00:00,159.39406,159.40234,159.32257,159.34876,
2026-05-27 10:00:00,159.34329,159.39797,159.34329,159.39241,
2026-05-27 11:00:00,159.38922,159.45405,159.37946,159.45081,
2026-05-27 12:00:00,159.44736,159.45142,159.27413,159.40333,
2026-05-27 13:00:00,159.39605,159.43889,159.39056,159.40204,
2026-05-27 14:00:00,159.39879,159.50413,159.37161,159.50307,
2026-05-27 15:00:00,159.49965,159.53563,159.445,159.48989,
2026-05-27 16:00:00,159.48695,159.5319,159.46588,159.50803,
2026-05-27 17:00:00,159.5062,159.58495,159.49763,159.52465,
2026-05-27 18:00:00,159.51866,159.55625,159.50244,159.50434,
2026-05-27 19:00:00,159.50597,159.55457,159.49992,159.54947,
2026-05-27 20:00:00,159.54635,159.54719,159.51135,159.52655,
2026-05-27 21:00:00,159.52548,159.52548,159.4514,159.47168,
2026-05-27 22:00:00,159.46274,159.52097,159.46274,159.51268,
2026-05-27 23:00:00,159.51293,159.58152,159.49221,159.5777,
2026-05-28 00:00:00,159.5722,159.60454,159.5481,159.57017,
2026-05-28 01:00:00,159.57278,159.59798,159.54374,159.58593,
2026-05-28 02:00:00,159.58891,159.60742,159.5316,159.56761,
2026-05-28 03:00:00,159.56878,159.65575,159.54717,159.6279,
2026-05-28 04:00:00,159.63024,159.63564,159.53097,159.5829,
2026-05-28 05:00:00,159.58371,159.58559,159.5372,159.56487,
2026-05-28 06:00:00,159.56043,159.57884,159.47411,159.4876,
2026-05-28 07:00:00,159.48381,159.52686,159.44337,159.49033,
2026-05-28 08:00:00,159.48844,159.53108,159.45264,159.4729,
2026-05-28 09:00:00,159.46962,159.46962,159.38964,159.4224,
2026-05-28 10:00:00,159.4193,159.4634,159.38418,159.46022,
2026-05-28 11:00:00,159.45515,159.47253,159.42574,159.4651,
2026-05-28 12:00:00,159.46153,159.47739,159.32423,159.3636,
2026-05-28 13:00:00,159.35051,159.46028,159.33561,159.45878,
2026-05-28 14:00:00,159.45485,159.49419,159.19247,159.25886,
2026-05-28 15:00:00,159.256,159.29609,159.19587,159.2892,
2026-05-28 16:00:00,159.28686,159.33132,159.14464,159.17185,
2026-05-28 17:00:00,159.16846,159.2382,159.1626,159.20769,
2026-05-28 18:00:00,159.20795,159.28741,159.19044,159.26606,
2026-05-28 19:00:00,159.26006,159.2902,159.21119,159.25257,
2026-05-28 20:00:00,159.24843,159.27937,159.24158,159.24842,
2026-05-28 21:00:00,159.24988,159.26576,159.18267,159.24058,
2026-05-28 22:00:00,159.24569,159.28339,159.23342,159.27008,
2026-05-28 23:00:00,159.26452,159.28225,159.22035,159.26781,
2026-05-29 00:00:00,159.26983,159.32681,159.25555,159.30866,
2026-05-29 01:00:00,159.30886,159.33464,159.26064,159.32745,
2026-05-29 02:00:00,159.32352,159.3291,159.27774,159.31228,
2026-05-29 03:00:00,159.30599,159.37266,159.30599,159.36339,
2026-05-29 04:00:00,159.36457,159.38362,159.30626,159.30696,
2026-05-29 05:00:00,159.30756,159.33425,159.29038,159.3302,
2026-05-29 06:00:00,159.32888,159.33276,159.20425,159.21595,
2026-05-29 07:00:00,159.21338,159.3161,159.20845,159.28163,
2026-05-29 08:00:00,159.29044,159.32343,159.21598,159.30953,
2026-05-29 09:00:00,159.30554,159.30554,159.241,159.29419,
2026-05-29 10:00:00,159.29073,159.32346,159.26995,159.2936,
2026-05-29 11:00:00,159.29017,159.30055,159.25553,159.26954,
2026-05-29 12:00:00,159.26534,159.30486,159.25083,159.27442,
2026-05-29 13:00:00,159.27141,159.30452,159.25366,159.29089,
2026-05-29 14:00:00,159.28976,159.36233,159.17911,159.18957,
2026-05-29 15:00:00,159.18805,159.25193,159.10164,159.23602,
2026-05-29 16:00:00,159.23614,159.25439,159.18415,159.21362,
2026-05-29 17:00:00,159.21237,159.2892,159.19152,159.28566,
2026-05-29 18:00:00,159.2784,159.30339,159.22847,159.25317,
2026-05-29 19:00:00,159.24394,159.27762,159.2242,159.26457,
2026-05-29 20:00:00,159.26103,159.28658,159.25318,159.25836,
2026-05-29 21:00:00,159.26462,159.3079,159.25641,159.29537,
2026-05-29 22:00:00,159.29639,159.29942,159.27355,159.28676,
2026-05-29 23:00:00,159.28805,159.29551,159.28123,159.28678,
2026-05-30 00:00:00,159.28805,159.29435,159.28277,159.28407,
2026-05-30 01:00:00,159.28505,159.29702,159.2792,159.28436,
2026-05-30 02:00:00,159.28501,159.29476,159.28158,159.28564,
2026-05-30 03:00:00,159.28619,159.29706,159.28004,159.28684,
2026-05-30 04:00:00,159.28503,159.29615,159.28061,159.28626,
2026-05-30 05:00:00,159.28506,159.29429,159.28198,159.28675,
2026-05-30 06:00:00,159.28513,159.29415,159.28223,159.28727,
2026-05-30 07:00:00,159.28505,159.29764,159.27899,159.29007,
2026-05-30 08:00:00,159.28743,159.29752,159.27922,159.28821,
2026-05-30 09:00:00,159.28504,159.29437,159.28055,159.2885,
2026-05-30 10:00:00,159.28505,159.29654,159.28063,159.28875,
2026-05-30 11:00:00,159.28519,159.29549,159.27928,159.28854,
2026-05-30 12:00:00,159.28501,159.29524,159.28145,159.29224,
2026-05-30 13:00:00,159.28916,159.29327,159.28015,159.28737,
2026-05-30 14:00:00,159.28439,159.29601,159.27993,159.2875,
2026-05-30 15:00:00,159.285,159.29588,159.28088,159.28755,
2026-05-30 16:00:00,159.28543,159.29385,159.27307,159.28782,
2026-05-30 17:00:00,159.28501,159.2946,159.27307,159.29148,
2026-05-30 18:00:00,159.2852,159.29431,159.27385,159.28569,
2026-05-30 19:00:00,159.28581,159.29623,159.27363,159.2851,
2026-05-30 20:00:00,159.28553,159.29356,159.27325,159.28482,
2026-05-30 21:00:00,159.28561,159.29601,159.27316,159.28391,
2026-05-30 22:00:00,159.285,159.29575,159.27312,159.28381,
2026-05-30 23:00:00,159.285,159.29688,159.27446,159.28439,
2026-05-31 00:00:00,159.28552,159.29466,159.28262,159.2841,
2026-05-31 01:00:00,159.285,159.29514,159.28134,159.2855,
2026-05-31 02:00:00,159.28597,159.29398,159.28262,159.28498,
2026-05-31 03:00:00,159.28501,159.29497,159.28158,159.28662,
2026-05-31 04:00:00,159.28499,159.29391,159.28264,159.2866,
2026-05-31 05:00:00,159.28542,159.29592,159.28084,159.28681,
2026-05-31 06:00:00,159.285,159.29598,159.28078,159.28899,
2026-05-31 07:00:00,159.28666,159.29328,159.28261,159.2879,
2026-05-31 08:00:00,159.28501,159.29577,159.27976,159.28827,
2026-05-31 09:00:00,159.285,159.29538,159.28133,159.28893,
2026-05-31 10:00:00,159.28545,159.29219,159.28226,159.28858,
2026-05-31 11:00:00,159.285,159.32705,159.27996,159.28855,
2026-05-31 12:00:00,159.28506,159.29217,159.27996,159.28824,
2026-05-31 13:00:00,159.285,159.33433,159.27667,159.28784,
2026-05-31 14:00:00,159.285,159.32198,159.26032,159.28618,
2026-05-31 15:00:00,159.28381,159.32539,159.2568,159.28741,
2026-05-31 16:00:00,159.285,159.32609,159.26574,159.28802,
2026-05-31 17:00:00,159.28503,159.29215,159.26604,159.2885,
2026-05-31 18:00:00,159.285,159.46132,159.25256,159.31442,
2026-05-31 19:00:00,159.29951,159.38222,159.24928,159.29689,
2026-05-31 20:00:00,159.29467,159.40193,159.27423,159.34671,
2026-05-31 21:00:00,159.3415,159.39262,159.31992,159.35755,
2026-05-31 22:00:00,159.35925,159.43223,159.34279,159.38042,
2026-05-31 23:00:00,159.38733,159.39711,159.32597,159.36803,
2026-06-01 00:00:00,159.36309,159.46879,159.36287,159.46319,
2026-06-01 01:00:00,159.46073,159.50123,159.45726,159.49348,
2026-06-01 02:00:00,159.49399,159.50153,159.45518,159.45803,
2026-06-01 03:00:00,159.45959,159.48796,159.44825,159.48179,
2026-06-01 04:00:00,159.48003,159.49067,159.46397,159.4699,
2026-06-01 05:00:00,159.46889,159.48068,159.44338,159.47102,
2026-06-01 06:00:00,159.46952,159.50408,159.42937,159.43308,
2026-06-01 07:00:00,159.43836,159.48742,159.42316,159.46874,
2026-06-01 08:00:00,159.47036,159.47728,159.44004,159.46761,
2026-06-01 09:00:00,159.46227,159.48629,159.4487,159.46808,
2026-06-01 10:00:00,159.46479,159.48465,159.44289,159.46144,
2026-06-01 11:00:00,159.45807,159.49279,159.45451,159.48996,
2026-06-01 12:00:00,159.4859,159.49658,159.44349,159.49389,
2026-06-01 13:00:00,159.49099,159.74319,159.48592,159.7418,
2026-06-01 14:00:00,159.73857,159.75138,159.68123,159.74057,
2026-06-01 15:00:00,159.73792,159.73792,159.619,159.66477,
2026-06-01 16:00:00,159.66269,159.71324,159.59006,159.6093,
2026-06-01 17:00:00,159.60653,159.67989,159.58997,159.64058,
2026-06-01 18:00:00,159.638,159.74535,159.62019,159.73983,
2026-06-01 19:00:00,159.72927,159.75893,159.65428,159.69962,
2026-06-01 20:00:00,159.70029,159.70029,159.66376,159.67768,
2026-06-01 21:00:00,159.67565,159.68867,159.60003,159.63892,
2026-06-01 22:00:00,159.63045,159.66707,159.63045,159.65869,
2026-06-01 23:00:00,159.65116,159.66601,159.62653,159.64692,
2026-06-02 00:00:00,159.64809,159.72947,159.64345,159.6819,
2026-06-02 01:00:00,159.68455,159.72428,159.64708,159.7061,
2026-06-02 02:00:00,159.70864,159.72465,159.68622,159.71934,
2026-06-02 03:00:00,159.71616,159.72778,159.69674,159.72355,
2026-06-02 04:00:00,159.72374,159.7314,159.71466,159.72276,
2026-06-02 05:00:00,159.71949,159.74873,159.71418,159.74479,
2026-06-02 06:00:00,159.74276,159.75073,159.69504,159.71022,
2026-06-02 07:00:00,159.70834,159.73207,159.69871,159.70691,
2026-06-02 08:00:00,159.70433,159.75107,159.65427,159.74681,
2026-06-02 09:00:00,159.74384,159.75581,159.70819,159.74576,
2026-06-02 10:00:00,159.74137,159.75653,159.71944,159.7349,
2026-06-02 11:00:00,159.73159,159.75088,159.71467,159.74814,
2026-06-02 12:00:00,159.74386,159.79184,159.74211,159.78974,
2026-06-02 13:00:00,159.78622,159.84012,159.77403,159.80599,
2026-06-02 14:00:00,159.80836,159.87693,159.77095,159.876,
2026-06-02 15:00:00,159.871,159.90438,159.866,159.88515,
2026-06-02 16:00:00,159.8907,159.95136,159.87641,159.91992,
2026-06-02 17:00:00,159.91826,159.97297,159.89534,159.96867,
2026-06-02 18:00:00,159.96645,159.99437,159.90433,159.90974,
2026-06-02 19:00:00,159.91011,159.95422,159.8905,159.94208,
2026-06-02 20:00:00,159.94277,159.95166,159.91915,159.93617,
2026-06-02 21:00:00,159.93628,159.94732,159.88041,159.92017,
2026-06-02 22:00:00,159.92194,159.96673,159.89941,159.96128,
2026-06-02 23:00:00,159.95344,160.00159,159.95344,159.97742,
2026-06-03 00:00:00,159.97863,159.98644,159.8992,159.93857,
2026-06-03 01:00:00,159.94098,159.94692,159.81908,159.87183,
2026-06-03 02:00:00,159.86981,159.88461,159.84018,159.87782,
2026-06-03 03:00:00,159.87819,159.90932,159.87496,159.8881,
2026-06-03 04:00:00,159.88862,159.90462,159.87687,159.89156,
2026-06-03 05:00:00,159.89192,159.933,159.88021,159.93076,
2026-06-03 06:00:00,159.92824,159.9815,159.90809,159.97901,
2026-06-03 07:00:00,159.97596,159.99733,159.59976,159.69132,
2026-06-03 08:00:00,159.68284,159.82295,159.39599,159.76081,
2026-06-03 09:00:00,159.75825,159.88388,159.74618,159.80727,
2026-06-03 10:00:00,159.81579,159.85226,159.68526,159.80357,
2026-06-03 11:00:00,159.79977,159.83408,159.78025,159.833,
2026-06-03 12:00:00,159.82602,159.93148,159.82602,159.92591,
2026-06-03 13:00:00,159.92303,159.98467,159.90349,159.97659,
2026-06-03 14:00:00,159.97305,159.99629,159.91532,159.93905,
2026-06-03 15:00:00,159.93966,160.0035,159.93966,159.99817,
2026-06-03 16:00:00,159.99575,160.05293,159.95436,159.99932,
2026-06-03 17:00:00,159.9974,160.04932,159.95563,160.0485,
2026-06-03 18:00:00,160.04521,160.06292,160.02185,160.03392,
2026-06-03 19:00:00,160.03098,160.0806,160.01331,160.07791,
2026-06-03 20:00:00,160.07256,160.09706,160.06003,160.09467,
2026-06-03 21:00:00,160.09094,160.09704,159.99741,160.02235,
2026-06-03 22:00:00,160.02253,160.07929,159.85638,159.9454,
2026-06-03 23:00:00,159.93528,159.98315,159.90992,159.9487,
2026-06-04 00:00:00,159.93974,159.96318,159.89283,159.9303,
2026-06-04 01:00:00,159.92812,159.93191,159.87708,159.88743,
2026-06-04 02:00:00,159.88847,159.91385,159.88242,159.90198,
2026-06-04 03:00:00,159.89958,159.99621,159.89833,159.97346,
2026-06-04 04:00:00,159.97143,159.99374,159.78587,159.87412,
2026-06-04 05:00:00,159.8701,159.93964,159.8683,159.89754,
2026-06-04 06:00:00,159.89295,159.92001,159.8305,159.9035,
2026-06-04 07:00:00,159.89773,159.92685,159.8728,159.91437,
2026-06-04 08:00:00,159.9111,159.91824,159.85974,159.88065,
2026-06-04 09:00:00,159.87753,159.89695,159.84164,159.86659,
2026-06-04 10:00:00,159.86247,159.89773,159.86001,159.89076,
2026-06-04 11:00:00,159.88708,159.88708,159.75555,159.77288,
2026-06-04 12:00:00,159.76942,159.86139,159.75951,159.86011,
2026-06-04 13:00:00,159.8526,159.9198,159.8526,159.91865,
2026-06-04 14:00:00,159.9155,159.997,159.89028,159.99646,
2026-06-04 15:00:00,159.99166,160.0282,159.96503,159.97549,
2026-06-04 16:00:00,159.97144,159.99976,159.94962,159.96705,
2026-06-04 17:00:00,159.96413,160.00601,159.95897,159.99702,
2026-06-04 18:00:00,159.99283,160.03587,159.97609,160.03283,
2026-06-04 19:00:00,160.02955,160.03761,160.00668,160.02629,
2026-06-04 20:00:00,160.02294,160.04653,160.01222,160.02686,
2026-06-04 21:00:00,160.02733,160.06166,159.94059,159.98924,
2026-06-04 22:00:00,159.98606,160.02468,159.98281,160.0064,
2026-06-04 23:00:00,160.00761,160.01398,159.97651,160.00108,
2026-06-05 00:00:00,159.99662,160.00494,159.9518,159.96839,
2026-06-05 01:00:00,159.96561,159.976,159.90308,159.96817,
2026-06-05 02:00:00,159.96273,159.97869,159.94391,159.97503,
2026-06-05 03:00:00,159.9697,159.99526,159.94669,159.96068,
2026-06-05 04:00:00,159.95973,159.97613,159.94485,159.9572,
2026-06-05 05:00:00,159.95764,159.97422,159.92399,159.96856,
2026-06-05 06:00:00,159.96634,159.97337,159.93234,159.9405,
2026-06-05 07:00:00,159.93861,159.94867,159.9155,159.9463,
2026-06-05 08:00:00,159.94017,159.957,159.92589,159.95182,
2026-06-05 09:00:00,159.94895,159.9643,159.90486,159.95182,
2026-06-05 10:00:00,159.94857,159.95587,159.90716,159.91479,
2026-06-05 11:00:00,159.91079,159.92438,159.83782,159.84521,
2026-06-05 12:00:00,159.84082,160.19963,159.84082,160.19607,
2026-06-05 13:00:00,160.1827,160.25159,159.83251,160.11783,
2026-06-05 14:00:00,160.1045,160.27591,160.07997,160.26086,
2026-06-05 15:00:00,160.25306,160.30144,160.25237,160.25508,
2026-06-05 16:00:00,160.2558,160.34647,160.2478,160.2713,
2026-06-05 17:00:00,160.27616,160.34415,160.25672,160.31587,
2026-06-05 18:00:00,160.31776,160.34197,160.10206,160.16766,
2026-06-05 19:00:00,160.16201,160.21155,160.13656,160.19332,
2026-06-05 20:00:00,160.19357,160.33353,160.18576,160.32998,
2026-06-05 21:00:00,160.32301,160.33663,160.26051,160.29038,
2026-06-05 22:00:00,160.2929,160.33796,160.21208,160.29263,
2026-06-05 23:00:00,160.28648,160.31838,160.20901,160.29558,
2026-06-06 00:00:00,160.29258,160.33717,160.25518,160.32878,
2026-06-06 01:00:00,160.32998,160.33718,160.25604,160.32884,
2026-06-06 02:00:00,160.32999,160.33774,160.25954,160.33278,
2026-06-06 03:00:00,160.32919,160.33718,160.24156,160.32946,
2026-06-06 04:00:00,160.33003,160.37149,160.25371,160.32991,
2026-06-06 05:00:00,160.33,160.61992,160.24002,160.33167,
2026-06-06 06:00:00,160.32996,160.33952,160.25595,160.3311,
2026-06-06 07:00:00,160.32998,160.36415,160.2578,160.33016,
2026-06-06 08:00:00,160.32837,160.33719,160.31082,160.33234,
2026-06-06 09:00:00,160.32999,160.33786,160.32095,160.33284,
2026-06-06 10:00:00,160.32997,160.3372,160.31832,160.33321,
2026-06-06 11:00:00,160.32995,160.4877,160.20288,160.33347,
2026-06-06 12:00:00,160.32995,160.3392,160.32165,160.3239,
2026-06-06 13:00:00,160.32407,160.36827,160.25036,160.33347,
2026-06-06 14:00:00,160.32993,160.3372,160.32172,160.33329,
2026-06-06 15:00:00,160.33,160.38474,160.2484,160.33208,
2026-06-06 16:00:00,160.32913,160.39072,160.24814,160.33155,
2026-06-06 17:00:00,160.32911,160.33919,160.31204,160.3318,
2026-06-06 18:00:00,160.33028,160.3371,160.24792,160.33288,
2026-06-06 19:00:00,160.3299,160.33715,160.3131,160.33348,
2026-06-06 20:00:00,160.33,160.33981,160.25207,160.33319,
2026-06-06 21:00:00,160.3291,160.33727,160.24796,160.32937,
2026-06-06 22:00:00,160.3299,160.33722,160.31233,160.3291,
2026-06-06 23:00:00,160.33,160.35325,160.24754,160.32848,
2026-06-07 00:00:00,160.32964,160.3396,160.32286,160.32779,
2026-06-07 01:00:00,160.33053,160.33966,160.32519,160.32805,
2026-06-07 02:00:00,160.32921,160.34329,160.32065,160.33526,
2026-06-07 03:00:00,160.3361,160.34318,160.32528,160.32958,
2026-06-07 04:00:00,160.33001,160.3401,160.32517,160.33191,
2026-06-07 05:00:00,160.32978,160.33721,160.32521,160.33151,
2026-06-07 06:00:00,160.33,160.34,160.32512,160.32999,
2026-06-07 07:00:00,160.32866,160.3412,160.32524,160.33197,
2026-06-07 08:00:00,160.33003,160.33724,160.32514,160.33252,
2026-06-07 09:00:00,160.33,160.33715,160.32514,160.33277,
2026-06-07 10:00:00,160.32976,160.33721,160.3276,160.33335,
2026-06-07 11:00:00,160.33,160.78891,159.58652,160.33294,
2026-06-07 12:00:00,160.32933,160.33721,160.3276,160.3336,
2026-06-07 13:00:00,160.33,161.00122,159.41905,159.84568,
2026-06-07 14:00:00,159.84285,160.3474,159.51883,160.33302,
2026-06-07 15:00:00,160.32982,160.86137,159.58844,160.33277,
2026-06-07 16:00:00,160.33001,160.34121,159.61928,160.33161,
2026-06-07 17:00:00,160.32936,160.33854,160.29637,160.33255,
2026-06-07 18:00:00,160.33,160.45252,159.58218,160.22033,
2026-06-07 19:00:00,160.2567,160.47299,160.13253,160.30656,
2026-06-07 20:00:00,160.30973,160.59007,160.07791,160.24402,
2026-06-07 21:00:00,160.23747,160.37076,160.20366,160.30011,
2026-06-07 22:00:00,160.28501,160.36163,160.28501,160.33666,
2026-06-07 23:00:00,160.33732,160.34719,160.25781,160.34298,
2026-06-08 00:00:00,160.33705,160.3468,160.24012,160.32263,
2026-06-08 01:00:00,160.32438,160.35452,160.27702,160.33654,
2026-06-08 02:00:00,160.33777,160.38222,160.33095,160.36947,
2026-06-08 03:00:00,160.37216,160.39791,160.34439,160.3482,
2026-06-08 04:00:00,160.34825,160.3579,160.29813,160.3478,
2026-06-08 05:00:00,160.34874,160.3528,160.2511,160.27558,
2026-06-08 06:00:00,160.27361,160.33406,160.213,160.27558,
2026-06-08 07:00:00,160.27358,160.27358,160.16908,160.22715,
2026-06-08 08:00:00,160.22477,160.23615,159.95336,160.03857,
2026-06-08 09:00:00,160.02677,160.06203,159.99471,160.01645,
2026-06-08 10:00:00,160.01275,160.08116,159.9586,160.00453,
2026-06-08 11:00:00,159.99844,160.01456,159.91543,159.97005,
2026-06-08 12:00:00,159.9635,159.98585,159.93119,159.96891,
2026-06-08 13:00:00,159.96611,160.03761,159.94249,160.03743,
2026-06-08 14:00:00,160.03355,160.19373,160.03355,160.09533,
2026-06-08 15:00:00,160.09315,160.14183,160.04578,160.11203,
2026-06-08 16:00:00,160.10699,160.16964,160.09373,160.15884,
2026-06-08 17:00:00,160.15199,160.20519,160.1309,160.17249,
2026-06-08 18:00:00,160.17082,160.25691,160.1446,160.25366,
2026-06-08 19:00:00,160.24724,160.25712,160.21413,160.21598,
2026-06-08 20:00:00,160.21939,160.22266,160.16976,160.17861,
2026-06-08 21:00:00,160.17897,160.18557,160.11811,160.1434,
2026-06-08 22:00:00,160.1456,160.18749,160.13596,160.18262,
2026-06-08 23:00:00,160.17838,160.22933,160.1653,160.18092,
2026-06-09 00:00:00,160.18412,160.27023,160.13731,160.24813,
2026-06-09 01:00:00,160.24928,160.25243,160.18461,160.19646,
2026-06-09 02:00:00,160.19739,160.22644,160.184,160.22195,
2026-06-09 03:00:00,160.21512,160.25454,160.21137,160.2521,
2026-06-09 04:00:00,160.2479,160.26438,160.18559,160.1907,
2026-06-09 05:00:00,160.19098,160.21279,160.11322,160.15399,
2026-06-09 06:00:00,160.14988,160.17656,160.04099,160.17321,
2026-06-09 07:00:00,160.16407,160.22255,160.1592,160.20258,
2026-06-09 08:00:00,160.20015,160.22184,160.17392,160.17843,
2026-06-09 09:00:00,160.17492,160.19641,160.14622,160.19372,
2026-06-09 10:00:00,160.18796,160.21252,160.15682,160.17343,
2026-06-09 11:00:00,160.16982,160.1803,160.14596,160.16434,
2026-06-09 12:00:00,160.16098,160.20128,160.15325,160.19968,
2026-06-09 13:00:00,160.19621,160.22816,160.16634,160.21422,
2026-06-09 14:00:00,160.21098,160.25536,160.16765,160.25523,
2026-06-09 15:00:00,160.2522,160.2993,160.22707,160.22976,
2026-06-09 16:00:00,160.23282,160.4525,160.22305,160.40702,
2026-06-09 17:00:00,160.4081,160.41625,160.29382,160.35848,
2026-06-09 18:00:00,160.35189,160.38157,160.33769,160.35675,
2026-06-09 19:00:00,160.35843,160.42433,160.35603,160.42164,
2026-06-09 20:00:00,160.41662,160.42197,160.36031,160.3675,
2026-06-09 21:00:00,160.36908,160.39321,160.33963,160.34821,
2026-06-09 22:00:00,160.34951,160.4111,160.34926,160.40715,
2026-06-09 23:00:00,160.40144,160.42425,160.38432,160.39811,
2026-06-10 00:00:00,160.3945,160.43379,160.37126,160.37429,
2026-06-10 01:00:00,160.38093,160.40887,160.25724,160.3921,
2026-06-10 02:00:00,160.38918,160.39347,160.343,160.37529,
2026-06-10 03:00:00,160.36982,160.38246,160.35013,160.36126,
2026-06-10 04:00:00,160.35862,160.37511,160.34706,160.37125,
2026-06-10 05:00:00,160.36955,160.38292,160.33447,160.34944,
2026-06-10 06:00:00,160.34822,160.38624,160.32965,160.37987,
2026-06-10 07:00:00,160.3766,160.402,160.35522,160.39882,
2026-06-10 08:00:00,160.39578,160.42673,160.38735,160.4248,
2026-06-10 09:00:00,160.41853,160.46212,160.41314,160.44723,
2026-06-10 10:00:00,160.44811,160.48385,160.44539,160.47398,
2026-06-10 11:00:00,160.46992,160.52946,160.46532,160.49943,
2026-06-10 12:00:00,160.4959,160.50825,160.35063,160.42878,
2026-06-10 13:00:00,160.42136,160.45462,160.33634,160.41103,
2026-06-10 14:00:00,160.40759,160.49422,160.37727,160.49329,
2026-06-10 15:00:00,160.48847,160.52757,160.44969,160.48237,
2026-06-10 16:00:00,160.48478,160.51151,160.45484,160.48913,
2026-06-10 17:00:00,160.48747,160.53473,160.46584,160.50826,
2026-06-10 18:00:00,160.5087,160.5087,160.45836,160.49516,
2026-06-10 19:00:00,160.4885,160.54404,160.4885,160.5419,
2026-06-10 20:00:00,160.53771,160.58471,160.52531,160.56903,
2026-06-10 21:00:00,160.57197,160.57197,160.4854,160.52445,
2026-06-10 22:00:00,160.52496,160.56233,160.5177,160.53317,
2026-06-10 23:00:00,160.54306,160.56646,160.52258,160.54289,
2026-06-11 00:00:00,160.53854,160.55253,160.49867,160.51786,
2026-06-11 01:00:00,160.52169,160.54309,160.43443,160.49403,
2026-06-11 02:00:00,160.49191,160.5448,160.48185,160.52158,
2026-06-11 03:00:00,160.51847,160.53803,160.51601,160.52441,
2026-06-11 04:00:00,160.52564,160.53871,160.49611,160.51037,
2026-06-11 05:00:00,160.50715,160.55588,160.49464,160.54758,
2026-06-11 06:00:00,160.54543,160.59022,160.54126,160.57135,
2026-06-11 07:00:00,160.5699,160.5699,160.49495,160.51321,
2026-06-11 08:00:00,160.51108,160.54455,160.50452,160.53541,
2026-06-11 09:00:00,160.53257,160.55237,160.52459,160.53137,
2026-06-11 10:00:00,160.52804,160.55667,160.52202,160.5365,
2026-06-11 11:00:00,160.53324,160.53792,160.51544,160.53381,
2026-06-11 12:00:00,160.52947,160.59951,160.52878,160.54403,
2026-06-11 13:00:00,160.54099,160.56498,160.46766,160.48946,
2026-06-11 14:00:00,160.48591,160.55465,160.48246,160.51312,
2026-06-11 15:00:00,160.50967,160.5248,160.47679,160.51605,
2026-06-11 16:00:00,160.51343,160.55177,160.51028,160.54107,
2026-06-11 17:00:00,160.53828,160.54901,160.05565,160.11749,
2026-06-11 18:00:00,160.12298,160.30052,159.95469,160.0312,
2026-06-11 19:00:00,160.03787,160.07759,159.61629,159.75878,
2026-06-11 20:00:00,159.76837,159.97696,159.75841,159.97194,
2026-06-11 21:00:00,159.96491,159.99251,159.90666,159.9651,
2026-06-11 22:00:00,159.9625,160.09018,159.94729,160.02628,
2026-06-11 23:00:00,160.0263,160.15051,159.98267,160.14782,
2026-06-12 00:00:00,160.14395,160.22312,160.1269,160.17805,
2026-06-12 01:00:00,160.17339,160.26703,160.15117,160.25337,
2026-06-12 02:00:00,160.25672,160.30385,160.24504,160.30014,
2026-06-12 03:00:00,160.29912,160.30368,160.21501,160.23964,
2026-06-12 04:00:00,160.23859,160.27224,160.23119,160.25946,
2026-06-12 05:00:00,160.25673,160.35156,160.24634,160.34804,
2026-06-12 06:00:00,160.34563,160.34974,160.26105,160.32137,
2026-06-12 07:00:00,160.31886,160.38958,160.28309,160.29624,
2026-06-12 08:00:00,160.32237,160.32237,159.98256,160.10108,
2026-06-12 09:00:00,160.09974,160.10697,159.9801,160.05786,
2026-06-12 10:00:00,160.05321,160.19948,160.0412,160.12122,
2026-06-12 11:00:00,160.11562,160.18722,160.10006,160.18647,
2026-06-12 12:00:00,160.18318,160.30192,160.17259,160.25752,
2026-06-12 13:00:00,160.26462,160.33992,160.19266,160.30309,
2026-06-12 14:00:00,160.3005,160.3005,160.18698,160.23349,
2026-06-12 15:00:00,160.22206,160.25118,160.18508,160.24675,
2026-06-12 16:00:00,160.23921,160.27993,160.19503,160.23751,
2026-06-12 17:00:00,160.23561,160.24174,160.18075,160.20442,
2026-06-12 18:00:00,160.20464,160.23496,160.1932,160.22434,
2026-06-12 19:00:00,160.21131,160.24539,160.19979,160.21811,
2026-06-12 20:00:00,160.21492,160.23517,160.2035,160.21923,
2026-06-12 21:00:00,160.22267,160.25034,160.17959,160.2437,
2026-06-12 22:00:00,160.23906,160.24304,160.20653,160.21354,
2026-06-12 23:00:00,160.21042,160.22174,160.20671,160.21454,
2026-06-13 00:00:00,160.21171,160.23283,160.19711,160.22079,
2026-06-13 01:00:00,160.22153,160.238,160.21157,160.2206,
2026-06-13 02:00:00,160.22095,160.23737,160.21252,160.22205,
2026-06-13 03:00:00,160.22226,160.23673,160.21483,160.22285,
2026-06-13 04:00:00,160.22149,160.23765,160.21223,160.22221,
2026-06-13 05:00:00,160.22074,160.2426,160.21439,160.22303,
2026-06-13 06:00:00,160.22094,160.23611,160.2191,160.22415,
2026-06-13 07:00:00,160.22151,160.23576,160.21911,160.22509,
2026-06-13 08:00:00,160.22202,160.23586,160.21754,160.22491,
2026-06-13 09:00:00,160.22149,160.22883,160.21911,160.22508,
2026-06-13 10:00:00,160.2215,160.23718,160.21365,160.22511,
2026-06-13 11:00:00,160.22153,160.23087,160.21874,160.22492,
2026-06-13 12:00:00,160.22151,160.22955,160.2191,160.22582,
2026-06-13 13:00:00,160.22279,160.23142,160.21912,160.22418,
2026-06-13 14:00:00,160.22154,160.22993,160.2191,160.22359,
2026-06-13 15:00:00,160.2215,160.23199,160.21923,160.22482,
2026-06-13 16:00:00,160.22213,160.23347,160.21629,160.22491,
2026-06-13 17:00:00,160.22171,160.23177,160.21876,160.22601,
2026-06-13 18:00:00,160.2216,160.23306,160.21772,160.22124,
2026-06-13 19:00:00,160.22155,160.23002,160.2191,160.22075,
2026-06-13 20:00:00,160.22151,160.23245,160.21778,160.22124,
2026-06-13 21:00:00,160.22229,160.2326,160.21914,160.22032,
2026-06-13 22:00:00,160.22151,160.23005,160.21911,160.22033,
2026-06-13 23:00:00,160.2215,160.23662,160.21538,160.22272,
2026-06-14 00:00:00,160.2237,160.40348,160.22136,160.32089,
2026-06-14 01:00:00,160.32167,160.33963,160.25139,160.25462,
2026-06-14 02:00:00,160.25485,160.26206,160.21799,160.2233,
2026-06-14 03:00:00,160.22152,160.2288,160.2191,160.22269,
2026-06-14 04:00:00,160.2215,160.23141,160.2191,160.22321,
2026-06-14 05:00:00,160.22155,160.22927,160.21912,160.22395,
2026-06-14 06:00:00,160.22169,160.23217,160.21914,160.22453,
2026-06-14 07:00:00,160.22174,160.23397,160.21917,160.22509,
2026-06-14 08:00:00,160.22188,160.23184,160.21921,160.22521,
2026-06-14 09:00:00,160.22173,160.22959,160.21968,160.22649,
2026-06-14 10:00:00,160.22289,160.23009,160.22,160.22594,
2026-06-14 11:00:00,160.22239,160.63581,159.67616,159.84812,
2026-06-14 12:00:00,159.84534,160.05621,159.8169,159.9906,
2026-06-14 13:00:00,159.98806,160.49042,159.63699,159.81013,
2026-06-14 14:00:00,159.80753,160.40136,159.45215,160.28312,
2026-06-14 15:00:00,160.30114,160.38924,159.79184,160.22437,
2026-06-14 16:00:00,160.2215,160.23515,159.76269,160.22471,
2026-06-14 17:00:00,160.22126,160.23195,160.2191,160.22538,
2026-06-14 18:00:00,160.22154,160.35431,159.75986,160.19564,
2026-06-14 19:00:00,160.20435,160.2763,159.67405,160.24209,
2026-06-14 20:00:00,160.23495,160.31402,159.8105,160.29854,
2026-06-14 21:00:00,160.24642,160.25933,159.80214,159.80515,
2026-06-14 22:00:00,159.8139,159.96466,159.75319,159.92762,
2026-06-14 23:00:00,159.91885,159.98365,159.89672,159.98089,
2026-06-15 00:00:00,159.97534,160.12715,159.89505,160.11634,
2026-06-15 01:00:00,160.11752,160.21369,160.09944,160.21143,
2026-06-15 02:00:00,160.20752,160.23054,160.12448,160.14546,
2026-06-15 03:00:00,160.14168,160.14771,160.05529,160.06047,
2026-06-15 04:00:00,160.0589,160.0993,160.01869,160.04916,
2026-06-15 05:00:00,160.04643,160.06026,159.99054,160.05267,
2026-06-15 06:00:00,160.04959,160.16859,160.04175,160.14361,
2026-06-15 07:00:00,160.14054,160.1423,160.05382,160.11293,
2026-06-15 08:00:00,160.11737,160.15247,160.06956,160.14548,
2026-06-15 09:00:00,160.14253,160.14834,160.09295,160.13391,
2026-06-15 10:00:00,160.13712,160.154,160.09459,160.12246,
2026-06-15 11:00:00,160.11596,160.20432,160.11596,160.18616,
2026-06-15 12:00:00,160.18268,160.19171,160.12654,160.14232,
2026-06-15 13:00:00,160.13864,160.15373,160.07587,160.08209,
2026-06-15 14:00:00,160.08204,160.1384,160.03135,160.13383,
2026-06-15 15:00:00,160.12353,160.20446,160.12353,160.19957,
2026-06-15 16:00:00,160.18963,160.24701,160.15258,160.22082,
2026-06-15 17:00:00,160.22263,160.28369,160.21652,160.28085,
2026-06-15 18:00:00,160.27578,160.32036,160.25831,160.30963,
2026-06-15 19:00:00,160.31164,160.39618,160.28479,160.38956,
2026-06-15 20:00:00,160.37982,160.39461,160.33593,160.35588,
2026-06-15 21:00:00,160.35774,160.37768,160.31399,160.35458,
2026-06-15 22:00:00,160.35039,160.36165,160.32303,160.32893,
2026-06-15 23:00:00,160.33142,160.34076,160.23106,160.23597,
2026-06-16 00:00:00,160.23947,160.27383,160.16147,160.21435,
2026-06-16 01:00:00,160.21096,160.2281,160.09605,160.1649,
2026-06-16 02:00:00,160.16689,160.19979,160.11371,160.13386,
2026-06-16 03:00:00,160.12356,160.25197,160.0648,160.23002,
2026-06-16 04:00:00,160.22785,160.34931,160.20439,160.2696,
2026-06-16 05:00:00,160.26645,160.3058,160.23745,160.30143,
2026-06-16 06:00:00,160.29902,160.30177,160.16695,160.21753,
2026-06-16 07:00:00,160.21475,160.35616,160.21074,160.24701,
2026-06-16 08:00:00,160.25751,160.33013,160.23438,160.32401,
2026-06-16 09:00:00,160.31594,160.35976,160.30989,160.34013,
2026-06-16 10:00:00,160.34171,160.35335,160.28337,160.3031,
2026-06-16 11:00:00,160.29946,160.36256,160.2842,160.36142,
2026-06-16 12:00:00,160.3579,160.38098,160.31309,160.32846,
2026-06-16 13:00:00,160.32879,160.41437,160.32709,160.40213,
2026-06-16 14:00:00,160.39952,160.46217,160.3814,160.40861,
2026-06-16 15:00:00,160.40379,160.46625,160.35699,160.36048,
2026-06-16 16:00:00,160.36357,160.41224,160.32858,160.40104,
2026-06-16 17:00:00,160.39648,160.44606,160.39628,160.44376,
2026-06-16 18:00:00,160.4394,160.46376,160.42458,160.4394,
2026-06-16 19:00:00,160.43955,160.48493,160.39928,160.47777,
2026-06-16 20:00:00,160.47773,160.48942,160.4592,160.47411,
2026-06-16 21:00:00,160.47372,160.4876,160.37054,160.42291,
2026-06-16 22:00:00,160.42516,160.44904,160.42042,160.4225,
2026-06-16 23:00:00,160.42485,160.44229,160.40051,160.44111,
2026-06-17 00:00:00,160.43925,160.44989,160.34961,160.36243,
2026-06-17 01:00:00,160.36295,160.37774,160.31915,160.35176,
2026-06-17 02:00:00,160.34909,160.35913,160.31845,160.33287,
2026-06-17 03:00:00,160.32868,160.3546,160.31707,160.32405,
2026-06-17 04:00:00,160.32099,160.32905,160.26412,160.27101,
2026-06-17 05:00:00,160.26881,160.32999,160.26609,160.32766,
2026-06-17 06:00:00,160.32227,160.33511,160.25575,160.26012,
2026-06-17 07:00:00,160.25682,160.31106,160.18984,160.19486,
2026-06-17 08:00:00,160.20232,160.25532,160.12285,160.21872,
2026-06-17 09:00:00,160.21536,160.23202,160.16828,160.19397,
2026-06-17 10:00:00,160.19084,160.24702,160.17544,160.24566,
2026-06-17 11:00:00,160.24168,160.33467,160.23187,160.33263,
2026-06-17 12:00:00,160.32935,160.32935,160.2358,160.26142,
2026-06-17 13:00:00,160.25935,160.3054,160.19346,160.19904,
2026-06-17 14:00:00,160.20121,160.33352,160.19551,160.32785,
2026-06-17 15:00:00,160.31527,160.33927,160.20909,160.22594,
2026-06-17 16:00:00,160.22641,160.24073,160.19831,160.2137,
2026-06-17 17:00:00,160.21095,160.23066,160.19784,160.21629,
2026-06-17 18:00:00,160.21605,160.50506,160.15446,160.49726,
2026-06-17 19:00:00,160.48521,160.79635,160.4823,160.72637,
2026-06-17 20:00:00,160.7125,160.76169,160.65629,160.65742,
2026-06-17 21:00:00,160.66112,160.68872,160.53766,160.54699,
2026-06-17 22:00:00,160.57063,160.65628,160.57063,160.61436,
2026-06-17 23:00:00,160.61131,160.62463,160.53657,160.62221,
2026-06-18 00:00:00,160.6187,160.74139,160.55023,160.69292,
2026-06-18 01:00:00,160.69731,160.70117,160.62558,160.64147,
2026-06-18 02:00:00,160.63837,160.66898,160.56061,160.5842,
2026-06-18 03:00:00,160.58339,160.62791,160.57634,160.59001,
2026-06-18 04:00:00,160.58797,160.62778,160.57704,160.59789,
2026-06-18 05:00:00,160.59578,160.64921,160.58448,160.64629,
2026-06-18 06:00:00,160.64244,160.69137,160.58798,160.6515,
2026-06-18 07:00:00,160.6587,160.68457,160.58697,160.64102,
2026-06-18 08:00:00,160.6319,160.76251,160.59894,160.75879,
2026-06-18 09:00:00,160.74581,160.79462,160.55546,160.78389,
2026-06-18 10:00:00,160.77626,160.9588,160.77626,160.95581,
2026-06-18 11:00:00,160.94886,160.95331,160.87348,160.93191,
2026-06-18 12:00:00,160.92691,160.94402,160.8441,160.88451,
2026-06-18 13:00:00,160.88122,160.92316,160.80745,160.89283,
2026-06-18 14:00:00,160.88966,160.91591,160.84518,160.84733,
2026-06-18 15:00:00,160.84824,161.26102,160.84824,161.23738,
2026-06-18 16:00:00,161.18118,161.45125,161.18118,161.43087,
2026-06-18 17:00:00,161.43826,161.4533,161.34058,161.43765,
2026-06-18 18:00:00,161.4288,161.67005,161.40565,161.65644,
2026-06-18 19:00:00,161.65198,161.81296,161.29985,161.41767,
2026-06-18 20:00:00,161.41341,161.45693,161.33555,161.40745,
2026-06-18 21:00:00,161.40205,161.44013,161.28389,161.33265,
2026-06-18 22:00:00,161.34005,161.44079,161.21168,161.26707,
2026-06-18 23:00:00,161.25821,161.359,161.25821,161.32282,
2026-06-19 00:00:00,161.32601,161.34884,161.04079,161.05163,
2026-06-19 01:00:00,161.06598,161.21511,161.00302,161.20138,
2026-06-19 02:00:00,161.19574,161.24509,161.11112,161.24333,
2026-06-19 03:00:00,161.24004,161.34642,161.21021,161.34224,
2026-06-19 04:00:00,161.33596,161.41351,161.3358,161.3804,
2026-06-19 05:00:00,161.37586,161.45796,161.33936,161.34237,
2026-06-19 06:00:00,161.34685,161.40437,161.27078,161.27502,
2026-06-19 07:00:00,161.27541,161.35532,161.2496,161.32605,
2026-06-19 08:00:00,161.32862,161.32862,161.2447,161.30059,
2026-06-19 09:00:00,161.29805,161.32886,161.2434,161.26212,
2026-06-19 10:00:00,161.25677,161.33689,161.24498,161.28573,
2026-06-19 11:00:00,161.28276,161.3016,161.23919,161.26187,
2026-06-19 12:00:00,161.25792,161.28994,161.17403,161.17705,
2026-06-19 13:00:00,161.17972,161.30471,161.157,161.2997,
2026-06-19 14:00:00,161.29476,161.32615,161.17447,161.18084,
2026-06-19 15:00:00,161.1919,161.31106,161.14283,161.30014,
2026-06-19 16:00:00,161.30039,161.34519,161.26504,161.33677,
2026-06-19 17:00:00,161.33471,161.34007,161.26985,161.27363,
2026-06-19 18:00:00,161.27944,161.28766,161.2355,161.26966,
2026-06-19 19:00:00,161.26377,161.3008,161.2247,161.28501,
2026-06-19 20:00:00,161.2874,161.33469,161.26142,161.31364,
2026-06-19 21:00:00,161.30908,161.32564,161.28524,161.29036,
2026-06-19 22:00:00,161.29986,161.3143,161.28907,161.2933,
2026-06-19 23:00:00,161.29455,161.30679,161.28913,161.29319,
2026-06-20 00:00:00,161.29457,161.30628,161.28604,161.28783,
2026-06-20 01:00:00,161.28902,161.30124,161.28362,161.288,
2026-06-20 02:00:00,161.28903,161.3013,161.28351,161.28889,
2026-06-20 03:00:00,161.28957,161.30055,161.28438,161.28877,
2026-06-20 04:00:00,161.28903,161.29896,161.28664,161.28838,
2026-06-20 05:00:00,161.28846,161.29977,161.28549,161.29038,
2026-06-20 06:00:00,161.28909,161.30343,161.28657,161.29058,
2026-06-20 07:00:00,161.28903,161.29846,161.28606,161.29251,
2026-06-20 08:00:00,161.29038,161.29886,161.28615,161.29173,
2026-06-20 09:00:00,161.28901,161.30392,161.28203,161.29219,
2026-06-20 10:00:00,161.28903,161.30265,161.28648,161.29352,
2026-06-20 11:00:00,161.29012,161.29708,161.28662,161.29264,
2026-06-20 12:00:00,161.28902,161.2984,161.28663,161.29615,
2026-06-20 13:00:00,161.29255,161.3921,161.28886,161.31897,
2026-06-20 14:00:00,161.31554,161.32241,161.2866,161.29207,
2026-06-20 15:00:00,161.289,161.30505,161.28352,161.29415,
2026-06-20 16:00:00,161.29166,161.30258,161.28663,161.29113,
2026-06-20 17:00:00,161.28895,161.29821,161.28672,161.29394,
2026-06-20 18:00:00,161.28904,161.3092,161.28638,161.30235,
2026-06-20 19:00:00,161.29904,161.30732,161.29497,161.30384,
2026-06-20 20:00:00,161.30007,161.30713,161.29459,161.29952,
2026-06-20 21:00:00,161.29988,161.30415,161.28645,161.28821,
2026-06-20 22:00:00,161.289,161.30277,161.28659,161.28944,
2026-06-20 23:00:00,161.29042,161.30052,161.28663,161.29054,
2026-06-21 00:00:00,161.29175,161.3026,161.28784,161.29424,
2026-06-21 01:00:00,161.2954,161.30723,161.29307,161.30003,
2026-06-21 02:00:00,161.30099,161.30905,161.2868,161.28842,
2026-06-21 03:00:00,161.28901,161.30512,161.27944,161.29021,
2026-06-21 04:00:00,161.29046,161.30016,161.28666,161.29323,
2026-06-21 05:00:00,161.2915,161.30301,161.2879,161.29693,
2026-06-21 06:00:00,161.29578,161.29883,161.28616,161.29181,
2026-06-21 07:00:00,161.29008,161.29792,161.28664,161.29138,
2026-06-21 08:00:00,161.28903,161.30409,161.28156,161.29187,
2026-06-21 09:00:00,161.289,161.29872,161.28622,161.29245,
2026-06-21 10:00:00,161.28919,161.30721,161.27709,161.29253,
2026-06-21 11:00:00,161.289,161.31356,161.2531,161.29261,
2026-06-21 12:00:00,161.28898,161.29625,161.28658,161.29256,
2026-06-21 13:00:00,161.289,161.32358,161.24585,161.27332,
2026-06-21 14:00:00,161.27002,161.32775,161.26772,161.32359,
2026-06-21 15:00:00,161.3206,161.32658,161.25983,161.28529,
2026-06-21 16:00:00,161.28287,161.29159,161.24358,161.25866,
2026-06-21 17:00:00,161.25623,161.29004,161.25354,161.28575,
2026-06-21 18:00:00,161.28278,161.4939,161.1622,161.2491,
2026-06-21 19:00:00,161.24354,161.58909,161.08392,161.3231,
2026-06-21 20:00:00,161.26717,161.39772,161.13961,161.26628,
2026-06-21 21:00:00,161.25598,161.34109,161.2332,161.31847,
2026-06-21 22:00:00,161.32024,161.46363,161.31898,161.45196,
2026-06-21 23:00:00,161.45369,161.51849,161.42547,161.44081,
2026-06-22 00:00:00,161.44623,161.56454,161.42553,161.51308,
2026-06-22 01:00:00,161.51523,161.55006,161.44515,161.54313,
2026-06-22 02:00:00,161.54366,161.59612,161.52033,161.54546,
2026-06-22 03:00:00,161.54081,161.60895,161.53663,161.59236,
2026-06-22 04:00:00,161.58917,161.69404,161.5873,161.67124,
2026-06-22 05:00:00,161.6726,161.69751,161.64078,161.69301,
2026-06-22 06:00:00,161.69346,161.71633,161.61965,161.68827,
2026-06-22 07:00:00,161.68515,161.7756,161.64419,161.75061,
2026-06-22 08:00:00,161.75334,161.79122,161.71319,161.78773,
2026-06-22 09:00:00,161.78516,161.78516,161.71873,161.74283,
2026-06-22 10:00:00,161.73809,161.75162,161.6464,161.72923,
2026-06-22 11:00:00,161.72561,161.78778,161.69022,161.78401,
2026-06-22 12:00:00,161.78114,161.79222,161.7251,161.77222,
2026-06-22 13:00:00,161.76715,161.90407,161.7507,161.90128,
2026-06-22 14:00:00,161.8974,162.00732,161.07385,161.29977,
2026-06-22 15:00:00,161.26476,161.53207,161.17614,161.51728,
2026-06-22 16:00:00,161.51827,161.66359,161.48893,161.55788,
2026-06-22 17:00:00,161.55541,161.57423,161.49518,161.52264,
2026-06-22 18:00:00,161.52071,161.52948,161.38006,161.44201,
2026-06-22 19:00:00,161.44773,161.68995,161.42696,161.6086,
2026-06-22 20:00:00,161.61655,161.62668,161.57231,161.61051,
2026-06-22 21:00:00,161.61113,161.61337,161.49958,161.5631,
2026-06-22 22:00:00,161.55887,161.63455,161.54143,161.58499,
2026-06-22 23:00:00,161.586,161.59101,161.55412,161.58341,
2026-06-23 00:00:00,161.58436,161.63607,161.533,161.5991,
2026-06-23 01:00:00,161.60036,161.6134,161.56148,161.58963,
2026-06-23 02:00:00,161.59274,161.60331,161.5347,161.5964,
2026-06-23 03:00:00,161.59342,161.60507,161.54561,161.56122,
2026-06-23 04:00:00,161.56236,161.61771,161.55424,161.61625,
2026-06-23 05:00:00,161.61351,161.69286,161.58922,161.66878,
2026-06-23 06:00:00,161.66918,161.73966,161.65731,161.67601,
2026-06-23 07:00:00,161.67358,161.67358,161.41108,161.48841,
2026-06-23 08:00:00,161.49385,161.49385,161.32181,161.44317,
2026-06-23 09:00:00,161.44031,161.46601,161.34143,161.38766,
2026-06-23 10:00:00,161.39045,161.49103,161.3623,161.48694,
2026-06-23 11:00:00,161.47847,161.62029,161.44764,161.60476,
2026-06-23 12:00:00,161.60141,161.60177,161.44906,161.5624,
2026-06-23 13:00:00,161.55796,161.58263,161.47259,161.52091,
2026-06-23 14:00:00,161.52055,161.58431,161.49918,161.55232,
2026-06-23 15:00:00,161.56523,161.59166,161.51384,161.57101,
2026-06-23 16:00:00,161.56885,161.60238,161.54046,161.60181,
2026-06-23 17:00:00,161.5984,161.62504,161.5518,161.55299,
2026-06-23 18:00:00,161.55365,161.60494,161.55365,161.57916,
2026-06-23 19:00:00,161.57768,161.57768,161.51344,161.56628,
2026-06-23 20:00:00,161.56601,161.61015,161.55996,161.58459,
2026-06-23 21:00:00,161.58135,161.5932,161.49775,161.53793,
2026-06-23 22:00:00,161.54366,161.60689,161.53467,161.56856,
2026-06-23 23:00:00,161.56386,161.61378,161.53643,161.61016,
2026-06-24 00:00:00,161.60503,161.63286,161.55408,161.62924,
2026-06-24 01:00:00,161.62481,161.63454,161.55765,161.57515,
2026-06-24 02:00:00,161.57518,161.59347,161.53525,161.56256,
2026-06-24 03:00:00,161.55873,161.6033,161.54775,161.55864,
2026-06-24 04:00:00,161.55527,161.56722,161.53593,161.55923,
2026-06-24 05:00:00,161.55707,161.62154,161.54113,161.61772,
2026-06-24 06:00:00,161.61676,161.72064,161.61381,161.71917,
2026-06-24 07:00:00,161.71513,161.73974,161.67322,161.72549,
2026-06-24 08:00:00,161.71951,161.75426,161.67448,161.74533,
2026-06-24 09:00:00,161.74465,161.79235,161.73047,161.75341,
2026-06-24 10:00:00,161.75071,161.75368,161.68868,161.69644,
2026-06-24 11:00:00,161.69316,161.7197,161.63061,161.67273,
2026-06-24 12:00:00,161.66974,161.75038,161.63532,161.74775,
2026-06-24 13:00:00,161.74341,161.77048,161.70418,161.75455,
2026-06-24 14:00:00,161.75043,161.80011,161.71034,161.79556,
2026-06-24 15:00:00,161.78079,161.81367,161.73788,161.7616,
2026-06-24 16:00:00,161.75905,161.77327,161.69008,161.76066,
2026-06-24 17:00:00,161.75768,161.82341,161.74744,161.81201,
2026-06-24 18:00:00,161.80659,161.82998,161.76662,161.77787,
2026-06-24 19:00:00,161.77433,161.84583,161.75202,161.82652,
2026-06-24 20:00:00,161.82155,161.83234,161.80258,161.81499,
2026-06-24 21:00:00,161.8119,161.81743,161.74979,161.76656,
2026-06-24 22:00:00,161.76917,161.78859,161.74546,161.77238,
2026-06-24 23:00:00,161.77336,161.79353,161.74805,161.77512,
2026-06-25 00:00:00,161.77654,161.78147,161.70425,161.73703,
2026-06-25 01:00:00,161.73705,161.74227,161.58859,161.73179,
2026-06-25 02:00:00,161.7301,161.73537,161.66003,161.71918,
2026-06-25 03:00:00,161.7175,161.7526,161.6995,161.74113,
2026-06-25 04:00:00,161.7419,161.77862,161.71297,161.76478,
2026-06-25 05:00:00,161.76633,161.82003,161.73532,161.81589,
2026-06-25 06:00:00,161.80808,161.89398,161.7939,161.88179,
2026-06-25 07:00:00,161.88623,161.90166,161.80289,161.8131,
2026-06-25 08:00:00,161.81682,161.83967,161.77293,161.82106,
2026-06-25 09:00:00,161.82986,161.84574,161.79643,161.82481,
2026-06-25 10:00:00,161.82201,161.90384,161.80701,161.90185,
2026-06-25 11:00:00,161.89631,161.9891,161.81251,161.89688,
2026-06-25 12:00:00,161.89316,161.94649,161.78372,161.85075,
2026-06-25 13:00:00,161.84576,161.85555,161.72945,161.73682,
2026-06-25 14:00:00,161.75006,161.76658,161.60219,161.62612,
2026-06-25 15:00:00,161.62279,161.72758,161.62279,161.67595,
2026-06-25 16:00:00,161.68336,161.76243,161.65723,161.76193,
2026-06-25 17:00:00,161.75867,161.81556,161.73317,161.77134,
2026-06-25 18:00:00,161.7632,161.84386,161.7632,161.79138,
2026-06-25 19:00:00,161.78902,161.82543,161.75259,161.78796,
2026-06-25 20:00:00,161.79292,161.8175,161.7785,161.80653,
2026-06-25 21:00:00,161.80706,161.84055,161.70344,161.79962,
2026-06-25 22:00:00,161.79313,161.80381,161.77248,161.801,
2026-06-25 23:00:00,161.79632,161.81986,161.7689,161.80625,
2026-06-26 00:00:00,161.80745,161.84111,161.80124,161.82384,
2026-06-26 01:00:00,161.82625,161.85427,161.80517,161.80577,
2026-06-26 02:00:00,161.80785,161.82275,161.77863,161.78623,
2026-06-26 03:00:00,161.78381,161.78975,161.62597,161.66585,
2026-06-26 04:00:00,161.66144,161.68412,161.57391,161.62677,
2026-06-26 05:00:00,161.62969,161.65478,161.53792,161.55967,
2026-06-26 06:00:00,161.55685,161.74857,161.54364,161.71709,
2026-06-26 07:00:00,161.72156,161.73103,161.62509,161.63834,
2026-06-26 08:00:00,161.63559,161.65681,161.56033,161.60286,
2026-06-26 09:00:00,161.60015,161.62253,161.54041,161.59548,
2026-06-26 10:00:00,161.58809,161.64549,161.57598,161.62965,
2026-06-26 11:00:00,161.62649,161.6851,161.61039,161.68067,
2026-06-26 12:00:00,161.67679,161.70554,161.64563,161.66346,
2026-06-26 13:00:00,161.67365,161.72976,161.63318,161.64024,
2026-06-26 14:00:00,161.64841,161.7394,161.58712,161.73624,
2026-06-26 15:00:00,161.72684,161.74317,161.62298,161.69118,
2026-06-26 16:00:00,161.68952,161.77005,161.66453,161.76338,
2026-06-26 17:00:00,161.76006,161.77702,161.73663,161.77567,
2026-06-26 18:00:00,161.77174,161.78675,161.72018,161.73415,
2026-06-26 19:00:00,161.72864,161.76565,161.70659,161.76178,
2026-06-26 20:00:00,161.75494,161.77867,161.73418,161.75395,
2026-06-26 21:00:00,161.75381,161.76488,161.6835,161.70745,
2026-06-26 22:00:00,161.72451,161.74994,161.71139,161.72526,
2026-06-26 23:00:00,161.72311,161.73737,161.70899,161.72522,
2026-06-27 00:00:00,161.72308,161.75955,161.6894,161.74986,
2026-06-27 01:00:00,161.75101,161.76492,161.73111,161.75008,
2026-06-27 02:00:00,161.751,161.75959,161.72203,161.75062,
2026-06-27 03:00:00,161.75116,161.76317,161.72893,161.75132,
2026-06-27 04:00:00,161.75162,161.75833,161.72373,161.75269,
2026-06-27 05:00:00,161.75102,161.76968,161.70867,161.75218,
2026-06-27 06:00:00,161.751,161.75827,161.72668,161.75276,
2026-06-27 07:00:00,161.75095,161.75846,161.72686,161.75368,
2026-06-27 08:00:00,161.75128,161.75956,161.74859,161.75395,
2026-06-27 09:00:00,161.75103,161.75857,161.7486,161.75433,
2026-06-27 10:00:00,161.75102,161.75844,161.74855,161.75459,
2026-06-27 11:00:00,161.75104,161.75829,161.74668,161.75462,
2026-06-27 12:00:00,161.75098,161.75839,161.74862,161.7552,
2026-06-27 13:00:00,161.7517,161.76216,161.74858,161.75459,
2026-06-27 14:00:00,161.75129,161.75879,161.74858,161.7539,
2026-06-27 15:00:00,161.751,161.76249,161.74712,161.75305,
2026-06-27 16:00:00,161.75067,161.77028,161.73858,161.75343,
2026-06-27 17:00:00,161.751,161.76522,161.74859,161.75454,
2026-06-27 18:00:00,161.751,161.76883,161.74381,161.75479,
2026-06-27 19:00:00,161.75125,161.76932,161.74681,161.75187,
2026-06-27 20:00:00,161.75193,161.77044,161.74864,161.75055,
2026-06-27 21:00:00,161.7511,161.76585,161.7457,161.75007,
2026-06-27 22:00:00,161.75101,161.77846,161.74962,161.75896,
2026-06-27 23:00:00,161.76011,161.77171,161.74858,161.74981,
2026-06-28 00:00:00,161.75102,161.75868,161.74858,161.7499,
2026-06-28 01:00:00,161.751,161.75969,161.74723,161.75311,
2026-06-28 02:00:00,161.74956,161.7615,161.7474,161.75061,
2026-06-28 03:00:00,161.75101,161.75838,161.74858,161.75311,
2026-06-28 04:00:00,161.751,161.76128,161.74778,161.75264,
2026-06-28 05:00:00,161.75116,161.75919,161.74797,161.75253,
2026-06-28 06:00:00,161.75116,161.7606,161.74858,161.75327,
2026-06-28 07:00:00,161.75127,161.76292,161.7472,161.75436,
2026-06-28 08:00:00,161.75178,161.76014,161.74958,161.75529,
2026-06-28 09:00:00,161.75224,161.76012,161.74973,161.75631,
2026-06-28 10:00:00,161.75291,161.76017,161.74639,161.75238,
2026-06-28 11:00:00,161.74878,161.7571,161.74636,161.75363,
2026-06-28 12:00:00,161.75,161.75727,161.7456,161.75048,
2026-06-28 13:00:00,161.747,161.75683,161.74428,161.74989,
2026-06-28 14:00:00,161.7467,161.78664,161.7371,161.74813,
2026-06-28 15:00:00,161.74539,161.77163,161.70313,161.74443,
2026-06-28 16:00:00,161.74224,161.76353,161.73945,161.75361,
2026-06-28 17:00:00,161.751,161.77004,161.69357,161.75419,
2026-06-28 18:00:00,161.751,162.09366,161.56258,161.75457,
2026-06-28 19:00:00,161.74327,161.78829,161.70108,161.73849,
2026-06-28 20:00:00,161.74539,161.78336,161.71349,161.75157,
2026-06-28 21:00:00,161.73738,161.81885,161.71748,161.81591,
2026-06-28 22:00:00,161.81144,161.8171,161.75352,161.79973,
2026-06-28 23:00:00,161.80048,161.81651,161.78007,161.80674,
2026-06-29 00:00:00,161.80492,161.81985,161.7329,161.76687,
2026-06-29 01:00:00,161.76125,161.79531,161.73824,161.77922,
2026-06-29 02:00:00,161.78257,161.79608,161.73899,161.79032,
2026-06-29 03:00:00,161.78651,161.80111,161.77545,161.79875,
2026-06-29 04:00:00,161.79468,161.82002,161.78957,161.81741,
2026-06-29 05:00:00,161.81555,161.82208,161.78517,161.80407,
2026-06-29 06:00:00,161.79889,161.86713,161.78192,161.78998,
2026-06-29 07:00:00,161.78806,161.83121,161.7805,161.82088,
2026-06-29 08:00:00,161.82157,161.86548,161.80047,161.85782,
2026-06-29 09:00:00,161.85459,161.90471,161.83739,161.88931,
2026-06-29 10:00:00,161.89179,161.90302,161.85065,161.86344,
2026-06-29 11:00:00,161.86025,161.86616,161.82241,161.84272,
2026-06-29 12:00:00,161.83892,161.90455,161.8386,161.90065,
2026-06-29 13:00:00,161.8971,161.95115,161.89013,161.94519,
2026-06-29 14:00:00,161.94204,161.97581,161.86907,161.92589,
2026-06-29 15:00:00,161.92261,161.95256,161.92261,161.93363,
2026-06-29 16:00:00,161.93398,161.94684,161.92201,161.94622,
2026-06-29 17:00:00,161.94322,161.96429,161.92592,161.92754,
2026-06-29 18:00:00,161.92934,161.97982,161.92934,161.97701,
2026-06-29 19:00:00,161.97129,161.97681,161.91418,161.94992,
2026-06-29 20:00:00,161.94411,161.97216,161.93552,161.94455,
2026-06-29 21:00:00,161.94729,161.94748,161.89126,161.92747,
2026-06-29 22:00:00,161.92538,161.95049,161.91911,161.93138,
2026-06-29 23:00:00,161.92673,161.93587,161.91193,161.92452,
2026-06-30 00:00:00,161.92699,162.31747,161.84716,162.13033,
2026-06-30 01:00:00,162.14073,162.29584,162.06459,162.19126,
2026-06-30 02:00:00,162.17793,162.20732,162.11903,162.17517,
2026-06-30 03:00:00,162.17163,162.2342,162.09329,162.1759,
2026-06-30 04:00:00,162.17664,162.20138,162.15768,162.19896,
2026-06-30 05:00:00,162.19646,162.29189,162.16429,162.28916,
2026-06-30 06:00:00,162.28398,162.39327,162.22103,162.23304,
2026-06-30 07:00:00,162.25422,162.27299,162.12511,162.26918,
2026-06-30 08:00:00,162.26707,162.41885,162.23913,162.34735,
2026-06-30 09:00:00,162.33925,162.34595,162.27451,162.30097,
2026-06-30 10:00:00,162.29845,162.36083,162.29074,162.31874,
2026-06-30 11:00:00,162.31963,162.42645,162.30896,162.42206,
2026-06-30 12:00:00,162.41856,162.60044,162.24384,162.40419,
2026-06-30 13:00:00,162.40053,162.47165,162.3238,162.4702,
2026-06-30 14:00:00,162.46189,162.53535,162.36082,162.51289,
2026-06-30 15:00:00,162.52421,162.65687,162.47715,162.60648,
2026-06-30 16:00:00,162.60078,162.67306,162.59514,162.66061,
2026-06-30 17:00:00,162.65774,162.65774,162.56199,162.59012,
2026-06-30 18:00:00,162.58774,162.61708,162.56334,162.61374,
2026-06-30 19:00:00,162.60826,162.63397,162.57628,162.60057,
2026-06-30 20:00:00,162.60413,162.61584,162.55544,162.5857,
2026-06-30 21:00:00,162.58723,162.64465,162.53387,162.57475,
2026-06-30 22:00:00,162.5648,162.63371,162.5648,162.60615,
2026-06-30 23:00:00,162.60889,162.64804,162.53673,162.64648,
2026-07-01 00:00:00,162.64305,162.76925,162.63257,162.68762,
2026-07-01 01:00:00,162.68498,162.73189,162.60812,162.68932,
2026-07-01 02:00:00,162.68306,162.78824,162.66276,162.78721,
2026-07-01 03:00:00,162.78295,162.8446,162.73966,162.79781,
2026-07-01 04:00:00,162.80064,162.81956,162.65594,162.7092,
2026-07-01 05:00:00,162.7143,162.76453,162.68711,162.70893,
2026-07-01 06:00:00,162.70512,162.76081,162.6656,162.67289,
2026-07-01 07:00:00,162.67492,162.72088,162.6161,162.67783,
2026-07-01 08:00:00,162.67681,162.70602,162.63629,162.6666,
2026-07-01 09:00:00,162.66149,162.73953,162.66149,162.7367,
2026-07-01 10:00:00,162.72851,162.74519,162.67773,162.69395,
2026-07-01 11:00:00,162.68835,162.72597,162.68506,162.69898,
2026-07-01 12:00:00,162.70075,162.75855,162.68463,162.70408,
2026-07-01 13:00:00,162.70431,162.7328,162.30689,162.4273,
2026-07-01 14:00:00,162.43107,162.4893,162.32526,162.44278,
2026-07-01 15:00:00,162.43978,162.4751,162.38028,162.42665,
2026-07-01 16:00:00,162.42315,162.46067,162.36638,162.45655,
2026-07-01 17:00:00,162.44718,162.55391,162.43509,162.55209,
2026-07-01 18:00:00,162.54706,162.58492,162.52335,162.53398,
2026-07-01 19:00:00,162.53132,162.58807,162.50976,162.5691,
2026-07-01 20:00:00,162.5629,162.62053,162.55856,162.6076,
2026-07-01 21:00:00,162.60795,162.61215,162.5439,162.56126,
2026-07-01 22:00:00,162.56301,162.57484,162.53842,162.54333,
2026-07-01 23:00:00,162.54404,162.59007,162.52044,162.5548,
2026-07-02 00:00:00,162.54659,162.5951,162.48636,162.5711,
2026-07-02 01:00:00,162.57202,162.58127,162.50454,162.53317,
2026-07-02 02:00:00,162.53401,162.55771,162.49895,162.52339,
2026-07-02 03:00:00,162.52507,162.54888,162.44025,162.44828,
2026-07-02 04:00:00,162.45396,162.46801,162.37988,162.43321,
2026-07-02 05:00:00,162.424,162.44149,162.32926,162.33043,
2026-07-02 06:00:00,162.33168,162.33168,161.41598,161.82517,
2026-07-02 07:00:00,161.81826,161.93896,161.38712,161.43716,
2026-07-02 08:00:00,161.47425,161.47425,160.98168,161.07015,
2026-07-02 09:00:00,161.08598,161.33539,161.04478,161.19484,
2026-07-02 10:00:00,161.17525,161.49065,161.17525,161.37381,
2026-07-02 11:00:00,161.40249,161.49968,161.32449,161.49188,
2026-07-02 12:00:00,161.48774,161.63848,160.68874,160.95005,
2026-07-02 13:00:00,160.92881,161.12275,160.90229,160.92653,
2026-07-02 14:00:00,160.92461,161.12967,160.86439,161.03828,
2026-07-02 15:00:00,161.03063,161.07487,160.76525,160.9178,
2026-07-02 16:00:00,160.90752,161.08932,160.90752,160.94222,
2026-07-02 17:00:00,160.96305,161.12755,160.96305,161.08862,
2026-07-02 18:00:00,161.08202,161.10984,161.02469,161.0622,
2026-07-02 19:00:00,161.05633,161.17644,161.0509,161.14069,
2026-07-02 20:00:00,161.1314,161.14691,161.07582,161.12277,
2026-07-02 21:00:00,161.12324,161.15342,161.04114,161.1209,
2026-07-02 22:00:00,161.11939,161.299,161.08429,161.27652,
2026-07-02 23:00:00,161.27796,161.46596,161.2385,161.4634,
2026-07-03 00:00:00,161.4595,161.49972,161.21313,161.22581,
2026-07-03 01:00:00,161.24652,161.27055,160.94481,161.24705,
2026-07-03 02:00:00,161.24556,161.25898,161.12174,161.18937,
2026-07-03 03:00:00,161.18437,161.22151,161.14499,161.17983,
2026-07-03 04:00:00,161.17765,161.20589,161.14761,161.15498,
2026-07-03 05:00:00,161.16806,161.18336,160.99713,161.16948,
2026-07-03 06:00:00,161.1691,161.17745,160.60117,160.87499,
2026-07-03 07:00:00,160.85563,160.98324,160.72436,160.79903,
2026-07-03 08:00:00,160.79481,161.03376,160.78784,161.03173,
2026-07-03 09:00:00,161.02292,161.12512,160.96683,161.12464,
2026-07-03 10:00:00,161.11965,161.16765,161.08722,161.09077,
2026-07-03 11:00:00,161.09565,161.15992,161.06015,161.14522,
2026-07-03 12:00:00,161.14367,161.16974,161.11733,161.16701,
2026-07-03 13:00:00,161.15989,161.27291,161.15989,161.27171,
2026-07-03 14:00:00,161.26816,161.28836,161.21756,161.28569,
2026-07-03 15:00:00,161.28009,161.34618,161.28009,161.33102,
2026-07-03 16:00:00,161.32805,161.40102,161.30987,161.34675,
2026-07-03 17:00:00,161.34842,161.36359,161.28008,161.31336,
2026-07-03 18:00:00,161.30966,161.35984,161.29521,161.34462,
2026-07-03 19:00:00,161.34897,161.38486,161.34035,161.3701,
2026-07-03 20:00:00,161.36714,161.41108,161.3367,161.37136,
2026-07-03 21:00:00,161.37352,161.39694,161.35826,161.38835,
2026-07-03 22:00:00,161.3894,161.39304,161.28743,161.38043,
2026-07-03 23:00:00,161.37774,161.39483,161.30123,161.37985,
2026-07-04 00:00:00,161.37778,161.50409,161.1917,161.38495,
2026-07-04 01:00:00,161.38298,161.41817,161.2615,161.38417,
2026-07-04 02:00:00,161.38277,161.44433,161.26154,161.38405,
2026-07-04 03:00:00,161.38253,161.39005,161.20534,161.38502,
2026-07-04 04:00:00,161.38289,161.39003,161.20789,161.3852,
2026-07-04 05:00:00,161.38251,161.38978,161.25672,161.38566,
2026-07-04 06:00:00,161.38252,161.45854,161.20601,161.38597,
2026-07-04 07:00:00,161.38247,161.48473,161.20245,161.38615,
2026-07-04 08:00:00,161.38254,161.39024,161.36446,161.38658,
2026-07-04 09:00:00,161.38297,161.39025,161.37925,161.38642,
2026-07-04 10:00:00,161.38299,161.39025,161.36312,161.38602,
2026-07-04 11:00:00,161.38291,161.44451,161.30035,161.38557,
2026-07-04 12:00:00,161.38293,161.39021,161.37929,161.38099,
2026-07-04 13:00:00,161.38083,161.44062,161.29938,161.385,
2026-07-04 14:00:00,161.38226,161.39025,161.3791,161.3863,
2026-07-04 15:00:00,161.383,161.42567,161.301,161.38643,
2026-07-04 16:00:00,161.38258,161.39026,161.30003,161.38255,
2026-07-04 17:00:00,161.3829,161.39354,161.3608,161.38222,
2026-07-04 18:00:00,161.38265,161.39023,161.2991,161.38189,
2026-07-04 19:00:00,161.38296,161.39021,161.36051,161.3818,
2026-07-04 20:00:00,161.383,161.39014,161.30209,161.38096,
2026-07-04 21:00:00,161.38212,161.39722,161.2995,161.38186,
2026-07-04 22:00:00,161.38284,161.39776,161.36057,161.38238,
2026-07-04 23:00:00,161.383,161.39594,161.34791,161.38278,
2026-07-05 00:00:00,161.38292,161.39022,161.37785,161.38456,
2026-07-05 01:00:00,161.38272,161.3899,161.34774,161.37962,
2026-07-05 02:00:00,161.37846,161.38819,161.33987,161.35447,
2026-07-05 03:00:00,161.35269,161.36437,161.35028,161.35949,
2026-07-05 04:00:00,161.35712,161.37635,161.33579,161.34943,
2026-07-05 05:00:00,161.34653,161.36608,161.34302,161.36211,
2026-07-05 06:00:00,161.35883,161.37254,161.33441,161.35381,
2026-07-05 07:00:00,161.35027,161.36045,161.33228,161.34274,
2026-07-05 08:00:00,161.33911,161.35567,161.3336,161.35198,
2026-07-05 09:00:00,161.34843,161.36328,161.34501,161.35983,
2026-07-05 10:00:00,161.35652,161.36378,161.3541,161.35944,
2026-07-05 11:00:00,161.35652,161.73362,160.74303,160.92856,
2026-07-05 12:00:00,160.92581,160.93305,160.9234,160.92912,
2026-07-05 13:00:00,160.92581,161.32276,160.64436,160.82239,
2026-07-05 14:00:00,160.82243,161.47077,160.76082,161.35423,
2026-07-05 15:00:00,161.35072,161.35427,160.72535,160.9138,
2026-07-05 16:00:00,160.9146,161.41042,160.86205,161.38223,
2026-07-05 17:00:00,161.38273,161.39026,161.31504,161.38212,
2026-07-05 18:00:00,161.383,161.57722,160.85304,161.33537,
2026-07-05 19:00:00,161.3408,161.40903,161.20214,161.26537,
2026-07-05 20:00:00,161.30859,161.37282,161.25982,161.33928,
2026-07-05 21:00:00,161.33359,161.35468,161.29918,161.32972,
2026-07-05 22:00:00,161.32311,161.49423,161.31435,161.41611,
2026-07-05 23:00:00,161.41817,161.50867,161.40502,161.44907,
2026-07-06 00:00:00,161.45305,161.62826,161.45305,161.50554,
2026-07-06 01:00:00,161.50923,161.8162,161.50923,161.81187,
2026-07-06 02:00:00,161.80436,161.84964,161.75734,161.76267,
2026-07-06 03:00:00,161.76364,161.85011,161.76364,161.84821,
2026-07-06 04:00:00,161.84441,161.94677,161.81024,161.93556,
2026-07-06 05:00:00,161.93163,162.07875,161.90305,162.06931,
2026-07-06 06:00:00,162.04739,162.28436,162.02367,162.28159,
2026-07-06 07:00:00,162.27468,162.30664,162.16625,162.17301,
2026-07-06 08:00:00,162.17874,162.29665,162.16739,162.25036,
2026-07-06 09:00:00,162.25437,162.34112,162.24066,162.32927,
2026-07-06 10:00:00,162.32556,162.39457,162.27216,162.31204,
2026-07-06 11:00:00,162.31627,162.35379,162.28783,162.33415,
2026-07-06 12:00:00,162.33618,162.42872,162.31015,162.42592,
2026-07-06 13:00:00,162.41826,162.41826,162.31928,162.34836,
2026-07-06 14:00:00,162.34525,162.38208,162.28688,162.38074,
2026-07-06 15:00:00,162.37669,162.37669,162.28357,162.28585,
2026-07-06 16:00:00,162.28843,162.32324,162.24313,162.29005,
2026-07-06 17:00:00,162.284,162.284,162.14547,162.17714,
2026-07-06 18:00:00,162.16989,162.18762,162.02352,162.02669,
2026-07-06 19:00:00,162.03345,162.11611,162.03345,162.04057,
2026-07-06 20:00:00,162.0459,162.1211,162.0346,162.09849,
2026-07-06 21:00:00,162.09629,162.12578,162.05864,162.08834,
2026-07-06 22:00:00,162.09012,162.09995,162.05587,162.0768,
2026-07-06 23:00:00,162.07324,162.10548,162.00462,162.09758,
2026-07-07 00:00:00,162.09895,162.19954,162.09343,162.10972,
2026-07-07 01:00:00,162.11714,162.1514,161.76076,161.86931,
2026-07-07 02:00:00,161.86123,161.93185,161.81943,161.92831,
2026-07-07 03:00:00,161.9246,161.94291,161.81057,161.87389,
2026-07-07 04:00:00,161.87212,161.8872,161.69447,161.77366,
2026-07-07 05:00:00,161.75175,161.90883,161.75175,161.86996,
2026-07-07 06:00:00,161.8702,162.05229,161.86916,162.02547,
2026-07-07 07:00:00,162.0274,162.09051,161.7549,161.97926,
2026-07-07 08:00:00,161.97504,161.97504,161.83569,161.90302,
2026-07-07 09:00:00,161.89838,161.97068,161.82617,161.94526,
2026-07-07 10:00:00,161.94195,161.95888,161.88428,161.9408,
2026-07-07 11:00:00,161.93702,161.95521,161.83934,161.91423,
2026-07-07 12:00:00,161.92257,161.92773,161.76701,161.84495,
2026-07-07 13:00:00,161.84578,161.90466,161.81874,161.88222,
2026-07-07 14:00:00,161.88302,162.01404,161.82234,161.94313,
2026-07-07 15:00:00,161.95515,161.95515,161.85908,161.92105,
2026-07-07 16:00:00,161.9244,161.96265,161.87569,161.93497,
2026-07-07 17:00:00,161.93596,161.9443,161.88098,161.89266,
2026-07-07 18:00:00,161.88604,161.97212,161.86281,161.91327,
2026-07-07 19:00:00,161.91982,162.1377,161.91743,162.08621,
2026-07-07 20:00:00,162.08114,162.13174,162.05613,162.11907,
2026-07-07 21:00:00,162.12009,162.1859,161.99043,162.17417,
2026-07-07 22:00:00,162.16822,162.20567,162.10776,162.18411,
2026-07-07 23:00:00,162.18529,162.36337,162.17419,162.34206,
2026-07-08 00:00:00,162.3496,162.40696,162.24882,162.33912,
2026-07-08 01:00:00,162.32733,162.4583,162.29463,162.34728,
2026-07-08 02:00:00,162.35206,162.43991,162.34033,162.36102,
2026-07-08 03:00:00,162.36257,162.3715,162.28896,162.35235,
2026-07-08 04:00:00,162.35133,162.40411,162.33137,162.37711,
2026-07-08 05:00:00,162.37865,162.38286,162.23733,162.3352,
2026-07-08 06:00:00,162.33006,162.33006,162.08712,162.20671,
2026-07-08 07:00:00,162.19852,162.28365,162.18049,162.20646,
2026-07-08 08:00:00,162.20402,162.495,162.20402,162.4912,
2026-07-08 09:00:00,162.48695,162.55276,162.39946,162.4624,
2026-07-08 10:00:00,162.45907,162.48311,162.41161,162.47562,
2026-07-08 11:00:00,162.47133,162.55442,162.46701,162.54732,
2026-07-08 12:00:00,162.54136,162.54772,162.4538,162.51784,
2026-07-08 13:00:00,162.51272,162.56888,162.49377,162.52648,
2026-07-08 14:00:00,162.526,162.61987,162.5225,162.61874,
2026-07-08 15:00:00,162.61669,162.71291,162.60242,162.66642,
2026-07-08 16:00:00,162.66735,162.67718,162.50735,162.54306,
2026-07-08 17:00:00,162.54162,162.55697,162.42667,162.54361,
2026-07-08 18:00:00,162.54558,162.54558,162.4447,162.47855,
2026-07-08 19:00:00,162.47869,162.55694,162.42541,162.48164,
2026-07-08 20:00:00,162.48378,162.64235,162.47449,162.64135,
2026-07-08 21:00:00,162.6393,162.65599,162.51681,162.56928,
2026-07-08 22:00:00,162.56731,162.61781,162.56085,162.56804,
2026-07-08 23:00:00,162.56912,162.58647,162.5398,162.55017,
2026-07-09 00:00:00,162.54737,162.55383,162.36486,162.44913,
2026-07-09 01:00:00,162.44264,162.57504,162.41479,162.46861,
2026-07-09 02:00:00,162.47355,162.50693,162.44212,162.47565,
2026-07-09 03:00:00,162.47645,162.49953,162.41114,162.45361,
2026-07-09 04:00:00,162.45075,162.47266,162.41686,162.43647,
2026-07-09 05:00:00,162.43233,162.44173,162.34229,162.37929,
2026-07-09 06:00:00,162.37718,162.37998,162.25252,162.30453,
2026-07-09 07:00:00,162.30189,162.402,162.29783,162.37401,
2026-07-09 08:00:00,162.36716,162.40881,162.31002,162.38273,
2026-07-09 09:00:00,162.37703,162.44956,162.36748,162.40648,
2026-07-09 10:00:00,162.40945,162.50552,162.40484,162.49238,
2026-07-09 11:00:00,162.49757,162.50892,162.45491,162.484,
2026-07-09 12:00:00,162.48068,162.48068,162.39889,162.44592,
2026-07-09 13:00:00,162.44221,162.45542,162.31381,162.34177,
2026-07-09 14:00:00,162.33387,162.42332,162.28518,162.3712,
2026-07-09 15:00:00,162.37505,162.41515,162.26185,162.3031,
2026-07-09 16:00:00,162.30179,162.33098,162.25668,162.30902,
2026-07-09 17:00:00,162.30465,162.33221,162.27519,162.28921,
2026-07-09 18:00:00,162.28392,162.37944,162.28392,162.33851,
2026-07-09 19:00:00,162.3391,162.41956,162.33018,162.399,
2026-07-09 20:00:00,162.40357,162.40647,162.36777,162.39925,
2026-07-09 21:00:00,162.39699,162.43045,162.36985,162.39066,
2026-07-09 22:00:00,162.3883,162.42509,162.35424,162.35444,
2026-07-09 23:00:00,162.35634,162.39101,162.34224,162.37494,
2026-07-10 00:00:00,162.37596,162.42617,161.8984,161.99834,
2026-07-10 01:00:00,161.9695,162.09927,161.68893,161.73187,
2026-07-10 02:00:00,161.72732,161.78166,161.31232,161.44673,
2026-07-10 03:00:00,161.44235,161.58779,161.3426,161.54942,
2026-07-10 04:00:00,161.56848,161.73082,161.52927,161.65258,
2026-07-10 05:00:00,161.66685,161.67394,161.48433,161.60362,
2026-07-10 06:00:00,161.59723,161.6147,161.42552,161.59164,
2026-07-10 07:00:00,161.58741,161.78387,161.57408,161.70716,
2026-07-10 08:00:00,161.70285,161.75627,161.55977,161.69003,
2026-07-10 09:00:00,161.68373,161.86639,161.64697,161.8292,
2026-07-10 10:00:00,161.82307,161.83964,161.69741,161.74967,
2026-07-10 11:00:00,161.75482,161.88736,161.74183,161.85605,
2026-07-10 12:00:00,161.8564,161.92466,161.72212,161.80862,
2026-07-10 13:00:00,161.81392,161.85546,161.74125,161.79777,
2026-07-10 14:00:00,161.79657,161.8768,161.73445,161.82382,
2026-07-10 15:00:00,161.83134,161.83917,161.30326,161.30851,
2026-07-10 16:00:00,161.31713,161.50725,161.30183,161.46825,
2026-07-10 17:00:00,161.48349,161.65089,161.48349,161.64395,
2026-07-10 18:00:00,161.63423,161.73886,161.63423,161.70738,
2026-07-10 19:00:00,161.70447,161.75528,161.68755,161.70499,
2026-07-10 20:00:00,161.7082,161.76336,161.69599,161.69838,
2026-07-10 21:00:00,161.70332,161.77776,161.6008,161.69351,
2026-07-10 22:00:00,161.69427,161.76245,161.66622,161.69098,
2026-07-10 23:00:00,161.68708,161.82535,161.62369,161.69464,
2026-07-11 00:00:00,161.69124,161.74426,161.67078,161.73844,
2026-07-11 01:00:00,161.73696,161.74422,161.69657,161.73814,
2026-07-11 02:00:00,161.73675,161.74394,161.71936,161.73351,
2026-07-11 03:00:00,161.73143,161.7449,161.68843,161.73866,
2026-07-11 04:00:00,161.73606,161.76919,161.71792,161.73904,
2026-07-11 05:00:00,161.73597,161.74809,161.68715,161.74012,
2026-07-11 06:00:00,161.73671,161.74428,161.70327,161.7406,
2026-07-11 07:00:00,161.73699,161.74426,161.72222,161.73656,
2026-07-11 08:00:00,161.73264,161.74421,161.70337,161.74035,
2026-07-11 09:00:00,161.73686,161.74581,161.71828,161.74003,
2026-07-11 10:00:00,161.73684,161.74579,161.70281,161.73959,
2026-07-11 11:00:00,161.73684,161.74428,161.69748,161.73917,
2026-07-11 12:00:00,161.73698,161.74426,161.71945,161.72204,
2026-07-11 13:00:00,161.72517,161.76149,161.69732,161.74004,
2026-07-11 14:00:00,161.73679,161.74718,161.71374,161.74069,
2026-07-11 15:00:00,161.737,161.75228,161.6974,161.7401,
2026-07-11 16:00:00,161.7358,161.74804,161.69809,161.72635,
2026-07-11 17:00:00,161.72946,161.84718,161.7197,161.73199,
2026-07-11 18:00:00,161.73432,161.74299,161.69184,161.71859,
2026-07-11 19:00:00,161.72079,161.73389,161.70175,161.71651,
2026-07-11 20:00:00,161.71769,161.72938,161.68182,161.68319,
2026-07-11 21:00:00,161.68416,161.79856,161.6818,161.75084,
2026-07-11 22:00:00,161.75287,161.75287,161.71943,161.73676,
2026-07-11 23:00:00,161.737,161.7447,161.69893,161.73864,
2026-07-12 00:00:00,161.73668,161.74922,161.71951,161.73828,
2026-07-12 01:00:00,161.737,161.74977,161.69732,161.73552,
2026-07-12 02:00:00,161.7339,161.74426,161.69769,161.73912,
2026-07-12 03:00:00,161.73692,161.74712,161.71933,161.73975,
2026-07-12 04:00:00,161.737,161.76287,161.69856,161.73967,
2026-07-12 05:00:00,161.73645,161.7464,161.71965,161.74047,
2026-07-12 06:00:00,161.73698,161.75454,161.6972,161.73583,
2026-07-12 07:00:00,161.73186,161.75208,161.69767,161.74041,
2026-07-12 08:00:00,161.73679,161.74427,161.71969,161.74041,
2026-07-12 09:00:00,161.737,161.74987,161.69714,161.7388,
2026-07-12 10:00:00,161.73567,161.74428,161.73456,161.73958,
2026-07-12 11:00:00,161.737,162.23815,161.67089,161.73933,
2026-07-12 12:00:00,161.73717,161.91934,161.62536,161.77887,
2026-07-12 13:00:00,161.78854,162.33901,161.67183,162.22021,
2026-07-12 14:00:00,162.21789,162.22518,161.61626,161.85126,
2026-07-12 15:00:00,161.84761,162.22437,161.72753,161.83728,
2026-07-12 16:00:00,161.83749,162.24002,161.6018,161.73639,
2026-07-12 17:00:00,161.73719,161.92334,161.62471,161.80259,
2026-07-12 18:00:00,161.81157,162.22739,161.64823,161.74092,
2026-07-12 19:00:00,161.74152,162.03066,161.46613,161.71054,
2026-07-12 20:00:00,161.70549,161.80936,161.60163,161.7181,
2026-07-12 21:00:00,161.71571,161.79674,161.66109,161.78037,
2026-07-12 22:00:00,161.77638,162.06413,161.69854,162.03293,
2026-07-12 23:00:00,162.0372,162.07217,161.90918,161.91886,
2026-07-13 00:00:00,161.93396,162.10129,161.87833,162.05703,
2026-07-13 01:00:00,162.06427,162.15205,161.96032,161.98458,
2026-07-13 02:00:00,161.98852,162.09449,161.96892,162.07309,
2026-07-13 03:00:00,162.07094,162.12933,162.05754,162.07729,
2026-07-13 04:00:00,162.07731,162.0959,161.97281,161.97539,
2026-07-13 05:00:00,161.97659,162.32934,161.94821,162.25454,
2026-07-13 06:00:00,162.2555,162.37167,162.21036,162.24227,
2026-07-13 07:00:00,162.23514,162.28204,161.91924,162.12318,
2026-07-13 08:00:00,162.1131,162.14243,162.01687,162.08899,
2026-07-13 09:00:00,162.08569,162.10707,161.98363,162.00418,
2026-07-13 10:00:00,162.00753,162.12995,161.99945,162.08266,
2026-07-13 11:00:00,162.08014,162.14515,162.03364,162.12784,
2026-07-13 12:00:00,162.12392,162.18957,162.10715,162.12864,
2026-07-13 13:00:00,162.12706,162.2352,162.08935,162.20817,
2026-07-13 14:00:00,162.21054,162.40457,162.20834,162.40305,
2026-07-13 15:00:00,162.39913,162.39913,162.30982,162.31476,
2026-07-13 16:00:00,162.31622,162.46561,162.31296,162.46218,
2026-07-13 17:00:00,162.45774,162.47023,162.43297,162.45564,
2026-07-13 18:00:00,162.45753,162.48138,162.37557,162.37745,
2026-07-13 19:00:00,162.37907,162.4691,162.35836,162.46755,
2026-07-13 20:00:00,162.46408,162.48761,162.43215,162.45909,
2026-07-13 21:00:00,162.46078,162.48364,162.36599,162.45195,
2026-07-13 22:00:00,162.45441,162.48638,162.4138,162.45094,
2026-07-13 23:00:00,162.44699,162.45323,162.39281,162.42801,
2026-07-14 00:00:00,162.42971,162.47004,162.29851,162.37056,
2026-07-14 01:00:00,162.36445,162.43651,162.33633,162.40131,
2026-07-14 02:00:00,162.40372,162.41845,162.31053,162.33119,
2026-07-14 03:00:00,162.32999,162.36723,162.23907,162.2858,
2026-07-14 04:00:00,162.28164,162.34102,162.26403,162.32341,
2026-07-14 05:00:00,162.32118,162.32808,162.24974,162.30204,
2026-07-14 06:00:00,162.29898,162.37464,162.28705,162.34343,
2026-07-14 07:00:00,162.35083,162.37228,162.30465,162.34982,
2026-07-14 08:00:00,162.3458,162.38458,162.17924,162.27914,
2026-07-14 09:00:00,162.27361,162.29378,162.16433,162.19363,
2026-07-14 10:00:00,162.18951,162.26564,162.16736,162.2648,
2026-07-14 11:00:00,162.26212,162.27978,162.19731,162.20105,
2026-07-14 12:00:00,162.19735,162.33167,161.64103,161.94982,
2026-07-14 13:00:00,161.94444,161.96774,161.84998,161.93214,
2026-07-14 14:00:00,161.92845,162.01112,161.85177,161.96242,
2026-07-14 15:00:00,161.96498,162.16873,161.9136,162.16281,
2026-07-14 16:00:00,162.15269,162.19751,162.11614,162.1224,
2026-07-14 17:00:00,162.12448,162.23774,162.10786,162.19266,
2026-07-14 18:00:00,162.18594,162.27741,162.16603,162.21248,
2026-07-14 19:00:00,162.21825,162.21825,162.13932,162.20798,
2026-07-14 20:00:00,162.19923,162.27524,162.19923,162.27224,
2026-07-14 21:00:00,162.26797,162.28939,162.14805,162.22802,
2026-07-14 22:00:00,162.22459,162.2729,162.20109,162.24007,
2026-07-14 23:00:00,162.24029,162.24521,162.16594,162.19291,
2026-07-15 00:00:00,162.1873,162.24108,162.08477,162.08751,
2026-07-15 01:00:00,162.09213,162.12925,161.96551,162.10819,
2026-07-15 02:00:00,162.11308,162.12701,162.04716,162.09505,
2026-07-15 03:00:00,162.09488,162.18202,162.08847,162.144,
2026-07-15 04:00:00,162.14134,162.2267,162.13545,162.21492,
2026-07-15 05:00:00,162.21208,162.23291,162.17716,162.20777,
2026-07-15 06:00:00,162.20489,162.21346,162.12035,162.20669,
2026-07-15 07:00:00,162.20059,162.30993,162.20059,162.27511,
2026-07-15 08:00:00,162.27092,162.35027,162.25493,162.30298,
2026-07-15 09:00:00,162.31,162.36505,162.27621,162.3624,
2026-07-15 10:00:00,162.35155,162.42334,162.35155,162.36295,
2026-07-15 11:00:00,162.37888,162.39391,162.31686,162.34859,
2026-07-15 12:00:00,162.35161,162.40566,162.16311,162.17078,
2026-07-15 13:00:00,162.18432,162.27678,162.14005,162.17497,
2026-07-15 14:00:00,162.17958,162.23693,162.13335,162.13611,
2026-07-15 15:00:00,162.14113,162.22211,162.07725,162.13318,
2026-07-15 16:00:00,162.13367,162.22104,162.12612,162.17789,
2026-07-15 17:00:00,162.17742,162.18149,161.98093,161.99991,
2026-07-15 18:00:00,161.9966,162.05848,161.89685,162.04206,
2026-07-15 19:00:00,162.04713,162.27793,162.01738,162.21644,
2026-07-15 20:00:00,162.21882,162.23847,162.19604,162.19604,
2026-07-15 21:00:00,162.19713,162.22009,162.1306,162.13226,
2026-07-15 22:00:00,162.13266,162.15981,162.08802,162.14187,
2026-07-15 23:00:00,162.13856,162.13856,162.04114,162.06169,
2026-07-16 00:00:00,162.06664,162.16111,162.02679,162.09351,
2026-07-16 01:00:00,162.09601,162.12257,162.03657,162.12088,
2026-07-16 02:00:00,162.11625,162.16952,162.09336,162.166,
2026-07-16 03:00:00,162.16232,162.16352,162.07839,162.11062,
2026-07-16 04:00:00,162.10809,162.14891,162.08772,162.09501,
2026-07-16 05:00:00,162.09174,162.18352,162.08377,162.18136,
2026-07-16 06:00:00,162.17673,162.1772,162.11421,162.12383,
2026-07-16 07:00:00,162.11962,162.13206,162.00506,162.10046,
2026-07-16 08:00:00,162.09327,162.18096,162.0783,162.15045,
2026-07-16 09:00:00,162.15652,162.20042,162.11841,162.17606,
2026-07-16 10:00:00,162.17033,162.20238,162.13667,162.14022,
2026-07-16 11:00:00,162.14231,162.22673,162.12718,162.17271,
2026-07-16 12:00:00,162.1776,162.3021,162.16249,162.29961,
2026-07-16 13:00:00,162.29264,162.34862,162.21434,162.34541,
2026-07-16 14:00:00,162.3442,162.45386,162.31784,162.45223,
2026-07-16 15:00:00,162.44817,162.481,162.41329,162.43287,
2026-07-16 16:00:00,162.42908,162.54807,162.4206,162.48824,
2026-07-16 17:00:00,162.4793,162.51387,162.40718,162.41701,
2026-07-16 18:00:00,162.41275,162.43522,162.36792,162.39098,
2026-07-16 19:00:00,162.39179,162.43963,162.38129,162.40251,
2026-07-16 20:00:00,162.39776,162.40747,162.36691,162.37882,
2026-07-16 21:00:00,162.37441,162.45283,162.36965,162.39343,
2026-07-16 22:00:00,162.38817,162.40474,162.31654,162.37314,
2026-07-16 23:00:00,162.37388,162.39444,162.32602,162.39222,
2026-07-17 00:00:00,162.38855,162.4602,162.36174,162.42566,
2026-07-17 01:00:00,162.42587,162.47638,162.41528,162.47264,
2026-07-17 02:00:00,162.47177,162.47214,162.34089,162.37068,
2026-07-17 03:00:00,162.3633,162.41666,162.3633,162.4036,
2026-07-17 04:00:00,162.4015,162.4356,162.3742,162.41935,
2026-07-17 05:00:00,162.41617,162.44864,162.37261,162.41233,
2026-07-17 06:00:00,162.40906,162.42752,162.16633,162.26019,
2026-07-17 07:00:00,162.24393,162.28506,162.16898,162.28013,
2026-07-17 08:00:00,162.2685,162.42377,162.2685,162.37584,
2026-07-17 09:00:00,162.37939,162.45399,162.36124,162.37397,
2026-07-17 10:00:00,162.38322,162.42615,162.36354,162.36726,
2026-07-17 11:00:00,162.37035,162.37388,162.31343,162.3644,
2026-07-17 12:00:00,162.35445,162.42082,162.31297,162.41575,
2026-07-17 13:00:00,162.41212,162.4497,162.34828,162.35464,
2026-07-17 14:00:00,162.35849,162.4155,162.33446,162.41335,
2026-07-17 15:00:00,162.40868,162.44613,162.35514,162.44295,
2026-07-17 16:00:00,162.43938,162.52465,162.43533,162.46876,
2026-07-17 17:00:00,162.47131,162.49578,162.41565,162.45875,
2026-07-17 18:00:00,162.45882,162.46456,162.42138,162.43641,
2026-07-17 19:00:00,162.4396,162.47808,162.38413,162.38749,
2026-07-17 20:00:00,162.3941,162.45345,162.37305,162.41068,
2026-07-17 21:00:00,162.411,162.46649,162.36334,162.44083,
2026-07-17 22:00:00,162.44233,162.45348,162.40271,162.43176,
2026-07-17 23:00:00,162.43433,162.45042,162.40141,162.43507,
2026-07-18 00:00:00,162.436,162.45806,162.38735,162.41074,
2026-07-18 01:00:00,162.40903,162.42706,162.3789,162.41015,
2026-07-18 02:00:00,162.409,162.42555,162.37908,162.40985,
2026-07-18 03:00:00,162.4101,162.42498,162.37229,162.40972,
2026-07-18 04:00:00,162.40733,162.42236,162.38084,162.4102,
2026-07-18 05:00:00,162.40729,162.45545,162.40201,162.41251,
2026-07-18 06:00:00,162.40922,162.42795,162.38066,162.41258,
2026-07-18 07:00:00,162.40901,162.41945,162.38412,162.41528,
2026-07-18 08:00:00,162.41181,162.42769,162.39761,162.41259,
2026-07-18 09:00:00,162.40902,162.41852,162.40327,162.41231,
2026-07-18 10:00:00,162.40898,162.42828,162.39587,162.41204,
2026-07-18 11:00:00,162.4091,162.45795,162.40263,162.41147,
2026-07-18 12:00:00,162.40904,162.42217,162.40259,162.41759,
2026-07-18 13:00:00,162.41513,162.43455,162.40534,162.41213,
2026-07-18 14:00:00,162.40917,162.41797,162.40657,162.41253,
2026-07-18 15:00:00,162.409,162.43011,162.40333,162.40952,
2026-07-18 16:00:00,162.40962,162.43013,162.39207,162.40848,
2026-07-18 17:00:00,162.40902,162.42224,162.39177,162.40446,
2026-07-18 18:00:00,162.41005,162.43002,162.39422,162.40811,
2026-07-18 19:00:00,162.40925,162.42359,162.39261,162.40784,
2026-07-18 20:00:00,162.40905,162.44628,162.39171,162.42568,
2026-07-18 21:00:00,162.4268,162.43404,162.39561,162.41364,
2026-07-18 22:00:00,162.41459,162.41916,162.39229,162.40857,
2026-07-18 23:00:00,162.409,162.43364,162.39414,162.40918,
2026-07-19 00:00:00,162.40916,162.41893,162.40668,162.41053,
2026-07-19 01:00:00,162.409,162.43352,162.39089,162.41195,
2026-07-19 02:00:00,162.41199,162.43402,162.39118,162.41103,
2026-07-19 03:00:00,162.40905,162.4201,162.40657,162.41156,
2026-07-19 04:00:00,162.409,162.4341,162.40565,162.41269,
2026-07-19 05:00:00,162.40968,162.42147,162.40355,162.41241,
2026-07-19 06:00:00,162.40901,162.43341,162.40368,162.41507,
2026-07-19 07:00:00,162.41164,162.4341,162.40632,162.41172,
2026-07-19 08:00:00,162.408,162.42221,162.40244,162.41304,
2026-07-19 09:00:00,162.40952,162.42798,162.40812,162.42427,
2026-07-19 10:00:00,162.42103,162.42833,162.41453,162.41627,
2026-07-19 11:00:00,162.4167,162.4758,162.40935,162.45855,
2026-07-19 12:00:00,162.45619,162.4635,162.41134,162.41223,
2026-07-19 13:00:00,162.41228,162.4727,162.40474,162.45525,
2026-07-19 14:00:00,162.45217,162.45914,162.36274,162.44436,
2026-07-19 15:00:00,162.44074,162.48652,162.4309,162.44697,
2026-07-19 16:00:00,162.4471,162.45723,162.4066,162.40836,
2026-07-19 17:00:00,162.40903,162.4162,162.3874,162.40711,
2026-07-19 18:00:00,162.40817,162.74514,162.3543,162.38461,
2026-07-19 19:00:00,162.39405,162.54575,162.34403,162.47017,
2026-07-19 20:00:00,162.47302,162.49487,162.33032,162.44271,
2026-07-19 21:00:00,162.43392,162.47755,162.36635,162.41671,
2026-07-19 22:00:00,162.42522,162.61312,162.34264,162.50812,
2026-07-19 23:00:00,162.51023,162.54722,162.49047,162.54013,
2026-07-20 00:00:00,162.5393,162.5393,162.33561,162.34707,
2026-07-20 01:00:00,162.34291,162.41333,162.31768,162.36049,
2026-07-20 02:00:00,162.36251,162.37576,162.33962,162.37069,
2026-07-20 03:00:00,162.36829,162.38289,162.35601,162.37284,
2026-07-20 04:00:00,162.36975,162.3905,162.33668,162.34521,
2026-07-20 05:00:00,162.3422,162.38317,162.32814,162.37956,
2026-07-20 06:00:00,162.37595,162.42091,162.36468,162.41786,
2026-07-20 07:00:00,162.41412,162.45606,162.32411,162.37505,
2026-07-20 08:00:00,162.37187,162.38499,162.34211,162.37301,
2026-07-20 09:00:00,162.36981,162.43802,162.36145,162.43195,
2026-07-20 10:00:00,162.42897,162.4344,162.39132,162.40444,
2026-07-20 11:00:00,162.40033,162.43438,162.26786,162.35405,
2026-07-20 12:00:00,162.3508,162.43098,162.3508,162.41171,
2026-07-20 13:00:00,162.40861,162.47015,162.3941,162.46346,
2026-07-20 14:00:00,162.45047,162.60294,162.45047,162.52295,
2026-07-20 15:00:00,162.53398,162.58187,162.53193,162.571,
2026-07-20 16:00:00,162.56647,162.58618,162.53238,162.53814,
2026-07-20 17:00:00,162.53824,162.54942,162.46232,162.46344,
2026-07-20 18:00:00,162.46604,162.53203,162.41767,162.52012,
2026-07-20 19:00:00,162.52031,162.52793,162.4648,162.5112,
2026-07-20 20:00:00,162.50333,162.53641,162.49112,162.50821,
2026-07-20 21:00:00,162.50647,162.53218,162.47333,162.49946,
2026-07-20 22:00:00,162.5013,162.52219,162.48511,162.50535,
2026-07-20 23:00:00,162.50044,162.51615,162.48795,162.48873,
2026-07-21 00:00:00,162.49007,162.54244,162.45251,162.52762,
2026-07-21 01:00:00,162.52316,162.53397,162.45613,162.51938,
2026-07-21 02:00:00,162.51797,162.52671,162.48866,162.49148,
2026-07-21 03:00:00,162.49496,162.52168,162.46007,162.48826,
2026-07-21 04:00:00,162.48528,162.50501,162.47405,162.49862,
2026-07-21 05:00:00,162.49566,162.5279,162.4744,162.52172,
2026-07-21 06:00:00,162.51846,162.55698,162.49553,162.5432,
2026-07-21 07:00:00,162.53845,162.62177,162.52463,162.61349,
2026-07-21 08:00:00,162.60683,162.70547,162.59653,162.69206,
2026-07-21 09:00:00,162.68868,162.70199,162.65438,162.68757,
2026-07-21 10:00:00,162.68449,162.7048,162.65165,162.67553,
2026-07-21 11:00:00,162.67998,162.75618,162.66676,162.75148,
2026-07-21 12:00:00,162.74958,162.80526,162.71996,162.73871,
2026-07-21 13:00:00,162.73688,162.90111,162.73231,162.87211,
2026-07-21 14:00:00,162.87233,163.03682,162.85672,163.00507,
2026-07-21 15:00:00,163.00965,163.04183,162.92613,163.03552,
2026-07-21 16:00:00,163.03366,163.03366,162.95785,163.01281,
2026-07-21 17:00:00,163.00837,163.03694,162.97942,163.03358,
2026-07-21 18:00:00,163.02803,163.24264,163.01534,163.20497,
2026-07-21 19:00:00,163.20649,163.22412,163.16536,163.21252,
2026-07-21 20:00:00,163.20758,163.24554,163.1942,163.20868,
2026-07-21 21:00:00,163.20844,163.21665,163.13372,163.17495,
2026-07-21 22:00:00,163.17034,163.2163,163.16952,163.21315,
2026-07-21 23:00:00,163.2087,163.22784,163.17394,163.20126,
2026-07-22 00:00:00,163.20368,163.20968,163.03844,163.15233,
2026-07-22 01:00:00,163.15766,163.20454,163.11533,163.16363,
2026-07-22 02:00:00,163.1642,163.18439,163.08194,163.12019,
2026-07-22 03:00:00,163.11828,163.17218,163.11813,163.16305,
2026-07-22 04:00:00,163.1584,163.20614,163.15431,163.17793,
2026-07-22 05:00:00,163.1737,163.1984,163.09262,163.09513,
2026-07-22 06:00:00,163.0974,163.14502,163.05981,163.1065,
2026-07-22 07:00:00,163.11323,163.31261,162.83745,162.94119,
2026-07-22 08:00:00,162.93069,163.11458,162.91062,162.96586,
2026-07-22 09:00:00,162.97347,163.05409,162.95174,163.05235,
2026-07-22 10:00:00,163.0492,163.07858,163.00857,163.02042,
2026-07-22 11:00:00,163.0317,163.07887,162.99911,163.07631,
2026-07-22 12:00:00,163.06688,163.13397,163.04358,163.10297,
2026-07-22 13:00:00,163.10642,163.11375,163.0187,163.07998,
2026-07-22 14:00:00,163.07591,163.10732,163.04727,163.10405,
2026-07-22 15:00:00,163.10265,163.13409,163.07766,163.0819,
2026-07-22 16:00:00,163.08286,163.12176,163.07463,163.10684,
2026-07-22 17:00:00,163.10064,163.17707,163.10064,163.15239,
2026-07-22 18:00:00,163.15432,163.17646,163.11406,163.13498,
2026-07-22 19:00:00,163.1357,163.16573,163.11244,163.14756,
2026-07-22 20:00:00,163.1492,163.17519,163.14097,163.16135,
2026-07-22 21:00:00,163.16343,163.18655,163.11082,163.12526,
2026-07-22 22:00:00,163.12345,163.15481,163.08392,163.12616,
2026-07-22 23:00:00,163.12306,163.13752,163.09703,163.10312,
2026-07-23 00:00:00,163.10349,163.14012,163.06683,163.07458,
2026-07-23 01:00:00,163.08634,163.08677,163.00538,163.05976,
2026-07-23 02:00:00,163.05206,163.09387,163.05021,163.07049,
2026-07-23 03:00:00,163.07108,163.09096,163.0323,163.0506,
2026-07-23 04:00:00,163.04718,163.08867,163.03543,163.07855,
2026-07-23 05:00:00,163.08217,163.11668,163.07292,163.11132,
2026-07-23 06:00:00,163.10821,163.11904,163.07427,163.11481,
2026-07-23 07:00:00,163.11099,163.41754,163.10703,163.31303,
2026-07-23 08:00:00,163.32428,163.43519,163.30303,163.35531,
2026-07-23 09:00:00,163.3626,163.39932,163.2989,163.37981,
2026-07-23 10:00:00,163.37563,163.38714,163.35385,163.37891,
2026-07-23 11:00:00,163.37511,163.59899,163.36532,163.49346,
2026-07-23 12:00:00,163.48984,163.75213,163.45989,163.67799,
2026-07-23 13:00:00,163.66941,163.95332,163.66941,163.94674,
2026-07-23 14:00:00,163.94256,163.98013,163.88685,163.95245,
2026-07-23 15:00:00,163.96998,163.96998,163.78955,163.82524,
2026-07-23 16:00:00,163.82367,163.83649,163.71996,163.77465,
2026-07-23 17:00:00,163.77241,163.84676,163.72493,163.84413,
2026-07-23 18:00:00,163.83818,163.85464,163.78028,163.81658,
2026-07-23 19:00:00,163.81226,163.8562,163.78071,163.81821,
2026-07-23 20:00:00,163.82078,163.88485,163.80531,163.87039,
2026-07-23 21:00:00,163.8666,163.87769,163.7955,163.81469,
2026-07-23 22:00:00,163.8102,163.85776,163.79599,163.84796,
2026-07-23 23:00:00,163.84892,163.87029,163.81511,163.85572,
2026-07-24 00:00:00,163.85599,163.94069,163.81515,163.85523,
2026-07-24 01:00:00,163.86441,163.86441,163.72959,163.77754,
2026-07-24 02:00:00,163.77837,163.80053,163.73664,163.77465,
2026-07-24 03:00:00,163.7758,163.87329,163.7719,163.80967,
2026-07-24 04:00:00,163.81397,163.8545,163.78382,163.83019,
2026-07-24 05:00:00,163.83265,163.85149,163.80323,163.8434,
2026-07-24 06:00:00,163.84358,163.85335,163.77485,163.78214,
2026-07-24 07:00:00,163.79076,163.80305,163.6624,163.77845,
2026-07-24 08:00:00,163.7661,163.81514,163.72911,163.74568,
2026-07-24 09:00:00,163.75459,163.76993,163.68874,163.69225,
2026-07-24 10:00:00,163.6959,163.80748,163.68636,163.7922,
2026-07-24 11:00:00,163.79392,163.85003,163.76256,163.8086,
2026-07-24 12:00:00,163.82991,163.86481,163.78854,163.86312,
2026-07-24 13:00:00,163.85987,163.89053,163.79317,163.79736,
2026-07-24 14:00:00,163.80333,163.83828,163.70779,163.74318,
2026-07-24 15:00:00,163.72969,163.77575,163.65129,163.73446,
2026-07-24 16:00:00,163.73284,163.78144,163.7099,163.78019,
2026-07-24 17:00:00,163.77642,163.84131,163.77642,163.81982,
2026-07-24 18:00:00,163.81646,163.86255,163.79815,163.83986,
2026-07-24 19:00:00,163.84158,163.86117,163.81446,163.85189,
2026-07-24 20:00:00,163.84623,163.87761,163.84357,163.85393,
2026-07-24 21:00:00,163.85468,163.86102,163.80288,163.84366,
2026-07-24 22:00:00,163.84471,163.86683,163.81096,163.84042,
2026-07-24 23:00:00,163.84163,163.84901,163.81481,163.84043,
2026-07-25 00:00:00,163.84163,163.88329,163.82034,163.85289,
2026-07-25 01:00:00,163.85393,163.86778,163.83356,163.85321,
2026-07-25 02:00:00,163.85392,163.86898,163.83374,163.85384,
2026-07-25 03:00:00,163.85408,163.87164,163.83036,163.85593,
2026-07-25 04:00:00,163.854,163.86662,163.83368,163.8553,
2026-07-25 05:00:00,163.854,163.86146,163.82433,163.85562,
2026-07-25 06:00:00,163.85401,163.86137,163.83441,163.85622,
2026-07-25 07:00:00,163.85399,163.86137,163.83354,163.85689,
2026-07-25 08:00:00,163.85411,163.86139,163.83836,163.85723,
2026-07-25 09:00:00,163.854,163.86146,163.85155,163.85753,
2026-07-25 10:00:00,163.854,163.86128,163.83906,163.85763,
2026-07-25 11:00:00,163.85395,163.8632,163.83513,163.84497,
2026-07-25 12:00:00,163.84133,163.8536,163.83891,163.85145,
2026-07-25 13:00:00,163.848,163.85787,163.83345,163.84488,
2026-07-25 14:00:00,163.8418,163.86143,163.84077,163.85662,
2026-07-25 15:00:00,163.854,163.86549,163.83887,163.85644,
2026-07-25 16:00:00,163.85422,163.86137,163.80895,163.85681,
2026-07-25 17:00:00,163.85395,163.86156,163.80998,163.85763,
2026-07-25 18:00:00,163.85411,163.86039,163.7987,163.85696,
2026-07-25 19:00:00,163.85309,163.85469,163.79987,163.83824,
2026-07-25 20:00:00,163.83867,163.86427,163.787,163.8532,
2026-07-25 21:00:00,163.85403,163.86618,163.80933,163.85286,
2026-07-25 22:00:00,163.85397,163.86295,163.80889,163.85277,
2026-07-25 23:00:00,163.854,163.8843,163.81368,163.85287,
2026-07-26 00:00:00,163.85404,163.86266,163.8516,163.85577,
2026-07-26 01:00:00,163.85673,163.86403,163.8386,163.84981,
2026-07-26 02:00:00,163.85039,163.86119,163.83861,163.85389,
2026-07-26 03:00:00,163.85397,163.86137,163.85155,163.85573,
2026-07-26 04:00:00,163.854,163.86291,163.83848,163.85516,
2026-07-26 05:00:00,163.85401,163.86147,163.85158,163.8558,
2026-07-26 06:00:00,163.854,163.86549,163.83871,163.85714,
2026-07-26 07:00:00,163.85476,163.86522,163.83789,163.85673,
2026-07-26 08:00:00,163.85379,163.86427,163.85158,163.85798,
2026-07-26 09:00:00,163.85464,163.86293,163.83895,163.85363,
2026-07-26 10:00:00,163.85004,163.85867,163.84762,163.85515,
2026-07-26 11:00:00,163.85146,164.08805,163.5269,163.63765,
2026-07-26 12:00:00,163.63424,163.6416,163.63179,163.63728,
2026-07-26 13:00:00,163.63424,163.99761,163.50063,163.60047,
2026-07-26 14:00:00,163.598,163.871,163.57872,163.86179,
2026-07-26 15:00:00,163.85933,163.88105,163.59479,163.8533,
2026-07-26 16:00:00,163.85087,163.88341,163.59022,163.85737,
2026-07-26 17:00:00,163.85445,163.86379,163.80047,163.85756,
2026-07-26 18:00:00,163.854,163.88515,163.48807,163.83764,
2026-07-26 19:00:00,163.85934,163.94872,163.51028,163.79329,
2026-07-26 20:00:00,163.78395,163.83083,163.61109,163.64056,
2026-07-26 21:00:00,163.67026,163.73459,163.56792,163.62795,
2026-07-26 22:00:00,163.6354,163.70878,163.56192,163.70603,
2026-07-26 23:00:00,163.70208,163.70948,163.6118,163.61439,
2026-07-27 00:00:00,163.62052,163.65083,163.5278,163.63762,
2026-07-27 01:00:00,163.63896,163.65334,163.49606,163.50212,
2026-07-27 02:00:00,163.51158,163.57931,163.46107,163.57667,
2026-07-27 03:00:00,163.57487,163.62016,163.56271,163.58027,
2026-07-27 04:00:00,163.5789,163.60284,163.55477,163.58214,
2026-07-27 05:00:00,163.58026,163.61268,163.55903,163.58805,
2026-07-27 06:00:00,163.58957,163.59987,163.51719,163.52222,
2026-07-27 07:00:00,163.52981,163.53265,163.32908,163.5096,
2026-07-27 08:00:00,163.49457,163.55417,163.48818,163.52277,
2026-07-27 09:00:00,163.51914,163.61728,163.49783,163.52908,
2026-07-27 10:00:00,163.52251,163.60159,163.52249,163.59985,
2026-07-27 11:00:00,163.59584,163.65003,163.58815,163.64898,
2026-07-27 12:00:00,163.64504,163.70589,163.617,163.69313,
2026-07-27 13:00:00,163.6903,163.75458,163.65687,163.75345,
2026-07-27 14:00:00,163.74839,163.76717,163.72099,163.72753,
2026-07-27 15:00:00,163.73264,163.73264,163.66296,163.70372,
2026-07-27 16:00:00,163.69836,163.71994,163.59513,163.64772,
2026-07-27 17:00:00,163.64941,163.74192,163.64941,163.73119,
2026-07-27 18:00:00,163.7256,163.79283,163.70537,163.7863,
2026-07-27 19:00:00,163.77599,163.7978,163.7044,163.73559,
2026-07-27 20:00:00,163.72736,163.77736,163.72736,163.74729,
2026-07-27 21:00:00,163.7486,163.76461,163.65696,163.72749,
2026-07-27 22:00:00,163.73388,163.76771,163.73018,163.75345,
2026-07-27 23:00:00,163.75435,163.78965,163.7201,163.77744,
2026-07-28 00:00:00,163.77853,163.83514,163.76295,163.76852,
2026-07-28 01:00:00,163.77202,163.79087,163.71944,163.77542,
2026-07-28 02:00:00,163.77665,163.79303,163.67996,163.71838,
2026-07-28 03:00:00,163.71641,163.77419,163.70551,163.76718,
2026-07-28 04:00:00,163.76533,163.78656,163.74662,163.75621,
2026-07-28 05:00:00,163.75449,163.77626,163.72653,163.74123,
2026-07-28 06:00:00,163.73848,163.74593,163.67269,163.69881,
2026-07-28 07:00:00,163.68984,163.79882,163.68984,163.79052,
2026-07-28 08:00:00,163.78735,163.85365,163.77148,163.83081,
2026-07-28 09:00:00,163.82702,163.89133,163.81369,163.88962,
2026-07-28 10:00:00,163.88501,163.95369,163.8714,163.94059,
2026-07-28 11:00:00,163.9363,163.94666,163.91452,163.93578,
2026-07-28 12:00:00,163.93292,163.9422,163.8533,163.88954,
2026-07-28 13:00:00,163.88676,163.88996,163.82834,163.83525,
2026-07-28 14:00:00,163.83676,163.8809,163.83141,163.8782,
2026-07-28 15:00:00,163.87658,163.87658,163.65573,163.66994,
2026-07-28 16:00:00,163.67371,163.75403,163.65255,163.75031,
2026-07-28 17:00:00,163.7473,163.81852,163.71953,163.81594,
2026-07-28 18:00:00,163.81436,163.86703,163.78272,163.86283,
2026-07-28 19:00:00,163.85603,163.86663,163.82779,163.86279,
2026-07-28 20:00:00,163.85694,163.88595,163.84125,163.86954,
2026-07-28 21:00:00,163.86113,163.87573,163.74754,163.82598,
2026-07-28 22:00:00,163.82671,163.87895,163.82131,163.85247,
2026-07-28 23:00:00,163.85412,163.88173,163.84834,163.87251,
2026-07-29 00:00:00,163.86905,163.88915,163.6863,163.69888,
2026-07-29 01:00:00,163.70284,163.78284,163.68996,163.72292,
2026-07-29 02:00:00,163.71814,163.75354,163.67205,163.71904,
2026-07-29 03:00:00,163.71985,163.72409,163.57969,163.62873,
2026-07-29 04:00:00,163.62585,163.63071,163.28612,163.43335,
2026-07-29 05:00:00,163.44746,163.48351,163.34466,163.48093,
2026-07-29 06:00:00,163.47513,163.59029,163.46353,163.52782,
2026-07-29 07:00:00,163.5295,163.69695,163.49951,163.69319,
2026-07-29 08:00:00,163.68996,163.69644,163.56128,163.59767,
2026-07-29 09:00:00,163.59351,163.62582,163.50542,163.61026,
2026-07-29 10:00:00,163.6051,163.69871,163.60392,163.66805,
2026-07-29 11:00:00,163.67339,163.69133,163.63858,163.67059,
2026-07-29 12:00:00,163.66818,163.81859,163.63948,163.81835,
2026-07-29 13:00:00,163.8154,163.81548,163.73076,163.76818,
2026-07-29 14:00:00,163.76647,163.88079,163.74659,163.8795,
2026-07-29 15:00:00,163.87497,163.89146,163.83311,163.87178,
2026-07-29 16:00:00,163.86872,163.91096,163.86739,163.89778,
2026-07-29 17:00:00,163.89113,163.90116,163.77717,163.79309,
2026-07-29 18:00:00,163.79296,163.89746,163.32813,163.35639,
2026-07-29 19:00:00,163.35807,163.52034,163.2246,163.51216,
2026-07-29 20:00:00,163.50107,163.55737,163.43683,163.43712,
2026-07-29 21:00:00,163.43786,163.50776,163.36897,163.42362,
2026-07-29 22:00:00,163.42011,163.45865,163.38771,163.38844,
2026-07-29 23:00:00,163.39025,163.39506,163.26741,163.32748,
2026-07-30 00:00:00,163.32477,163.51362,163.21507,163.48769,
2026-07-30 01:00:00,163.47807,163.53974,163.41489,163.50892,
2026-07-30 02:00:00,163.50614,163.51126,163.45801,163.48104,
2026-07-30 03:00:00,163.47672,163.556,163.47672,163.50477,
2026-07-30 04:00:00,163.50258,163.5249,163.46392,163.51193,
2026-07-30 05:00:00,163.50952,163.5463,163.46217,163.54206,
2026-07-30 06:00:00,163.53888,163.64215,163.53299,163.63319,
2026-07-30 07:00:00,163.62876,163.74131,163.57167,163.73418,
2026-07-30 08:00:00,163.73033,163.73922,163.6071,163.66031,
2026-07-30 09:00:00,163.65652,163.65941,163.28624,163.30232,
2026-07-30 10:00:00,163.29848,163.32907,162.61708,162.8354,
2026-07-30 11:00:00,162.83797,163.03094,162.72301,162.89211,
2026-07-30 12:00:00,162.89713,162.95449,162.71167,162.94796,
2026-07-30 13:00:00,162.93635,162.99952,159.91889,159.97605,
2026-07-30 14:00:00,160.09077,160.13789,157.94708,159.31368,
2026-07-30 15:00:00,159.34107,159.61291,159.07821,159.44265,
2026-07-30 16:00:00,159.42182,159.68069,159.37912,159.61022,
2026-07-30 17:00:00,159.62128,160.01557,158.33974,159.04253,
2026-07-30 18:00:00,159.05046,159.11952,158.84908,159.03966,
2026-07-30 19:00:00,159.03249,159.44421,158.92869,159.32558,
2026-07-30 20:00:00,159.30984,159.60199,159.30984,159.54396,
2026-07-30 21:00:00,159.57659,159.63839,159.45752,159.61545,
2026-07-30 22:00:00,159.61684,159.78731,159.43987,159.70484,
2026-07-30 23:00:00,159.70353,160.19848,159.59415,160.17454,
2026-07-31 00:00:00,160.17596,160.67171,160.16182,160.50827,
2026-07-31 01:00:00,160.48955,160.7424,160.43455,160.73653,
2026-07-31 02:00:00,160.7219,160.76796,160.47309,160.55943,
2026-07-31 03:00:00,160.55576,160.89204,160.48887,160.60466,
2026-07-31 04:00:00,160.61019,160.8064,160.57248,160.67352,
2026-07-31 05:00:00,160.67917,160.74025,160.59669,160.59947,
2026-07-31 06:00:00,160.60408,160.6046,160.02199,160.25312,
2026-07-31 07:00:00,160.23755,160.63263,160.23755,160.36336,
2026-07-31 08:00:00,160.34616,160.44585,158.59166,158.64483,
2026-07-31 09:00:00,158.74774,160.05722,158.4852,160.0464,
2026-07-31 10:00:00,160.0285,160.12675,159.90059,160.00996,
2026-07-31 11:00:00,160.00536,160.24588,159.97587,160.20536,
2026-07-31 12:00:00,160.19857,160.45267,160.17614,160.35264,
2026-07-31 13:00:00,160.36054,160.51318,159.17185,159.49686,
2026-07-31 14:00:00,159.48882,159.52239,158.86386,159.2295,
2026-07-31 15:00:00,159.23741,159.40708,158.79344,159.17933,
2026-07-31 16:00:00,159.18927,159.34823,159.13889,159.34269,
2026-07-31 17:00:00,159.33448,159.50774,157.78609,158.45822,
2026-07-31 18:00:00,158.39574,159.12826,158.33368,158.92325,
2026-07-31 19:00:00,158.93972,159.23604,158.8742,159.12776,
2026-07-31 20:00:00,159.09466,159.21101,157.42088,157.46124,
2026-07-31 21:00:00,157.51272,157.78233,157.35571,157.46256,
2026-07-31 22:00:00,157.46383,158.23485,157.28939,157.49879,
2026-07-31 23:00:00,157.48485,158.13356,157.37129,157.49927,
2026-08-01 00:00:00,157.48586,158.2862,156.94215,157.655,
2026-08-01 01:00:00,157.65532,158.33771,157.2712,157.65741,
2026-08-01 02:00:00,157.65544,158.03619,157.48264,157.65146,
2026-08-01 03:00:00,157.64779,158.17897,157.48045,157.65616,
2026-08-01 04:00:00,157.65473,158.21813,157.58457,157.65754,
2026-08-01 05:00:00,157.6555,157.98978,157.60213,157.65782,
2026-08-01 06:00:00,157.65522,158.27532,157.53077,157.65862,
2026-08-01 07:00:00,157.65558,158.27235,157.59709,157.64876,
2026-08-01 08:00:00,157.63983,157.66259,157.53239,157.65902,
2026-08-01 09:00:00,157.65549,157.68016,157.60176,157.65903,
2026-08-01 10:00:00,157.6555,157.68685,157.53072,157.65833,
2026-08-01 11:00:00,157.65493,157.66249,157.51226,157.65678,
2026-08-01 12:00:00,157.65363,157.66521,157.6017,157.60887,
2026-08-01 13:00:00,157.61812,157.76416,157.51678,157.65704,
2026-08-01 14:00:00,157.65484,157.67135,157.60219,157.65813,
2026-08-01 15:00:00,157.6555,157.7499,157.51292,157.65574,
2026-08-01 16:00:00,157.65169,158.03992,157.5091,157.65905,
2026-08-01 17:00:00,157.65538,158.03155,157.60198,157.63616,
2026-08-01 18:00:00,157.6508,158.02912,157.51437,157.65812,
2026-08-01 19:00:00,157.65392,158.03318,157.48575,157.55421,
2026-08-01 20:00:00,157.58074,158.02404,157.54435,157.62017,
2026-08-01 21:00:00,157.62134,158.06968,157.50913,157.65212,
2026-08-01 22:00:00,157.64672,158.01224,157.56051,157.65451,
2026-08-01 23:00:00,157.65548,158.0288,157.32143,157.65014,
2026-08-02 00:00:00,157.65076,157.68212,157.60215,157.65723,
2026-08-02 01:00:00,157.65485,157.66555,157.47774,157.6121,
2026-08-02 02:00:00,157.61043,157.66147,157.51786,157.65645,
2026-08-02 03:00:00,157.6552,157.69484,157.60175,157.65712,
2026-08-02 04:00:00,157.6555,157.76438,157.5083,157.63244,
2026-08-02 05:00:00,157.62702,157.66218,157.52495,157.62837,
2026-08-02 06:00:00,157.62558,157.74516,157.51289,157.64235,
2026-08-02 07:00:00,157.6371,157.71996,157.51966,157.65266,
2026-08-02 08:00:00,157.64881,157.66154,157.58605,157.64756,
2026-08-02 09:00:00,157.64402,157.6892,157.49299,157.51528,
2026-08-02 10:00:00,157.51188,157.51895,157.47544,157.48919,
2026-08-02 11:00:00,157.48612,157.85673,157.43463,157.74706,
2026-08-02 12:00:00,157.74399,157.75109,157.74164,157.74662,
2026-08-02 13:00:00,157.74399,157.96756,157.65631,157.87806,
2026-08-02 14:00:00,157.87569,158.02781,157.45816,157.49021,
2026-08-02 15:00:00,157.48706,157.85907,157.32949,157.7306,
2026-08-02 16:00:00,157.7274,158.15371,157.61776,157.65562,
2026-08-02 17:00:00,157.65562,157.88603,157.62462,157.65506,
2026-08-02 18:00:00,157.6555,158.03909,157.42527,157.44285,
2026-08-02 19:00:00,157.48503,157.75799,157.11723,157.2087,
2026-08-02 20:00:00,157.21249,157.29084,157.02617,157.22446,
2026-08-02 21:00:00,157.22112,157.58954,157.08888,157.51307,
2026-08-02 22:00:00,157.49988,157.53468,156.98749,157.28957,
2026-08-02 23:00:00,157.26715,157.87141,157.18324,157.61112,
2026-08-03 00:00:00,157.61412,157.8552,155.25118,156.16913,
2026-08-03 01:00:00,156.12187,156.46436,155.46131,156.36246,
2026-08-03 02:00:00,156.35852,156.62392,156.26477,156.44063,
2026-08-03 03:00:00,156.45239,156.64626,156.40114,156.52974,
2026-08-03 04:00:00,156.5451,156.55008,156.38384,156.4713,
2026-08-03 05:00:00,156.47615,156.50978,156.39046,156.40095,
2026-08-03 06:00:00,156.398,156.84129,156.36,156.80978,
2026-08-03 07:00:00,156.81611,156.81611,156.50162,156.79179,
2026-08-03 08:00:00,156.78668,156.98531,156.64038,156.98219,
2026-08-03 09:00:00,156.97375,157.12803,156.90277,157.06639,
2026-08-03 10:00:00,157.04932,157.08869,156.78316,156.82621,
2026-08-03 11:00:00,156.83053,156.98973,156.68107,156.69232,
2026-08-03 12:00:00,156.71122,156.92496,156.62267,156.77241,
2026-08-03 13:00:00,156.77956,156.88876,156.32609,156.51123,
2026-08-03 14:00:00,156.50644,156.76952,156.39103,156.53321,
2026-08-03 15:00:00,156.54892,157.04153,156.54892,156.96446,
2026-08-03 16:00:00,156.96816,157.00164,156.81649,156.87284,
2026-08-03 17:00:00,156.87891,157.04192,156.87891,157.03562,
2026-08-03 18:00:00,157.02705,157.0671,156.73055,156.73596,
2026-08-03 19:00:00,156.74298,156.9671,156.71349,156.95113,
2026-08-03 20:00:00,156.95386,157.20625,156.95386,157.20071,
2026-08-03 21:00:00,157.19512,157.21299,157.15058,157.19678,
2026-08-03 22:00:00,157.20011,157.4443,157.14772,157.36554,
2026-08-03 23:00:00,157.3644,157.65677,157.28191,157.56146,
2026-08-04 00:00:00,157.5683,157.59835,157.21442,157.48717,
2026-08-04 01:00:00,157.48383,157.61669,157.40133,157.58439,
2026-08-04 02:00:00,157.57782,157.74476,157.57782,157.72792,
2026-08-04 03:00:00,157.72671,157.72858,157.54066,157.66484,
2026-08-04 04:00:00,157.65692,157.68061,157.4917,157.54897,
2026-08-04 05:00:00,157.54647,157.73323,157.50811,157.70971,
2026-08-04 06:00:00,157.70392,157.76412,157.58839,157.68527,
2026-08-04 07:00:00,157.67922,157.83884,157.6286,157.81694,
2026-08-04 08:00:00,157.81325,157.82206,157.7468,157.81162,
2026-08-04 09:00:00,157.80793,157.96897,157.79969,157.92257,
2026-08-04 10:00:00,157.91883,157.95779,157.7813,157.8218,
2026-08-04 11:00:00,157.8249,157.85984,157.46495,157.48453,
2026-08-04 12:00:00,157.5048,157.61117,157.31527,157.50078,
2026-08-04 13:00:00,157.48943,157.56236,157.2254,157.42791,
2026-08-04 14:00:00,157.43146,157.62282,157.3063,157.58154,
2026-08-04 15:00:00,157.59573,157.61414,157.38017,157.43501,
2026-08-04 16:00:00,157.43788,157.63572,157.43534,157.59078,
2026-08-04 17:00:00,157.59398,157.6515,157.53573,157.60543,
2026-08-04 18:00:00,157.59554,157.69052,157.59554,157.65652,
2026-08-04 19:00:00,157.64596,157.83475,157.64596,157.74871,
2026-08-04 20:00:00,157.75901,157.78102,157.68875,157.73525,
2026-08-04 21:00:00,157.74145,157.81379,157.7183,157.74472,
2026-08-04 22:00:00,157.74583,157.77485,157.70002,157.73004,
2026-08-04 23:00:00,157.73121,157.81286,157.71646,157.72471,
2026-08-05 00:00:00,157.73679,157.75555,157.47374,157.55209,
2026-08-05 01:00:00,157.53798,157.67863,157.52015,157.6449,
2026-08-05 02:00:00,157.64203,157.70926,157.31747,157.43835,
2026-08-05 03:00:00,157.42896,157.51632,157.36451,157.42695,
2026-08-05 04:00:00,157.43484,157.67675,157.37199,157.65052,
2026-08-05 05:00:00,157.63661,157.70928,157.58808,157.64722,
2026-08-05 06:00:00,157.64226,157.76287,157.59294,157.62717,
2026-08-05 07:00:00,157.64395,157.75719,157.57576,157.71587,
2026-08-05 08:00:00,157.71184,157.8688,157.71141,157.81931,
2026-08-05 09:00:00,157.81406,157.86593,157.70704,157.74999,
2026-08-05 10:00:00,157.74318,157.8141,157.69978,157.71034,
2026-08-05 11:00:00,157.70694,157.71057,157.49848,157.56406,
2026-08-05 12:00:00,157.56583,157.63236,157.43783,157.62138,
2026-08-05 13:00:00,157.62197,157.64238,157.46466,157.55608,
2026-08-05 14:00:00,157.55224,157.60304,157.33173,157.49495,
2026-08-05 15:00:00,157.50596,157.66572,157.40822,157.66139,
2026-08-05 16:00:00,157.65384,157.7562,157.61076,157.75174,
2026-08-05 17:00:00,157.74444,157.7871,157.66384,157.68523,
2026-08-05 18:00:00,157.6772,157.70984,157.6288,157.65253,
2026-08-05 19:00:00,157.6604,157.75498,157.65608,157.733,
2026-08-05 20:00:00,157.729,157.81657,157.69217,157.77151,
2026-08-05 21:00:00,157.77244,157.78215,157.68609,157.68861,
2026-08-05 22:00:00,157.69608,157.72316,157.67549,157.6769,
2026-08-05 23:00:00,157.67876,157.67876,157.55979,157.61497,
2026-08-06 00:00:00,157.61862,157.74977,157.6046,157.72292,
2026-08-06 01:00:00,157.72455,157.74884,157.60439,157.66891,
2026-08-06 02:00:00,157.66704,157.68983,157.60372,157.65867,
2026-08-06 03:00:00,157.6607,157.75516,157.6607,157.75077,
2026-08-06 04:00:00,157.74815,157.75267,157.71547,157.7419,
2026-08-06 05:00:00,157.7392,157.77951,157.71481,157.75941,
2026-08-06 06:00:00,157.75672,157.85613,157.73007,157.8423,
2026-08-06 07:00:00,157.83919,157.9,157.74668,157.85636,
2026-08-06 08:00:00,157.856,157.88719,157.80573,157.8428,
2026-08-06 09:00:00,157.83912,157.88377,157.82519,157.87343,
2026-08-06 10:00:00,157.86947,157.8946,157.83654,157.87305,
2026-08-06 11:00:00,157.87306,157.93951,157.86436,157.86719,
2026-08-06 12:00:00,157.86845,157.9314,157.82975,157.9008,
2026-08-06 13:00:00,157.90022,157.94205,157.82789,157.86046,
2026-08-06 14:00:00,157.84882,158.285,157.84882,158.22782,
2026-08-06 15:00:00,158.23048,158.46795,158.21758,158.43665,
2026-08-06 16:00:00,158.43865,158.54377,158.41599,158.52501,
2026-08-06 17:00:00,158.52294,158.52294,158.39458,158.41321,
2026-08-06 18:00:00,158.40974,158.41849,158.33714,158.33848,
2026-08-06 19:00:00,158.33898,158.4822,158.30487,158.41959,
2026-08-06 20:00:00,158.41951,158.50645,158.39214,158.47131,
2026-08-06 21:00:00,158.4738,158.50735,158.3992,158.4839,
2026-08-06 22:00:00,158.48208,158.51686,158.44325,158.47202,
2026-08-06 23:00:00,158.4729,158.48061,158.39071,158.40839,
2026-08-07 00:00:00,158.41366,158.57867,158.41366,158.52738,
2026-08-07 01:00:00,158.52343,158.54275,158.23823,158.33066,
2026-08-07 02:00:00,158.32777,158.38589,158.31853,158.38267,
2026-08-07 03:00:00,158.37688,158.45152,158.37384,158.42072,
2026-08-07 04:00:00,158.4156,158.43283,158.37242,158.38588,
2026-08-07 05:00:00,158.38686,158.39731,158.33298,158.33718,
2026-08-07 06:00:00,158.34355,158.3679,158.29566,158.34391,
2026-08-07 07:00:00,158.32986,158.4668,158.32986,158.46153,
2026-08-07 08:00:00,158.45148,158.48347,158.34822,158.39303,
2026-08-07 09:00:00,158.38843,158.40221,158.32867,158.36891,
2026-08-07 10:00:00,158.36163,158.41744,158.25384,158.30866,
2026-08-07 11:00:00,158.31359,158.38044,158.26155,158.34076,
2026-08-07 12:00:00,158.33726,158.40639,156.75879,157.37301,
2026-08-07 13:00:00,157.35421,157.75955,157.25671,157.75332,
2026-08-07 14:00:00,157.74059,157.93985,157.65735,157.93937,
2026-08-07 15:00:00,157.93737,157.9725,157.43615,157.55635,
2026-08-07 16:00:00,157.54847,157.57237,157.33188,157.46425,
2026-08-07 17:00:00,157.45893,157.50215,157.38923,157.4751,
2026-08-07 18:00:00,157.47975,157.62723,157.47968,157.51883,
2026-08-07 19:00:00,157.5298,157.61825,157.46508,157.5657,
2026-08-07 20:00:00,157.55765,157.87852,157.53949,157.79433,
2026-08-07 21:00:00,157.79916,157.88922,157.75543,157.80352,
2026-08-07 22:00:00,157.80428,157.97945,157.70482,157.80683,
2026-08-07 23:00:00,157.80564,157.95307,157.77485,157.80689,
2026-08-08 00:00:00,157.80577,157.98248,157.70663,157.82514,
2026-08-08 01:00:00,157.82349,157.94131,157.79938,157.82465,
2026-08-08 02:00:00,157.82353,157.93881,157.8172,157.82467,
2026-08-08 03:00:00,157.82292,157.93811,157.79921,157.82591,
2026-08-08 04:00:00,157.82358,157.9628,157.81936,157.82838,
2026-08-08 05:00:00,157.82565,157.93084,157.79073,157.82689,
2026-08-08 06:00:00,157.82368,157.94832,157.80355,157.82696,
2026-08-08 07:00:00,157.82349,157.95753,157.81292,157.82716,
2026-08-08 08:00:00,157.82362,157.83064,157.80827,157.82702,
2026-08-08 09:00:00,157.82356,157.83111,157.81937,157.82675,
2026-08-08 10:00:00,157.82352,157.8306,157.80726,157.82628,
2026-08-08 11:00:00,157.82343,157.83061,157.81641,157.82584,
2026-08-08 12:00:00,157.82349,157.83058,157.81512,157.82008,
2026-08-08 13:00:00,157.82017,157.83043,157.81672,157.82571,
2026-08-08 14:00:00,157.82256,157.83027,157.818,157.82629,
2026-08-08 15:00:00,157.82285,157.83062,157.80329,157.82302,
2026-08-08 16:00:00,157.81917,157.86561,157.8108,157.82321,
2026-08-08 17:00:00,157.82373,157.86004,157.81031,157.82257,
2026-08-08 18:00:00,157.82298,157.86766,157.79654,157.82226,
2026-08-08 19:00:00,157.82338,157.86705,157.79418,157.82345,
2026-08-08 20:00:00,157.82463,157.86124,157.81222,157.8219,
2026-08-08 21:00:00,157.82301,157.86052,157.79555,157.82265,
2026-08-08 22:00:00,157.82346,157.8604,157.79677,157.82308,
2026-08-08 23:00:00,157.82349,157.85281,157.80405,157.82551,
2026-08-09 00:00:00,157.82342,157.8306,157.81854,157.82496,
2026-08-09 01:00:00,157.8235,157.8306,157.80397,157.82366,
2026-08-09 02:00:00,157.82233,157.8343,157.80427,157.8254,
2026-08-09 03:00:00,157.82346,157.83053,157.81833,157.826,
2026-08-09 04:00:00,157.8235,157.83957,157.80031,157.82634,
2026-08-09 05:00:00,157.82337,157.83059,157.81926,157.82681,
2026-08-09 06:00:00,157.82349,157.83318,157.80409,157.82584,
2026-08-09 07:00:00,157.82225,157.8306,157.80403,157.82689,
2026-08-09 08:00:00,157.82334,157.83059,157.81921,157.82691,
2026-08-09 09:00:00,157.8235,157.83058,157.81829,157.82632,
2026-08-09 10:00:00,157.82318,157.83059,157.81992,157.8262,
2026-08-09 11:00:00,157.8235,157.84359,157.82104,157.82569,
2026-08-09 12:00:00,157.82351,157.8306,157.82114,157.82603,
2026-08-09 13:00:00,157.8235,157.84719,157.82118,157.84315,
2026-08-09 14:00:00,157.84009,157.84525,157.81823,157.82431,
2026-08-09 15:00:00,157.82073,157.83973,157.81711,157.82525,
2026-08-09 16:00:00,157.82545,157.87033,157.82504,157.8453,
2026-08-09 17:00:00,157.84593,157.88443,157.77076,157.82251,
2026-08-09 18:00:00,157.8235,157.94834,157.64177,157.6784,
2026-08-09 19:00:00,157.73276,157.87525,157.55408,157.82153,
2026-08-09 20:00:00,157.81773,157.93986,157.68951,157.7481,
2026-08-09 21:00:00,157.74836,157.81233,157.67157,157.70915,
2026-08-09 22:00:00,157.71037,157.95167,157.69552,157.92887,
2026-08-09 23:00:00,157.92973,157.95261,157.83893,157.91335,
2026-08-10 00:00:00,157.90892,157.95619,157.83057,157.9397,
2026-08-10 01:00:00,157.9421,158.30786,157.93753,158.30598,
2026-08-10 02:00:00,158.30172,158.30552,158.22776,158.26095,
2026-08-10 03:00:00,158.25836,158.25836,158.1621,158.20785,
2026-08-10 04:00:00,158.20598,158.32831,158.19875,158.31896,
2026-08-10 05:00:00,158.29695,158.39007,158.29695,158.35132,
2026-08-10 06:00:00,158.34711,158.44843,158.33283,158.37635,
2026-08-10 07:00:00,158.37791,158.52095,158.36185,158.49997,
2026-08-10 08:00:00,158.49694,158.68877,158.46406,158.68654,
2026-08-10 09:00:00,158.68265,158.85945,158.65212,158.85347,
2026-08-10 10:00:00,158.84972,158.88911,158.74736,158.78848,
2026-08-10 11:00:00,158.78281,158.87577,158.7547,158.83587,
2026-08-10 12:00:00,158.84415,158.94728,158.52965,158.94575,
2026-08-10 13:00:00,158.94232,159.06215,158.90333,158.97661,
2026-08-10 14:00:00,158.97332,159.01981,158.87465,158.96637,
2026-08-10 15:00:00,158.96363,159.00469,158.86592,158.93794,
2026-08-10 16:00:00,158.93667,159.05134,158.89053,159.04848,
2026-08-10 17:00:00,159.04156,159.15862,159.01368,159.14175,
2026-08-10 18:00:00,159.14205,159.32633,159.10624,159.26472,
2026-08-10 19:00:00,159.26324,159.3653,159.22463,159.29637,
2026-08-10 20:00:00,159.29648,159.35507,159.25429,159.31691,
2026-08-10 21:00:00,159.31153,159.3192,159.16672,159.2684,
2026-08-10 22:00:00,159.26484,159.31555,159.24393,159.26489,
2026-08-10 23:00:00,159.25777,159.2922,159.13666,159.13963,
2026-08-11 00:00:00,159.14637,159.21132,158.96128,159.14637,
2026-08-11 01:00:00,159.1367,159.18334,159.07386,159.17399,
2026-08-11 02:00:00,159.1612,159.309,159.1612,159.27178,
2026-08-11 03:00:00,159.27585,159.27585,159.1544,159.20892,
2026-08-11 04:00:00,159.20244,159.25308,159.1695,159.20654,
2026-08-11 05:00:00,159.20928,159.23157,159.16015,159.20848,
2026-08-11 06:00:00,159.20975,159.24437,159.18503,159.21301,
2026-08-11 07:00:00,159.2077,159.37308,159.2077,159.36877,
2026-08-11 08:00:00,159.35822,159.38026,159.28883,159.35821,
2026-08-11 09:00:00,159.34466,159.39136,159.27844,159.29426,
2026-08-11 10:00:00,159.29165,159.33569,159.20818,159.22367,
2026-08-11 11:00:00,159.23366,159.27936,159.07129,159.25172,
2026-08-11 12:00:00,159.24748,159.36388,159.1901,159.26963,
2026-08-11 13:00:00,159.26571,159.27413,159.17772,159.23139,
2026-08-11 14:00:00,159.23066,159.28694,159.20391,159.25212,
2026-08-11 15:00:00,159.24965,159.32882,159.2047,159.27204,
2026-08-11 16:00:00,159.26974,159.27198,159.21609,159.26911,
2026-08-11 17:00:00,159.26425,159.35398,159.26425,159.31827,
2026-08-11 18:00:00,159.31308,159.34758,159.26323,159.27846,
2026-08-11 19:00:00,159.27166,159.30262,159.25093,159.2974,
2026-08-11 20:00:00,159.29561,159.37008,159.27357,159.30255,
2026-08-11 21:00:00,159.30271,159.30407,159.2689,159.2899,
2026-08-11 22:00:00,159.29046,159.30575,159.26197,159.2711,
2026-08-11 23:00:00,159.26553,159.30581,159.26553,159.27668,
2026-08-12 00:00:00,159.27779,159.35986,159.20298,159.33874,
2026-08-12 01:00:00,159.34113,159.37937,159.29569,159.3332,
2026-08-12 02:00:00,159.3357,159.43518,159.32913,159.40116,
2026-08-12 03:00:00,159.40202,159.46404,159.39971,159.43152,
2026-08-12 04:00:00,159.43291,159.46446,159.37389,159.41851,
2026-08-12 05:00:00,159.41451,159.44427,159.37944,159.42224,
2026-08-12 06:00:00,159.41891,159.43101,159.3549,159.38251,
2026-08-12 07:00:00,159.38118,159.40021,159.33815,159.36876,
2026-08-12 08:00:00,159.36879,159.37956,159.30729,159.3282,
2026-08-12 09:00:00,159.34612,159.34612,158.77493,159.1527,
2026-08-12 10:00:00,159.14833,159.20943,159.0909,159.18045,
2026-08-12 11:00:00,159.16607,159.1952,159.0627,159.09172,
2026-08-12 12:00:00,159.08767,159.19117,158.76633,158.88032,
2026-08-12 13:00:00,158.91599,159.02129,158.73433,159.00294,
2026-08-12 14:00:00,158.993,159.23543,158.98961,159.22774,
2026-08-12 15:00:00,159.22541,159.29066,159.19175,159.23533,
2026-08-12 16:00:00,159.23771,159.40632,159.21433,159.39207,
2026-08-12 17:00:00,159.3932,159.52229,159.36186,159.50047,
2026-08-12 18:00:00,159.49809,159.54195,159.43588,159.50112,
2026-08-12 19:00:00,159.49846,159.51865,159.46505,159.51348,
2026-08-12 20:00:00,159.50991,159.51043,159.40259,159.43154,
2026-08-12 21:00:00,159.43219,159.44871,159.39584,159.43432,
2026-08-12 22:00:00,159.43042,159.46003,159.39797,159.39953,
2026-08-12 23:00:00,159.39971,159.40798,159.3234,159.32917,
2026-08-13 00:00:00,159.33167,159.38532,159.25167,159.34366,
2026-08-13 01:00:00,159.34054,159.37004,159.28441,159.36628,
2026-08-13 02:00:00,159.36099,159.47915,159.34349,159.44242,
2026-08-13 03:00:00,159.44266,159.48779,159.41037,159.44261,
2026-08-13 04:00:00,159.43913,159.48291,159.19134,159.20066,
2026-08-13 05:00:00,159.21751,159.3741,159.21751,159.28837,
2026-08-13 06:00:00,159.28538,159.44748,159.28055,159.38709,
2026-08-13 07:00:00,159.38428,159.42172,159.32428,159.37068,
2026-08-13 08:00:00,159.36696,159.41221,159.35147,159.40775,
2026-08-13 09:00:00,159.40318,159.43747,159.32632,159.33803,
2026-08-13 10:00:00,159.33287,159.36695,159.3217,159.35522,
2026-08-13 11:00:00,159.35136,159.35324,159.28392,159.34555,
2026-08-13 12:00:00,159.34117,159.3978,159.18774,159.19377,
2026-08-13 13:00:00,159.20256,159.3331,159.16922,159.28872,
2026-08-13 14:00:00,159.28532,159.31358,159.03591,159.14735,
2026-08-13 15:00:00,159.14798,159.38225,159.14798,159.35767,
2026-08-13 16:00:00,159.34884,159.49587,159.34884,159.49355,
2026-08-13 17:00:00,159.48638,159.56158,159.47043,159.52298,
2026-08-13 18:00:00,159.52608,159.54722,159.4369,159.51349,
2026-08-13 19:00:00,159.51059,159.54522,159.49297,159.51318,
2026-08-13 20:00:00,159.51484,159.56954,159.49583,159.52336,
2026-08-13 21:00:00,159.51949,159.53979,159.45773,159.52988,
2026-08-13 22:00:00,159.52631,159.54679,159.47297,159.47346,
2026-08-13 23:00:00,159.4747,159.48618,159.43413,159.43563,
2026-08-14 00:00:00,159.43694,159.50369,159.36151,159.37603,
2026-08-14 01:00:00,159.37841,159.46034,159.36105,159.45412,
2026-08-14 02:00:00,159.44822,159.45963,159.38172,159.42097,
2026-08-14 03:00:00,159.4211,159.42547,159.3317,159.38882,
2026-08-14 04:00:00,159.3899,159.39284,159.34391,159.3599,
2026-08-14 05:00:00,159.35806,159.36089,159.24003,159.27327,
2026-08-14 06:00:00,159.27905,159.2857,159.15808,159.25884,
2026-08-14 07:00:00,159.25637,159.31047,159.20556,159.21647,
2026-08-14 08:00:00,159.22273,159.23222,159.07352,159.17421,
2026-08-14 09:00:00,159.17117,159.19901,159.11908,159.16416,
2026-08-14 10:00:00,159.15996,159.19171,159.09805,159.18983,
2026-08-14 11:00:00,159.18435,159.19383,159.05651,159.13162,
2026-08-14 12:00:00,159.12848,159.12848,158.63325,158.91857,
2026-08-14 13:00:00,158.93008,159.0926,158.8126,158.95857,
2026-08-14 14:00:00,158.95632,159.06905,158.92876,159.05928,
2026-08-14 15:00:00,159.04932,159.20645,158.95797,159.20349,
2026-08-14 16:00:00,159.19542,159.37679,159.19542,159.3693,
2026-08-14 17:00:00,159.36928,159.40518,159.34768,159.36626,
2026-08-14 18:00:00,159.3665,159.39836,159.34763,159.39071,
2026-08-14 19:00:00,159.38735,159.4051,159.36515,159.37583,
2026-08-14 20:00:00,159.37076,159.37852,159.31901,159.3206,
2026-08-14 21:00:00,159.32164,159.3552,159.2604,159.28758,
2026-08-14 22:00:00,159.2886,159.30157,159.23808,159.29693,
2026-08-14 23:00:00,159.29479,159.30801,159.23765,159.29677,
2026-08-15 00:00:00,159.29341,159.35068,159.27937,159.32459,
2026-08-15 01:00:00,159.32827,159.32942,159.28738,159.31974,
2026-08-15 02:00:00,159.32049,159.33321,159.3,159.3231,
2026-08-15 03:00:00,159.32052,159.32762,159.29404,159.32247,
2026-08-15 04:00:00,159.32049,159.32766,159.30017,159.32187,
2026-08-15 05:00:00,159.3205,159.3278,159.26538,159.32192,
2026-08-15 06:00:00,159.32047,159.37599,159.28339,159.32263,
2026-08-15 07:00:00,159.32057,159.32766,159.29528,159.32201,
2026-08-15 08:00:00,159.31934,159.32806,159.28282,159.32357,
2026-08-15 09:00:00,159.32049,159.32771,159.31474,159.32388,
2026-08-15 10:00:00,159.32049,159.34632,159.2715,159.32414,
2026-08-15 11:00:00,159.32058,159.34477,159.28883,159.3241,
2026-08-15 12:00:00,159.32054,159.32766,159.31648,159.32122,
2026-08-15 13:00:00,159.31764,159.33837,159.2936,159.32355,
2026-08-15 14:00:00,159.32047,159.32951,159.31656,159.32313,
2026-08-15 15:00:00,159.3205,159.34032,159.2935,159.32229,
2026-08-15 16:00:00,159.32014,159.35885,159.23933,159.32304,
2026-08-15 17:00:00,159.32037,159.32763,159.2245,159.32197,
2026-08-15 18:00:00,159.32042,159.32765,159.2399,159.32384,
2026-08-15 19:00:00,159.32015,159.32755,159.23816,159.3193,
2026-08-15 20:00:00,159.31965,159.32562,159.23821,159.32258,
2026-08-15 21:00:00,159.31783,159.32993,159.23874,159.32138,
2026-08-15 22:00:00,159.32229,159.33175,159.24066,159.31932,
2026-08-15 23:00:00,159.3205,159.32754,159.23937,159.31922,
2026-08-16 00:00:00,159.32038,159.32753,159.31571,159.31953,
2026-08-16 01:00:00,159.3205,159.32767,159.28205,159.31916,
2026-08-16 02:00:00,159.31984,159.33878,159.27704,159.32024,
2026-08-16 03:00:00,159.32041,159.32766,159.31654,159.32228,
2026-08-16 04:00:00,159.32049,159.35466,159.26724,159.32294,
2026-08-16 05:00:00,159.32302,159.32983,159.31566,159.32272,
2026-08-16 06:00:00,159.32108,159.35337,159.27598,159.32165,
2026-08-16 07:00:00,159.31937,159.35149,159.27602,159.32313,
2026-08-16 08:00:00,159.32035,159.32767,159.31558,159.32369,
2026-08-16 09:00:00,159.3205,159.33489,159.31646,159.32768,
2026-08-16 10:00:00,159.32447,159.32894,159.31812,159.32408,
2026-08-16 11:00:00,159.3205,159.34194,159.31798,159.32404,
2026-08-16 12:00:00,159.32051,159.32767,159.31811,159.32382,
2026-08-16 13:00:00,159.3205,159.34179,159.31701,159.33761,
2026-08-16 14:00:00,159.33463,159.34387,159.3011,159.31012,
2026-08-16 15:00:00,159.30767,159.34633,159.30412,159.34138,
2026-08-16 16:00:00,159.33917,159.39575,159.24134,159.32361,
2026-08-16 17:00:00,159.32085,159.38047,159.23762,159.32388,
2026-08-16 18:00:00,159.3205,159.33427,159.1872,159.31017,
2026-08-16 19:00:00,159.29693,159.38208,159.21611,159.33795,
2026-08-16 20:00:00,159.30399,159.38946,159.2597,159.31991,
2026-08-16 21:00:00,159.31442,159.38919,159.28798,159.32294,
2026-08-16 22:00:00,159.32066,159.40183,159.16725,159.17048,
2026-08-16 23:00:00,159.17427,159.2478,159.1436,159.22838,
2026-08-17 00:00:00,159.23081,159.2468,159.01542,159.05874,
2026-08-17 01:00:00,159.05283,159.11069,158.99584,159.06987,
2026-08-17 02:00:00,159.07159,159.07159,158.9597,159.04334,
2026-08-17 03:00:00,159.04061,159.14701,159.04002,159.09832,
2026-08-17 04:00:00,159.1036,159.12296,159.05365,159.11902,
2026-08-17 05:00:00,159.10951,159.1292,158.99991,159.09068,
2026-08-17 06:00:00,159.08861,159.11155,158.95071,158.95497,
2026-08-17 07:00:00,158.95508,158.99955,158.85226,158.96808,
2026-08-17 08:00:00,158.97512,159.14291,158.94151,159.12925,
2026-08-17 09:00:00,159.12976,159.18541,159.08397,159.18394,
2026-08-17 10:00:00,159.17997,159.22189,159.10831,159.19916,
2026-08-17 11:00:00,159.19599,159.28233,159.16337,159.2449,
2026-08-17 12:00:00,159.24792,159.28621,159.20237,159.26072,
2026-08-17 13:00:00,159.2583,159.38072,159.23521,159.2677,
2026-08-17 14:00:00,159.27181,159.31161,159.1944,159.29789,
2026-08-17 15:00:00,159.29591,159.40515,159.28356,159.36197,
2026-08-17 16:00:00,159.35932,159.39405,159.32679,159.36981,
2026-08-17 17:00:00,159.36768,159.50378,159.35102,159.50261,
2026-08-17 18:00:00,159.49955,159.59935,159.48747,159.58357,
2026-08-17 19:00:00,159.58702,159.59772,159.42403,159.46639,
2026-08-17 20:00:00,159.46776,159.51115,159.4482,159.4692,
2026-08-17 21:00:00,159.4717,159.49547,159.40021,159.42947,
2026-08-17 22:00:00,159.42435,159.48096,159.40512,159.41622,
2026-08-17 23:00:00,159.41739,159.42347,159.31713,159.33947,
2026-08-18 00:00:00,159.3407,159.52872,159.30593,159.44387,
2026-08-18 01:00:00,159.44531,159.50493,159.40236,159.49972,
2026-08-18 02:00:00,159.49215,159.54164,159.46643,159.46702,
2026-08-18 03:00:00,159.46767,159.57228,159.45515,159.53734,
2026-08-18 04:00:00,159.54099,159.75501,159.54099,159.69758,
2026-08-18 05:00:00,159.69315,159.73455,159.62969,159.656,
2026-08-18 06:00:00,159.65149,159.78217,159.65149,159.74727,
2026-08-18 07:00:00,159.74526,159.7637,159.68505,159.7013,
2026-08-18 08:00:00,159.70133,159.74308,159.62305,159.66316,
2026-08-18 09:00:00,159.65165,159.69507,159.59126,159.60586,
2026-08-18 10:00:00,159.60199,159.71652,159.59699,159.70837,
2026-08-18 11:00:00,159.70486,159.74616,159.69667,159.70733,
2026-08-18 12:00:00,159.70415,159.7255,159.6397,159.64762,
2026-08-18 13:00:00,159.64821,159.69119,159.57322,159.5836,
2026-08-18 14:00:00,159.58928,159.58928,159.40948,159.54958,
2026-08-18 15:00:00,159.55145,159.63779,159.4973,159.59446,
2026-08-18 16:00:00,159.59056,159.63839,159.55122,159.58916,
2026-08-18 17:00:00,159.58786,159.63857,159.56393,159.60797,
2026-08-18 18:00:00,159.60945,159.63703,159.57255,159.60663,
2026-08-18 19:00:00,159.60814,159.65199,159.58104,159.64978,
2026-08-18 20:00:00,159.64626,159.67981,159.62224,159.62429,
2026-08-18 21:00:00,159.6287,159.65469,159.59547,159.60622,
2026-08-18 22:00:00,159.61075,159.64489,159.58704,159.59611,
2026-08-18 23:00:00,159.59718,159.60896,159.54313,159.55246,
2026-08-19 00:00:00,159.55407,159.56392,159.41607,159.46804,
2026-08-19 01:00:00,159.46927,159.52282,159.45046,159.4527,
2026-08-19 02:00:00,159.45459,159.48428,159.30286,159.37619,
2026-08-19 03:00:00,159.37417,159.44616,159.34781,159.43255,
2026-08-19 04:00:00,159.43335,159.43335,159.29624,159.3306,
2026-08-19 05:00:00,159.32005,159.34205,159.22716,159.29528,
2026-08-19 06:00:00,159.29989,159.30963,159.1224,159.25059,
2026-08-19 07:00:00,159.24356,159.26467,159.12862,159.18894,
2026-08-19 08:00:00,159.18102,159.18666,159.05294,159.16702,
2026-08-19 09:00:00,159.16101,159.26147,159.08183,159.09546,
2026-08-19 10:00:00,159.0893,159.11439,159.01003,159.10425,
2026-08-19 11:00:00,159.10051,159.18745,159.08245,159.13948,
2026-08-19 12:00:00,159.13576,159.16931,158.28157,158.53332,
2026-08-19 13:00:00,158.4856,158.59315,158.32841,158.44024,
2026-08-19 14:00:00,158.44798,158.49028,158.05538,158.38942,
2026-08-19 15:00:00,158.37385,158.52747,158.34131,158.47888,
2026-08-19 16:00:00,158.479,158.4873,158.33019,158.38628,
2026-08-19 17:00:00,158.37457,158.61586,158.34694,158.60434,
2026-08-19 18:00:00,158.59677,158.60726,158.27957,158.31175,
2026-08-19 19:00:00,158.30355,158.36269,158.10346,158.11162,
2026-08-19 20:00:00,158.12854,158.22915,158.09601,158.15784,
2026-08-19 21:00:00,158.15919,158.26464,158.04125,158.1243,
2026-08-19 22:00:00,158.12696,158.19791,158.03631,158.18059,
2026-08-19 23:00:00,158.18218,158.28665,158.18218,158.28444,
2026-08-20 00:00:00,158.27914,158.44607,158.16624,158.37036,
2026-08-20 01:00:00,158.37209,158.56412,158.34253,158.54186,
2026-08-20 02:00:00,158.52846,158.55595,158.40025,158.46119,
2026-08-20 03:00:00,158.45605,158.49234,158.35307,158.44032,
2026-08-20 04:00:00,158.43745,158.62311,158.42282,158.58065,
2026-08-20 05:00:00,158.57262,158.74386,158.55029,158.61918,
2026-08-20 06:00:00,158.62065,158.65857,158.37256,158.38132,
2026-08-20 07:00:00,158.39794,158.54875,158.34492,158.48038,
2026-08-20 08:00:00,158.47021,158.53895,158.38103,158.51211,
2026-08-20 09:00:00,158.51934,158.51934,158.22377,158.37866,
2026-08-20 10:00:00,158.37587,158.52118,158.24817,158.51879,
2026-08-20 11:00:00,158.5132,158.71037,158.48444,158.64378,
2026-08-20 12:00:00,158.64346,158.80492,158.61122,158.64664,
2026-08-20 13:00:00,158.64942,158.82643,158.55729,158.81333,
2026-08-20 14:00:00,158.78774,158.88613,158.72119,158.73842,
2026-08-20 15:00:00,158.74366,158.98221,158.59902,158.86708,
2026-08-20 16:00:00,158.8734,159.08911,158.85367,159.0172,
2026-08-20 17:00:00,159.0179,159.10126,158.9611,159.0667,
2026-08-20 18:00:00,159.06778,159.17523,159.04182,159.15129,
2026-08-20 19:00:00,159.14513,159.17568,159.1122,159.12548,
2026-08-20 20:00:00,159.1265,159.14572,159.07259,159.07472,
2026-08-20 21:00:00,159.07528,159.10945,158.9755,159.06255,
2026-08-20 22:00:00,159.06226,159.08696,158.95045,158.9658,
2026-08-20 23:00:00,158.96636,158.96779,158.86709,158.91831,
2026-08-21 00:00:00,158.9197,159.13344,158.8685,159.10756,
2026-08-21 01:00:00,159.10536,159.14371,158.9222,158.96047,
2026-08-21 02:00:00,158.96706,159.02567,158.88769,158.96272,
2026-08-21 03:00:00,158.95687,159.08852,158.93653,159.01166,
2026-08-21 04:00:00,159.00914,159.06214,158.95627,159.00574,
2026-08-21 05:00:00,159.00834,159.03708,158.82634,158.84804,
2026-08-21 06:00:00,158.84125,158.98649,158.80084,158.90001,
2026-08-21 07:00:00,158.90952,158.93456,158.74617,158.8288,
2026-08-21 08:00:00,158.81959,158.87054,158.53458,158.55724,
2026-08-21 09:00:00,158.55251,158.60316,158.3743,158.59877,
2026-08-21 10:00:00,158.5857,158.72903,158.52877,158.72773,
2026-08-21 11:00:00,158.72489,158.76688,158.55671,158.69062,
2026-08-21 12:00:00,158.68514,158.84342,158.64746,158.74627,
2026-08-21 13:00:00,158.7551,158.90392,158.73183,158.78417,
2026-08-21 14:00:00,158.7858,158.99532,158.78457,158.96783,
2026-08-21 15:00:00,158.97115,159.04758,158.91569,158.92604,
2026-08-21 16:00:00,158.92929,158.98678,158.88723,158.97037,
2026-08-21 17:00:00,158.96701,159.04687,158.96495,159.01585,
2026-08-21 18:00:00,159.01849,159.05431,158.98989,159.03656,
2026-08-21 19:00:00,159.03743,159.0445,158.96534,159.01113,
2026-08-21 20:00:00,159.00601,159.02355,158.97818,158.97932,
2026-08-21 21:00:00,158.98351,159.02022,158.93812,159.01716,
2026-08-21 22:00:00,159.01361,159.01727,158.92369,158.98656,
2026-08-21 23:00:00,158.98358,158.99822,158.94818,158.98899,
2026-08-22 00:00:00,158.98925,158.99534,158.94151,158.98817,
2026-08-22 01:00:00,158.98643,158.99476,158.95591,158.98764,
2026-08-22 02:00:00,158.98651,159.00417,158.94926,158.98326,
2026-08-22 03:00:00,158.98017,158.99444,158.93739,158.98776,
2026-08-22 04:00:00,158.98546,158.99467,158.94007,158.98855,
2026-08-22 05:00:00,158.98574,158.99952,158.94371,158.98867,
2026-08-22 06:00:00,158.98546,158.99451,158.93976,158.98981,
2026-08-22 07:00:00,158.98632,158.99493,158.95524,158.9914,
2026-08-22 08:00:00,158.98792,158.99361,158.97689,158.98986,
2026-08-22 09:00:00,158.98634,158.99343,158.98168,158.98941,
2026-08-22 10:00:00,158.98612,158.99381,158.96719,158.98944,
2026-08-22 11:00:00,158.98653,159.01515,158.94772,158.98611,
2026-08-22 12:00:00,158.9837,158.99268,158.98029,158.9835,
2026-08-22 13:00:00,158.9834,159.01301,158.93899,158.96211,
2026-08-22 14:00:00,158.95916,158.99354,158.95303,158.98992,
2026-08-22 15:00:00,158.9865,159.00439,158.94792,158.98973,
2026-08-22 16:00:00,158.9859,158.99365,158.94746,158.98597,
2026-08-22 17:00:00,158.98647,159.00094,158.95509,158.98562,
2026-08-22 18:00:00,158.98617,158.99361,158.93984,158.9828,
2026-08-22 19:00:00,158.9841,158.99176,158.98079,158.98366,
2026-08-22 20:00:00,158.98485,158.99659,158.9394,158.96065,
2026-08-22 21:00:00,158.96173,159.00672,158.94747,158.98558,
2026-08-22 22:00:00,158.98643,158.99365,158.98309,158.98604,
2026-08-22 23:00:00,158.9865,158.99365,158.94847,158.98861,
2026-08-23 00:00:00,158.98645,158.99369,158.98272,158.98804,
2026-08-23 01:00:00,158.9865,158.99365,158.94759,158.98728,
2026-08-23 02:00:00,158.98601,158.99363,158.94751,158.98831,
2026-08-23 03:00:00,158.98642,158.9936,158.98298,158.98896,
2026-08-23 04:00:00,158.9865,159.0137,158.94755,158.98936,
2026-08-23 05:00:00,158.98641,158.99365,158.9831,158.98981,
2026-08-23 06:00:00,158.9865,159.00639,158.94792,158.98926,
2026-08-23 07:00:00,158.98568,158.99747,158.93968,158.95849,
2026-08-23 08:00:00,158.95534,158.96798,158.94807,158.96427,
2026-08-23 09:00:00,158.96083,158.97457,158.95783,158.97091,
2026-08-23 10:00:00,158.96775,158.9749,158.96536,158.97048,
2026-08-23 11:00:00,158.96775,158.9749,158.95917,158.96418,
2026-08-23 12:00:00,158.96198,158.96914,158.9596,158.96453,
2026-08-23 13:00:00,158.96198,158.96911,158.95318,158.95868,
2026-08-23 14:00:00,158.95556,158.97181,158.94082,158.94815,
2026-08-23 15:00:00,158.94452,159.00862,158.71127,158.84583,
2026-08-23 16:00:00,158.84625,159.00157,158.83278,158.98587,
2026-08-23 17:00:00,158.98649,158.99374,158.96148,158.98553,
2026-08-23 18:00:00,158.9865,159.09964,158.79836,158.96851,
2026-08-23 19:00:00,158.95456,159.12455,158.6436,158.99044,
2026-08-23 20:00:00,159.00906,159.06387,158.90213,159.01237,
2026-08-23 21:00:00,159.01255,159.07063,158.54563,158.80528,
2026-08-23 22:00:00,158.82733,158.96857,158.82733,158.96753,
2026-08-23 23:00:00,158.96572,159.00592,158.89586,158.90215,
2026-08-24 00:00:00,158.91212,158.91212,158.72151,158.73841,
2026-08-24 01:00:00,158.75114,158.94984,158.72085,158.84205,
2026-08-24 02:00:00,158.8439,158.92091,158.80742,158.88859,
2026-08-24 03:00:00,158.88567,158.97115,158.87719,158.9278,
2026-08-24 04:00:00,158.92681,158.96367,158.8297,158.86899,
2026-08-24 05:00:00,158.87145,158.98163,158.8645,158.90587,
2026-08-24 06:00:00,158.90864,159.02522,158.87697,159.02356,
2026-08-24 07:00:00,159.01792,159.18415,158.99355,159.14807,
2026-08-24 08:00:00,159.14053,159.28622,159.13579,159.19164,
2026-08-24 09:00:00,159.18718,159.23297,159.15362,159.21701,
2026-08-24 10:00:00,159.21334,159.21874,159.12261,159.19778,
2026-08-24 11:00:00,159.19126,159.23721,159.0108,159.08984,
2026-08-24 12:00:00,159.08438,159.11818,158.91999,159.03896,
2026-08-24 13:00:00,159.03949,159.15968,159.02647,159.13604,
2026-08-24 14:00:00,159.13963,159.19605,159.07437,159.19139,
2026-08-24 15:00:00,159.18243,159.19811,159.08502,159.19018,
2026-08-24 16:00:00,159.18167,159.19339,158.99922,159.09762,
2026-08-24 17:00:00,159.10061,159.19424,159.01767,159.15478,
2026-08-24 18:00:00,159.15882,159.2183,159.14079,159.19574,
2026-08-24 19:00:00,159.19558,159.22652,159.13184,159.18664,
2026-08-24 20:00:00,159.17768,159.18746,159.09115,159.09768,
2026-08-24 21:00:00,159.09948,159.13434,159.05529,159.08675,
2026-08-24 22:00:00,159.087,159.13244,159.06528,159.10186,
2026-08-24 23:00:00,159.1032,159.15913,159.06151,159.13876,
2026-08-25 00:00:00,159.13648,159.19364,159.0982,159.1782,
2026-08-25 01:00:00,159.1804,159.30048,159.13312,159.28235,
2026-08-25 02:00:00,159.2878,159.39539,159.25049,159.37599,
2026-08-25 03:00:00,159.38064,159.3948,159.3262,159.3322,
2026-08-25 04:00:00,159.32999,159.36686,159.2217,159.31107,
2026-08-25 05:00:00,159.30538,159.35457,159.28807,159.32582,
2026-08-25 06:00:00,159.32262,159.40339,159.27877,159.39802,
2026-08-25 07:00:00,159.39238,159.46009,159.30837,159.44557,
2026-08-25 08:00:00,159.44094,159.49191,159.33412,159.36978,
2026-08-25 09:00:00,159.38324,159.38324,159.23646,159.26998,
2026-08-25 10:00:00,159.27148,159.33347,159.25934,159.28338,
2026-08-25 11:00:00,159.28078,159.32773,159.23661,159.24677,
2026-08-25 12:00:00,159.24919,159.29989,159.21575,159.29449,
2026-08-25 13:00:00,159.28761,159.30142,159.14978,159.2391,
2026-08-25 14:00:00,159.24129,159.29306,159.19596,159.25504,
2026-08-25 15:00:00,159.25618,159.29267,159.17744,159.22527,
2026-08-25 16:00:00,159.22888,159.29911,159.21709,159.29014,
2026-08-25 17:00:00,159.28802,159.31633,159.21886,159.21975,
2026-08-25 18:00:00,159.22234,159.26337,159.19738,159.22775,
2026-08-25 19:00:00,159.23043,159.23736,159.08199,159.08728,
2026-08-25 20:00:00,159.10154,159.2386,159.10154,159.21233,
2026-08-25 21:00:00,159.20786,159.23317,159.19672,159.21856,
2026-08-25 22:00:00,159.21595,159.23814,159.19921,159.2086,
2026-08-25 23:00:00,159.20645,159.26728,159.20388,159.22605,
2026-08-26 00:00:00,159.22966,159.25583,159.11249,159.16742,
2026-08-26 01:00:00,159.1637,159.19314,158.9935,159.05829,
2026-08-26 02:00:00,159.05477,159.06096,158.89027,159.04311,
2026-08-26 03:00:00,159.04103,159.04103,158.90582,158.96574,
2026-08-26 04:00:00,158.9621,159.04477,158.94451,159.04128,
2026-08-26 05:00:00,159.03767,159.05278,158.96699,159.01189,
2026-08-26 06:00:00,159.00851,159.12245,159.00103,159.05882,
2026-08-26 07:00:00,159.05993,159.06537,158.97299,159.01516,
2026-08-26 08:00:00,159.01078,159.03,158.93507,159.02762,
2026-08-26 09:00:00,159.02339,159.05453,158.96021,158.99449,
2026-08-26 10:00:00,158.99467,159.1217,158.98801,159.10837,
2026-08-26 11:00:00,159.11594,159.15894,159.07208,159.09862,
2026-08-26 12:00:00,159.09939,159.23392,158.95959,159.21715,
2026-08-26 13:00:00,159.21799,159.38983,159.21799,159.3847,
2026-08-26 14:00:00,159.37356,159.44751,159.35379,159.3933,
2026-08-26 15:00:00,159.39762,159.41296,159.32169,159.37334,
2026-08-26 16:00:00,159.37091,159.43071,159.31411,159.41832,
2026-08-26 17:00:00,159.41939,159.43324,159.3645,159.40462,
2026-08-26 18:00:00,159.40629,159.42381,159.37545,159.39659,
2026-08-26 19:00:00,159.39754,159.41375,159.34285,159.36794,
2026-08-26 20:00:00,159.36427,159.37709,159.29379,159.31576,
2026-08-26 21:00:00,159.31659,159.32008,159.27971,159.312,
2026-08-26 22:00:00,159.30072,159.33114,159.26033,159.2737,
2026-08-26 23:00:00,159.26775,159.27972,159.21107,159.25715,
2026-08-27 00:00:00,159.2592,159.26416,159.11766,159.19352,
2026-08-27 01:00:00,159.1918,159.27442,159.15892,159.25,
2026-08-27 02:00:00,159.24264,159.39474,159.24264,159.32726,
2026-08-27 03:00:00,159.32836,159.38078,159.30714,159.36159,
2026-08-27 04:00:00,159.35937,159.3859,159.33181,159.38079,
2026-08-27 05:00:00,159.37805,159.38851,159.29581,159.37298,
2026-08-27 06:00:00,159.37011,159.39119,159.33689,159.35767,
2026-08-27 07:00:00,159.35442,159.38114,159.27714,159.35161,
2026-08-27 08:00:00,159.34586,159.3715,159.28615,159.31565,
2026-08-27 09:00:00,159.30515,159.49045,159.30515,159.47871,
2026-08-27 10:00:00,159.47318,159.51255,159.423,159.47729,
2026-08-27 11:00:00,159.47774,159.51455,159.42497,159.44132,
2026-08-27 12:00:00,159.43179,159.4484,159.3642,159.42688,
2026-08-27 13:00:00,159.42046,159.46325,159.35484,159.35609,
2026-08-27 14:00:00,159.3573,159.3787,159.28952,159.32919,
2026-08-27 15:00:00,159.31928,159.33457,159.24561,159.26318,
2026-08-27 16:00:00,159.25456,159.30989,159.24863,159.30056,
2026-08-27 17:00:00,159.29825,159.40587,159.27016,159.40157,
2026-08-27 18:00:00,159.3952,159.46364,159.3952,159.43235,
2026-08-27 19:00:00,159.42585,159.45411,159.39484,159.39802,
2026-08-27 20:00:00,159.40709,159.42571,159.38132,159.41185,
2026-08-27 21:00:00,159.40995,159.44961,159.34252,159.38154,
2026-08-27 22:00:00,159.38409,159.4019,159.35951,159.36118,
2026-08-27 23:00:00,159.36283,159.3752,159.35606,159.36811,
