time,open,high,low,close,volume
2025-01-01 23:00:00,2625.1499,2625.73999,2621.78003,2623.80005,
2025-01-02 00:00:00,2624.11011,2627.8999,2622.8501,2625.52002,
2025-01-02 01:00:00,2625.53003,2634.53003,2623.90991,2633.1001,
2025-01-02 02:00:00,2633.1499,2636.47998,2632.3999,2634.81006,
2025-01-02 03:00:00,2634.84009,2635.40991,2632.42993,2633.77002,
2025-01-02 04:00:00,2633.72998,2634.23999,2631.21997,2634.050049,
2025-01-02 05:00:00,2634.060059,2636.55005,2633.26001,2634.1499,
2025-01-02 06:00:00,2634.1499,2635.48999,2631.43994,2634.18994,
2025-01-02 07:00:00,2634.22998,2636.1001,2633.1499,2636.1001,
2025-01-02 08:00:00,2636.40991,2637.81006,2631.22998,2636.56006,
2025-01-02 09:00:00,2636.56006,2640.070068,2636.13989,2636.18994,
2025-01-02 10:00:00,2636.18994,2646.12012,2632.80005,2642.78003,
2025-01-02 11:00:00,2642.77002,2644.67993,2640.36011,2642.090088,
2025-01-02 12:00:00,2642.1001,2646.56006,2640.42993,2643.51001,
2025-01-02 13:00:00,2643.47998,2647.30005,2636.21997,2643.030029,
2025-01-02 14:00:00,2643.1001,2651.1001,2640.52002,2647.8501,
2025-01-02 15:00:00,2647.66992,2655.8501,2645.40991,2654.1499,
2025-01-02 16:00:00,2654.15991,2660.43994,2650.11011,2659.36011,
2025-01-02 17:00:00,2659.3501,2660.44995,2652.63989,2656.61011,
2025-01-02 18:00:00,2656.62012,2658.84009,2653.88989,2655.48999,
2025-01-02 19:00:00,2655.56006,2657.18994,2653.8999,2654.78003,
2025-01-02 20:00:00,2654.93994,2660.44995,2654.26001,2659.78003,
2025-01-02 21:00:00,2659.8501,2660.22998,2656.61011,2658.28003,
2025-01-02 23:00:00,2657.62012,2659.63989,2657.61011,2658.48999,
2025-01-03 00:00:00,2658.55005,2661.17993,2658.55005,2660.63989,
2025-01-03 01:00:00,2660.71997,2662.31006,2656.80005,2659.5,
2025-01-03 02:00:00,2659.26001,2664.090088,2656.3999,2662.52002,
2025-01-03 03:00:00,2662.56006,2665.34009,2661.38989,2662.3999,
2025-01-03 04:00:00,2662.36011,2664.44995,2661.8501,2662.93994,
2025-01-03 05:00:00,2662.92993,2663.030029,2656.01001,2658.66992,
2025-01-03 06:00:00,2658.67993,2660.37988,2656.84009,2659.77002,
2025-01-03 07:00:00,2659.43994,2659.6499,2651.90991,2654.40991,
2025-01-03 08:00:00,2654.31006,2655.81006,2649.92993,2653.060059,
2025-01-03 09:00:00,2653.030029,2655.96997,2652.94995,2653.68994,
2025-01-03 10:00:00,2653.6499,2658.02002,2653.21997,2657.81006,
2025-01-03 11:00:00,2657.69995,2659.37988,2656.43994,2657.73999,
2025-01-03 12:00:00,2657.68994,2658.34009,2654.93994,2655.40991,
2025-01-03 13:00:00,2655.1001,2656.38989,2643.6499,2649.8501,
2025-01-03 14:00:00,2649.94995,2652.69995,2645.22998,2647.98999,
2025-01-03 15:00:00,2647.23999,2648.27002,2641.11011,2643.98999,
2025-01-03 16:00:00,2643.8999,2647.31006,2639.17993,2640.050049,
2025-01-03 17:00:00,2640.060059,2642.69995,2639.22998,2641.8501,
2025-01-03 18:00:00,2641.87988,2642.36011,2639.81006,2641.93994,
2025-01-03 19:00:00,2641.68994,2642.97998,2639.21997,2639.68994,
2025-01-03 20:00:00,2639.42993,2640.1499,2637.030029,2638.28003,
2025-01-03 21:00:00,2638.28003,2640.8501,2636.83008,2639.48999,
2025-01-05 23:00:00,2639.91992,2642.44995,2639.83008,2641.1001,
2025-01-06 00:00:00,2641.1499,2643.3501,2638.69995,2643.27002,
2025-01-06 01:00:00,2643.34009,2647.3999,2640.84009,2641.36011,
2025-01-06 02:00:00,2641.060059,2645.3501,2639.93994,2644.56006,
2025-01-06 03:00:00,2644.52002,2645.36011,2639.44995,2640.21997,
2025-01-06 04:00:00,2640.20996,2640.8501,2634.97998,2635.53003,
2025-01-06 05:00:00,2635.51001,2636.28003,2631.98999,2633.93994,
2025-01-06 06:00:00,2633.84009,2635.32007,2630.32007,2631.6001,
2025-01-06 07:00:00,2631.59009,2633.71997,2625.52002,2626.93994,
2025-01-06 08:00:00,2626.87988,2632.59009,2625.88989,2631.59009,
2025-01-06 09:00:00,2631.27002,2635.81006,2631.27002,2632.76001,
2025-01-06 10:00:00,2633.15991,2635.070068,2631.02002,2633.8501,
2025-01-06 11:00:00,2633.88989,2649.46997,2632.6499,2645.6499,
2025-01-06 12:00:00,2645.61011,2647.8501,2642.060059,2645.56006,
2025-01-06 13:00:00,2645.63989,2648.88989,2622.060059,2624.1499,
2025-01-06 14:00:00,2624.070068,2634.68994,2614.88989,2631.6499,
2025-01-06 15:00:00,2631.76001,2639.6499,2629.46997,2634.36011,
2025-01-06 16:00:00,2634.47998,2641.21997,2632.61011,2640.81006,
2025-01-06 17:00:00,2640.87988,2641.060059,2634.32007,2636.81006,
2025-01-06 18:00:00,2636.81006,2638.6001,2633.8999,2634.68994,
2025-01-06 19:00:00,2634.46997,2635.56006,2633.050049,2634.47998,
2025-01-06 20:00:00,2634.46997,2635.55005,2633.31006,2634.63989,
2025-01-06 21:00:00,2634.68994,2637.030029,2634.68994,2636.030029,
2025-01-06 23:00:00,2636.3501,2636.3501,2633.62988,2634.69995,
2025-01-07 00:00:00,2634.68994,2635.18994,2633.070068,2635.11011,
2025-01-07 01:00:00,2635.15991,2641.18994,2635.15991,2639.050049,
2025-01-07 02:00:00,2639.02002,2640.1499,2637.02002,2638.56006,
2025-01-07 03:00:00,2638.59009,2640.30005,2637.63989,2639.6499,
2025-01-07 04:00:00,2639.61011,2639.78003,2637.51001,2638.38989,
2025-01-07 05:00:00,2638.34009,2645.68994,2637.17993,2644.48999,
2025-01-07 06:00:00,2644.38989,2646.72998,2639.91992,2640.34009,
2025-01-07 07:00:00,2640.1001,2642.15991,2638.1001,2640.59009,
2025-01-07 08:00:00,2640.55005,2644.8999,2640.31006,2642.72998,
2025-01-07 09:00:00,2642.55005,2644.19995,2640.17993,2641.48999,
2025-01-07 10:00:00,2641.55005,2644.86011,2641.48999,2644.02002,
2025-01-07 11:00:00,2644.1001,2648.77002,2642.1499,2648.56006,
2025-01-07 12:00:00,2648.67993,2652.80005,2647.47998,2651.77002,
2025-01-07 13:00:00,2651.070068,2664.26001,2650.1001,2662.42993,
2025-01-07 14:00:00,2662.55005,2663.02002,2655.8999,2658.6001,
2025-01-07 15:00:00,2653.84009,2654.90991,2642.45996,2647.81006,
2025-01-07 16:00:00,2647.80005,2655.63989,2646.78003,2651.8501,
2025-01-07 17:00:00,2651.90991,2655.97998,2650.43994,2652.70996,
2025-01-07 18:00:00,2652.6001,2652.67993,2647.43994,2649.26001,
2025-01-07 19:00:00,2649.26001,2650.44995,2647.1001,2649.44995,
2025-01-07 20:00:00,2649.43994,2651.47998,2647.37988,2650.28003,
2025-01-07 21:00:00,2650.23999,2650.40991,2647.87988,2648.71997,
2025-01-07 23:00:00,2648.81006,2650.25,2648.48999,2649.8501,
2025-01-08 00:00:00,2649.6499,2651.6001,2648.80005,2650.62012,
2025-01-08 01:00:00,2650.72998,2650.98999,2647.46997,2648.90991,
2025-01-08 02:00:00,2648.92993,2650.3501,2645.98999,2648.92993,
2025-01-08 03:00:00,2648.68994,2648.88989,2645.72998,2646.8501,
2025-01-08 04:00:00,2646.81006,2648.68994,2645.3501,2647.1001,
2025-01-08 05:00:00,2647.060059,2650.69995,2646.80005,2650.1001,
2025-01-08 06:00:00,2650.060059,2653.060059,2649.01001,2652.21997,
2025-01-08 07:00:00,2652.22998,2654.52002,2651.72998,2652.73999,
2025-01-08 08:00:00,2652.55005,2653.86011,2649.67993,2652.070068,
2025-01-08 09:00:00,2652.1001,2655.12012,2651.96997,2653.63989,
2025-01-08 10:00:00,2653.6499,2655.22998,2652.75,2653.18994,
2025-01-08 11:00:00,2653.1499,2653.1499,2647.84009,2650.94995,
2025-01-08 12:00:00,2650.95996,2652.55005,2646.1001,2652.060059,
2025-01-08 13:00:00,2651.80005,2660.33008,2651.80005,2660.31006,
2025-01-08 14:00:00,2660.27002,2667.62988,2660.17993,2661.8999,
2025-01-08 15:00:00,2661.52002,2667.72998,2659.6001,2665.92993,
2025-01-08 16:00:00,2665.90991,2669.95996,2662.72998,2669.61011,
2025-01-08 17:00:00,2669.65991,2669.77002,2649.56006,2655.68994,
2025-01-08 18:00:00,2655.71997,2659.21997,2651.72998,2653.30005,
2025-01-08 19:00:00,2653.46997,2660.62012,2652.52002,2658.3501,
2025-01-08 20:00:00,2658.36011,2664.080078,2658.36011,2663.44995,
2025-01-08 21:00:00,2663.5,2664.090088,2661.11011,2661.71997,
2025-01-08 23:00:00,2661.77002,2663.20996,2661.71997,2662.59009,
2025-01-09 00:00:00,2662.63989,2662.81006,2659.52002,2660.060059,
2025-01-09 01:00:00,2660.060059,2661.44995,2657.45996,2658.58008,
2025-01-09 02:00:00,2658.53003,2660.060059,2656.52002,2658.96997,
2025-01-09 03:00:00,2659.040039,2662.22998,2658.67993,2659.42993,
2025-01-09 04:00:00,2659.40991,2659.76001,2655.72998,2659.12012,
2025-01-09 05:00:00,2659.060059,2660.92993,2657.81006,2658.45996,
2025-01-09 06:00:00,2658.43994,2666.93994,2658.43994,2666.81006,
2025-01-09 07:00:00,2666.82007,2666.82007,2662.3999,2662.51001,
2025-01-09 08:00:00,2662.37988,2666.96997,2660.56006,2664.52002,
2025-01-09 09:00:00,2664.59009,2666.48999,2662.47998,2665.1001,
2025-01-09 10:00:00,2665.02002,2668.6499,2664.6001,2667.56006,
2025-01-09 11:00:00,2667.56006,2673.22998,2665.37012,2670.12012,
2025-01-09 12:00:00,2670.27002,2675.22998,2669.58008,2674.18994,
2025-01-09 13:00:00,2674.31006,2678.15991,2672.060059,2672.77002,
2025-01-09 14:00:00,2672.71997,2675.71997,2667.31006,2672.43994,
2025-01-09 15:00:00,2672.68994,2675.43994,2668.12012,2668.33008,
2025-01-09 16:00:00,2668.3501,2671.060059,2666.3999,2667.67993,
2025-01-09 17:00:00,2667.3999,2668.72998,2662.84009,2666.040039,
2025-01-09 18:00:00,2665.71997,2672.56006,2665.25,2671.44995,
2025-01-09 19:00:00,2671.63989,2671.81006,2668.80005,2670.22998,
2025-01-09 20:00:00,2670.3501,2670.8999,2669.31006,2669.62012,
2025-01-09 21:00:00,2669.67993,2671.38989,2669.050049,2670.38989,
2025-01-09 23:00:00,2670.70996,2671.060059,2668.55005,2670.070068,
2025-01-10 00:00:00,2670.19995,2671.18994,2669.080078,2670.6001,
2025-01-10 01:00:00,2670.3999,2672,2669.29004,2671.13989,
2025-01-10 02:00:00,2671.090088,2674.81006,2670.6001,2673.56006,
2025-01-10 03:00:00,2673.62012,2674.81006,2672.65991,2673.72998,
2025-01-10 04:00:00,2673.77002,2674.060059,2671.84009,2671.84009,
2025-01-10 05:00:00,2671.87012,2675.97998,2671.67993,2675.040039,
2025-01-10 06:00:00,2674.94995,2678.51001,2674.37988,2678.22998,
2025-01-10 07:00:00,2678.25,2678.81006,2673.62988,2676.22998,
2025-01-10 08:00:00,2676.22998,2680.43994,2675.77002,2680.15991,
2025-01-10 09:00:00,2680.1499,2682.3999,2677.8999,2678.62012,
2025-01-10 10:00:00,2678.68994,2682.71997,2678.37988,2681.01001,
2025-01-10 11:00:00,2681.02002,2683.080078,2680.33008,2681.48999,
2025-01-10 12:00:00,2681.43994,2681.52002,2675.090088,2678.48999,
2025-01-10 13:00:00,2678.30005,2683.51001,2664.13989,2682.84009,
2025-01-10 14:00:00,2682.79004,2693.23999,2680.93994,2688.48999,
2025-01-10 15:00:00,2685.65991,2697.8999,2682.59009,2692.81006,
2025-01-10 16:00:00,2692.77002,2697.18994,2687.12012,2696.43994,
2025-01-10 17:00:00,2696.52002,2697.76001,2692.52002,2696.12012,
2025-01-10 18:00:00,2696.1001,2697.20996,2685.17993,2687.30005,
2025-01-10 19:00:00,2687.31006,2687.90991,2684.70996,2685.93994,
2025-01-10 20:00:00,2685.94995,2690.8999,2684.71997,2690.69995,
2025-01-10 21:00:00,2690.61011,2693.47998,2689.070068,2690.15991,
2025-01-12 23:00:00,2689.93994,2691.52002,2687.56006,2691.090088,
2025-01-13 00:00:00,2691.050049,2693.32007,2688.28003,2689.71997,
2025-01-13 01:00:00,2689.72998,2689.72998,2679.46997,2685.77002,
2025-01-13 02:00:00,2685.87988,2690.63989,2685.02002,2688.62012,
2025-01-13 03:00:00,2688.47998,2688.67993,2685.53003,2688.11011,
2025-01-13 04:00:00,2688.090088,2690.8999,2684.40991,2685.98999,
2025-01-13 05:00:00,2686.070068,2687.070068,2683.55005,2687.070068,
2025-01-13 06:00:00,2687.11011,2691.3501,2687.070068,2689.97998,
2025-01-13 07:00:00,2689.34009,2690.13989,2684.56006,2685.30005,
2025-01-13 08:00:00,2685.18994,2689.78003,2684.13989,2687.21997,
2025-01-13 09:00:00,2687.37988,2688.42993,2683.42993,2684.87988,
2025-01-13 10:00:00,2684.73999,2685.030029,2677.38989,2679.65991,
2025-01-13 11:00:00,2679.56006,2680.62012,2675.63989,2676.070068,
2025-01-13 12:00:00,2676.1499,2677.28003,2664.31006,2666.83008,
2025-01-13 13:00:00,2670.68994,2670.8999,2664.13989,2669.23999,
2025-01-13 14:00:00,2669.1499,2674.30005,2664.18994,2671.6001,
2025-01-13 15:00:00,2671.76001,2672.8501,2661.27002,2661.96997,
2025-01-13 16:00:00,2661.8999,2667.94995,2660.8501,2661.44995,
2025-01-13 17:00:00,2661.52002,2664.26001,2659.43994,2660.98999,
2025-01-13 18:00:00,2661.02002,2662.55005,2657.71997,2659.3999,
2025-01-13 19:00:00,2659.36011,2660.73999,2656.90991,2658.97998,
2025-01-13 20:00:00,2658.97998,2662.80005,2658.8501,2662.22998,
2025-01-13 21:00:00,2662.31006,2664.22998,2660.93994,2663.17993,
2025-01-13 23:00:00,2663.23999,2669.6001,2663.23999,2667.97998,
2025-01-14 00:00:00,2668.12012,2671.1001,2666.47998,2670.54004,
2025-01-14 01:00:00,2670.6001,2672.23999,2668.02002,2670.72998,
2025-01-14 02:00:00,2670.8501,2672.17993,2668.72998,2670.57007,
2025-01-14 03:00:00,2670.56006,2672.26001,2668.97998,2669.78003,
2025-01-14 04:00:00,2669.87988,2674.1001,2668.56006,2673.67993,
2025-01-14 05:00:00,2673.73999,2675.31006,2667.47998,2668.6499,
2025-01-14 06:00:00,2668.77002,2669.76001,2667.53003,2669.15991,
2025-01-14 07:00:00,2669.18994,2671.01001,2667.3501,2669.28003,
2025-01-14 08:00:00,2669.27002,2674.51001,2667.37988,2671.070068,
2025-01-14 09:00:00,2670.92993,2671.65991,2664.91992,2667.31006,
2025-01-14 10:00:00,2667.44995,2668.88989,2664.8501,2666.68994,
2025-01-14 11:00:00,2666.71997,2669.87988,2664.77002,2669.3501,
2025-01-14 12:00:00,2669.47998,2671.62012,2666.63989,2668.44995,
2025-01-14 13:00:00,2668.3999,2674.25,2661.26001,2663.15991,
2025-01-14 14:00:00,2662.96997,2666,2659.96997,2665.34009,
2025-01-14 15:00:00,2665.47998,2672.81006,2665.29004,2671.75,
2025-01-14 16:00:00,2671.80005,2674.050049,2669.95996,2671.67993,
2025-01-14 17:00:00,2671.56006,2671.92993,2668.15991,2669.19995,
2025-01-14 18:00:00,2669.02002,2672.54004,2666.81006,2672.42993,
2025-01-14 19:00:00,2672.36011,2676.3501,2672,2674.37988,
2025-01-14 20:00:00,2674.34009,2676.46997,2671.96997,2676.46997,
2025-01-14 21:00:00,2676.31006,2678.26001,2675.92993,2677.3501,
2025-01-14 23:00:00,2678.18994,2678.23999,2674.050049,2675.66992,
2025-01-15 00:00:00,2675.66992,2676.030029,2672.70996,2672.81006,
2025-01-15 01:00:00,2672.84009,2674.3501,2669.90991,2669.97998,
2025-01-15 02:00:00,2670,2675.12988,2669.42993,2673.5,
2025-01-15 03:00:00,2673.6001,2676.44995,2672.52002,2676.29004,
2025-01-15 04:00:00,2676.31006,2676.83008,2674.37988,2675.67993,
2025-01-15 05:00:00,2675.67993,2679.46997,2674.70996,2679.37012,
2025-01-15 06:00:00,2679.37012,2683.3999,2679.20996,2681.01001,
2025-01-15 07:00:00,2681.19995,2684.13989,2680.090088,2681.38989,
2025-01-15 08:00:00,2681.46997,2685.31006,2681.31006,2683.96997,
2025-01-15 09:00:00,2683.87012,2688.58008,2683.060059,2685.97998,
2025-01-15 10:00:00,2686.02002,2689.080078,2684.95996,2688.47998,
2025-01-15 11:00:00,2688.47998,2689.02002,2685.27002,2686.93994,
2025-01-15 12:00:00,2686.87988,2687.54004,2684.19995,2684.67993,
2025-01-15 13:00:00,2684.91992,2694.16992,2682.26001,2693.71997,
2025-01-15 14:00:00,2694.1499,2696.060059,2678.30005,2681.96997,
2025-01-15 15:00:00,2681.90991,2682.97998,2676.77002,2678.52002,
2025-01-15 16:00:00,2678.65991,2690.01001,2677.060059,2689.3501,
2025-01-15 17:00:00,2689.47998,2692.97998,2688.5,2692.77002,
2025-01-15 18:00:00,2692.75,2694.97998,2691.12988,2694.1499,
2025-01-15 19:00:00,2694.19995,2695.13989,2692.67993,2693.93994,
2025-01-15 20:00:00,2694.1001,2696.51001,2693.37012,2696.40991,
2025-01-15 21:00:00,2696.33008,2697.3999,2694.060059,2696.67993,
2025-01-15 23:00:00,2695.22998,2697.55005,2694.36011,2695.02002,
2025-01-16 00:00:00,2695.20996,2698.22998,2693.040039,2695.28003,
2025-01-16 01:00:00,2694.96997,2701.94995,2694.63989,2696.22998,
2025-01-16 02:00:00,2696.45996,2698.1001,2695.41992,2697.5,
2025-01-16 03:00:00,2697.47998,2698.38989,2695.66992,2697.12012,
2025-01-16 04:00:00,2697.1001,2698.080078,2696.69995,2697.3501,
2025-01-16 05:00:00,2697.3501,2697.46997,2693.96997,2694.87988,
2025-01-16 06:00:00,2694.82007,2695.52002,2690.1001,2694.050049,
2025-01-16 07:00:00,2693.91992,2700,2693.56006,2698.3501,
2025-01-16 08:00:00,2698.41992,2703.25,2697.21997,2699.01001,
2025-01-16 09:00:00,2699,2706.21997,2697.58008,2705.44995,
2025-01-16 10:00:00,2705.42993,2708.61011,2704.81006,2707.80005,
2025-01-16 11:00:00,2707.95996,2711.29004,2706.27002,2706.31006,
2025-01-16 12:00:00,2706.34009,2707.3501,2700.41992,2703.79004,
2025-01-16 13:00:00,2703.22998,2718.31006,2701.52002,2715.3501,
2025-01-16 14:00:00,2715.51001,2719.27002,2712.97998,2718.47998,
2025-01-16 15:00:00,2718.55005,2719.59009,2712.67993,2716.95996,
2025-01-16 16:00:00,2717.18994,2722.44995,2716.84009,2720.46997,
2025-01-16 17:00:00,2720.37012,2724.77002,2719.72998,2721.8501,
2025-01-16 18:00:00,2721.91992,2723.31006,2714.8999,2715.31006,
2025-01-16 19:00:00,2715.30005,2717.20996,2714.88989,2715.37988,
2025-01-16 20:00:00,2715.40991,2717.080078,2714.47998,2715.68994,
2025-01-16 21:00:00,2715.90991,2715.97998,2712.62988,2714.67993,
2025-01-16 23:00:00,2714.6001,2715.19995,2712.55005,2714.62012,
2025-01-17 00:00:00,2714.5,2716.1499,2713.84009,2714.67993,
2025-01-17 01:00:00,2714.62012,2714.81006,2710.030029,2714.81006,
2025-01-17 02:00:00,2715.02002,2717.1001,2714.060059,2715.87988,
2025-01-17 03:00:00,2715.84009,2717.44995,2714.67993,2715.54004,
2025-01-17 04:00:00,2715.52002,2716.6001,2714.33008,2714.81006,
2025-01-17 05:00:00,2714.80005,2715.5,2711.23999,2711.63989,
2025-01-17 06:00:00,2711.62012,2713.38989,2710.65991,2712.66992,
2025-01-17 07:00:00,2712.78003,2714.69995,2708.97998,2710.57007,
2025-01-17 08:00:00,2710.67993,2713.040039,2709.54004,2711.79004,
2025-01-17 09:00:00,2711.72998,2712.1001,2704.090088,2705.02002,
2025-01-17 10:00:00,2704.8501,2706.17993,2703.01001,2704.02002,
2025-01-17 11:00:00,2703.94995,2708.79004,2703.84009,2708.02002,
2025-01-17 12:00:00,2708.1001,2711.80005,2707.050049,2711.17993,
2025-01-17 13:00:00,2711.37988,2712.12012,2704.59009,2705.16992,
2025-01-17 14:00:00,2705.01001,2712.5,2703,2711.84009,
2025-01-17 15:00:00,2711.6001,2714.96997,2710.21997,2714.3501,
2025-01-17 16:00:00,2714.3501,2717.27002,2713.6499,2716.12012,
2025-01-17 17:00:00,2716.15991,2716.34009,2710.70996,2712.63989,
2025-01-17 18:00:00,2712.6499,2713.3999,2705.6499,2705.72998,
2025-01-17 19:00:00,2705.95996,2707.37988,2702.88989,2703.27002,
2025-01-17 20:00:00,2703.21997,2704.27002,2700.12012,2700.90991,
2025-01-17 21:00:00,2700.93994,2703.40991,2699.40991,2702.86011,
2025-01-19 23:00:00,2703.15991,2703.37988,2691.37988,2696.36011,
2025-01-20 00:00:00,2696.38989,2696.3999,2692.45996,2694.51001,
2025-01-20 01:00:00,2694.21997,2695.97998,2689.44995,2694.030029,
2025-01-20 02:00:00,2694.040039,2698.040039,2693.8999,2697.62012,
2025-01-20 03:00:00,2697.61011,2704.12012,2697.61011,2703.58008,
2025-01-20 04:00:00,2703.6001,2706.59009,2702.3501,2706.02002,
2025-01-20 05:00:00,2705.8501,2707.56006,2703.6001,2707.27002,
2025-01-20 06:00:00,2707.36011,2713.98999,2706.71997,2711.87988,
2025-01-20 07:00:00,2711.86011,2711.8999,2702.94995,2703.67993,
2025-01-20 08:00:00,2703.6499,2708.090088,2703.13989,2707.01001,
2025-01-20 09:00:00,2706.88989,2708.8501,2703.01001,2706.1499,
2025-01-20 10:00:00,2706.040039,2709.93994,2705.29004,2708.66992,
2025-01-20 11:00:00,2708.52002,2712.44995,2704.80005,2708.47998,
2025-01-20 12:00:00,2708.52002,2710.090088,2706.22998,2708.31006,
2025-01-20 13:00:00,2708.5,2710.61011,2702.32007,2705.13989,
2025-01-20 14:00:00,2705.29004,2712.25,2705.29004,2710.6001,
2025-01-20 15:00:00,2710.33008,2710.56006,2705.3999,2707.15991,
2025-01-20 16:00:00,2707.13989,2708.91992,2703.3999,2707.66992,
2025-01-20 17:00:00,2707.8501,2709.83008,2704.56006,2707.47998,
2025-01-20 18:00:00,2707.56006,2711.3501,2705.6499,2710.86011,
2025-01-20 19:00:00,2711.02002,2711.32007,2707.67993,2708.31006,
2025-01-20 23:00:00,2707.44995,2711.16992,2706.72998,2710.41992,
2025-01-21 00:00:00,2710.41992,2711.59009,2702.87012,2705.47998,
2025-01-21 01:00:00,2705.1001,2719.44995,2703.22998,2718.12012,
2025-01-21 02:00:00,2718.18994,2725.77002,2717.96997,2724.8999,
2025-01-21 03:00:00,2724.90991,2726.97998,2721.27002,2724.34009,
2025-01-21 04:00:00,2724.37988,2727.90991,2723.080078,2727.3999,
2025-01-21 05:00:00,2727.59009,2729.15991,2725.56006,2726.30005,
2025-01-21 06:00:00,2726.31006,2729.37988,2723.8999,2724.51001,
2025-01-21 07:00:00,2724.46997,2732.70996,2722.70996,2729.69995,
2025-01-21 08:00:00,2729.67993,2729.67993,2721.66992,2723.43994,
2025-01-21 09:00:00,2723.19995,2724.31006,2718.1001,2721.30005,
2025-01-21 10:00:00,2721.27002,2724.1001,2719.080078,2719.92993,
2025-01-21 11:00:00,2719.84009,2724.59009,2716.59009,2723.97998,
2025-01-21 12:00:00,2724.22998,2727.3501,2722.02002,2726.91992,
2025-01-21 13:00:00,2727.090088,2730.1001,2724.65991,2726.56006,
2025-01-21 14:00:00,2726.38989,2738.6001,2725.45996,2738.27002,
2025-01-21 15:00:00,2738.26001,2740.3999,2734.72998,2738.87988,
2025-01-21 16:00:00,2738.92993,2744.90991,2737.87988,2743.21997,
2025-01-21 17:00:00,2743.6001,2745.69995,2740.1499,2740.30005,
2025-01-21 18:00:00,2740.22998,2745.96997,2740.01001,2744.67993,
2025-01-21 19:00:00,2744.75,2745.47998,2741.42993,2742.95996,
2025-01-21 20:00:00,2742.80005,2743.30005,2740.15991,2742.72998,
2025-01-21 21:00:00,2742.56006,2745.77002,2742.060059,2744.81006,
2025-01-21 23:00:00,2745.11011,2745.25,2741.91992,2744.3501,
2025-01-22 00:00:00,2744.54004,2749.040039,2742.71997,2748.26001,
2025-01-22 01:00:00,2748.25,2749.87988,2746.94995,2748.19995,
2025-01-22 02:00:00,2747.97998,2749.72998,2746.46997,2749.12988,
2025-01-22 03:00:00,2749.02002,2751.12988,2748.080078,2750.43994,
2025-01-22 04:00:00,2750.41992,2753.080078,2749.37988,2752.16992,
2025-01-22 05:00:00,2752.21997,2758.67993,2750.40991,2758.15991,
2025-01-22 06:00:00,2758.15991,2758.29004,2745.71997,2747.01001,
2025-01-22 07:00:00,2746.97998,2754.090088,2746.6001,2748.87012,
2025-01-22 08:00:00,2748.8501,2753.88989,2747.01001,2753.3501,
2025-01-22 09:00:00,2753.33008,2762.26001,2753.01001,2758.6001,
2025-01-22 10:00:00,2758.54004,2763.37988,2758.36011,2760.030029,
2025-01-22 11:00:00,2760.16992,2760.55005,2756.30005,2756.52002,
2025-01-22 12:00:00,2756.59009,2758.72998,2751.90991,2758.45996,
2025-01-22 13:00:00,2758.43994,2761.68994,2751.1499,2757.79004,
2025-01-22 14:00:00,2757.75,2758.33008,2750.51001,2754.01001,
2025-01-22 15:00:00,2753.47998,2760.3501,2750.55005,2759.40991,
2025-01-22 16:00:00,2759.47998,2760.22998,2756.080078,2758.38989,
2025-01-22 17:00:00,2758.43994,2758.52002,2756.050049,2756.66992,
2025-01-22 18:00:00,2756.6499,2759.44995,2755.12012,2757.91992,
2025-01-22 19:00:00,2757.91992,2757.91992,2755.18994,2755.42993,
2025-01-22 20:00:00,2755.44995,2757.22998,2755,2756.75,
2025-01-22 21:00:00,2756.81006,2757.18994,2754.97998,2756.30005,
2025-01-22 23:00:00,2756.22998,2756.43994,2754.040039,2755.63989,
2025-01-23 00:00:00,2754.96997,2756.02002,2753.37988,2755.44995,
2025-01-23 01:00:00,2755.67993,2756.27002,2750.77002,2752.76001,
2025-01-23 02:00:00,2752.66992,2754.97998,2752.21997,2752.76001,
2025-01-23 03:00:00,2752.70996,2753.19995,2749.6499,2750.090088,
2025-01-23 04:00:00,2750.15991,2753.67993,2750.030029,2751.77002,
2025-01-23 05:00:00,2751.77002,2753.52002,2751.55005,2752.15991,
2025-01-23 06:00:00,2752,2755.63989,2751.27002,2753.3501,
2025-01-23 07:00:00,2753.28003,2754.72998,2751.87988,2752.91992,
2025-01-23 08:00:00,2752.90991,2754.8501,2752.19995,2752.76001,
2025-01-23 09:00:00,2752.84009,2753.8999,2741.090088,2746.01001,
2025-01-23 10:00:00,2745.87988,2752.54004,2745.45996,2751.45996,
2025-01-23 11:00:00,2751.52002,2754.41992,2750.92993,2752.060059,
2025-01-23 12:00:00,2751.97998,2753.38989,2742.16992,2744.88989,
2025-01-23 13:00:00,2745.68994,2746.01001,2735.96997,2741.55005,
2025-01-23 14:00:00,2741.93994,2747.52002,2740.44995,2746.090088,
2025-01-23 15:00:00,2746.33008,2749.55005,2742.31006,2746.59009,
2025-01-23 16:00:00,2745.81006,2757.47998,2744.33008,2754.01001,
2025-01-23 17:00:00,2754.1499,2758.83008,2752.42993,2757.80005,
2025-01-23 18:00:00,2757.77002,2758.30005,2755.20996,2755.87012,
2025-01-23 19:00:00,2755.88989,2758.17993,2753.90991,2754.19995,
2025-01-23 20:00:00,2754.12012,2754.66992,2751.47998,2753.81006,
2025-01-23 21:00:00,2753.66992,2754.87988,2752.27002,2754.87988,
2025-01-23 23:00:00,2755.060059,2755.66992,2753.76001,2754.68994,
2025-01-24 00:00:00,2754.62012,2761.02002,2754.43994,2759.72998,
2025-01-24 01:00:00,2759.6001,2762.6499,2758.71997,2762.43994,
2025-01-24 02:00:00,2762.51001,2775.34009,2762.51001,2774.43994,
2025-01-24 03:00:00,2774.38989,2777.37012,2771.1001,2772.55005,
2025-01-24 04:00:00,2772.51001,2775.1499,2770.67993,2772.25,
2025-01-24 05:00:00,2772.46997,2776.62988,2772.37988,2775.33008,
2025-01-24 06:00:00,2775.31006,2778.3501,2773.42993,2773.93994,
2025-01-24 07:00:00,2773.88989,2775.42993,2772.12012,2772.66992,
2025-01-24 08:00:00,2772.57007,2775.37012,2770.060059,2774.26001,
2025-01-24 09:00:00,2773.66992,2777.8501,2771.13989,2772.87012,
2025-01-24 10:00:00,2772.81006,2776.30005,2771.73999,2775.79004,
2025-01-24 11:00:00,2775.81006,2780.17993,2774.080078,2776.72998,
2025-01-24 12:00:00,2776.68994,2779.20996,2776.21997,2778.71997,
2025-01-24 13:00:00,2778.70996,2784.59009,2778.040039,2782.47998,
2025-01-24 14:00:00,2782.6001,2784.3999,2774,2778.18994,
2025-01-24 15:00:00,2778.23999,2786.050049,2775.6001,2775.93994,
2025-01-24 16:00:00,2775.87012,2777.54004,2770.1001,2772.080078,
2025-01-24 17:00:00,2771.90991,2776.16992,2770.62988,2773.33008,
2025-01-24 18:00:00,2773.31006,2774.19995,2771.46997,2773.47998,
2025-01-24 19:00:00,2773.56006,2775.3501,2771.38989,2774.68994,
2025-01-24 20:00:00,2774.67993,2774.8501,2770.81006,2771.12012,
2025-01-24 21:00:00,2771.31006,2772.25,2770.66992,2771.25,
2025-01-26 23:00:00,2765.66992,2769.6499,2765.11011,2767.72998,
2025-01-27 00:00:00,2767.87988,2770.90991,2766.3501,2769.72998,
2025-01-27 01:00:00,2769.81006,2772.61011,2763,2763.090088,
2025-01-27 02:00:00,2763.1001,2763.75,2754.21997,2756.37012,
2025-01-27 03:00:00,2756.38989,2762.79004,2755.29004,2761.19995,
2025-01-27 04:00:00,2761.16992,2761.17993,2755.84009,2758.17993,
2025-01-27 05:00:00,2757.93994,2758.15991,2752.94995,2753.26001,
2025-01-27 06:00:00,2753.27002,2755.18994,2750.90991,2754.66992,
2025-01-27 07:00:00,2754.81006,2755.17993,2747.37012,2749.47998,
2025-01-27 08:00:00,2749.69995,2759.77002,2749.40991,2757.18994,
2025-01-27 09:00:00,2756.72998,2764.97998,2755.77002,2763.42993,
2025-01-27 10:00:00,2763.55005,2771.060059,2762.92993,2768.1001,
2025-01-27 11:00:00,2767.88989,2772.02002,2765.16992,2771.40991,
2025-01-27 12:00:00,2771.58008,2771.70996,2760.62988,2761.43994,
2025-01-27 13:00:00,2761.3501,2762.47998,2752.42993,2757.34009,
2025-01-27 14:00:00,2756.97998,2757.97998,2745.12012,2751.38989,
2025-01-27 15:00:00,2751.48999,2751.48999,2739.6499,2741.93994,
2025-01-27 16:00:00,2742.080078,2743.16992,2733.67993,2734.51001,
2025-01-27 17:00:00,2734.95996,2737.060059,2730.59009,2733.8501,
2025-01-27 18:00:00,2733.77002,2737.91992,2733.22998,2737.16992,
2025-01-27 19:00:00,2737.16992,2740.6001,2737.060059,2739.37988,
2025-01-27 20:00:00,2739.43994,2742.59009,2738.22998,2741.54004,
2025-01-27 21:00:00,2741.29004,2744.02002,2740.47998,2740.71997,
2025-01-27 23:00:00,2741.11011,2745.31006,2739.69995,2741.6499,
2025-01-28 00:00:00,2741.78003,2744.6001,2740.02002,2740.68994,
2025-01-28 01:00:00,2740.88989,2745.17993,2739.51001,2741.48999,
2025-01-28 02:00:00,2740.95996,2741.56006,2738.52002,2739.46997,
2025-01-28 03:00:00,2739.44995,2741.87988,2737.95996,2738.80005,
2025-01-28 04:00:00,2738.87988,2742.68994,2738.6001,2742.45996,
2025-01-28 05:00:00,2742.62012,2744.8999,2741.45996,2741.83008,
2025-01-28 06:00:00,2741.19995,2742.95996,2739.25,2739.6499,
2025-01-28 07:00:00,2739.42993,2743.13989,2738.42993,2738.8501,
2025-01-28 08:00:00,2739.43994,2741.87012,2734.8999,2741.19995,
2025-01-28 09:00:00,2741.17993,2745.090088,2740.59009,2743.5,
2025-01-28 10:00:00,2743.44995,2745.31006,2741.050049,2743.19995,
2025-01-28 11:00:00,2743.27002,2744.63989,2741.67993,2742.81006,
2025-01-28 12:00:00,2742.90991,2745.6001,2741.38989,2745.59009,
2025-01-28 13:00:00,2745.83008,2749.55005,2745.22998,2748.8501,
2025-01-28 14:00:00,2749,2756.26001,2749,2753.55005,
2025-01-28 15:00:00,2753.56006,2757.27002,2751.17993,2755.38989,
2025-01-28 16:00:00,2755.37988,2759.69995,2755.3501,2758.72998,
2025-01-28 17:00:00,2758.6001,2760.090088,2757.72998,2759.72998,
2025-01-28 18:00:00,2759.70996,2763.54004,2759.37988,2762.25,
2025-01-28 19:00:00,2762.15991,2765.02002,2761.37012,2764.87012,
2025-01-28 20:00:00,2764.8501,2765.060059,2762.46997,2764.19995,
2025-01-28 21:00:00,2764.26001,2764.27002,2762.8999,2763.47998,
2025-01-28 23:00:00,2763.19995,2764.3999,2762.65991,2762.71997,
2025-01-29 00:00:00,2762.6001,2764.81006,2762.37988,2764,
2025-01-29 01:00:00,2763.93994,2766.30005,2763.80005,2763.87012,
2025-01-29 02:00:00,2763.87988,2765.62012,2763.51001,2764.31006,
2025-01-29 03:00:00,2764.29004,2764.55005,2762.40991,2762.82007,
2025-01-29 04:00:00,2762.69995,2764.27002,2761.58008,2762.47998,
2025-01-29 05:00:00,2762.43994,2763.13989,2760.29004,2760.72998,
2025-01-29 06:00:00,2760.81006,2762.32007,2759.38989,2759.38989,
2025-01-29 07:00:00,2759.3501,2760.71997,2757.54004,2759.21997,
2025-01-29 08:00:00,2759.3501,2766,2759.3501,2764.12012,
2025-01-29 09:00:00,2764.13989,2764.26001,2760.56006,2762.83008,
2025-01-29 10:00:00,2762.76001,2763.44995,2757.18994,2758.28003,
2025-01-29 11:00:00,2758.26001,2759.84009,2757.65991,2759.1001,
2025-01-29 12:00:00,2759.02002,2759.20996,2755.62988,2756.6001,
2025-01-29 13:00:00,2756.77002,2759.56006,2752.31006,2758.77002,
2025-01-29 14:00:00,2758.75,2761.1001,2756.63989,2759.01001,
2025-01-29 15:00:00,2759.41992,2759.67993,2748.77002,2754.26001,
2025-01-29 16:00:00,2754.3501,2756.20996,2748.37988,2751.42993,
2025-01-29 17:00:00,2751.58008,2754.43994,2751.12012,2752.87012,
2025-01-29 18:00:00,2752.95996,2753.8501,2748.83008,2751.12012,
2025-01-29 19:00:00,2751.27002,2757.81006,2744.90991,2755.32007,
2025-01-29 20:00:00,2755.20996,2759,2752.75,2755.12012,
2025-01-29 21:00:00,2755.12988,2759.8999,2754.15991,2759.81006,
2025-01-29 23:00:00,2759.68994,2760.6001,2758.31006,2760.41992,
2025-01-30 00:00:00,2760.36011,2762.65991,2759.02002,2762.15991,
2025-01-30 01:00:00,2762.01001,2762.02002,2759.080078,2760.17993,
2025-01-30 02:00:00,2760.1499,2761.45996,2759.34009,2760.42993,
2025-01-30 03:00:00,2760.43994,2762.37012,2759.46997,2761.92993,
2025-01-30 04:00:00,2761.71997,2763.44995,2759.91992,2760.5,
2025-01-30 05:00:00,2760.46997,2761.15991,2758.8999,2760.6001,
2025-01-30 06:00:00,2760.56006,2766.53003,2760.33008,2765.65991,
2025-01-30 07:00:00,2765.6499,2769.55005,2765.1499,2769.21997,
2025-01-30 08:00:00,2769,2776.55005,2768.72998,2776.19995,
2025-01-30 09:00:00,2776.15991,2776.37012,2771.55005,2774.31006,
2025-01-30 10:00:00,2774.19995,2779.26001,2773.92993,2778.37012,
2025-01-30 11:00:00,2778.38989,2779.45996,2777.040039,2777.69995,
2025-01-30 12:00:00,2777.55005,2781.3501,2776.30005,2780.33008,
2025-01-30 13:00:00,2780.42993,2786.050049,2779.070068,2785.88989,
2025-01-30 14:00:00,2785.96997,2789,2780.13989,2787.91992,
2025-01-30 15:00:00,2788.11011,2796.79004,2786.78003,2795.5,
2025-01-30 16:00:00,2795.51001,2798.47998,2790.40991,2790.80005,
2025-01-30 17:00:00,2790.66992,2795.8999,2788.97998,2795.66992,
2025-01-30 18:00:00,2795.77002,2797.1001,2792.33008,2795.20996,
2025-01-30 19:00:00,2795.17993,2795.26001,2790.79004,2793.54004,
2025-01-30 20:00:00,2793.3999,2798.17993,2792.47998,2795.66992,
2025-01-30 21:00:00,2795.6001,2798.3999,2789.55005,2794.12012,
2025-01-30 23:00:00,2794.47998,2796.84009,2792.37012,2796.27002,
2025-01-31 00:00:00,2796.37988,2799.6001,2794.62988,2795.87988,
2025-01-31 01:00:00,2795.91992,2796.6499,2794.75,2796.41992,
2025-01-31 02:00:00,2796.42993,2798.18994,2794.93994,2796.22998,
2025-01-31 03:00:00,2796.25,2798.26001,2795.8501,2796.52002,
2025-01-31 04:00:00,2796.38989,2796.53003,2794.59009,2796.01001,
2025-01-31 05:00:00,2796,2796.47998,2794.20996,2795.67993,
2025-01-31 06:00:00,2795.6001,2795.83008,2792.21997,2792.96997,
2025-01-31 07:00:00,2792.87012,2800.95996,2792.3999,2798.45996,
2025-01-31 08:00:00,2798.37012,2799.3999,2791.75,2793.22998,
2025-01-31 09:00:00,2793.47998,2796.42993,2792.84009,2793.77002,
2025-01-31 10:00:00,2793.76001,2795.19995,2791.12988,2794.3501,
2025-01-31 11:00:00,2794.12012,2800.83008,2792.47998,2800.37988,
2025-01-31 12:00:00,2800.42993,2807.87012,2800.22998,2805.52002,
2025-01-31 13:00:00,2805.52002,2808.40991,2803.44995,2806.58008,
2025-01-31 14:00:00,2806.72998,2812.66992,2804.66992,2812.47998,
2025-01-31 15:00:00,2812.51001,2817.12012,2808.40991,2809.17993,
2025-01-31 16:00:00,2809.3501,2810.27002,2805.090088,2807.59009,
2025-01-31 17:00:00,2807.6001,2816.12012,2803.21997,2808.75,
2025-01-31 18:00:00,2808.79004,2808.92993,2795.44995,2799.02002,
2025-01-31 19:00:00,2799.15991,2802.8999,2795.62012,2796.33008,
2025-01-31 20:00:00,2796.070068,2802.050049,2794.37012,2801.060059,
2025-01-31 21:00:00,2801.040039,2802.58008,2798.23999,2798.52002,
2025-02-02 23:00:00,2802.30005,2804.79004,2785.71997,2793.93994,
2025-02-03 00:00:00,2793.91992,2796.19995,2790.41992,2792.12012,
2025-02-03 01:00:00,2792.26001,2792.27002,2778.58008,2782.36011,
2025-02-03 02:00:00,2782.33008,2782.82007,2773.87988,2778.19995,
2025-02-03 03:00:00,2778.20996,2778.52002,2772.37988,2774.56006,
2025-02-03 04:00:00,2774.48999,2783.18994,2774.31006,2780.87012,
2025-02-03 05:00:00,2780.87988,2785.15991,2780.15991,2783.17993,
2025-02-03 06:00:00,2783.15991,2788.090088,2783.02002,2786.83008,
2025-02-03 07:00:00,2786.84009,2789.93994,2785.47998,2789.38989,
2025-02-03 08:00:00,2789.56006,2800.37012,2787.15991,2796.80005,
2025-02-03 09:00:00,2796.61011,2800.83008,2794.88989,2796.43994,
2025-02-03 10:00:00,2796.40991,2800.18994,2793.060059,2798.16992,
2025-02-03 11:00:00,2798.02002,2804.29004,2798,2801.33008,
2025-02-03 12:00:00,2801.46997,2810.72998,2800.52002,2810.54004,
2025-02-03 13:00:00,2810.55005,2811.84009,2807.6499,2811.1499,
2025-02-03 14:00:00,2811.26001,2830.6001,2810.22998,2830.12988,
2025-02-03 15:00:00,2830.13989,2830.18994,2813.72998,2817.5,
2025-02-03 16:00:00,2817.47998,2825.16992,2813.18994,2814.3501,
2025-02-03 17:00:00,2814.1499,2822.22998,2814.1499,2817.17993,
2025-02-03 18:00:00,2816.97998,2821.8999,2816.1499,2821.1001,
2025-02-03 19:00:00,2820.87988,2823,2818,2818.37012,
2025-02-03 20:00:00,2818.29004,2819.47998,2815.70996,2816.72998,
2025-02-03 21:00:00,2816.77002,2817.58008,2812.6001,2814.68994,
2025-02-03 23:00:00,2813.88989,2815.22998,2812.37012,2814.13989,
2025-02-04 00:00:00,2814.060059,2817.84009,2812.90991,2817.6001,
2025-02-04 01:00:00,2817.6001,2824.1499,2816.19995,2823.41992,
2025-02-04 02:00:00,2823.37988,2824.6001,2816.97998,2821.31006,
2025-02-04 03:00:00,2821.31006,2824.31006,2817.45996,2821.5,
2025-02-04 04:00:00,2821.30005,2821.56006,2818.17993,2819.080078,
2025-02-04 05:00:00,2819.15991,2819.27002,2813.52002,2815.8999,
2025-02-04 06:00:00,2815.72998,2816.080078,2811,2813.6001,
2025-02-04 07:00:00,2813.67993,2814.54004,2807.37012,2812.72998,
2025-02-04 08:00:00,2812.87012,2819.22998,2810.21997,2815.19995,
2025-02-04 09:00:00,2815.21997,2821.90991,2814.27002,2820.54004,
2025-02-04 10:00:00,2820.42993,2820.42993,2812.66992,2814.92993,
2025-02-04 11:00:00,2814.72998,2816.8999,2813.40991,2815.52002,
2025-02-04 12:00:00,2815.54004,2823.02002,2814.63989,2821.88989,
2025-02-04 13:00:00,2822.050049,2837.060059,2821.59009,2831.70996,
2025-02-04 14:00:00,2831.71997,2841.47998,2829.1499,2839.48999,
2025-02-04 15:00:00,2839.94995,2845.51001,2833.76001,2835.96997,
2025-02-04 16:00:00,2835.81006,2842.52002,2832.70996,2840.51001,
2025-02-04 17:00:00,2840.52002,2844.76001,2839.59009,2844,
2025-02-04 18:00:00,2843.95996,2845.060059,2842.56006,2842.75,
2025-02-04 19:00:00,2842.69995,2844.19995,2841.95996,2843.1001,
2025-02-04 20:00:00,2843.1499,2844.84009,2841.01001,2844.43994,
2025-02-04 21:00:00,2844.37988,2844.68994,2841.12988,2842.070068,
2025-02-04 23:00:00,2841.6499,2842.63989,2840.6499,2841.34009,
2025-02-05 00:00:00,2841.47998,2848.18994,2840.76001,2845.34009,
2025-02-05 01:00:00,2845.12988,2848.90991,2839.87012,2844.59009,
2025-02-05 02:00:00,2844.96997,2853.88989,2844.13989,2851.21997,
2025-02-05 03:00:00,2851.31006,2854.55005,2849.96997,2852.37988,
2025-02-05 04:00:00,2852.3501,2858.27002,2851.92993,2855.33008,
2025-02-05 05:00:00,2855.31006,2860.65991,2853.80005,2859.29004,
2025-02-05 06:00:00,2859.3501,2861.91992,2857.12988,2859.25,
2025-02-05 07:00:00,2859.11011,2864.27002,2854.94995,2864.22998,
2025-02-05 08:00:00,2864.090088,2869.62988,2863.72998,2867.62012,
2025-02-05 09:00:00,2867.54004,2872.12012,2865.52002,2870.37012,
2025-02-05 10:00:00,2870.46997,2877.060059,2866.18994,2867.87012,
2025-02-05 11:00:00,2867.87988,2870.54004,2864.83008,2868.76001,
2025-02-05 12:00:00,2868.78003,2870.94995,2867.15991,2870.37988,
2025-02-05 13:00:00,2870.3999,2870.76001,2858.72998,2861.96997,
2025-02-05 14:00:00,2861.87988,2872.65991,2860.78003,2871.13989,
2025-02-05 15:00:00,2874.42993,2882.3501,2871.62012,2880.30005,
2025-02-05 16:00:00,2880.21997,2881.13989,2863.19995,2874.97998,
2025-02-05 17:00:00,2875.16992,2876.75,2871.41992,2873.040039,
2025-02-05 18:00:00,2873.040039,2873.56006,2864.060059,2865.75,
2025-02-05 19:00:00,2865.87988,2869.090088,2862.90991,2863.66992,
2025-02-05 20:00:00,2863.65991,2866.18994,2860.090088,2862.65991,
2025-02-05 21:00:00,2862.45996,2867.44995,2861.33008,2867.44995,
2025-02-05 23:00:00,2867.40991,2871,2866.12012,2869.3501,
2025-02-06 00:00:00,2869.3501,2869.97998,2867.37012,2869.80005,
2025-02-06 01:00:00,2869.87988,2871.87012,2863.79004,2871.68994,
2025-02-06 02:00:00,2871.62988,2873.27002,2868.43994,2870.67993,
2025-02-06 03:00:00,2870.58008,2870.62988,2864.37988,2869.40991,
2025-02-06 04:00:00,2869.41992,2872.27002,2868.42993,2868.6001,
2025-02-06 05:00:00,2868.70996,2870,2865.57007,2868.41992,
2025-02-06 06:00:00,2868.54004,2871.37012,2858.68994,2859.27002,
2025-02-06 07:00:00,2859.21997,2861.90991,2855.1001,2855.80005,
2025-02-06 08:00:00,2856.01001,2858.62012,2849,2856.18994,
2025-02-06 09:00:00,2856.22998,2860.01001,2855.79004,2859.3999,
2025-02-06 10:00:00,2859.46997,2861.8501,2855.81006,2859.31006,
2025-02-06 11:00:00,2859.29004,2867.46997,2858.33008,2866.080078,
2025-02-06 12:00:00,2866.1001,2870.37012,2863.70996,2864.54004,
2025-02-06 13:00:00,2864.30005,2864.97998,2855.65991,2856.81006,
2025-02-06 14:00:00,2856.83008,2859.83008,2841.33008,2842.060059,
2025-02-06 15:00:00,2842.62012,2853.31006,2834.3501,2850.65991,
2025-02-06 16:00:00,2850.6499,2854.80005,2848.87988,2848.87988,
2025-02-06 17:00:00,2848.41992,2852.71997,2848.26001,2852.43994,
2025-02-06 18:00:00,2852.46997,2853.72998,2849.95996,2852.72998,
2025-02-06 19:00:00,2852.62988,2854.29004,2850.51001,2854.050049,
2025-02-06 20:00:00,2854,2857.3501,2853.8999,2856.52002,
2025-02-06 21:00:00,2856.63989,2857.18994,2855.02002,2856.01001,
2025-02-06 23:00:00,2855.93994,2858.72998,2855.84009,2858.11011,
2025-02-07 00:00:00,2858.080078,2860.56006,2858.080078,2858.58008,
2025-02-07 01:00:00,2858.70996,2868.22998,2857.93994,2866.31006,
2025-02-07 02:00:00,2866.27002,2869.34009,2865.61011,2868.81006,
2025-02-07 03:00:00,2868.83008,2870.62012,2866.16992,2867.31006,
2025-02-07 04:00:00,2867.26001,2869.63989,2866.30005,2866.62012,
2025-02-07 05:00:00,2866.66992,2867.080078,2862.16992,2862.31006,
2025-02-07 06:00:00,2862.25,2866.22998,2859.1001,2860.75,
2025-02-07 07:00:00,2860.72998,2865.72998,2860.37988,2864.26001,
2025-02-07 08:00:00,2864.22998,2866.68994,2863.38989,2866.54004,
2025-02-07 09:00:00,2866.38989,2870.72998,2865.6499,2869.040039,
2025-02-07 10:00:00,2869.050049,2869.27002,2863.5,2867.6499,
2025-02-07 11:00:00,2867.62988,2868.37012,2865.21997,2867.80005,
2025-02-07 12:00:00,2867.81006,2868.060059,2863.6499,2863.79004,
2025-02-07 13:00:00,2863.8501,2871.060059,2852.70996,2862.63989,
2025-02-07 14:00:00,2862.72998,2878.33008,2856.33008,2876.65991,
2025-02-07 15:00:00,2874.87988,2886.81006,2873.72998,2880.62012,
2025-02-07 16:00:00,2881.1001,2881.55005,2860.55005,2860.79004,
2025-02-07 17:00:00,2860.6499,2862.77002,2853.47998,2860.21997,
2025-02-07 18:00:00,2860.13989,2865.21997,2859.79004,2861.25,
2025-02-07 19:00:00,2861.45996,2863.20996,2859.01001,2860.29004,
2025-02-07 20:00:00,2860.12988,2863.88989,2859.47998,2860.79004,
2025-02-07 21:00:00,2860.81006,2863.37012,2860.55005,2860.87012,
2025-02-09 23:00:00,2861.3999,2870.31006,2860.44995,2867.62988,
2025-02-10 00:00:00,2867.80005,2869.31006,2865.87988,2868.01001,
2025-02-10 01:00:00,2867.96997,2876.69995,2866.11011,2871.94995,
2025-02-10 02:00:00,2871.84009,2874.97998,2871.45996,2873.90991,
2025-02-10 03:00:00,2874.12988,2875.83008,2871.41992,2875.63989,
2025-02-10 04:00:00,2875.6499,2879.6499,2874.55005,2879.17993,
2025-02-10 05:00:00,2879.33008,2880.1001,2876.21997,2879.30005,
2025-02-10 06:00:00,2879.3501,2892.30005,2878.97998,2888.47998,
2025-02-10 07:00:00,2888.52002,2896.66992,2886.77002,2895.71997,
2025-02-10 08:00:00,2895.70996,2898.72998,2892.3999,2896.68994,
2025-02-10 09:00:00,2896.65991,2903.27002,2896.3999,2903.01001,
2025-02-10 10:00:00,2903.050049,2906.19995,2898.22998,2902.42993,
2025-02-10 11:00:00,2902.51001,2905.81006,2898.41992,2904.76001,
2025-02-10 12:00:00,2904.69995,2907,2902.84009,2903.02002,
2025-02-10 13:00:00,2903.12988,2911.12988,2899.8501,2901.16992,
2025-02-10 14:00:00,2901.060059,2909.26001,2896.6001,2908.68994,
2025-02-10 15:00:00,2908.70996,2911.43994,2904.6001,2909.080078,
2025-02-10 16:00:00,2909.20996,2910.31006,2899.26001,2901.080078,
2025-02-10 17:00:00,2901.1001,2904.45996,2896.68994,2903.34009,
2025-02-10 18:00:00,2903.3999,2906.97998,2900.95996,2905.19995,
2025-02-10 19:00:00,2905.20996,2906.71997,2902.70996,2904.41992,
2025-02-10 20:00:00,2904.44995,2907.72998,2903.02002,2907.52002,
2025-02-10 21:00:00,2906.93994,2908.26001,2905.37988,2907.96997,
2025-02-10 23:00:00,2908.38989,2921.69995,2908.38989,2917.8999,
2025-02-11 00:00:00,2917.95996,2925.02002,2916.47998,2922.62988,
2025-02-11 01:00:00,2922.97998,2936.11011,2919.79004,2934.1001,
2025-02-11 02:00:00,2934.060059,2942.68994,2906.16992,2919.21997,
2025-02-11 03:00:00,2918.92993,2925.83008,2911.75,2919.72998,
2025-02-11 04:00:00,2919.70996,2920.70996,2915.090088,2916.3999,
2025-02-11 05:00:00,2916.23999,2923.81006,2915.46997,2923.040039,
2025-02-11 06:00:00,2923.060059,2929.54004,2915.6001,2917.92993,
2025-02-11 07:00:00,2918.050049,2918.3999,2907.45996,2913.54004,
2025-02-11 08:00:00,2913.33008,2915.27002,2907.090088,2907.46997,
2025-02-11 09:00:00,2907.26001,2912.30005,2903.12988,2903.27002,
2025-02-11 10:00:00,2903.18994,2907.16992,2902,2902.72998,
2025-02-11 11:00:00,2902.58008,2906.77002,2902.30005,2903.96997,
2025-02-11 12:00:00,2903.94995,2904.31006,2887.29004,2889.53003,
2025-02-11 13:00:00,2889.18994,2898.27002,2881.8999,2896.79004,
2025-02-11 14:00:00,2896.56006,2904.40991,2895.050049,2897.02002,
2025-02-11 15:00:00,2896.94995,2906.62988,2891.12988,2904.83008,
2025-02-11 16:00:00,2904.81006,2908.72998,2902.3501,2902.40991,
2025-02-11 17:00:00,2902.37012,2907.33008,2899.72998,2905.68994,
2025-02-11 18:00:00,2905.6001,2907.22998,2903.42993,2905.95996,
2025-02-11 19:00:00,2906.080078,2906.42993,2899.8501,2900.29004,
2025-02-11 20:00:00,2900.26001,2900.51001,2894.25,2897.66992,
2025-02-11 21:00:00,2897.71997,2899.72998,2897.5,2897.61011,
2025-02-11 23:00:00,2897.41992,2900.81006,2897.31006,2898.62988,
2025-02-12 00:00:00,2898.88989,2898.88989,2889.52002,2892.31006,
2025-02-12 01:00:00,2892.30005,2897.81006,2883.77002,2893.38989,
2025-02-12 02:00:00,2893.37988,2897.44995,2891.91992,2892.52002,
2025-02-12 03:00:00,2892.46997,2893.080078,2886.96997,2889.1001,
2025-02-12 04:00:00,2889.1001,2890.51001,2884.1499,2885.54004,
2025-02-12 05:00:00,2885.6499,2888.13989,2883.79004,2886.41992,
2025-02-12 06:00:00,2886.33008,2894.73999,2885.76001,2892.81006,
2025-02-12 07:00:00,2892.81006,2895.84009,2890.93994,2892.81006,
2025-02-12 08:00:00,2892.95996,2894.090088,2888.12012,2891.8501,
2025-02-12 09:00:00,2891.75,2893.45996,2886.47998,2886.81006,
2025-02-12 10:00:00,2886.66992,2889.91992,2879.47998,2882.83008,
2025-02-12 11:00:00,2882.81006,2886.040039,2879.53003,2879.83008,
2025-02-12 12:00:00,2879.8501,2886.02002,2879.11011,2885.15991,
2025-02-12 13:00:00,2885.16992,2885.68994,2864.22998,2884.86011,
2025-02-12 14:00:00,2884.90991,2898.060059,2882.040039,2894.51001,
2025-02-12 15:00:00,2894.66992,2895.8999,2887.060059,2894.71997,
2025-02-12 16:00:00,2894.58008,2904.52002,2892.30005,2902.59009,
2025-02-12 17:00:00,2902.55005,2909.12988,2902.060059,2902.93994,
2025-02-12 18:00:00,2902.94995,2903.90991,2900.55005,2901.13989,
2025-02-12 19:00:00,2901.21997,2901.8501,2893.71997,2897.92993,
2025-02-12 20:00:00,2897.95996,2901.38989,2895.62012,2901.12012,
2025-02-12 21:00:00,2901.040039,2904.31006,2900.27002,2904.23999,
2025-02-12 23:00:00,2905.070068,2906.47998,2900.77002,2905.87012,
2025-02-13 00:00:00,2906.080078,2909.12012,2904.62988,2906.41992,
2025-02-13 01:00:00,2906.31006,2907.46997,2901.57007,2906.13989,
2025-02-13 02:00:00,2906.15991,2909.040039,2905.3501,2908.8999,
2025-02-13 03:00:00,2908.83008,2918.16992,2907.37988,2916.62988,
2025-02-13 04:00:00,2916.63989,2919.22998,2916.25,2918.54004,
2025-02-13 05:00:00,2918.66992,2922.92993,2916.65991,2918.17993,
2025-02-13 06:00:00,2918.01001,2918.87012,2912.56006,2916.16992,
2025-02-13 07:00:00,2916.27002,2920.77002,2913.31006,2914.67993,
2025-02-13 08:00:00,2914.75,2918.19995,2909.62012,2911.72998,
2025-02-13 09:00:00,2911.69995,2918.43994,2909.95996,2915.44995,
2025-02-13 10:00:00,2915.37012,2919.52002,2914.1001,2918.090088,
2025-02-13 11:00:00,2918.050049,2918.38989,2915.55005,2918.060059,
2025-02-13 12:00:00,2918.060059,2921.33008,2915.75,2917.81006,
2025-02-13 13:00:00,2917.92993,2917.92993,2906.090088,2908.59009,
2025-02-13 14:00:00,2908.52002,2917.40991,2906.94995,2915.19995,
2025-02-13 15:00:00,2915.29004,2921.040039,2914.67993,2920.3999,
2025-02-13 16:00:00,2920.45996,2920.8999,2913.090088,2914,
2025-02-13 17:00:00,2913.72998,2919.16992,2913.6499,2918.97998,
2025-02-13 18:00:00,2919.02002,2925.3501,2914.52002,2924.12988,
2025-02-13 19:00:00,2924.1001,2927.47998,2924,2926.96997,
2025-02-13 20:00:00,2926.92993,2929,2924.92993,2928.6001,
2025-02-13 21:00:00,2928.65991,2929.52002,2928.20996,2928.44995,
2025-02-13 23:00:00,2928.59009,2932.44995,2927.53003,2931.23999,
2025-02-14 00:00:00,2931.41992,2931.56006,2927.56006,2927.94995,
2025-02-14 01:00:00,2928.19995,2933.90991,2928.040039,2930.060059,
2025-02-14 02:00:00,2930,2930.6001,2926.090088,2927.38989,
2025-02-14 03:00:00,2927.3501,2930.46997,2923.3501,2924.51001,
2025-02-14 04:00:00,2924.5,2929.19995,2923.96997,2928.6499,
2025-02-14 05:00:00,2928.65991,2932.46997,2926.79004,2931.040039,
2025-02-14 06:00:00,2930.97998,2936.90991,2930.01001,2934.30005,
2025-02-14 07:00:00,2934.3501,2935.19995,2930.72998,2931.94995,
2025-02-14 08:00:00,2931.91992,2938.62988,2930.92993,2935.26001,
2025-02-14 09:00:00,2935.13989,2938.87012,2934.22998,2935.26001,
2025-02-14 10:00:00,2935.43994,2940.1001,2934.34009,2935.94995,
2025-02-14 11:00:00,2936,2937.65991,2929.3999,2931.060059,
2025-02-14 12:00:00,2931.1499,2933.13989,2927.94995,2930.8501,
2025-02-14 13:00:00,2931.19995,2933.30005,2917.93994,2920.62012,
2025-02-14 14:00:00,2920.37012,2928.27002,2914.45996,2921.3501,
2025-02-14 15:00:00,2921.21997,2921.8501,2893.12012,2902.040039,
2025-02-14 16:00:00,2901.81006,2903.90991,2888.73999,2896.030029,
2025-02-14 17:00:00,2896.28003,2897.62988,2885.63989,2887.1001,
2025-02-14 18:00:00,2887.19995,2888.02002,2882.31006,2883.92993,
2025-02-14 19:00:00,2884.02002,2886.090088,2878.94995,2880.76001,
2025-02-14 20:00:00,2880.67993,2886.25,2877.1499,2885.51001,
2025-02-14 21:00:00,2885.67993,2885.77002,2882.41992,2882.54004,
2025-02-16 23:00:00,2893.67993,2893.91992,2878.90991,2879.31006,
2025-02-17 00:00:00,2879.75,2888.1001,2879.51001,2883.66992,
2025-02-17 01:00:00,2883.87012,2896.67993,2882.70996,2895.62988,
2025-02-17 02:00:00,2895.63989,2899.88989,2894.13989,2899.26001,
2025-02-17 03:00:00,2899.33008,2904.71997,2897.93994,2903.67993,
2025-02-17 04:00:00,2903.52002,2905.02002,2898.55005,2899.46997,
2025-02-17 05:00:00,2899.23999,2905.34009,2896.17993,2896.3501,
2025-02-17 06:00:00,2896.21997,2897.8999,2888.42993,2896.48999,
2025-02-17 07:00:00,2896.67993,2903.63989,2896.62012,2902.56006,
2025-02-17 08:00:00,2902.77002,2902.77002,2895.17993,2900.37012,
2025-02-17 09:00:00,2900.43994,2906.41992,2900.43994,2902.69995,
2025-02-17 10:00:00,2902.62988,2903.02002,2895.91992,2902.95996,
2025-02-17 11:00:00,2902.93994,2903.80005,2898,2901.1001,
2025-02-17 12:00:00,2900.91992,2901.66992,2895.56006,2897.75,
2025-02-17 13:00:00,2897.72998,2899.16992,2895.87012,2896.81006,
2025-02-17 14:00:00,2896.90991,2903.92993,2896.58008,2903.1001,
2025-02-17 15:00:00,2903.25,2903.96997,2898.12988,2899.31006,
2025-02-17 16:00:00,2899.33008,2901.22998,2896.65991,2899.040039,
2025-02-17 17:00:00,2899.3501,2899.81006,2898.1001,2898.54004,
2025-02-17 18:00:00,2898.46997,2899.18994,2897.26001,2898.30005,
2025-02-17 19:00:00,2898.31006,2898.62012,2896.93994,2898.3999,
2025-02-17 23:00:00,2899.33008,2899.52002,2897.23999,2899.21997,
2025-02-18 00:00:00,2899.26001,2900.34009,2898.3501,2899.20996,
2025-02-18 01:00:00,2899.3501,2899.81006,2892.12988,2895.83008,
2025-02-18 02:00:00,2896,2905.050049,2895.6001,2903.02002,
2025-02-18 03:00:00,2903.23999,2910.80005,2902.91992,2908.96997,
2025-02-18 04:00:00,2909.040039,2911.080078,2907.3501,2910.87012,
2025-02-18 05:00:00,2911.22998,2915.68994,2909.96997,2910.84009,
2025-02-18 06:00:00,2910.75,2914.51001,2910.13989,2913.77002,
2025-02-18 07:00:00,2913.80005,2915.40991,2908.65991,2911.6499,
2025-02-18 08:00:00,2911.62988,2913.34009,2908.34009,2912.52002,
2025-02-18 09:00:00,2912.45996,2913.48999,2910.19995,2912.70996,
2025-02-18 10:00:00,2912.71997,2913.54004,2907.22998,2911.34009,
2025-02-18 11:00:00,2911.3501,2914.97998,2909.84009,2914.27002,
2025-02-18 12:00:00,2914.52002,2918.92993,2912.21997,2918.17993,
2025-02-18 13:00:00,2918.29004,2921.31006,2913.55005,2918.65991,
2025-02-18 14:00:00,2918.8501,2928.71997,2917.94995,2927.8999,
2025-02-18 15:00:00,2928.12988,2929.75,2923.75,2927.37988,
2025-02-18 16:00:00,2927.21997,2933.76001,2924.31006,2932.94995,
2025-02-18 17:00:00,2932.8501,2933.6499,2929.70996,2931.20996,
2025-02-18 18:00:00,2931.33008,2933.71997,2928.47998,2933.3501,
2025-02-18 19:00:00,2933.37012,2936.95996,2932.060059,2935.8501,
2025-02-18 20:00:00,2935.8501,2936.80005,2932.6001,2933.54004,
2025-02-18 21:00:00,2933.47998,2936.62988,2933.40991,2935.30005,
2025-02-18 23:00:00,2934.87012,2935.68994,2933.21997,2934.1001,
2025-02-19 00:00:00,2934.12012,2934.30005,2928.62012,2929.37012,
2025-02-19 01:00:00,2928.94995,2939.84009,2928.18994,2938.6001,
2025-02-19 02:00:00,2938.63989,2939.6499,2924.32007,2929.22998,
2025-02-19 03:00:00,2929.22998,2930.57007,2925.02002,2928.96997,
2025-02-19 04:00:00,2928.8501,2929.57007,2926.70996,2929.42993,
2025-02-19 05:00:00,2929.63989,2934.51001,2928.1001,2933.1001,
2025-02-19 06:00:00,2932.8999,2935.93994,2930.92993,2931.8501,
2025-02-19 07:00:00,2931.67993,2935.88989,2930.53003,2934.25,
2025-02-19 08:00:00,2934.37012,2940.16992,2933.81006,2938.70996,
2025-02-19 09:00:00,2938.72998,2946.6499,2938.31006,2945.52002,
2025-02-19 10:00:00,2945.54004,2947.050049,2942.69995,2944.90991,
2025-02-19 11:00:00,2944.80005,2946.080078,2934.30005,2935.16992,
2025-02-19 12:00:00,2935.17993,2936.83008,2931.42993,2933.59009,
2025-02-19 13:00:00,2933.83008,2941.68994,2932.56006,2936.34009,
2025-02-19 14:00:00,2936.31006,2940.58008,2930.38989,2938.19995,
2025-02-19 15:00:00,2938.060059,2939.25,2925.81006,2925.81006,
2025-02-19 16:00:00,2925.45996,2930.95996,2923.17993,2928.16992,
2025-02-19 17:00:00,2928.1001,2929.87012,2921.56006,2923.94995,
2025-02-19 18:00:00,2923.8999,2926.78003,2918.8501,2925.27002,
2025-02-19 19:00:00,2925.27002,2932.31006,2923.59009,2931.84009,
2025-02-19 20:00:00,2931.77002,2936.62012,2931.56006,2935.91992,
2025-02-19 21:00:00,2935.95996,2937.44995,2932.47998,2933.36011,
2025-02-19 23:00:00,2933.71997,2936.29004,2933.65991,2935.55005,
2025-02-20 00:00:00,2935.6499,2941.29004,2935.6499,2940.95996,
2025-02-20 01:00:00,2940.88989,2942.43994,2934.8501,2937.060059,
2025-02-20 02:00:00,2937.050049,2941.67993,2934,2940.94995,
2025-02-20 03:00:00,2941.080078,2944.17993,2940.67993,2942.060059,
2025-02-20 04:00:00,2942.060059,2942.68994,2939.54004,2940.02002,
2025-02-20 05:00:00,2940.19995,2946.98999,2939.3999,2946.81006,
2025-02-20 06:00:00,2946.91992,2949.040039,2944.050049,2947.82007,
2025-02-20 07:00:00,2947.71997,2954.22998,2946.54004,2948.96997,
2025-02-20 08:00:00,2949.42993,2954.84009,2949.040039,2954.58008,
2025-02-20 09:00:00,2954.6001,2954.87988,2950.040039,2951.72998,
2025-02-20 10:00:00,2951.47998,2954.88989,2949.27002,2952.31006,
2025-02-20 11:00:00,2952.37012,2952.92993,2947.34009,2948.87988,
2025-02-20 12:00:00,2948.93994,2950.8999,2938.91992,2945.56006,
2025-02-20 13:00:00,2945.47998,2947.70996,2933.95996,2934.02002,
2025-02-20 14:00:00,2933.65991,2939.97998,2924.3999,2934.88989,
2025-02-20 15:00:00,2935.27002,2939.63989,2931.90991,2938.52002,
2025-02-20 16:00:00,2939.040039,2945.67993,2936.02002,2943.12012,
2025-02-20 17:00:00,2942.92993,2947.060059,2940.25,2940.56006,
2025-02-20 18:00:00,2940.37012,2942.52002,2937.54004,2941.8501,
2025-02-20 19:00:00,2941.8501,2941.8501,2933.63989,2937.97998,
2025-02-20 20:00:00,2938.02002,2938.83008,2935.59009,2938.060059,
2025-02-20 21:00:00,2937.92993,2940.31006,2937.52002,2939.65991,
2025-02-20 23:00:00,2938.8999,2943.33008,2938.66992,2941.66992,
2025-02-21 00:00:00,2941.56006,2942.79004,2937.33008,2940.080078,
2025-02-21 01:00:00,2940.060059,2949.87012,2927,2928.96997,
2025-02-21 02:00:00,2928.30005,2941.16992,2926.59009,2939.22998,
2025-02-21 03:00:00,2939.27002,2939.80005,2927.27002,2931.26001,
2025-02-21 04:00:00,2931.16992,2932.33008,2926.71997,2928.58008,
2025-02-21 05:00:00,2928.56006,2934.16992,2924.31006,2930.29004,
2025-02-21 06:00:00,2930.25,2931.52002,2925.76001,2929.87012,
2025-02-21 07:00:00,2929.53003,2933.080078,2929.17993,2930.1001,
2025-02-21 08:00:00,2929.88989,2931.3501,2916.87012,2923.37012,
2025-02-21 09:00:00,2923.41992,2929.70996,2923.25,2929.40991,
2025-02-21 10:00:00,2929.31006,2931.1001,2929.050049,2930.62988,
2025-02-21 11:00:00,2930.65991,2936.17993,2928,2928.40991,
2025-02-21 12:00:00,2928.42993,2935.27002,2927.65991,2930.17993,
2025-02-21 13:00:00,2929.87988,2934.6001,2927.02002,2931.02002,
2025-02-21 14:00:00,2930.66992,2939.18994,2928.22998,2934.02002,
2025-02-21 15:00:00,2933.84009,2935.75,2921.72998,2928.8501,
2025-02-21 16:00:00,2928.72998,2938.56006,2927.43994,2936.77002,
2025-02-21 17:00:00,2936.80005,2941.71997,2936.21997,2939.76001,
2025-02-21 18:00:00,2939.75,2942.87012,2937.83008,2941.93994,
2025-02-21 19:00:00,2942.02002,2942.67993,2933.02002,2933.52002,
2025-02-21 20:00:00,2933.31006,2937.27002,2932.6001,2934.88989,
2025-02-21 21:00:00,2934.70996,2938.3501,2932.16992,2936.080078,
2025-02-23 23:00:00,2939.67993,2940.46997,2936.53003,2936.87988,
2025-02-24 00:00:00,2936.58008,2938.060059,2929.70996,2930.3501,
2025-02-24 01:00:00,2930.22998,2931.56006,2921.5,2928.050049,
2025-02-24 02:00:00,2927.62988,2940.97998,2925.1001,2940.93994,
2025-02-24 03:00:00,2940.79004,2944.79004,2939.93994,2941.33008,
2025-02-24 04:00:00,2941.45996,2942.98999,2938.030029,2940.88989,
2025-02-24 05:00:00,2940.90991,2942.20996,2935.6499,2936.38989,
2025-02-24 06:00:00,2936.3501,2941.8999,2935.44995,2938.70996,
2025-02-24 07:00:00,2938.81006,2944.95996,2938.3501,2943.96997,
2025-02-24 08:00:00,2943.95996,2948.83008,2938.26001,2946.42993,
2025-02-24 09:00:00,2946.36011,2948.37988,2942.8999,2944.29004,
2025-02-24 10:00:00,2944.31006,2944.75,2935.060059,2938.6001,
2025-02-24 11:00:00,2938.41992,2948.31006,2937.79004,2947.8501,
2025-02-24 12:00:00,2947.95996,2951.19995,2945.51001,2946.62012,
2025-02-24 13:00:00,2946.62988,2954.56006,2946.43994,2954.5,
2025-02-24 14:00:00,2954.6001,2956.26001,2934.80005,2938.87012,
2025-02-24 15:00:00,2938.51001,2940.47998,2930.91992,2936.59009,
2025-02-24 16:00:00,2936.6001,2943.62988,2936.6001,2943.51001,
2025-02-24 17:00:00,2943.47998,2944.81006,2941.1499,2943.31006,
2025-02-24 18:00:00,2943.050049,2948.060059,2942.87012,2947.44995,
2025-02-24 19:00:00,2947.47998,2949.88989,2946.91992,2949.37988,
2025-02-24 20:00:00,2949.21997,2951.55005,2947.060059,2950.67993,
2025-02-24 21:00:00,2950.6499,2953.11011,2950.3501,2952.63989,
2025-02-24 23:00:00,2952.97998,2953.69995,2948.52002,2950.12012,
2025-02-25 00:00:00,2950.22998,2952.6001,2948.44995,2949.65991,
2025-02-25 01:00:00,2949.69995,2952.51001,2945.41992,2949.68994,
2025-02-25 02:00:00,2949.68994,2952.1001,2947.22998,2948.81006,
2025-02-25 03:00:00,2948.42993,2949.55005,2937.57007,2939.58008,
2025-02-25 04:00:00,2939.31006,2939.80005,2935.22998,2936.96997,
2025-02-25 05:00:00,2936.81006,2941.080078,2936.81006,2938.050049,
2025-02-25 06:00:00,2937.87012,2938.52002,2933.65991,2935.88989,
2025-02-25 07:00:00,2935.93994,2940.44995,2930.76001,2931.6499,
2025-02-25 08:00:00,2931.87012,2942.42993,2929.62988,2941.68994,
2025-02-25 09:00:00,2941.45996,2942.41992,2937.56006,2938.96997,
2025-02-25 10:00:00,2939.080078,2941.63989,2937.43994,2937.52002,
2025-02-25 11:00:00,2937.52002,2940.67993,2937.20996,2938.72998,
2025-02-25 12:00:00,2938.91992,2941.38989,2924.17993,2928.72998,
2025-02-25 13:00:00,2928.75,2938.040039,2926.3501,2937.40991,
2025-02-25 14:00:00,2937.3999,2944.75,2932.29004,2933.11011,
2025-02-25 15:00:00,2933.050049,2935.01001,2900.72998,2905.84009,
2025-02-25 16:00:00,2905.92993,2906.83008,2888.6499,2896.47998,
2025-02-25 17:00:00,2896.45996,2908.93994,2893.76001,2907.70996,
2025-02-25 18:00:00,2907.72998,2912.31006,2905.56006,2909.56006,
2025-02-25 19:00:00,2909.62012,2913.8999,2905.91992,2912.18994,
2025-02-25 20:00:00,2912.15991,2913.42993,2910.97998,2912.80005,
2025-02-25 21:00:00,2912.87012,2917.30005,2912.71997,2914.94995,
2025-02-25 23:00:00,2915.18994,2919.02002,2913.78003,2918.67993,
2025-02-26 00:00:00,2918.67993,2926.22998,2918.67993,2923.56006,
2025-02-26 01:00:00,2924.060059,2930.25,2915.38989,2917.94995,
2025-02-26 02:00:00,2917.97998,2923.090088,2914.8999,2921.22998,
2025-02-26 03:00:00,2921.18994,2921.68994,2916.58008,2916.80005,
2025-02-26 04:00:00,2917.29004,2918.93994,2912.81006,2915.060059,
2025-02-26 05:00:00,2915.050049,2921.1001,2914.91992,2915.47998,
2025-02-26 06:00:00,2915.3501,2916.22998,2906.81006,2907.1001,
2025-02-26 07:00:00,2906.80005,2917.62012,2905.90991,2915.52002,
2025-02-26 08:00:00,2915.27002,2918.43994,2909.63989,2918.1499,
2025-02-26 09:00:00,2918.060059,2919.080078,2912.27002,2913.13989,
2025-02-26 10:00:00,2913.1499,2916.91992,2911.050049,2912.76001,
2025-02-26 11:00:00,2912.69995,2915.52002,2912.21997,2913.90991,
2025-02-26 12:00:00,2913.87988,2915.62988,2910.18994,2913.96997,
2025-02-26 13:00:00,2914.1001,2915.060059,2905.63989,2905.97998,
2025-02-26 14:00:00,2905.72998,2906.18994,2890.8999,2901.67993,
2025-02-26 15:00:00,2901.58008,2914.34009,2898.63989,2913.38989,
2025-02-26 16:00:00,2913.59009,2916.72998,2909.96997,2913.20996,
2025-02-26 17:00:00,2913.18994,2916.29004,2910.72998,2913.83008,
2025-02-26 18:00:00,2913.66992,2916.25,2912.46997,2914.95996,
2025-02-26 19:00:00,2914.97998,2916.3501,2913.3999,2913.97998,
2025-02-26 20:00:00,2914,2916.76001,2912.13989,2916.47998,
2025-02-26 21:00:00,2916.30005,2918.81006,2916.080078,2916.27002,
2025-02-26 23:00:00,2916.87988,2920.8501,2915.79004,2919.3501,
2025-02-27 00:00:00,2919.31006,2919.31006,2916,2917.21997,
2025-02-27 01:00:00,2917.19995,2918.3999,2911.12988,2912.66992,
2025-02-27 02:00:00,2912.67993,2914.90991,2904.38989,2906,
2025-02-27 03:00:00,2906.90991,2909.12012,2905.33008,2905.79004,
2025-02-27 04:00:00,2905.87988,2906.47998,2896.5,2897.43994,
2025-02-27 05:00:00,2897.40991,2898.6001,2888.82007,2890.95996,
2025-02-27 06:00:00,2890.8999,2898.47998,2890.8501,2894.26001,
2025-02-27 07:00:00,2894.15991,2896.70996,2888.040039,2892.02002,
2025-02-27 08:00:00,2891.8501,2892.16992,2880.88989,2881.42993,
2025-02-27 09:00:00,2881.25,2893.62988,2877.060059,2887.5,
2025-02-27 10:00:00,2887.46997,2895.1001,2886.73999,2892.30005,
2025-02-27 11:00:00,2892.31006,2894.87012,2883.6001,2884.02002,
2025-02-27 12:00:00,2884.12988,2888.8501,2883.20996,2885.21997,
2025-02-27 13:00:00,2885.17993,2892.26001,2881.12012,2889.01001,
2025-02-27 14:00:00,2888.68994,2892.44995,2868.090088,2872.45996,
2025-02-27 15:00:00,2872.78003,2882.47998,2870.72998,2872.29004,
2025-02-27 16:00:00,2871.91992,2878.19995,2871.91992,2877.46997,
2025-02-27 17:00:00,2877.87988,2883.79004,2876.25,2883.25,
2025-02-27 18:00:00,2883.22998,2887.42993,2883,2887.3999,
2025-02-27 19:00:00,2887.46997,2887.72998,2877.31006,2879.27002,
2025-02-27 20:00:00,2879.37012,2879.38989,2872.91992,2874.1001,
2025-02-27 21:00:00,2874.060059,2878.090088,2871.3999,2877.040039,
2025-02-27 23:00:00,2877.56006,2878.44995,2875.040039,2876.02002,
2025-02-28 00:00:00,2875.8999,2880.34009,2874.95996,2877.12988,
2025-02-28 01:00:00,2877.1499,2885.22998,2873.92993,2874.88989,
2025-02-28 02:00:00,2874.69995,2877.80005,2870.54004,2873.47998,
2025-02-28 03:00:00,2873.43994,2876.31006,2863.67993,2865.82007,
2025-02-28 04:00:00,2865.80005,2866.1001,2857.22998,2863.79004,
2025-02-28 05:00:00,2863.58008,2867.13989,2862.01001,2864.16992,
2025-02-28 06:00:00,2864.33008,2866.68994,2862.060059,2863.76001,
2025-02-28 07:00:00,2863.65991,2865.27002,2857.59009,2858.71997,
2025-02-28 08:00:00,2858.72998,2860.44995,2851.13989,2856.18994,
2025-02-28 09:00:00,2856.080078,2864.3501,2856.02002,2862.46997,
2025-02-28 10:00:00,2862.3999,2864.96997,2860.83008,2862.83008,
2025-02-28 11:00:00,2862.84009,2863.75,2859.21997,2862.38989,
2025-02-28 12:00:00,2862.56006,2865,2854.56006,2856.5,
2025-02-28 13:00:00,2856.65991,2862.22998,2848.38989,2848.58008,
2025-02-28 14:00:00,2848.6001,2851.72998,2833.59009,2834.15991,
2025-02-28 15:00:00,2833.76001,2850.80005,2832.77002,2850.040039,
2025-02-28 16:00:00,2850.27002,2854.01001,2846.43994,2848.72998,
2025-02-28 17:00:00,2848.68994,2851.6001,2844.62988,2845.21997,
2025-02-28 18:00:00,2845.16992,2847.81006,2838.13989,2845.34009,
2025-02-28 19:00:00,2845.43994,2850.97998,2844.18994,2849.79004,
2025-02-28 20:00:00,2849.51001,2854.95996,2847.77002,2854.81006,
2025-02-28 21:00:00,2854.71997,2859.36011,2853.37012,2857.44995,
2025-03-02 23:00:00,2873.30005,2876.75,2864.56006,2870.96997,
2025-03-03 00:00:00,2871.34009,2871.34009,2865.44995,2865.82007,
2025-03-03 01:00:00,2865.80005,2871.97998,2864.21997,2870.97998,
2025-03-03 02:00:00,2870.95996,2872.050049,2867.91992,2868.29004,
2025-03-03 03:00:00,2868.27002,2868.27002,2859.44995,2864.91992,
2025-03-03 04:00:00,2864.8999,2868.55005,2863.22998,2867.37012,
2025-03-03 05:00:00,2867.1001,2867.46997,2861.51001,2863.96997,
2025-03-03 06:00:00,2863.93994,2866.11011,2861.8501,2865.63989,
2025-03-03 07:00:00,2865.87012,2866.26001,2860.16992,2863.3501,
2025-03-03 08:00:00,2863.51001,2868.88989,2859.02002,2868.68994,
2025-03-03 09:00:00,2868.8501,2871.42993,2864.3999,2867.51001,
2025-03-03 10:00:00,2867.47998,2873.69995,2867.31006,2871.90991,
2025-03-03 11:00:00,2871.97998,2875.58008,2871.38989,2874.47998,
2025-03-03 12:00:00,2874.3501,2877.75,2874.1001,2875.72998,
2025-03-03 13:00:00,2875.72998,2876.31006,2868.97998,2872.75,
2025-03-03 14:00:00,2872.62988,2882.93994,2871.38989,2877.3501,
2025-03-03 15:00:00,2876.76001,2890.52002,2873.8999,2887.97998,
2025-03-03 16:00:00,2887.92993,2893.02002,2886.18994,2891.55005,
2025-03-03 17:00:00,2891.47998,2892.91992,2887.43994,2890.91992,
2025-03-03 18:00:00,2891,2892.37012,2886.69995,2890.060059,
2025-03-03 19:00:00,2890.060059,2891.3999,2879.8501,2881.69995,
2025-03-03 20:00:00,2881.63989,2891.52002,2878.47998,2890.55005,
2025-03-03 21:00:00,2890.67993,2895.30005,2890.26001,2893.16992,
2025-03-03 23:00:00,2891.8999,2893.33008,2890.6499,2890.94995,
2025-03-04 00:00:00,2890.95996,2893.81006,2890.25,2891.91992,
2025-03-04 01:00:00,2892.080078,2893.070068,2882.090088,2888.41992,
2025-03-04 02:00:00,2888.21997,2889.52002,2884.91992,2885.52002,
2025-03-04 03:00:00,2885.46997,2893.1001,2885.060059,2888.67993,
2025-03-04 04:00:00,2888.46997,2892.76001,2886.71997,2891.32007,
2025-03-04 05:00:00,2891.040039,2894.43994,2888.54004,2889.75,
2025-03-04 06:00:00,2889.77002,2889.96997,2884.47998,2887.44995,
2025-03-04 07:00:00,2887.090088,2900.96997,2887.090088,2900.040039,
2025-03-04 08:00:00,2899.38989,2918.68994,2896.97998,2914.060059,
2025-03-04 09:00:00,2914.59009,2921.3501,2912.65991,2918.16992,
2025-03-04 10:00:00,2918.050049,2918.12012,2912.13989,2914.75,
2025-03-04 11:00:00,2914.72998,2921.83008,2913.13989,2920.12988,
2025-03-04 12:00:00,2920.15991,2925.44995,2918.77002,2924.8501,
2025-03-04 13:00:00,2924.94995,2927.84009,2920.060059,2922.6001,
2025-03-04 14:00:00,2922.62012,2923.16992,2903.47998,2903.56006,
2025-03-04 15:00:00,2903.25,2912.15991,2900.54004,2906.22998,
2025-03-04 16:00:00,2906.21997,2915.94995,2903.94995,2915.15991,
2025-03-04 17:00:00,2915.31006,2916.40991,2911.17993,2911.70996,
2025-03-04 18:00:00,2911.69995,2915.30005,2908.3501,2911.42993,
2025-03-04 19:00:00,2911.37988,2916.56006,2911.31006,2916.21997,
2025-03-04 20:00:00,2915.95996,2920.63989,2914.42993,2917.29004,
2025-03-04 21:00:00,2917.68994,2918.58008,2913.42993,2917.95996,
2025-03-04 23:00:00,2917.83008,2918.090088,2914.44995,2914.55005,
2025-03-05 00:00:00,2914.43994,2917.25,2912.31006,2914.22998,
2025-03-05 01:00:00,2914.30005,2915.17993,2903.55005,2907.21997,
2025-03-05 02:00:00,2907.27002,2914.52002,2902.1499,2904.45996,
2025-03-05 03:00:00,2904.77002,2913.56006,2903.81006,2908.8501,
2025-03-05 04:00:00,2908.81006,2912.71997,2908.69995,2910.62988,
2025-03-05 05:00:00,2910.6001,2918.8501,2910.11011,2918.8501,
2025-03-05 06:00:00,2918.77002,2921.76001,2913.6001,2917.12988,
2025-03-05 07:00:00,2917.25,2919.87988,2913.1499,2918.1499,
2025-03-05 08:00:00,2917.91992,2922.01001,2916.87988,2920.040039,
2025-03-05 09:00:00,2920.02002,2922.56006,2913.3999,2919.01001,
2025-03-05 10:00:00,2918.91992,2919.26001,2909.1001,2913.3501,
2025-03-05 11:00:00,2913.25,2917.29004,2912.12012,2913.34009,
2025-03-05 12:00:00,2913.41992,2919.27002,2912.62988,2916.20996,
2025-03-05 13:00:00,2916.13989,2916.65991,2894.44995,2900.19995,
2025-03-05 14:00:00,2900.1001,2917.22998,2897.80005,2912.30005,
2025-03-05 15:00:00,2910.3501,2923.87988,2908.32007,2917.20996,
2025-03-05 16:00:00,2917.1001,2929.8501,2915.37012,2923.94995,
2025-03-05 17:00:00,2924,2925.22998,2913.79004,2916.12988,
2025-03-05 18:00:00,2916.060059,2920.69995,2911.67993,2917.55005,
2025-03-05 19:00:00,2917.5,2921.38989,2916.27002,2920.62988,
2025-03-05 20:00:00,2920.62012,2923.02002,2919.63989,2922.16992,
2025-03-05 21:00:00,2922.31006,2922.41992,2917.84009,2918.95996,
2025-03-05 23:00:00,2918.58008,2918.95996,2916.88989,2918.41992,
2025-03-06 00:00:00,2918.3501,2920.31006,2916.6499,2916.77002,
2025-03-06 01:00:00,2916.78003,2925.75,2915.93994,2924.73999,
2025-03-06 02:00:00,2924.92993,2926.59009,2923.040039,2925.62012,
2025-03-06 03:00:00,2925.65991,2925.65991,2920.15991,2921.20996,
2025-03-06 04:00:00,2921.19995,2921.54004,2916.42993,2917.37988,
2025-03-06 05:00:00,2917.34009,2920.71997,2914.72998,2919.87988,
2025-03-06 06:00:00,2920.01001,2923.1001,2919.96997,2920.70996,
2025-03-06 07:00:00,2920.65991,2922.6001,2909.94995,2909.97998,
2025-03-06 08:00:00,2910.3501,2911.40991,2901.19995,2904.87012,
2025-03-06 09:00:00,2904.47998,2905.44995,2891.43994,2894.31006,
2025-03-06 10:00:00,2894.27002,2905.1001,2892.050049,2899.33008,
2025-03-06 11:00:00,2899.19995,2907.66992,2898.65991,2905.8501,
2025-03-06 12:00:00,2905.80005,2907.20996,2899.47998,2903.29004,
2025-03-06 13:00:00,2903.25,2909.45996,2900.95996,2904.55005,
2025-03-06 14:00:00,2904.37988,2916.62988,2903.42993,2915.29004,
2025-03-06 15:00:00,2915.46997,2922.79004,2909.27002,2914.56006,
2025-03-06 16:00:00,2914.6001,2918.54004,2912.72998,2917.26001,
2025-03-06 17:00:00,2917.1499,2921.3999,2914.56006,2915.29004,
2025-03-06 18:00:00,2915.58008,2920.67993,2913.8999,2916.37012,
2025-03-06 19:00:00,2916.44995,2917.70996,2912.47998,2914.080078,
2025-03-06 20:00:00,2913.8501,2916.56006,2908.52002,2908.8501,
2025-03-06 21:00:00,2909.01001,2911.97998,2908.52002,2911.11011,
2025-03-06 23:00:00,2912.060059,2913.56006,2910.12012,2910.52002,
2025-03-07 00:00:00,2910.47998,2910.47998,2896.83008,2904.87012,
2025-03-07 01:00:00,2904.84009,2910.25,2901.59009,2906.90991,
2025-03-07 02:00:00,2906.8501,2909.27002,2901.37988,2908.18994,
2025-03-07 03:00:00,2908.12012,2909.050049,2904.060059,2905.44995,
2025-03-07 04:00:00,2905.40991,2908.42993,2904.94995,2906.70996,
2025-03-07 05:00:00,2906.70996,2912.51001,2906.54004,2909.65991,
2025-03-07 06:00:00,2909.6001,2914.72998,2907.87988,2913.54004,
2025-03-07 07:00:00,2913.57007,2917.42993,2911.84009,2917.28003,
2025-03-07 08:00:00,2916.90991,2923.060059,2915.34009,2922.6001,
2025-03-07 09:00:00,2922.47998,2923.060059,2920.29004,2921.65991,
2025-03-07 10:00:00,2921.59009,2921.95996,2917.15991,2918.050049,
2025-03-07 11:00:00,2918.040039,2922.11011,2916.77002,2918.8501,
2025-03-07 12:00:00,2918.95996,2922.83008,2918.060059,2918.86011,
2025-03-07 13:00:00,2918.73999,2926.26001,2910.25,2913.77002,
2025-03-07 14:00:00,2913.51001,2928.73999,2904.15991,2926.8999,
2025-03-07 15:00:00,2927.15991,2930.42993,2908.61011,2915.87988,
2025-03-07 16:00:00,2915.70996,2919.46997,2911.72998,2914.060059,
2025-03-07 17:00:00,2914.41992,2916.32007,2905.1499,2908.22998,
2025-03-07 18:00:00,2907.97998,2908.87988,2902.29004,2906.63989,
2025-03-07 19:00:00,2906.84009,2909.6001,2904.73999,2905.45996,
2025-03-07 20:00:00,2905.3501,2911.29004,2904.88989,2909.71997,
2025-03-07 21:00:00,2909.73999,2912.82007,2908.59009,2909.43994,
2025-03-09 22:00:00,2912.41992,2915.34009,2909.87012,2912.01001,
2025-03-09 23:00:00,2912.11011,2916.95996,2911.52002,2916.27002,
2025-03-10 00:00:00,2916.16992,2917.97998,2913.20996,2913.91992,
2025-03-10 01:00:00,2914.18994,2918.28003,2911.3501,2912.1499,
2025-03-10 02:00:00,2911.76001,2914.53003,2909.80005,2911.61011,
2025-03-10 03:00:00,2911.55005,2913.6499,2908.19995,2911,
2025-03-10 04:00:00,2910.98999,2912.73999,2910.34009,2910.96997,
2025-03-10 05:00:00,2910.94995,2911.95996,2907.070068,2909.92993,
2025-03-10 06:00:00,2910.1001,2914.69995,2909.48999,2914.42993,
2025-03-10 07:00:00,2914.65991,2915.58008,2904.5,2908.45996,
2025-03-10 08:00:00,2908.45996,2910.66992,2897.77002,2898,
2025-03-10 09:00:00,2897.86011,2915.37012,2896.71997,2911.23999,
2025-03-10 10:00:00,2911.3501,2911.37988,2898.37012,2902.93994,
2025-03-10 11:00:00,2902.95996,2904.79004,2895.62988,2904.16992,
2025-03-10 12:00:00,2903.94995,2907.78003,2900.63989,2906.72998,
2025-03-10 13:00:00,2906.90991,2908.59009,2897.79004,2904.02002,
2025-03-10 14:00:00,2903.81006,2909.18994,2901.050049,2908.1499,
2025-03-10 15:00:00,2908.34009,2910.61011,2900.67993,2904.61011,
2025-03-10 16:00:00,2904.48999,2906.90991,2896,2896.030029,
2025-03-10 17:00:00,2896.02002,2896.21997,2882.92993,2886.23999,
2025-03-10 18:00:00,2886.17993,2889.68994,2880.40991,2885.6499,
2025-03-10 19:00:00,2885.3999,2891.060059,2880.3999,2885.37012,
2025-03-10 20:00:00,2885.18994,2889.57007,2884.48999,2889.33008,
2025-03-10 22:00:00,2888.40991,2890.20996,2884.13989,2884.75,
2025-03-10 23:00:00,2884.80005,2885.91992,2882.45996,2884.75,
2025-03-11 00:00:00,2884.68994,2888.72998,2884.38989,2887.28003,
2025-03-11 01:00:00,2887.37012,2890.95996,2880.43994,2890.69995,
2025-03-11 02:00:00,2890.76001,2900.54004,2890.070068,2899.1499,
2025-03-11 03:00:00,2899.25,2899.40991,2895.29004,2896.90991,
2025-03-11 04:00:00,2896.95996,2898.68994,2895.69995,2897.81006,
2025-03-11 05:00:00,2897.81006,2899.090088,2892.83008,2895.82007,
2025-03-11 06:00:00,2895.88989,2902.83008,2893.6499,2902.41992,
2025-03-11 07:00:00,2902.42993,2903.67993,2897.6499,2901.19995,
2025-03-11 08:00:00,2901.30005,2910.36011,2900.6001,2910.01001,
2025-03-11 09:00:00,2910.030029,2912.52002,2908.92993,2911.80005,
2025-03-11 10:00:00,2911.82007,2914.52002,2910.95996,2912.1001,
2025-03-11 11:00:00,2912.12012,2915.40991,2910.84009,2913.72998,
2025-03-11 12:00:00,2913.73999,2916.02002,2910.6001,2913.080078,
2025-03-11 13:00:00,2913.20996,2922.26001,2906.97998,2918.22998,
2025-03-11 14:00:00,2918.31006,2920.76001,2911.88989,2914.22998,
2025-03-11 15:00:00,2914.17993,2919.94995,2914.17993,2916.82007,
2025-03-11 16:00:00,2916.57007,2918.1001,2915.22998,2917.29004,
2025-03-11 17:00:00,2917.28003,2920.68994,2914.20996,2917.75,
2025-03-11 18:00:00,2917.76001,2919.43994,2915.27002,2918.3501,
2025-03-11 19:00:00,2918.31006,2921.37988,2917.59009,2918.48999,
2025-03-11 20:00:00,2918.36011,2919.050049,2915.19995,2915.69995,
2025-03-11 22:00:00,2915.86011,2918.1499,2914.54004,2917.6499,
2025-03-11 23:00:00,2917.59009,2919.68994,2915.52002,2915.59009,
2025-03-12 00:00:00,2915.6001,2915.61011,2912.21997,2914.28003,
2025-03-12 01:00:00,2913.84009,2917.44995,2911,2914.91992,
2025-03-12 02:00:00,2914.73999,2918.33008,2914.060059,2916.23999,
2025-03-12 03:00:00,2916.33008,2920.02002,2914.90991,2915.02002,
2025-03-12 04:00:00,2914.96997,2916.12988,2912.68994,2914.90991,
2025-03-12 05:00:00,2915.12988,2916.56006,2912.18994,2916.070068,
2025-03-12 06:00:00,2916.080078,2921.17993,2911.43994,2911.93994,
2025-03-12 07:00:00,2911.8999,2915.66992,2909.050049,2914.61011,
2025-03-12 08:00:00,2914.51001,2922.23999,2914.23999,2922.16992,
2025-03-12 09:00:00,2922.21997,2925.37988,2913.80005,2914.84009,
2025-03-12 10:00:00,2914.77002,2917.080078,2912.8999,2914.5,
2025-03-12 11:00:00,2914.3999,2916.79004,2912.78003,2915.38989,
2025-03-12 12:00:00,2915.42993,2923.19995,2912.22998,2917.46997,
2025-03-12 13:00:00,2917.22998,2918.66992,2906.22998,2915.71997,
2025-03-12 14:00:00,2915.62012,2922.5,2914.42993,2922.030029,
2025-03-12 15:00:00,2922.01001,2929.11011,2921.61011,2928.44995,
2025-03-12 16:00:00,2928.81006,2939.15991,2928,2936.53003,
2025-03-12 17:00:00,2936.28003,2940.6001,2935.94995,2936.21997,
2025-03-12 18:00:00,2936.19995,2937.41992,2933.88989,2935.25,
2025-03-12 19:00:00,2935.23999,2935.73999,2931.1499,2931.37988,
2025-03-12 20:00:00,2931.34009,2934.29004,2930.94995,2933.42993,
2025-03-12 22:00:00,2934.070068,2939.11011,2933.62012,2938.26001,
2025-03-12 23:00:00,2938.21997,2939.43994,2934.82007,2938.15991,
2025-03-13 00:00:00,2938.19995,2939.36011,2937.73999,2938.79004,
2025-03-13 01:00:00,2938.77002,2941.37988,2936.6001,2937.98999,
2025-03-13 02:00:00,2937.81006,2946.080078,2937.65991,2944.36011,
2025-03-13 03:00:00,2944.34009,2947.1001,2943.17993,2945.68994,
2025-03-13 04:00:00,2945.51001,2946.34009,2943.62988,2944.70996,
2025-03-13 05:00:00,2944.6499,2945.12988,2938.29004,2940.15991,
2025-03-13 06:00:00,2940.12988,2940.37012,2935.5,2937.040039,
2025-03-13 07:00:00,2936.73999,2938.20996,2932.8999,2935.29004,
2025-03-13 08:00:00,2935.46997,2945.030029,2934.93994,2941.62988,
2025-03-13 09:00:00,2941.51001,2948.90991,2941.21997,2947.90991,
2025-03-13 10:00:00,2947.91992,2948.68994,2942.25,2944.17993,
2025-03-13 11:00:00,2944.27002,2948.61011,2944.25,2946.3999,
2025-03-13 12:00:00,2946.37988,2949.22998,2941.21997,2942.54004,
2025-03-13 13:00:00,2942.41992,2952.44995,2939.11011,2950.46997,
2025-03-13 14:00:00,2950.23999,2971.18994,2950.060059,2969.94995,
2025-03-13 15:00:00,2970.1499,2978.47998,2966.5,2977.82007,
2025-03-13 16:00:00,2978.070068,2985.32007,2976.82007,2980.23999,
2025-03-13 17:00:00,2980.37988,2982.36011,2976.47998,2979.51001,
2025-03-13 18:00:00,2979.22998,2984.37012,2979.11011,2983.33008,
2025-03-13 19:00:00,2983.32007,2985.43994,2980.66992,2982.97998,
2025-03-13 20:00:00,2983.12988,2988.97998,2981.34009,2988.94995,
2025-03-13 22:00:00,2988.56006,2990.01001,2983.38989,2987.33008,
2025-03-13 23:00:00,2987.3501,2989.37012,2985.45996,2986.45996,
2025-03-14 00:00:00,2986.17993,2988.79004,2984.77002,2986.79004,
2025-03-14 01:00:00,2987.090088,2990.15991,2981.82007,2988.070068,
2025-03-14 02:00:00,2987.90991,2988.29004,2983.88989,2984.18994,
2025-03-14 03:00:00,2984.22998,2993.01001,2983.8999,2992.73999,
2025-03-14 04:00:00,2992.75,2993.8999,2984.56006,2985.48999,
2025-03-14 05:00:00,2985.51001,2986.71997,2981.93994,2986.55005,
2025-03-14 06:00:00,2986.42993,2987.70996,2981.34009,2985.76001,
2025-03-14 07:00:00,2985.48999,2987.1001,2980.92993,2986.93994,
2025-03-14 08:00:00,2986.66992,2993.36011,2985.29004,2993.01001,
2025-03-14 09:00:00,2993.12012,2999.56006,2992.80005,2998.83008,
2025-03-14 10:00:00,2998.82007,3004.94995,2987.080078,2993.37012,
2025-03-14 11:00:00,2993.3999,2999.22998,2993.3501,2993.52002,
2025-03-14 12:00:00,2993.83008,2999.51001,2993.37988,2993.83008,
2025-03-14 13:00:00,2993.91992,2996.15991,2983.6001,2986.060059,
2025-03-14 14:00:00,2985.1001,2993.41992,2982.30005,2985.45996,
2025-03-14 15:00:00,2985.3999,2986.23999,2978.59009,2984.6499,
2025-03-14 16:00:00,2984.58008,2990.050049,2983.02002,2989.77002,
2025-03-14 17:00:00,2989.96997,2990.37988,2986.55005,2986.77002,
2025-03-14 18:00:00,2986.88989,2987.1001,2983.36011,2983.62988,
2025-03-14 19:00:00,2983.52002,2986.090088,2982.32007,2984.02002,
2025-03-14 20:00:00,2984.01001,2988.87988,2981.93994,2985.040039,
2025-03-16 22:00:00,2987.8501,2990.6001,2986.22998,2989.080078,
2025-03-16 23:00:00,2989.11011,2994.19995,2988.38989,2990.02002,
2025-03-17 00:00:00,2990.090088,2991.13989,2986.45996,2990.90991,
2025-03-17 01:00:00,2990.93994,2993.090088,2988.82007,2990.95996,
2025-03-17 02:00:00,2990.97998,2992.11011,2987.070068,2988.16992,
2025-03-17 03:00:00,2988.070068,2988.75,2985.5,2987.070068,
2025-03-17 04:00:00,2987.060059,2987.95996,2982.63989,2982.72998,
2025-03-17 05:00:00,2982.73999,2986.23999,2982.33008,2986.16992,
2025-03-17 06:00:00,2986.17993,2990.79004,2985.52002,2989.95996,
2025-03-17 07:00:00,2989.23999,2990.080078,2984.18994,2985.65991,
2025-03-17 08:00:00,2985.44995,2988.55005,2983.20996,2988.55005,
2025-03-17 09:00:00,2988.55005,2997.040039,2987.75,2995.76001,
2025-03-17 10:00:00,2995.77002,2999.52002,2994.87012,2999.11011,
2025-03-17 11:00:00,2999.090088,3001.22998,2996.6001,2997.6001,
2025-03-17 12:00:00,2997.6499,2997.8999,2984.8999,2987.16992,
2025-03-17 13:00:00,2987.23999,2991.37012,2986.19995,2988.56006,
2025-03-17 14:00:00,2988.17993,3000.57007,2987.18994,2998.63989,
2025-03-17 15:00:00,2998.67993,2999.37012,2992.95996,2997.23999,
2025-03-17 16:00:00,2997.21997,2997.80005,2993.1499,2994.57007,
2025-03-17 17:00:00,2994.62988,2999.53003,2994.62988,2997.94995,
2025-03-17 18:00:00,2997.91992,3000.31006,2996.83008,2999.42993,
2025-03-17 19:00:00,2999.41992,3000.83008,2997.83008,3000.37012,
2025-03-17 20:00:00,3000.3999,3001.95996,3000.1499,3001.21997,
2025-03-17 22:00:00,3001.71997,3001.92993,3000.030029,3000.26001,
2025-03-17 23:00:00,3000.28003,3002.86011,2999.69995,2999.84009,
2025-03-18 00:00:00,2999.86011,3003.56006,2999.62012,3001.48999,
2025-03-18 01:00:00,3001.42993,3008.56006,2999.6001,3005.81006,
2025-03-18 02:00:00,3005.8501,3012.30005,3002.88989,3010.95996,
2025-03-18 03:00:00,3010.8999,3015.080078,3009.78003,3011.51001,
2025-03-18 04:00:00,3011.54004,3017.21997,3011.36011,3014.52002,
2025-03-18 05:00:00,3014.41992,3014.88989,3006.18994,3011.97998,
2025-03-18 06:00:00,3012.050049,3017.66992,3010.65991,3015.8999,
2025-03-18 07:00:00,3015.54004,3018.96997,3014.6499,3016.57007,
2025-03-18 08:00:00,3016.56006,3027.31006,3016.56006,3026.57007,
2025-03-18 09:00:00,3026.91992,3028.48999,3018.36011,3020.26001,
2025-03-18 10:00:00,3020.050049,3025.81006,3019.67993,3024.040039,
2025-03-18 11:00:00,3024.080078,3029.62012,3022.54004,3026.98999,
2025-03-18 12:00:00,3027.13989,3035.83008,3026.8501,3034.29004,
2025-03-18 13:00:00,3034.38989,3038.33008,3026.3999,3033.33008,
2025-03-18 14:00:00,3033.18994,3033.18994,3024.70996,3028.01001,
2025-03-18 15:00:00,3027.95996,3032.6001,3025.26001,3031.82007,
2025-03-18 16:00:00,3031.77002,3037.040039,3030.52002,3036.01001,
2025-03-18 17:00:00,3036.12012,3036.27002,3029.92993,3032.6499,
2025-03-18 18:00:00,3032.62988,3036.3999,3032.55005,3035.90991,
2025-03-18 19:00:00,3035.71997,3038.030029,3035.36011,3035.52002,
2025-03-18 20:00:00,3035.77002,3036.02002,3033.42993,3034.12988,
2025-03-18 22:00:00,3034.060059,3034.73999,3032.68994,3034.56006,
2025-03-18 23:00:00,3034.57007,3035.12988,3031.6001,3031.82007,
2025-03-19 00:00:00,3031.72998,3034.070068,3030.51001,3031.54004,
2025-03-19 01:00:00,3031.69995,3032.72998,3027.52002,3029.52002,
2025-03-19 02:00:00,3029.45996,3033.87012,3029.13989,3033.45996,
2025-03-19 03:00:00,3033.48999,3039,3032.41992,3036.36011,
2025-03-19 04:00:00,3036.11011,3037.66992,3034.36011,3036.46997,
2025-03-19 05:00:00,3036.52002,3045.38989,3036.51001,3044.37012,
2025-03-19 06:00:00,3044.57007,3044.87012,3034.62988,3042.29004,
2025-03-19 07:00:00,3042.31006,3042.8999,3035.65991,3035.92993,
2025-03-19 08:00:00,3035.84009,3037.11011,3024.87012,3025.21997,
2025-03-19 09:00:00,3024.97998,3031.40991,3022.95996,3030.52002,
2025-03-19 10:00:00,3030.54004,3037.91992,3028.44995,3034.78003,
2025-03-19 11:00:00,3034.69995,3039.97998,3033.88989,3039.11011,
2025-03-19 12:00:00,3039.070068,3041.13989,3036.6499,3037.21997,
2025-03-19 13:00:00,3037.37012,3038.34009,3027.79004,3033.29004,
2025-03-19 14:00:00,3033.1001,3033.1001,3025.96997,3027.65991,
2025-03-19 15:00:00,3027.6499,3033.02002,3026.8501,3031.6001,
2025-03-19 16:00:00,3031.65991,3038.43994,3031.47998,3033.20996,
2025-03-19 17:00:00,3033.33008,3034.17993,3029.58008,3030.52002,
2025-03-19 18:00:00,3030.45996,3048.77002,3030.36011,3046.84009,
2025-03-19 19:00:00,3046.92993,3051.98999,3041.040039,3047.87988,
2025-03-19 20:00:00,3047.82007,3048.22998,3044.36011,3047.38989,
2025-03-19 22:00:00,3049.20996,3050.62012,3047.1001,3050.25,
2025-03-19 23:00:00,3050.040039,3051.31006,3048.86011,3050.12012,
2025-03-20 00:00:00,3050.28003,3055.63989,3050.25,3053.25,
2025-03-20 01:00:00,3053.28003,3056.32007,3049.38989,3049.62988,
2025-03-20 02:00:00,3049.61011,3052.29004,3045.1001,3045.71997,
2025-03-20 03:00:00,3045.86011,3050.54004,3045.53003,3049.98999,
2025-03-20 04:00:00,3050.02002,3057.36011,3048.21997,3052.3999,
2025-03-20 05:00:00,3052.54004,3053.53003,3045.060059,3046.98999,
2025-03-20 06:00:00,3047.01001,3051.56006,3045.78003,3049.11011,
2025-03-20 07:00:00,3048.62012,3048.62012,3041.95996,3042.37988,
2025-03-20 08:00:00,3042.3501,3043.86011,3038.83008,3041.97998,
2025-03-20 09:00:00,3041.86011,3046.36011,3040.77002,3041.47998,
2025-03-20 10:00:00,3041.32007,3041.47998,3025.76001,3034.36011,
2025-03-20 11:00:00,3034.3501,3035.17993,3029.36011,3034.62012,
2025-03-20 12:00:00,3034.55005,3042.34009,3033.54004,3040.94995,
2025-03-20 13:00:00,3040.76001,3040.76001,3030.040039,3033.060059,
2025-03-20 14:00:00,3032.79004,3040.81006,3030.72998,3040.33008,
2025-03-20 15:00:00,3040.29004,3041.8999,3037.70996,3040.77002,
2025-03-20 16:00:00,3040.84009,3043.16992,3034.090088,3038.33008,
2025-03-20 17:00:00,3038.36011,3041.97998,3035.050049,3041.76001,
2025-03-20 18:00:00,3041.88989,3045.41992,3040.95996,3043.38989,
2025-03-20 19:00:00,3043.34009,3045.98999,3043.34009,3044.82007,
2025-03-20 20:00:00,3044.81006,3045.87988,3044.36011,3044.72998,
2025-03-20 22:00:00,3045.12988,3046.11011,3043.62988,3045.84009,
2025-03-20 23:00:00,3045.83008,3046.62988,3044.51001,3046.41992,
2025-03-21 00:00:00,3046.71997,3047.51001,3042.3999,3042.81006,
2025-03-21 01:00:00,3042.86011,3044.61011,3035.88989,3035.92993,
2025-03-21 02:00:00,3036.050049,3037.080078,3034,3034.80005,
2025-03-21 03:00:00,3034.83008,3034.83008,3030.12988,3030.63989,
2025-03-21 04:00:00,3030.61011,3032.11011,3028.040039,3029.82007,
2025-03-21 05:00:00,3029.77002,3030.41992,3021.81006,3028.13989,
2025-03-21 06:00:00,3028.20996,3034.030029,3027.56006,3029.86011,
2025-03-21 07:00:00,3029.22998,3033.5,3028.23999,3032.1499,
2025-03-21 08:00:00,3032.17993,3034.94995,3027.31006,3033.050049,
2025-03-21 09:00:00,3032.8501,3033.16992,3027.8501,3029.70996,
2025-03-21 10:00:00,3029.81006,3033.48999,3029.76001,3030.92993,
2025-03-21 11:00:00,3030.8999,3037.73999,3028.95996,3034.45996,
2025-03-21 12:00:00,3034.43994,3038.18994,3033.55005,3034.19995,
2025-03-21 13:00:00,3034.060059,3036.8501,3004.33008,3006.62988,
2025-03-21 14:00:00,3006.52002,3016.75,2999.47998,3015.81006,
2025-03-21 15:00:00,3016,3018.01001,3010.15991,3011.20996,
2025-03-21 16:00:00,3011.19995,3016.91992,3010.81006,3015.31006,
2025-03-21 17:00:00,3015.40991,3018.28003,3012.98999,3013.71997,
2025-03-21 18:00:00,3013.75,3021.61011,3013.59009,3017.62988,
2025-03-21 19:00:00,3017.52002,3022.01001,3016.070068,3019.94995,
2025-03-21 20:00:00,3020.040039,3024.1499,3020.030029,3023.8501,
2025-03-23 22:00:00,3023.30005,3026.18994,3022.22998,3025.62988,
2025-03-23 23:00:00,3025.42993,3026.41992,3023.41992,3024.82007,
2025-03-24 00:00:00,3024.56006,3025.54004,3017.17993,3018.57007,
2025-03-24 01:00:00,3018.58008,3025.59009,3018.3501,3020.86011,
2025-03-24 02:00:00,3021.12012,3024.46997,3013.81006,3016.31006,
2025-03-24 03:00:00,3016.38989,3019.81006,3015.84009,3016.98999,
2025-03-24 04:00:00,3017.060059,3020.1001,3016.63989,3019.54004,
2025-03-24 05:00:00,3019.42993,3023.16992,3019.15991,3022.12012,
2025-03-24 06:00:00,3022.040039,3025.70996,3017.42993,3025.080078,
2025-03-24 07:00:00,3025.23999,3028.95996,3021.050049,3022.41992,
2025-03-24 08:00:00,3022.73999,3029.02002,3021.97998,3028.84009,
2025-03-24 09:00:00,3029.17993,3031.040039,3022.70996,3023.6001,
2025-03-24 10:00:00,3023.61011,3033.38989,3023.58008,3028.12012,
2025-03-24 11:00:00,3027.97998,3029.28003,3024.48999,3024.66992,
2025-03-24 12:00:00,3024.61011,3028.67993,3022.47998,3024.22998,
2025-03-24 13:00:00,3024.23999,3028.32007,3019.15991,3022.91992,
2025-03-24 14:00:00,3022.46997,3024.060059,3008.090088,3012.15991,
2025-03-24 15:00:00,3012.32007,3015.32007,3005.94995,3014.080078,
2025-03-24 16:00:00,3014.1001,3015.66992,3008.13989,3009.79004,
2025-03-24 17:00:00,3009.84009,3010.02002,3005.96997,3007.20996,
2025-03-24 18:00:00,3007.18994,3008.18994,3002.62012,3006.87012,
2025-03-24 19:00:00,3006.94995,3008.27002,3005.12012,3006.18994,
2025-03-24 20:00:00,3006.19995,3014.72998,3005.73999,3012.28003,
2025-03-24 22:00:00,3011.71997,3012.57007,3009.090088,3011.59009,
2025-03-24 23:00:00,3011.61011,3012.44995,3009.47998,3010.01001,
2025-03-25 00:00:00,3010.41992,3014.96997,3009.20996,3014.23999,
2025-03-25 01:00:00,3014.27002,3014.62012,3010.6001,3011.94995,
2025-03-25 02:00:00,3011.92993,3012.40991,3007.63989,3009.21997,
2025-03-25 03:00:00,3009.25,3016.27002,3008.68994,3015.27002,
2025-03-25 04:00:00,3015.3501,3016.41992,3014.75,3015.31006,
2025-03-25 05:00:00,3015.31006,3020.92993,3014.41992,3018.3999,
2025-03-25 06:00:00,3018.40991,3018.66992,3014.90991,3017.80005,
2025-03-25 07:00:00,3018.12988,3018.12988,3010.65991,3011.26001,
2025-03-25 08:00:00,3011.25,3021.97998,3010.69995,3021.38989,
2025-03-25 09:00:00,3021.22998,3023.56006,3019.090088,3023.41992,
2025-03-25 10:00:00,3023.36011,3024.90991,3020.70996,3023.63989,
2025-03-25 11:00:00,3024,3026.53003,3020.5,3020.79004,
2025-03-25 12:00:00,3020.83008,3023.33008,3014.3501,3021.83008,
2025-03-25 13:00:00,3021.8501,3030.65991,3021.040039,3028.90991,
2025-03-25 14:00:00,3028.83008,3036.050049,3025.12012,3025.12012,
2025-03-25 15:00:00,3025.060059,3028.060059,3018.19995,3021.63989,
2025-03-25 16:00:00,3021.68994,3025.62988,3021.57007,3023.26001,
2025-03-25 17:00:00,3023.37012,3023.37012,3019.86011,3022.69995,
2025-03-25 18:00:00,3022.68994,3022.87988,3017.91992,3018.56006,
2025-03-25 19:00:00,3018.51001,3020.77002,3017.91992,3019.63989,
2025-03-25 20:00:00,3019.65991,3020.86011,3018.88989,3020.030029,
2025-03-25 22:00:00,3019.83008,3022.51001,3019.70996,3021.3999,
2025-03-25 23:00:00,3021.45996,3021.88989,3020.65991,3021.070068,
2025-03-26 00:00:00,3021.030029,3022.20996,3017.94995,3018.23999,
2025-03-26 01:00:00,3018.17993,3025.56006,3016.5,3024.87012,
2025-03-26 02:00:00,3024.91992,3026.8999,3022.91992,3024.41992,
2025-03-26 03:00:00,3024.23999,3024.29004,3016.55005,3017.59009,
2025-03-26 04:00:00,3017.62988,3017.77002,3014.40991,3015.27002,
2025-03-26 05:00:00,3015.40991,3024.23999,3013.34009,3022.6001,
2025-03-26 06:00:00,3022.71997,3026.40991,3022.17993,3026.27002,
2025-03-26 07:00:00,3026.090088,3030.88989,3025.11011,3030.55005,
2025-03-26 08:00:00,3030.70996,3032.13989,3023.66992,3024.060059,
2025-03-26 09:00:00,3024.16992,3024.16992,3017.63989,3018.81006,
2025-03-26 10:00:00,3018.62012,3024.88989,3017.23999,3023.41992,
2025-03-26 11:00:00,3023.37012,3030.42993,3023.37012,3027.63989,
2025-03-26 12:00:00,3027.61011,3030.080078,3025.5,3027.12988,
2025-03-26 13:00:00,3026.88989,3027.32007,3016,3016.73999,
2025-03-26 14:00:00,3016.71997,3021.70996,3015.040039,3017.44995,
2025-03-26 15:00:00,3017.27002,3018.82007,3012.44995,3015.94995,
2025-03-26 16:00:00,3016.01001,3020.090088,3015.32007,3015.72998,
2025-03-26 17:00:00,3015.73999,3019.060059,3015.37012,3018.81006,
2025-03-26 18:00:00,3018.87988,3020.90991,3018.26001,3018.32007,
2025-03-26 19:00:00,3018.59009,3019.070068,3015.78003,3017.20996,
2025-03-26 20:00:00,3017.31006,3021.84009,3017.23999,3019.28003,
2025-03-26 22:00:00,3020.37988,3021.12012,3018.1499,3019.3501,
2025-03-26 23:00:00,3019.45996,3021.8501,3017.69995,3021.61011,
2025-03-27 00:00:00,3021.6499,3025.80005,3021.6499,3025.5,
2025-03-27 01:00:00,3025.45996,3028.41992,3023,3023.65991,
2025-03-27 02:00:00,3023.67993,3032.87012,3023.47998,3031.79004,
2025-03-27 03:00:00,3032.030029,3034.32007,3029.81006,3033.71997,
2025-03-27 04:00:00,3033.66992,3038.61011,3031.84009,3034.16992,
2025-03-27 05:00:00,3034.23999,3035.94995,3029.47998,3029.72998,
2025-03-27 06:00:00,3029.67993,3033.36011,3026.92993,3030.23999,
2025-03-27 07:00:00,3029.8501,3036.78003,3029.38989,3035.94995,
2025-03-27 08:00:00,3035.98999,3037.94995,3033.94995,3036.23999,
2025-03-27 09:00:00,3036.38989,3041.080078,3034.73999,3040.030029,
2025-03-27 10:00:00,3040.050049,3055.79004,3039.8999,3051.37988,
2025-03-27 11:00:00,3051.55005,3055.55005,3049.040039,3054.66992,
2025-03-27 12:00:00,3054.79004,3056,3047.20996,3050.18994,
2025-03-27 13:00:00,3050.12012,3052.16992,3033.69995,3040.73999,
2025-03-27 14:00:00,3041.030029,3059.58008,3041,3057.67993,
2025-03-27 15:00:00,3058.26001,3059.1499,3051.52002,3052.16992,
2025-03-27 16:00:00,3052.26001,3054.27002,3048.01001,3048.48999,
2025-03-27 17:00:00,3048.52002,3053.28003,3048.02002,3052.94995,
2025-03-27 18:00:00,3052.8501,3057.54004,3052.83008,3055.94995,
2025-03-27 19:00:00,3055.93994,3057.86011,3055.02002,3057.58008,
2025-03-27 20:00:00,3057.53003,3057.57007,3055.13989,3056.80005,
2025-03-27 22:00:00,3056.050049,3057.68994,3054.62012,3055.17993,
2025-03-27 23:00:00,3055.27002,3056.12012,3054.25,3055.76001,
2025-03-28 00:00:00,3055.23999,3063.44995,3055.12988,3061.97998,
2025-03-28 01:00:00,3062.040039,3074.12988,3062.040039,3074.070068,
2025-03-28 02:00:00,3074.080078,3077.66992,3070.22998,3071.98999,
2025-03-28 03:00:00,3071.88989,3076.65991,3069.77002,3075.27002,
2025-03-28 04:00:00,3075.25,3075.3999,3072.61011,3073.87988,
2025-03-28 05:00:00,3074.090088,3082.21997,3072.63989,3078.01001,
2025-03-28 06:00:00,3077.6001,3084.94995,3076.82007,3084.83008,
2025-03-28 07:00:00,3084.6499,3086.080078,3077.70996,3079.44995,
2025-03-28 08:00:00,3079.34009,3081.31006,3066.18994,3073,
2025-03-28 09:00:00,3073.29004,3076.20996,3069.81006,3073.01001,
2025-03-28 10:00:00,3073.02002,3074.72998,3067.5,3074.44995,
2025-03-28 11:00:00,3074.41992,3079.94995,3074.28003,3076.36011,
2025-03-28 12:00:00,3076.5,3081.92993,3072.61011,3077.48999,
2025-03-28 13:00:00,3077.62012,3084.15991,3070.86011,3083.18994,
2025-03-28 14:00:00,3083.17993,3086.80005,3068.13989,3070.42993,
2025-03-28 15:00:00,3069.8999,3085.69995,3067.55005,3083.95996,
2025-03-28 16:00:00,3083.68994,3086.71997,3080.45996,3083.96997,
2025-03-28 17:00:00,3084.36011,3086.01001,3076.17993,3077.45996,
2025-03-28 18:00:00,3077.73999,3080.53003,3073.66992,3079.75,
2025-03-28 19:00:00,3079.71997,3081.8999,3079.47998,3080.96997,
2025-03-28 20:00:00,3080.8501,3086.18994,3080.8501,3085.28003,
2025-03-30 22:00:00,3093,3097.80005,3088.58008,3090.19995,
2025-03-30 23:00:00,3090.18994,3090.98999,3087.96997,3089.18994,
2025-03-31 00:00:00,3089.47998,3089.71997,3077.70996,3079.12988,
2025-03-31 01:00:00,3078.8999,3095.32007,3076.82007,3094.86011,
2025-03-31 02:00:00,3094.54004,3107.1001,3093.98999,3106.78003,
2025-03-31 03:00:00,3106.79004,3111.79004,3105.33008,3107.15991,
2025-03-31 04:00:00,3107.1499,3115.95996,3105.98999,3113.42993,
2025-03-31 05:00:00,3113.1001,3119.8999,3107.62988,3116.80005,
2025-03-31 06:00:00,3116.41992,3127.87988,3113.44995,3119.3501,
2025-03-31 07:00:00,3119.57007,3125.37988,3118.76001,3124.56006,
2025-03-31 08:00:00,3123.90991,3127.22998,3121.19995,3122.36011,
2025-03-31 09:00:00,3122.050049,3123.40991,3111.95996,3115.16992,
2025-03-31 10:00:00,3114.95996,3123.48999,3112,3118.45996,
2025-03-31 11:00:00,3118.58008,3119.76001,3113.46997,3119.62012,
2025-03-31 12:00:00,3119.56006,3126.37988,3118.20996,3124.62988,
2025-03-31 13:00:00,3123.92993,3124.82007,3100.02002,3113.47998,
2025-03-31 14:00:00,3113.27002,3123.63989,3111.050049,3123.31006,
2025-03-31 15:00:00,3123.55005,3127.12988,3113,3113.72998,
2025-03-31 16:00:00,3113.8501,3120.69995,3111.72998,3117.86011,
2025-03-31 17:00:00,3117.43994,3120.33008,3116.090088,3117.91992,
2025-03-31 18:00:00,3117.93994,3123.41992,3117.47998,3121.46997,
2025-03-31 19:00:00,3121.42993,3124.69995,3121,3124.55005,
2025-03-31 20:00:00,3124.3501,3124.80005,3122.97998,3124.02002,
2025-03-31 22:00:00,3125.22998,3125.80005,3121.80005,3122.86011,
2025-03-31 23:00:00,3122.87012,3126.5,3120.17993,3120.54004,
2025-04-01 00:00:00,3120.65991,3128.090088,3120.43994,3127.36011,
2025-04-01 01:00:00,3127.060059,3138.26001,3126.67993,3135.44995,
2025-04-01 02:00:00,3135.16992,3145.67993,3133.040039,3145.21997,
2025-04-01 03:00:00,3145.1499,3147.45996,3142.67993,3146.1001,
2025-04-01 04:00:00,3146.090088,3148,3142.91992,3144.81006,
2025-04-01 05:00:00,3144.82007,3149.030029,3130.8999,3132.11011,
2025-04-01 06:00:00,3131.6001,3138.32007,3126.72998,3133.76001,
2025-04-01 07:00:00,3133.52002,3137.71997,3124.15991,3127.70996,
2025-04-01 08:00:00,3127.060059,3135.71997,3126.55005,3131.050049,
2025-04-01 09:00:00,3131.070068,3134.12988,3130.19995,3132.41992,
2025-04-01 10:00:00,3132.42993,3139,3130.91992,3132.25,
2025-04-01 11:00:00,3132.36011,3135.8999,3128.72998,3130.42993,
2025-04-01 12:00:00,3130.87988,3134.52002,3127.83008,3133.62988,
2025-04-01 13:00:00,3133.55005,3137.21997,3128.34009,3134.11011,
2025-04-01 14:00:00,3134.16992,3135.37988,3124.02002,3128.79004,
2025-04-01 15:00:00,3128.70996,3133.12988,3113.57007,3113.81006,
2025-04-01 16:00:00,3113.46997,3116.84009,3100.90991,3106.65991,
2025-04-01 17:00:00,3106.66992,3114.61011,3105.8501,3113.92993,
2025-04-01 18:00:00,3113.80005,3118.76001,3113.42993,3114.16992,
2025-04-01 19:00:00,3114.20996,3118.8999,3113.83008,3118.69995,
2025-04-01 20:00:00,3118.67993,3120.69995,3113.56006,3114.37012,
2025-04-01 22:00:00,3114.34009,3114.87012,3107.8999,3111.43994,
2025-04-01 23:00:00,3111.52002,3116.1499,3111.33008,3115.29004,
2025-04-02 00:00:00,3115.3999,3123.79004,3113.18994,3122.94995,
2025-04-02 01:00:00,3123.43994,3135.31006,3121.47998,3133.20996,
2025-04-02 02:00:00,3133.27002,3135.77002,3128.54004,3128.6001,
2025-04-02 03:00:00,3128.31006,3132.070068,3124.67993,3125.62988,
2025-04-02 04:00:00,3125.67993,3126.84009,3115.61011,3115.77002,
2025-04-02 05:00:00,3116.050049,3119.31006,3110.050049,3118.12012,
2025-04-02 06:00:00,3118.070068,3119.70996,3114.080078,3116.55005,
2025-04-02 07:00:00,3116.83008,3126.15991,3112.22998,3125.29004,
2025-04-02 08:00:00,3125.32007,3133.76001,3123.55005,3131.36011,
2025-04-02 09:00:00,3131.5,3131.55005,3127.1001,3131.12988,
2025-04-02 10:00:00,3131.12012,3131.42993,3110.36011,3114.37012,
2025-04-02 11:00:00,3114.47998,3123.95996,3114.40991,3121.37988,
2025-04-02 12:00:00,3121.41992,3127.36011,3117.12988,3122.5,
2025-04-02 13:00:00,3121.8501,3132.090088,3116.72998,3122.52002,
2025-04-02 14:00:00,3122.66992,3129.45996,3119.53003,3124.95996,
2025-04-02 15:00:00,3124.94995,3128.1499,3121.25,3125.76001,
2025-04-02 16:00:00,3125.98999,3134.30005,3125.98999,3131.45996,
2025-04-02 17:00:00,3131.44995,3131.44995,3120.8501,3123.67993,
2025-04-02 18:00:00,3123.69995,3126.31006,3118.93994,3121.96997,
2025-04-02 19:00:00,3122.040039,3127.32007,3121.72998,3124.19995,
2025-04-02 20:00:00,3124.41992,3144.01001,3105.40991,3133.030029,
2025-04-02 22:00:00,3131.3999,3147.37012,3122.53003,3145.78003,
2025-04-02 23:00:00,3145.8999,3167.70996,3145.8999,3162.66992,
2025-04-03 00:00:00,3162.75,3164.90991,3140.82007,3151.26001,
2025-04-03 01:00:00,3151.31006,3163.050049,3148.1001,3153.46997,
2025-04-03 02:00:00,3153.47998,3155.37988,3142.37988,3145.21997,
2025-04-03 03:00:00,3145.54004,3152.25,3144.91992,3147.95996,
2025-04-03 04:00:00,3147.90991,3149.79004,3139.12988,3140.61011,
2025-04-03 05:00:00,3140.3999,3141.080078,3124.36011,3131.54004,
2025-04-03 06:00:00,3132.040039,3134.080078,3116.8501,3127.57007,
2025-04-03 07:00:00,3127.15991,3130.27002,3119.98999,3129.26001,
2025-04-03 08:00:00,3129.3501,3132.15991,3126.19995,3129.22998,
2025-04-03 09:00:00,3129.26001,3129.62988,3121.87012,3121.87012,
2025-04-03 10:00:00,3121.75,3123.030029,3090.65991,3095.55005,
2025-04-03 11:00:00,3095.12012,3099.87012,3085.3999,3093.17993,
2025-04-03 12:00:00,3093.8501,3094.81006,3062.37988,3076.43994,
2025-04-03 13:00:00,3076.37012,3093.45996,3054.31006,3086.26001,
2025-04-03 14:00:00,3089.12012,3135.59009,3088.26001,3128.71997,
2025-04-03 15:00:00,3129.030029,3129.34009,3104.45996,3110.78003,
2025-04-03 16:00:00,3110.76001,3114.25,3101.94995,3107.62988,
2025-04-03 17:00:00,3107.5,3109.91992,3100.21997,3109.61011,
2025-04-03 18:00:00,3109.6001,3111.77002,3102.22998,3111.72998,
2025-04-03 19:00:00,3111.75,3113.26001,3101.65991,3107.63989,
2025-04-03 20:00:00,3107.71997,3119.75,3107.51001,3114.13989,
2025-04-03 22:00:00,3114.59009,3116.86011,3112.55005,3115.43994,
2025-04-03 23:00:00,3115.48999,3116.43994,3109.93994,3113.070068,
2025-04-04 00:00:00,3112.8999,3115.16992,3106.070068,3110.66992,
2025-04-04 01:00:00,3110.58008,3115.84009,3109.29004,3109.8999,
2025-04-04 02:00:00,3110.02002,3113.050049,3091.45996,3096.95996,
2025-04-04 03:00:00,3096.90991,3099.13989,3087.37988,3098.44995,
2025-04-04 04:00:00,3098.45996,3105.02002,3096.18994,3100.20996,
2025-04-04 05:00:00,3099.92993,3108.87988,3099.02002,3108.87988,
2025-04-04 06:00:00,3108.87988,3109.94995,3100.65991,3101.17993,
2025-04-04 07:00:00,3100.84009,3103.44995,3092.17993,3092.90991,
2025-04-04 08:00:00,3092.92993,3094.15991,3078.47998,3084.25,
2025-04-04 09:00:00,3084.060059,3096.030029,3083.94995,3090.71997,
2025-04-04 10:00:00,3090.80005,3116.28003,3090.72998,3110.44995,
2025-04-04 11:00:00,3110.68994,3136.28003,3095.78003,3110.31006,
2025-04-04 12:00:00,3111.40991,3111.65991,3070.02002,3071.37988,
2025-04-04 13:00:00,3071.090088,3087.44995,3059.96997,3061.8999,
2025-04-04 14:00:00,3061.34009,3061.37012,3027.21997,3038.58008,
2025-04-04 15:00:00,3037.76001,3050.33008,3017.3501,3022.040039,
2025-04-04 16:00:00,3022.040039,3036.87988,3017.81006,3031.27002,
2025-04-04 17:00:00,3031.060059,3032.95996,3016.16992,3026.02002,
2025-04-04 18:00:00,3025.73999,3027.90991,3018.13989,3025.62012,
2025-04-04 19:00:00,3025.8501,3040.90991,3022.1001,3036.47998,
2025-04-04 20:00:00,3036.31006,3041.070068,3033.8999,3038.17993,
2025-04-06 22:00:00,3029.8999,3032.34009,2979.94995,3010,
2025-04-06 23:00:00,3009.48999,3017.23999,2977.67993,2999.90991,
2025-04-07 00:00:00,2999.90991,3009.1499,2973,2979.17993,
2025-04-07 01:00:00,2978.62988,3054.90991,2972.3999,3038.42993,
2025-04-07 02:00:00,3038.63989,3055.63989,3024.37012,3026.01001,
2025-04-07 03:00:00,3025.37012,3034,3017.36011,3018.95996,
2025-04-07 04:00:00,3019.15991,3035.79004,3019.15991,3035.63989,
2025-04-07 05:00:00,3035.45996,3044.62012,3024.96997,3032.030029,
2025-04-07 06:00:00,3031.83008,3033.72998,3016.90991,3029.52002,
2025-04-07 07:00:00,3029.70996,3030.81006,3013.41992,3018.61011,
2025-04-07 08:00:00,3018.91992,3035.43994,3017.90991,3031.3501,
2025-04-07 09:00:00,3031.3999,3033.53003,3019.80005,3025.060059,
2025-04-07 10:00:00,3025.18994,3036.48999,3024.3501,3031.42993,
2025-04-07 11:00:00,3031.1001,3046.20996,3030.30005,3031.25,
2025-04-07 12:00:00,3031.42993,3033.030029,3015.01001,3031.37988,
2025-04-07 13:00:00,3031.30005,3034.02002,3002.43994,3015.53003,
2025-04-07 14:00:00,3014.98999,3037.93994,2996.81006,2999.33008,
2025-04-07 15:00:00,2999.59009,3004.68994,2980.070068,2987.59009,
2025-04-07 16:00:00,2987.62012,2987.87012,2970.27002,2970.57007,
2025-04-07 17:00:00,2970.63989,2975.32007,2956.90991,2970.33008,
2025-04-07 18:00:00,2970.1001,2976.66992,2964.19995,2965.98999,
2025-04-07 19:00:00,2965.90991,2982.090088,2965.57007,2976.88989,
2025-04-07 20:00:00,2976.34009,2986.060059,2970.33008,2982.030029,
2025-04-07 22:00:00,2982.71997,2988.72998,2981.5,2986.78003,
2025-04-07 23:00:00,2986.72998,2987.3999,2978.63989,2981.34009,
2025-04-08 00:00:00,2981.15991,2992.76001,2980.46997,2985.40991,
2025-04-08 01:00:00,2985.45996,3003.16992,2983.77002,2999.8999,
2025-04-08 02:00:00,2999.68994,3004.88989,2998.23999,3000.92993,
2025-04-08 03:00:00,3001,3001.080078,2993.53003,2994.75,
2025-04-08 04:00:00,2994.6001,3003.030029,2990.87988,3002.37012,
2025-04-08 05:00:00,3002.050049,3008.13989,2999.46997,3005.65991,
2025-04-08 06:00:00,3005.43994,3015.6499,3002.62988,3013.3501,
2025-04-08 07:00:00,3013.37012,3013.97998,3002.13989,3003.77002,
2025-04-08 08:00:00,3003.84009,3009.34009,3001.41992,3007.57007,
2025-04-08 09:00:00,3007.5,3007.84009,2994.98999,3007.040039,
2025-04-08 10:00:00,3007.01001,3010.29004,3004.13989,3009,
2025-04-08 11:00:00,3008.94995,3019.37012,3008.70996,3017.46997,
2025-04-08 12:00:00,3017.43994,3019.53003,3002.5,3002.59009,
2025-04-08 13:00:00,3002.58008,3022.67993,3002.58008,3010.3999,
2025-04-08 14:00:00,3010.19995,3018.19995,3005.97998,3006.19995,
2025-04-08 15:00:00,3006.18994,3012.13989,3001.37988,3001.58008,
2025-04-08 16:00:00,3001.43994,3001.55005,2984.48999,2986.090088,
2025-04-08 17:00:00,2986.13989,2987.59009,2975.060059,2985.22998,
2025-04-08 18:00:00,2985.19995,2992.29004,2979.41992,2983.70996,
2025-04-08 19:00:00,2983.52002,2987.62988,2976.73999,2985.15991,
2025-04-08 20:00:00,2985.01001,2986.59009,2977.15991,2982.15991,
2025-04-08 22:00:00,2984.53003,2985.54004,2980.37012,2982,
2025-04-08 23:00:00,2982.47998,2990.81006,2970.13989,2978.17993,
2025-04-09 00:00:00,2978.48999,2987.1499,2974.84009,2980.45996,
2025-04-09 01:00:00,2980.3501,3009.86011,2972.58008,3008.59009,
2025-04-09 02:00:00,3009.20996,3011.26001,3000.12988,3003.1001,
2025-04-09 03:00:00,3002.90991,3009.46997,3002.6499,3004.57007,
2025-04-09 04:00:00,3004.59009,3014.18994,3000.040039,3012.45996,
2025-04-09 05:00:00,3012.31006,3020.62012,3005.56006,3015.66992,
2025-04-09 06:00:00,3015.63989,3040.94995,3015.11011,3039.01001,
2025-04-09 07:00:00,3038.95996,3052.1001,3034.47998,3040.98999,
2025-04-09 08:00:00,3040.84009,3051.090088,3038.38989,3044.16992,
2025-04-09 09:00:00,3043.97998,3049.82007,3039.1001,3045.01001,
2025-04-09 10:00:00,3045.060059,3047.12988,3038.30005,3043.030029,
2025-04-09 11:00:00,3043.52002,3067.86011,3036.01001,3066.65991,
2025-04-09 12:00:00,3066.63989,3072.76001,3042.76001,3047.3501,
2025-04-09 13:00:00,3048.050049,3077.96997,3047.59009,3075.3501,
2025-04-09 14:00:00,3075.58008,3084.71997,3068.47998,3070.59009,
2025-04-09 15:00:00,3070.22998,3087.83008,3065.3999,3086.37012,
2025-04-09 16:00:00,3086.43994,3094.88989,3082.69995,3092.37012,
2025-04-09 17:00:00,3092.62012,3099.050049,3051.44995,3060.37012,
2025-04-09 18:00:00,3059.53003,3073.55005,3048.83008,3067.18994,
2025-04-09 19:00:00,3067.20996,3099.46997,3064.32007,3093.78003,
2025-04-09 20:00:00,3093.61011,3095.38989,3078.34009,3083.16992,
2025-04-09 22:00:00,3081.51001,3089.94995,3071.62012,3080.22998,
2025-04-09 23:00:00,3080.62012,3088.75,3079.77002,3086.78003,
2025-04-10 00:00:00,3087.19995,3101.38989,3081.13989,3097.43994,
2025-04-10 01:00:00,3097.88989,3100.76001,3078.59009,3094.13989,
2025-04-10 02:00:00,3094.15991,3120.52002,3094.070068,3119.33008,
2025-04-10 03:00:00,3119.32007,3131.77002,3115.41992,3125.5,
2025-04-10 04:00:00,3125.47998,3129.51001,3121.16992,3125.37012,
2025-04-10 05:00:00,3125.31006,3132.66992,3112.75,3122.6499,
2025-04-10 06:00:00,3122.3501,3126.56006,3119.030029,3122.31006,
2025-04-10 07:00:00,3122.3999,3123.43994,3106.75,3108.86011,
2025-04-10 08:00:00,3108.8999,3115.65991,3104.75,3105.060059,
2025-04-10 09:00:00,3105.050049,3118.02002,3103.67993,3116.75,
2025-04-10 10:00:00,3116.78003,3122.61011,3114.42993,3119.90991,
2025-04-10 11:00:00,3120.91992,3125.66992,3113.3999,3124.51001,
2025-04-10 12:00:00,3124.73999,3133.69995,3116.48999,3123.090088,
2025-04-10 13:00:00,3124.070068,3136.48999,3116.28003,3116.95996,
2025-04-10 14:00:00,3117.070068,3154.76001,3117.01001,3154.52002,
2025-04-10 15:00:00,3154.6499,3175.050049,3154.6499,3158.26001,
2025-04-10 16:00:00,3158.040039,3167.25,3154.1499,3158.6499,
2025-04-10 17:00:00,3158.56006,3165.5,3151.68994,3162.8501,
2025-04-10 18:00:00,3162.91992,3175.6499,3158.12988,3173.47998,
2025-04-10 19:00:00,3173.46997,3176.34009,3168.1001,3171.12012,
2025-04-10 20:00:00,3171.030029,3176.41992,3168.61011,3175.47998,
2025-04-10 22:00:00,3177.28003,3189.87012,3176.51001,3189.17993,
2025-04-10 23:00:00,3189.31006,3191.42993,3183.18994,3188.97998,
2025-04-11 00:00:00,3189.01001,3218.070068,3185.22998,3205.76001,
2025-04-11 01:00:00,3205.28003,3219.55005,3201.1499,3207.23999,
2025-04-11 02:00:00,3207.40991,3219.77002,3206.13989,3217.67993,
2025-04-11 03:00:00,3217.54004,3220.19995,3214.22998,3217.71997,
2025-04-11 04:00:00,3217.72998,3218.22998,3208.57007,3208.62988,
2025-04-11 05:00:00,3208.61011,3219.080078,3187.37012,3196.030029,
2025-04-11 06:00:00,3196.36011,3209.6001,3190.31006,3196.81006,
2025-04-11 07:00:00,3197.27002,3213.01001,3194.25,3212.38989,
2025-04-11 08:00:00,3212.37012,3227.22998,3208.53003,3215.95996,
2025-04-11 09:00:00,3215.96997,3230.29004,3211.95996,3227.8501,
2025-04-11 10:00:00,3227.94995,3237.38989,3210.27002,3212.52002,
2025-04-11 11:00:00,3213.12012,3224.80005,3211.6001,3213.88989,
2025-04-11 12:00:00,3213.88989,3234.060059,3211.18994,3233.63989,
2025-04-11 13:00:00,3233.65991,3244.22998,3219.67993,3224.25,
2025-04-11 14:00:00,3224.15991,3237.93994,3223.19995,3230.33008,
2025-04-11 15:00:00,3230.26001,3242.13989,3229.66992,3240.68994,
2025-04-11 16:00:00,3240.73999,3245.36011,3219.86011,3223.43994,
2025-04-11 17:00:00,3223.34009,3235.59009,3223.34009,3234.1499,
2025-04-11 18:00:00,3234.38989,3238.25,3231.22998,3235.87988,
2025-04-11 19:00:00,3235.6499,3235.72998,3227.46997,3230.95996,
2025-04-11 20:00:00,3231,3239.27002,3231,3238.18994,
2025-04-13 22:00:00,3222.11011,3224.72998,3213.87988,3221.20996,
2025-04-13 23:00:00,3221.1499,3224.62012,3216.97998,3223.92993,
2025-04-14 00:00:00,3223.92993,3227.40991,3219.34009,3220.98999,
2025-04-14 01:00:00,3221.01001,3243.53003,3215.69995,3240.01001,
2025-04-14 02:00:00,3239.57007,3245.76001,3229.66992,3232.040039,
2025-04-14 03:00:00,3232.040039,3234.75,3227.070068,3232.42993,
2025-04-14 04:00:00,3232.44995,3235.84009,3226.27002,3227.45996,
2025-04-14 05:00:00,3227.3999,3236.18994,3221.46997,3234.58008,
2025-04-14 06:00:00,3234.46997,3237.95996,3228.92993,3230.8999,
2025-04-14 07:00:00,3231,3233.83008,3224.91992,3227.90991,
2025-04-14 08:00:00,3228.3999,3230.070068,3216.61011,3227.12012,
2025-04-14 09:00:00,3227.1499,3231.70996,3220.92993,3223.98999,
2025-04-14 10:00:00,3223.95996,3224.71997,3220.76001,3222.050049,
2025-04-17 04:00:00,3344.05,3344.23,3337.78,3341.53,
2025-04-17 05:00:00,3341.61,3345.29,3328.4,3329.31,
2025-04-17 06:00:00,3329.4,3333,3325.15,3328.78,
2025-04-17 07:00:00,3328.8,3330.05,3314.19,3323.4,
2025-04-17 08:00:00,3323.46,3324.81,3313.11,3324.1,
2025-04-17 09:00:00,3324.11,3326.88,3320.58,3321.52,
2025-04-17 10:00:00,3321.53,3333.7,3321.09,3327.45,
2025-04-17 11:00:00,3327.62,3332.42,3322.45,3327.42,
2025-04-17 12:00:00,3327.38,3341.85,3322.27,3328.14,
2025-04-17 13:00:00,3328.95,3331.93,3312,3314.8,
2025-04-17 14:00:00,3314.9,3314.9,3283.94,3291.24,
2025-04-17 15:00:00,3291.87,3304.75,3290.79,3296.33,
2025-04-17 16:00:00,3296.84,3318.54,3294.9,3315.79,
2025-04-17 17:00:00,3315.99,3322.42,3314.19,3318.87,
2025-04-17 18:00:00,3318.9,3321,3314.25,3316.31,
2025-04-17 19:00:00,3316.2,3321.93,3311,3320.69,
2025-04-17 20:00:00,3320.82,3328.5,3317.94,3326.19,
2025-04-17 21:00:00,3326.27,3326.27,3326.27,3326.27,
2025-04-17 22:00:00,3326.27,3326.27,3326.27,3326.27,
2025-04-18 00:00:00,3326.27,3326.27,3326.27,3326.27,
2025-04-18 01:00:00,3326.27,3326.27,3326.27,3326.27,
2025-04-18 03:00:00,3326.27,3326.27,3326.27,3326.27,
2025-04-18 04:00:00,3326.27,3326.27,3326.27,3326.27,
2025-04-18 05:00:00,3326.27,3326.27,3326.27,3326.27,
2025-04-18 06:00:00,3326.27,3326.27,3326.27,3326.27,
2025-04-18 08:00:00,3326.27,3326.27,3326.27,3326.27,
2025-04-18 09:00:00,3326.27,3326.27,3326.27,3326.27,
2025-04-18 11:00:00,3326.27,3326.27,3326.27,3326.27,
2025-04-18 12:00:00,3326.27,3326.27,3326.27,3326.27,
2025-04-18 13:00:00,3326.27,3326.27,3326.27,3326.27,
2025-04-18 14:00:00,3326.27,3326.27,3326.27,3326.27,
2025-04-18 15:00:00,3326.27,3326.27,3326.27,3326.27,
2025-04-18 16:00:00,3326.27,3326.27,3326.27,3326.27,
2025-04-18 19:00:00,3326.27,3326.27,3326.27,3326.27,
2025-04-18 20:00:00,3326.27,3326.27,3326.27,3326.27,
2025-04-18 21:00:00,3326.27,3326.27,3326.27,3326.27,
2025-04-18 22:00:00,3326.27,3326.27,3326.27,3326.27,
2025-04-18 23:00:00,3326.27,3326.27,3326.27,3326.27,
2025-04-20 22:00:00,3327.93,3352.83,3327.93,3346,
2025-04-20 23:00:00,3346.18,3351.5,3343.81,3348.04,
2025-04-21 00:00:00,3348.48,3370.13,3347.52,3368.57,
2025-04-21 01:00:00,3368.44,3378.4,3367.13,3377.47,
2025-04-21 02:00:00,3377.51,3384.96,3374.07,3384.75,
2025-04-21 03:00:00,3384.63,3385.2,3378.21,3382.55,
2025-04-21 04:00:00,3382,3382,3369.44,3376.34,
2025-04-21 05:00:00,3376.29,3385.96,3375.84,3385.42,
2025-04-21 06:00:00,3385.19,3393.12,3382.42,3392.51,
2025-04-21 07:00:00,3392.09,3395.92,3381.72,3385.21,
2025-04-21 08:00:00,3385.22,3394.22,3383.61,3392.63,
2025-04-21 09:00:00,3392.68,3396.97,3391,3394.75,
2025-04-21 10:00:00,3394.89,3397.73,3392,3394.86,
2025-04-21 11:00:00,3394.55,3405.75,3386.65,3404.37,
2025-04-21 12:00:00,3404.58,3415.65,3398.04,3415,
2025-04-21 13:00:00,3415.92,3426.41,3405.42,3420.31,
2025-04-21 14:00:00,3420.31,3430.22,3408.86,3416.75,
2025-04-21 15:00:00,3417.31,3426.07,3408,3422.91,
2025-04-21 16:00:00,3422.82,3424.05,3410.12,3414.52,
2025-04-21 17:00:00,3414.59,3422.88,3406,3422.4,
2025-04-21 18:00:00,3422.38,3426.59,3417.78,3426.34,
2025-04-21 19:00:00,3426.4,3430.47,3417.45,3423.2,
2025-04-21 20:00:00,3423.51,3427.05,3419.64,3422.8,
2025-04-21 22:00:00,3423.49,3435.89,3423.3,3431.06,
2025-04-21 23:00:00,3431.06,3444.32,3429.32,3434.39,
2025-04-22 00:00:00,3434.44,3434.91,3413,3425.4,
2025-04-22 01:00:00,3425.35,3454.82,3421.86,3452.9,
2025-04-22 02:00:00,3452.89,3475.8,3442.32,3473.07,
2025-04-22 03:00:00,3472.9,3494.57,3472.1,3487.95,
2025-04-22 04:00:00,3487.65,3488.27,3479.42,3484.26,
2025-04-22 05:00:00,3484.34,3495.4,3473.41,3494.21,
2025-04-22 06:00:00,3494.26,3499.87,3475.3,3479.6,
2025-04-22 07:00:00,3479.22,3480.42,3461,3468.5,
2025-04-22 08:00:00,3468.48,3472.57,3443.33,3444.05,
2025-04-22 09:00:00,3444.1,3458.73,3444.04,3454.49,
2025-04-22 10:00:00,3454.5,3468.2,3451.26,3452.21,
2025-04-22 11:00:00,3452.24,3460.84,3448.04,3456.53,
2025-04-22 12:00:00,3456.43,3464.81,3424.41,3431.32,
2025-04-22 13:00:00,3431.56,3449.35,3408.64,3418.46,
2025-04-22 14:00:00,3418.27,3438.74,3418.08,3429.85,
2025-04-22 15:00:00,3429.85,3441.9,3410.26,3432.5,
2025-04-22 16:00:00,3432.8,3435.1,3384.2,3405.3,
2025-04-22 17:00:00,3405.4,3422.5,3400.7,3414.8,
2025-04-22 18:00:00,3414,3414.4,3386.2,3394.2,
2025-04-22 19:00:00,3393.9,3397.4,3381.2,3391.9,
2025-04-22 20:00:00,3391.8,3402.6,3388.8,3394.4,
2025-04-22 21:00:00,3392.6,3398.3,3367,3367.2,
2025-04-22 22:00:00,3370,3371.9,3325.67,3327.49,
2025-04-22 23:00:00,3339.8,3357.5,3332.75,3344.8,
2025-04-23 00:00:00,3345.4,3389.4,3341.98,3385.6,
2025-04-23 01:00:00,3384.8,3403.1,3368.65,3400,
2025-04-23 02:00:00,3397,3400.7,3371,3375.7,
2025-04-23 03:00:00,3375.6,3378.9,3335.8,3368.8,
2025-04-23 04:00:00,3368.7,3382.1,3364.3,3375.8,
2025-04-23 05:00:00,3377,3379.1,3347.6,3350.6,
2025-04-23 06:00:00,3350.7,3355.8,3318.5,3328,
2025-04-23 07:00:00,3327.5,3339.1,3318.2,3338.6,
2025-04-23 08:00:00,3337.2,3341.2,3319.6,3341.2,
2025-04-23 09:00:00,3340.9,3357.2,3337.2,3337.7,
2025-04-23 10:00:00,3337.4,3355,3337.4,3348.7,
2025-04-23 11:00:00,3348.8,3354.6,3336,3338.6,
2025-04-23 12:00:00,3338.5,3342.8,3329.1,3329.9,
2025-04-23 13:00:00,3331.1,3331.3,3289.6,3290.6,
2025-04-23 14:00:00,3291.5,3312.2,3281.5,3303.7,
2025-04-23 15:00:00,3303.8,3308.7,3286.5,3296.8,
2025-04-23 16:00:00,3301.2,3316.6,3298.9,3309,
2025-04-23 17:00:00,3308.2,3314.7,3296.4,3298.1,
2025-04-23 18:00:00,3298,3303.4,3292.8,3297.3,
2025-04-23 19:00:00,3296.6,3312.2,3296.5,3309.6,
2025-04-23 20:00:00,3308.9,3310,3300.1,3303.3,
2025-04-23 21:00:00,3303.9,3306.8,3298.9,3302,
2025-04-23 22:00:00,3300.8,3331.5,3299.1,3324.3,
2025-04-23 23:00:00,3324.6,3333.9,3321.8,3330.5,
2025-04-24 00:00:00,3332.5,3350.1,3328.4,3346.6,
2025-04-24 01:00:00,3348.5,3378.9,3348.5,3367.1,
2025-04-24 02:00:00,3368.2,3388.5,3347.8,3351.1,
2025-04-24 03:00:00,3353,3353,3333.6,3340.6,
2025-04-24 04:00:00,3339,3345.5,3338.2,3340.8,
2025-04-24 05:00:00,3340.6,3349.7,3334.1,3340.6,
2025-04-24 06:00:00,3340.5,3342.5,3329.5,3337.1,
2025-04-24 07:00:00,3337.3,3352.5,3336,3349.8,
2025-04-24 08:00:00,3350.8,3351.2,3339.2,3345,
2025-04-24 09:00:00,3344.6,3357.3,3335,3343.9,
2025-04-24 10:00:00,3344.3,3344.4,3333.5,3338.3,
2025-04-24 11:00:00,3338.8,3355,3338.8,3349,
2025-04-24 12:00:00,3350.2,3355.1,3345.9,3347.9,
2025-04-24 13:00:00,3347.8,3348.2,3320.2,3326.3,
2025-04-24 14:00:00,3326.5,3340.8,3317.5,3340.4,
2025-04-24 15:00:00,3339.1,3340.2,3331.1,3339.3,
2025-04-24 16:00:00,3338.3,3346.7,3335.9,3339.5,
2025-04-24 17:00:00,3339.4,3346.8,3339.4,3346.3,
2025-04-24 18:00:00,3346.4,3348.7,3342,3343.8,
2025-04-24 19:00:00,3343.2,3352.7,3338.2,3351.7,
2025-04-24 20:00:00,3348.7,3357.1,3347.8,3354.9,
2025-04-24 21:00:00,3354.8,3360,3354.6,3356.6,
2025-04-24 22:00:00,3357.1,3376.8,3354.7,3372,
2025-04-24 23:00:00,3372,3372.6,3358.3,3359.9,
2025-04-25 00:00:00,3360.2,3370.5,3359.5,3363.7,
2025-04-25 01:00:00,3362.7,3369.7,3348.9,3350.6,
2025-04-25 02:00:00,3350.1,3359.5,3350.1,3353,
2025-04-25 03:00:00,3353.9,3358.6,3332,3332.2,
2025-04-25 04:00:00,3332.2,3337.4,3329.5,3334.3,
2025-04-25 05:00:00,3334.3,3337.4,3303.4,3308.8,
2025-04-25 06:00:00,3308.9,3319.4,3300.1,3315.6,
2025-04-25 07:00:00,3316.2,3324.2,3314.3,3317.3,
2025-04-25 08:00:00,3317.3,3318.5,3307,3312.6,
2025-04-25 09:00:00,3313.8,3320.2,3304.6,3304.7,
2025-04-25 10:00:00,3304.6,3314,3303.3,3306.9,
2025-04-25 11:00:00,3306.9,3310.8,3297.2,3301.9,
2025-04-25 12:00:00,3302.5,3310.3,3297.6,3297.6,
2025-04-25 13:00:00,3297.5,3297.5,3270.6,3286.2,
2025-04-25 14:00:00,3285.3,3290.8,3279.4,3280.8,
2025-04-25 15:00:00,3280.4,3289.5,3274,3285.5,
2025-04-25 16:00:00,3286.2,3290.8,3283.5,3290.8,
2025-04-25 17:00:00,3289.1,3299.7,3284.9,3297.3,
2025-04-25 18:00:00,3297.3,3301.9,3288.23,3288.24,
2025-04-25 19:00:00,3288.24,3313.5,3287.94,3309.2,
2025-04-25 20:00:00,3309.2,3319.5,3305.3,3316.3,
2025-04-25 21:00:00,3316.6,3317.1,3309.9,3315.2,
2025-04-25 22:00:00,3313.8,3319,3312.6,3316.8,
2025-04-25 23:00:00,3316.9,3318.8,3314.6,3315.6,
2025-04-26 00:00:00,3315.1,3317.2,3311.3,3316.5,
2025-04-26 01:00:00,3316.2,3317.9,3313.4,3315.5,
2025-04-26 02:00:00,3315.7,3318.8,3314.9,3318.3,
2025-04-26 03:00:00,3318,3318,3315.6,3316.2,
2025-04-26 04:00:00,3316.4,3318.2,3316.2,3317.2,
2025-04-26 05:00:00,3317.7,3318.2,3315.9,3317.5,
2025-04-26 06:00:00,3318,3319.6,3316.6,3317,
2025-04-26 07:00:00,3316.8,3317.8,3315.4,3315.5,
2025-04-26 08:00:00,3315.5,3316.3,3311.7,3313.5,
2025-04-26 09:00:00,3313.7,3314.2,3310.1,3310.8,
2025-04-26 10:00:00,3311.2,3315.4,3311.1,3312.3,
2025-04-26 11:00:00,3312.1,3315.6,3310.4,3314.6,
2025-04-26 12:00:00,3315.1,3315.5,3313,3314.3,
2025-04-26 13:00:00,3314.4,3315.7,3312.8,3314,
2025-04-27 14:00:00,3315.1,3315.3,3315.1,3315.2,
2025-04-27 15:00:00,3315.1,3321,3315.1,3321,
2025-04-27 16:00:00,3320.8,3323.5,3319.5,3322.7,
2025-04-27 17:00:00,3323,3324.1,3322.5,3323.5,
2025-04-27 18:00:00,3323.5,3324.6,3323.4,3323.6,
2025-04-27 19:00:00,3323.4,3324.2,3322.6,3322.7,
2025-04-27 20:00:00,3322.8,3322.9,3320.8,3321,
2025-04-27 21:00:00,3319.8,3320,3318.6,3319.3,
2025-04-27 22:00:00,3319.4,3330.4,3308,3313.3,
2025-04-27 23:00:00,3314.1,3318.5,3304.3,3306.7,
2025-04-28 00:00:00,3306.9,3315.72,3305.72,3313.97,
2025-04-28 01:00:00,3313.86,3316.2,3284.4,3284.7,
2025-04-28 02:00:00,3285.4,3290.8,3274.3,3284.9,
2025-04-28 03:00:00,3284.2,3295.5,3283.4,3293.6,
2025-04-28 04:00:00,3292.8,3299.8,3291.4,3299.6,
2025-04-28 05:00:00,3299.9,3299.9,3290.4,3294.2,
2025-04-28 06:00:00,3294.2,3295.7,3283.9,3285.3,
2025-04-28 07:00:00,3286.5,3292.4,3281.9,3288.8,
2025-04-28 08:00:00,3288.8,3289.6,3279.18,3282.61,
2025-04-28 09:00:00,3282.67,3287.6,3276,3277.4,
2025-04-28 10:00:00,3277.4,3290.95,3276.1,3289.5,
2025-04-28 11:00:00,3289.49,3296.82,3285.54,3294,
2025-04-28 12:00:00,3294.3,3302.6,3293,3295.92,
2025-04-28 13:00:00,3295.6,3302.4,3290.12,3293.16,
2025-04-28 14:00:00,3297.1,3331.6,3294.89,3326.3,
2025-04-28 15:00:00,3326,3331.7,3319.16,3325.16,
2025-04-28 16:00:00,3326.4,3339,3324.7,3336.58,
2025-04-28 17:00:00,3336.62,3338.9,3333.18,3335.18,
2025-04-28 18:00:00,3335,3349.81,3333.1,3345.1,
2025-04-28 19:00:00,3345.8,3352.91,3344.5,3352.13,
2025-04-28 20:00:00,3349.2,3350.99,3342.22,3344.1,
2025-04-28 21:00:00,3344,3344,3339.5,3340,
2025-04-28 22:00:00,3343.76,3347.15,3333.6,3337.94,
2025-04-28 23:00:00,3338.8,3342.79,3333.8,3337.54,
2025-04-29 00:00:00,3337.7,3338.92,3328.9,3329.6,
2025-04-29 01:00:00,3329.3,3338.2,3324.9,3327,
2025-04-29 02:00:00,3326.7,3330.9,3323.1,3323.2,
2025-04-29 03:00:00,3323.1,3323.1,3313.4,3317.6,
2025-04-29 04:00:00,3317.2,3320.4,3311.7,3313.4,
2025-04-29 05:00:00,3312.7,3316.2,3308.8,3314.1,
2025-04-29 06:00:00,3314.4,3323.9,3313.7,3316.9,
2025-04-29 07:00:00,3316,3323.2,3316,3322.9,
2025-04-29 08:00:00,3323,3324.1,3313.1,3313.1,
2025-04-29 09:00:00,3313.5,3315.9,3312.1,3313.5,
2025-04-29 10:00:00,3312.6,3319.1,3309.9,3316,
2025-04-29 11:00:00,3316.1,3318.5,3311.5,3311.7,
2025-04-29 12:00:00,3312.3,3315.2,3306.1,3314,
2025-04-29 13:00:00,3314.1,3321.5,3305.7,3309.5,
2025-04-29 14:00:00,3309.4,3319.3,3304.6,3317.2,
2025-04-29 15:00:00,3316.2,3317,3310.1,3315.4,
2025-04-29 16:00:00,3315.4,3328.8,3315.4,3328.7,
2025-04-29 17:00:00,3329.4,3329.4,3317,3317,
2025-04-29 18:00:00,3317,3321.5,3316.7,3320.7,
2025-04-29 19:00:00,3321.1,3324.7,3317.87,3320.56,
2025-04-29 20:00:00,3320.08,3322.97,3317.4,3317.6,
2025-04-29 21:00:00,3317.2,3319.8,3316.1,3319.5,
2025-04-29 22:00:00,3320.2,3322.6,3316.6,3318.8,
2025-04-29 23:00:00,3317.7,3318,3313.6,3315.9,
2025-04-30 00:00:00,3316.8,3325.7,3313.6,3313.7,
2025-04-30 01:00:00,3313.5,3322.63,3309.5,3310.3,
2025-04-30 02:00:00,3309.2,3314.5,3308.2,3309.2,
2025-04-30 03:00:00,3309.1,3312.9,3306.2,3306.6,
2025-04-30 04:00:00,3306.3,3310.7,3303.6,3310.3,
2025-04-30 05:00:00,3309.1,3313,3308.3,3310.5,
2025-04-30 06:00:00,3310.7,3311.7,3307.2,3308.4,
2025-04-30 07:00:00,3308.7,3313.2,3306.2,3308.9,
2025-04-30 08:00:00,3308.9,3309.4,3285.7,3288.2,
2025-04-30 09:00:00,3288.7,3291.9,3275.1,3275.86,
2025-04-30 10:00:00,3275.38,3280.87,3272,3272.46,
2025-04-30 11:00:00,3272.47,3281.49,3268.29,3271.77,
2025-04-30 12:00:00,3272.35,3304.65,3267.16,3298.43,
2025-04-30 13:00:00,3298.3,3319.59,3296.06,3309.06,
2025-04-30 14:00:00,3308.62,3313.58,3292.95,3309.85,
2025-04-30 15:00:00,3309.9,3314.51,3298.95,3307.98,
2025-04-30 16:00:00,3308.26,3314.08,3307.07,3310.69,
2025-04-30 17:00:00,3310.79,3313.48,3304.87,3305.19,
2025-04-30 18:00:00,3305.21,3307.69,3300.41,3301.65,
2025-04-30 19:00:00,3301.78,3305.68,3292.11,3295.61,
2025-04-30 20:00:00,3295.58,3297.76,3283.02,3292,
2025-04-30 21:00:00,3292.2,3293.6,3290.6,3291.7,
2025-04-30 22:00:00,3288.26,3289.99,3271.46,3273.94,
2025-04-30 23:00:00,3274.29,3285.09,3270,3272.79,
2025-05-01 00:00:00,3272.78,3276.21,3240.2,3246.38,
2025-05-01 01:00:00,3246.19,3251.22,3234.32,3238.73,
2025-05-01 02:00:00,3238.77,3251.29,3235,3241.46,
2025-05-01 03:00:00,3241.39,3242.34,3229,3229.07,
2025-05-01 04:00:00,3229.4,3231.91,3221.15,3226.53,
2025-05-01 05:00:00,3226.34,3238.72,3223.32,3236.8,
2025-05-01 06:00:00,3236.5,3243.01,3234,3235.56,
2025-05-01 07:00:00,3236.05,3243.4,3225.95,3230.01,
2025-05-01 08:00:00,3230,3236.63,3230,3235.07,
2025-05-01 09:00:00,3235.02,3236.01,3216,3218.47,
2025-05-01 10:00:00,3218.79,3225.31,3213.62,3222.83,
2025-05-01 11:00:00,3222.91,3227.02,3203.5,3205.56,
2025-05-01 12:00:00,3205.32,3232.63,3201.9,3226.91,
2025-05-01 13:00:00,3226.67,3233,3219.03,3224.27,
2025-05-01 14:00:00,3223.16,3231.36,3214.35,3218.98,
2025-05-01 15:00:00,3219.18,3221.6,3205,3216.48,
2025-05-01 16:00:00,3216.36,3220.27,3208.85,3219.46,
2025-05-01 17:00:00,3219.67,3220.64,3209.83,3214.53,
2025-05-01 18:00:00,3214.22,3226.7,3212.67,3223.76,
2025-05-01 19:00:00,3223.78,3229.65,3223.78,3228.08,
2025-05-01 20:00:00,3228.57,3247.9,3227.96,3238.64,
2025-05-01 21:00:00,3250.3,3257.1,3244.7,3245.5,
2025-05-01 22:00:00,3238,3243.05,3232.51,3237.8,
2025-05-01 23:00:00,3237.86,3241.36,3234.6,3237.22,
2025-05-02 00:00:00,3237.31,3253.7,3227.42,3231.28,
2025-05-02 01:00:00,3231.36,3237.39,3231.29,3236.27,
2025-05-02 02:00:00,3236.45,3248.96,3235.76,3247.93,
2025-05-02 03:00:00,3247.95,3258.69,3245.75,3254.91,
2025-05-02 04:00:00,3254.79,3261.1,3250.42,3251.74,
2025-05-02 05:00:00,3251.69,3256.9,3249.45,3251.79,
2025-05-02 06:00:00,3251.89,3262.23,3246.25,3252.77,
2025-05-02 07:00:00,3252.74,3263.21,3251.48,3258.85,
2025-05-02 08:00:00,3258.93,3261.51,3255.24,3258.13,
2025-05-02 09:00:00,3258.09,3266.91,3255.03,3265.32,
2025-05-02 10:00:00,3265.45,3265.62,3257.31,3259.37,
2025-05-02 11:00:00,3259.82,3269.02,3258.05,3262.51,
2025-05-02 12:00:00,3261.99,3268.9,3250.14,3250.18,
2025-05-02 13:00:00,3250.19,3259.45,3239.29,3250.11,
2025-05-02 14:00:00,3250.02,3264.4,3242.5,3262.68,
2025-05-02 15:00:00,3262.95,3264.03,3230.09,3231.4,
2025-05-02 16:00:00,3231.48,3236.02,3223,3224.77,
2025-05-02 17:00:00,3224.67,3239.56,3223.48,3231.27,
2025-05-02 18:00:00,3231.63,3232.23,3224.23,3226.27,
2025-05-02 19:00:00,3227.37,3234.41,3226.84,3233.38,
2025-05-02 20:00:00,3233.08,3257,3232.41,3254.9,
2025-05-02 21:00:00,3255.4,3255.9,3250.1,3250.1,
2025-05-02 22:00:00,3250.1,3250.2,3244.3,3245.5,
2025-05-02 23:00:00,3245,3252.1,3244.9,3252,
2025-05-03 00:00:00,3251.6,3251.6,3247.2,3247.6,
2025-05-03 01:00:00,3246.8,3256.9,3246.8,3254.1,
2025-05-03 02:00:00,3254,3254.2,3247.3,3252.9,
2025-05-03 03:00:00,3252.7,3255.4,3252.2,3253.9,
2025-05-03 04:00:00,3253.6,3254.9,3250,3250.4,
2025-05-03 05:00:00,3250.1,3250.1,3250.1,3250.1,
2025-05-03 06:00:00,3250.1,3252.9,3250.1,3252.2,
2025-05-03 07:00:00,3252.2,3252.2,3250.7,3251.2,
2025-05-03 08:00:00,3251.3,3252.7,3250.1,3252,
2025-05-03 09:00:00,3252,3256.1,3250.9,3255.2,
2025-05-03 10:00:00,3255.2,3256.6,3252.1,3252.3,
2025-05-03 11:00:00,3252.3,3256.1,3252.3,3255.6,
2025-05-03 12:00:00,3255.7,3259.1,3249.1,3256.4,
2025-05-03 13:00:00,3258.1,3259.8,3255,3257,
2025-05-04 14:00:00,3255.7,3255.9,3252.6,3252.6,
2025-05-04 15:00:00,3252.7,3252.8,3252.6,3252.6,
2025-05-04 16:00:00,3252.6,3252.6,3252.6,3252.6,
2025-05-04 17:00:00,3252.6,3252.7,3252.6,3252.7,
2025-05-04 18:00:00,3252.6,3252.6,3252.6,3252.6,
2025-05-04 19:00:00,3252.7,3252.7,3252.6,3252.6,
2025-05-04 20:00:00,3252.6,3252.7,3252.6,3252.7,
2025-05-04 21:00:00,3252.8,3254.3,3252.7,3253.9,
2025-05-04 22:00:00,3236.68,3244.14,3236.68,3239.58,
2025-05-04 23:00:00,3239.8,3252.13,3238.83,3247.95,
2025-05-05 00:00:00,3248.06,3248.5,3241.26,3246.59,
2025-05-05 01:00:00,3247.13,3270.57,3246.44,3264.96,
2025-05-05 02:00:00,3264.96,3272.14,3259.51,3270.02,
2025-05-05 03:00:00,3269.86,3271.15,3252.99,3254.59,
2025-05-05 04:00:00,3254.56,3267.1,3253.66,3256.42,
2025-05-05 05:00:00,3256.46,3261.94,3253.95,3259.5,
2025-05-05 06:00:00,3259.26,3265.45,3256.7,3261.5,
2025-05-05 07:00:00,3262.1,3267.73,3258.75,3264.83,
2025-05-05 08:00:00,3264.92,3282.81,3263.03,3282.62,
2025-05-05 09:00:00,3283.01,3308.82,3282.22,3308.53,
2025-05-05 10:00:00,3308.63,3318.48,3308.53,3313.26,
2025-05-05 11:00:00,3312.79,3321.8,3311.28,3312.87,
2025-05-05 12:00:00,3313.02,3326.6,3312.81,3319.62,
2025-05-05 13:00:00,3319.68,3320.96,3311.88,3315.19,
2025-05-05 14:00:00,3312.46,3328.41,3310.13,3312.56,
2025-05-05 15:00:00,3312.62,3317.71,3309,3311.92,
2025-05-05 16:00:00,3311.46,3313.43,3305.35,3309.56,
2025-05-05 17:00:00,3309.61,3318,3309.03,3317.07,
2025-05-05 18:00:00,3316.98,3323.26,3313.98,3323.12,
2025-05-05 19:00:00,3322.86,3337.39,3322.78,3328.99,
2025-05-05 20:00:00,3329.4,3341.1,3329.22,3335,
2025-05-05 21:00:00,3340.6,3345.3,3339.2,3342.6,
2025-05-05 22:00:00,3333.66,3337.49,3327.34,3330.55,
2025-05-05 23:00:00,3330.57,3334.98,3328.88,3334.01,
2025-05-06 00:00:00,3334.05,3334.24,3323.53,3329.55,
2025-05-06 01:00:00,3330.01,3381.61,3330.01,3379.5,
2025-05-06 02:00:00,3380.38,3386.89,3356.35,3358.29,
2025-05-06 03:00:00,3357.91,3371.88,3352.13,3360.53,
2025-05-06 04:00:00,3360.36,3365.94,3356.06,3363.14,
2025-05-06 05:00:00,3363.14,3363.88,3350.16,3361.91,
2025-05-06 06:00:00,3360.78,3367.78,3358.66,3364.79,
2025-05-06 07:00:00,3365.55,3379.44,3365.02,3371.2,
2025-05-06 08:00:00,3371.51,3383.03,3368.77,3377.14,
2025-05-06 09:00:00,3377.53,3383.13,3371.47,3383.13,
2025-05-06 10:00:00,3383.07,3384.6,3376.74,3383.58,
2025-05-06 11:00:00,3383.53,3384.77,3373.7,3379.14,
2025-05-06 12:00:00,3379.11,3392.2,3373.21,3391.04,
2025-05-06 13:00:00,3391.21,3397.54,3387.68,3391.66,
2025-05-06 14:00:00,3391.87,3398.03,3378.16,3386.24,
2025-05-06 15:00:00,3386.12,3399.67,3385.24,3394.95,
2025-05-06 16:00:00,3395.09,3411.44,3394.65,3408.79,
2025-05-06 17:00:00,3408.7,3417.67,3407.45,3413.88,
2025-05-06 18:00:00,3414.06,3417.27,3410.02,3415.56,
2025-05-06 19:00:00,3415.56,3423.97,3412.57,3423.4,
2025-05-06 20:00:00,3422.87,3440,3419.12,3434.7,
2025-05-06 21:00:00,3435,3440.4,3434.4,3438,
2025-05-06 22:00:00,3433.9,3436.49,3380.8,3381.62,
2025-05-06 23:00:00,3380.8,3404.42,3377.22,3400.73,
2025-05-07 00:00:00,3400.8,3401.2,3361.07,3379.35,
2025-05-07 01:00:00,3379.78,3384.91,3360.23,3374.56,
2025-05-07 02:00:00,3374.23,3393.72,3372.05,3390.4,
2025-05-07 03:00:00,3390.42,3392.5,3369.85,3376.56,
2025-05-07 04:00:00,3375.49,3387.29,3375.12,3382.03,
2025-05-07 05:00:00,3382.08,3389.17,3378.58,3387.99,
2025-05-07 06:00:00,3388.02,3395.69,3387.35,3392.47,
2025-05-07 07:00:00,3392.17,3397.34,3383.75,3387.94,
2025-05-07 08:00:00,3387.89,3388.35,3378.31,3382.73,
2025-05-07 09:00:00,3382.68,3385.15,3370,3370,
2025-05-07 10:00:00,3369.48,3393.28,3369.21,3391.23,
2025-05-07 11:00:00,3391.32,3391.39,3383.61,3386.96,
2025-05-07 12:00:00,3386.86,3393.7,3384.08,3390.79,
2025-05-07 13:00:00,3390.66,3398.01,3381.64,3394.69,
2025-05-07 14:00:00,3393.74,3394.65,3376,3385.8,
2025-05-07 15:00:00,3386.27,3389.46,3381.98,3384.91,
2025-05-07 16:00:00,3385.06,3389.63,3379,3386.75,
2025-05-07 17:00:00,3386.83,3389.56,3383.79,3383.95,
2025-05-07 18:00:00,3384.28,3397.88,3375.86,3384.43,
2025-05-07 19:00:00,3384.46,3386.72,3364,3371.8,
2025-05-07 20:00:00,3371.92,3374.41,3364.64,3366.6,
2025-05-07 21:00:00,3366.7,3367.7,3364.4,3364.4,
2025-05-07 22:00:00,3364.89,3373.28,3363.87,3369.86,
2025-05-07 23:00:00,3369.99,3377.01,3369.57,3376.3,
2025-05-08 00:00:00,3376.81,3386.82,3373.92,3380.25,
2025-05-08 01:00:00,3379.98,3409.58,3379.12,3408.56,
2025-05-08 02:00:00,3408.87,3414.52,3402.2,3402.2,
2025-05-08 03:00:00,3402.65,3408.43,3395.7,3396.95,
2025-05-08 04:00:00,3396.73,3399.15,3381.88,3381.88,
2025-05-08 05:00:00,3381.99,3384.06,3355,3355.18,
2025-05-08 06:00:00,3355.33,3361.75,3320.28,3329.89,
2025-05-08 07:00:00,3329.24,3349.22,3327.18,3342.92,
2025-05-08 08:00:00,3342.86,3344.11,3337.06,3339.25,
2025-05-08 09:00:00,3339.07,3344.3,3331.17,3331.81,
2025-05-08 10:00:00,3331.89,3346.68,3330.28,3342.5,
2025-05-08 11:00:00,3342.21,3345.38,3339.17,3344.34,
2025-05-08 12:00:00,3344.63,3358.49,3343,3356.07,
2025-05-08 13:00:00,3356.17,3369.47,3354.63,3355.94,
2025-05-08 14:00:00,3356,3362.85,3350.84,3356.34,
2025-05-08 15:00:00,3356.95,3359.38,3327.24,3330.47,
2025-05-08 16:00:00,3330.01,3330.01,3305,3310.12,
2025-05-08 17:00:00,3310.26,3311.16,3297.75,3308.21,
2025-05-08 18:00:00,3308.27,3310.88,3305.76,3308.42,
2025-05-08 19:00:00,3308.76,3309.89,3288.91,3306.33,
2025-05-08 20:00:00,3306.65,3311.9,3303.84,3309.4,
2025-05-08 21:00:00,3309.6,3310.6,3307.4,3308.1,
2025-05-08 22:00:00,3305.98,3323.89,3303.83,3323.73,
2025-05-08 23:00:00,3323.63,3323.93,3312.21,3316.33,
2025-05-09 00:00:00,3316.36,3323.07,3308.78,3322.04,
2025-05-09 01:00:00,3322.15,3322.42,3286.8,3291.15,
2025-05-09 02:00:00,3290.82,3308.4,3275,3308.25,
2025-05-09 03:00:00,3308.33,3313.23,3300,3308.8,
2025-05-09 04:00:00,3308.12,3327.22,3308.05,3324.38,
2025-05-09 05:00:00,3324.24,3330.12,3312.82,3321.42,
2025-05-09 06:00:00,3321.46,3326.79,3315.25,3325.36,
2025-05-09 07:00:00,3325.31,3332.12,3322.42,3327.19,
2025-05-09 08:00:00,3327.46,3328.95,3320.27,3328.52,
2025-05-09 09:00:00,3328.38,3329.29,3323.57,3325.16,
2025-05-09 10:00:00,3325.09,3329.71,3322,3323.26,
2025-05-09 11:00:00,3323.3,3338,3323.3,3332.81,
2025-05-09 12:00:00,3333.02,3335.59,3329.05,3333.54,
2025-05-09 13:00:00,3333.31,3340.22,3328.64,3330.65,
2025-05-09 14:00:00,3330.68,3341.16,3320.24,3337.01,
2025-05-09 15:00:00,3336.98,3345.87,3335.97,3344.9,
2025-05-09 16:00:00,3345.18,3347.26,3336.31,3336.91,
2025-05-09 17:00:00,3336.75,3342.42,3335.98,3340.84,
2025-05-09 18:00:00,3341,3342.85,3336.24,3338.64,
2025-05-09 19:00:00,3338.71,3339.74,3325.39,3328.72,
2025-05-09 20:00:00,3328.42,3330.06,3323.64,3323.64,
2025-05-09 21:00:00,3326.9,3328.7,3325,3328.6,
2025-05-09 22:00:00,3327.8,3329.3,3326.5,3327.2,
2025-05-09 23:00:00,3329.3,3329.3,3324.25,3328,
2025-05-10 00:00:00,3328.8,3332.7,3327.5,3327.6,
2025-05-10 01:00:00,3327.6,3331.8,3327.2,3330.3,
2025-05-10 02:00:00,3330.2,3331.5,3329.1,3330.8,
2025-05-10 03:00:00,3330.7,3331.4,3328.3,3328.9,
2025-05-10 04:00:00,3328.3,3328.3,3325.6,3326.9,
2025-05-10 05:00:00,3326.9,3328.2,3326.5,3326.5,
2025-05-10 06:00:00,3326.7,3327,3325.3,3326.1,
2025-05-10 07:00:00,3326.2,3327.2,3325.3,3327.2,
2025-05-10 08:00:00,3327.5,3329,3327.1,3327.5,
2025-05-10 09:00:00,3327.7,3327.7,3325.1,3326.2,
2025-05-10 10:00:00,3326.1,3328.3,3324.9,3325.7,
2025-05-10 11:00:00,3326.2,3328,3324.9,3327.4,
2025-05-10 12:00:00,3326.8,3327.6,3321.8,3322.1,
2025-05-10 13:00:00,3322.1,3323.1,3320.7,3322,
2025-05-11 22:00:00,3290,3305.79,3266.83,3272.49,
2025-05-11 23:00:00,3272.47,3288.76,3265.81,3287.55,
2025-05-12 00:00:00,3287.97,3289.74,3272.5,3278.81,
2025-05-12 01:00:00,3279.32,3281.85,3259,3271.77,
2025-05-12 02:00:00,3271.56,3279.57,3269.51,3271.96,
2025-05-12 03:00:00,3271.68,3284.61,3270.49,3283.05,
2025-05-12 04:00:00,3283.27,3283.6,3276,3278.78,
2025-05-12 05:00:00,3279.18,3279.59,3268.46,3276.01,
2025-05-12 06:00:00,3275.94,3281.56,3272.95,3277.52,
2025-05-12 07:00:00,3277.3,3277.38,3216.14,3222.57,
2025-05-12 08:00:00,3223.5,3234.16,3220.75,3231.31,
2025-05-12 09:00:00,3231.29,3231.29,3213,3214.43,
2025-05-12 10:00:00,3214.65,3227.2,3207.7,3208,
2025-05-12 11:00:00,3208.13,3229.13,3208.13,3224.76,
2025-05-12 12:00:00,3224.7,3238.3,3220.5,3233.56,
2025-05-12 13:00:00,3233.71,3248.48,3232.34,3240.63,
2025-05-12 14:00:00,3240,3247.69,3233.35,3237.54,
2025-05-12 15:00:00,3237.65,3250.8,3235.18,3239.3,
2025-05-12 16:00:00,3239.09,3239.87,3223.15,3224.07,
2025-05-12 17:00:00,3224.58,3231.2,3221.39,3223.09,
2025-05-12 18:00:00,3223.11,3229.93,3220.5,3229.49,
2025-05-12 19:00:00,3229.53,3238.62,3228.8,3235.41,
2025-05-12 20:00:00,3235.08,3238.29,3232.5,3235.24,
2025-05-12 21:00:00,3237.6,3239,3234.3,3234.9,
2025-05-12 22:00:00,3235.85,3241.57,3229.75,3233.76,
2025-05-12 23:00:00,3233.9,3239.96,3233.42,3236.5,
2025-05-13 00:00:00,3236.3,3243.04,3233.78,3239.81,
2025-05-13 01:00:00,3239.86,3243.25,3215.92,3225.05,
2025-05-13 02:00:00,3225.2,3241.07,3223.16,3228.77,
2025-05-13 03:00:00,3228.52,3238.31,3228.08,3237.07,
2025-05-13 04:00:00,3236.63,3253.24,3235,3252.46,
2025-05-13 05:00:00,3252.67,3260.52,3251.08,3256.51,
2025-05-13 06:00:00,3256.92,3265.33,3247.22,3261.93,
2025-05-13 07:00:00,3262.11,3264.79,3254.29,3259.02,
2025-05-13 08:00:00,3259.26,3260.95,3250.32,3255.42,
2025-05-13 09:00:00,3255.44,3256.48,3250.5,3253.29,
2025-05-13 10:00:00,3253.65,3256.19,3251.09,3252.7,
2025-05-13 11:00:00,3252.53,3258.51,3248.8,3249.13,
2025-05-13 12:00:00,3249.11,3249.85,3237.31,3241.99,
2025-05-13 13:00:00,3240.87,3247,3227.21,3227.47,
2025-05-13 14:00:00,3227.5,3248.6,3225.58,3242.54,
2025-05-13 15:00:00,3243.18,3255.77,3242.01,3253.28,
2025-05-13 16:00:00,3253.2,3257.7,3249,3250.97,
2025-05-13 17:00:00,3250.83,3252.62,3242,3246.97,
2025-05-13 18:00:00,3246.92,3250.9,3245.7,3248.67,
2025-05-13 19:00:00,3248.88,3250.99,3246.2,3249.4,
2025-05-13 20:00:00,3249.24,3254.61,3247.93,3248.5,
2025-05-13 21:00:00,3247.8,3248.6,3244.7,3246,
2025-05-13 22:00:00,3250.44,3254.44,3249.47,3254.44,
2025-05-13 23:00:00,3254.2,3256.97,3252.1,3254.33,
2025-05-14 00:00:00,3254.32,3254.54,3240.47,3243.67,
2025-05-14 01:00:00,3243.92,3251.7,3237.18,3238.82,
2025-05-14 02:00:00,3238.44,3241.36,3229.23,3232.76,
2025-05-14 03:00:00,3232.4,3233.52,3226.22,3228.13,
2025-05-14 04:00:00,3228.47,3230.29,3222.62,3223.84,
2025-05-14 05:00:00,3223.89,3234.33,3221.74,3233.75,
2025-05-14 06:00:00,3233.79,3236.64,3227.68,3227.94,
2025-05-14 07:00:00,3228.65,3238.71,3224.22,3237.96,
2025-05-14 08:00:00,3237.74,3243.54,3230.8,3232.46,
2025-05-14 09:00:00,3232.62,3236.47,3229.1,3232.28,
2025-05-14 10:00:00,3232.11,3236.4,3229.6,3235.54,
2025-05-14 11:00:00,3235.7,3239.13,3219.43,3219.99,
2025-05-14 12:00:00,3220.57,3222.43,3184.12,3184.67,
2025-05-14 13:00:00,3184.29,3198.08,3175.09,3191.38,
2025-05-14 14:00:00,3191.24,3194,3179.58,3181.79,
2025-05-14 15:00:00,3181.77,3186.47,3179.4,3182.46,
2025-05-14 16:00:00,3182.87,3190.81,3173.7,3188.36,
2025-05-14 17:00:00,3188.25,3190.32,3181,3181.81,
2025-05-14 18:00:00,3182.31,3182.93,3171.62,3171.72,
2025-05-14 19:00:00,3171.73,3181.52,3167.95,3180.52,
2025-05-14 20:00:00,3180.52,3183.15,3178.31,3181.2,
2025-05-14 21:00:00,3181.2,3181.3,3177.5,3178.6,
2025-05-14 22:00:00,3171.5,3183.81,3171.5,3182.55,
2025-05-14 23:00:00,3182.69,3187.27,3181.07,3186,
2025-05-15 00:00:00,3185.86,3187.8,3180.17,3187.71,
2025-05-15 01:00:00,3187.99,3192.53,3171.1,3172.3,
2025-05-15 02:00:00,3172.36,3175.35,3150.3,3154.03,
2025-05-15 03:00:00,3153.95,3156.86,3148.28,3151.06,
2025-05-15 04:00:00,3150.33,3152.59,3135.44,3138.54,
2025-05-15 05:00:00,3138.67,3143.02,3123.51,3129,
2025-05-15 06:00:00,3128.71,3153.73,3120.92,3149.83,
2025-05-15 07:00:00,3149.59,3151.83,3130.7,3142.3,
2025-05-15 08:00:00,3142.47,3164,3139.15,3162.5,
2025-05-15 09:00:00,3162.5,3171.4,3159.61,3165.17,
2025-05-15 10:00:00,3165.14,3178.91,3164.16,3178.26,
2025-05-15 11:00:00,3178.85,3181.8,3172.37,3178.97,
2025-05-15 12:00:00,3179.04,3189.7,3177.46,3188.75,
2025-05-15 13:00:00,3189.11,3199.57,3185.17,3192.3,
2025-05-15 14:00:00,3192.13,3207.01,3190.42,3205.26,
2025-05-15 15:00:00,3205.25,3219.86,3204.58,3219.65,
2025-05-15 16:00:00,3219.58,3222.52,3215.77,3222.32,
2025-05-15 17:00:00,3222.42,3229,3216.45,3221.04,
2025-05-15 18:00:00,3221.17,3226,3219.78,3223.19,
2025-05-15 19:00:00,3223.31,3232.56,3222.27,3231.87,
2025-05-15 20:00:00,3231.86,3245.2,3231.02,3244.5,
2025-05-15 21:00:00,3245,3246.3,3241,3242.3,
2025-05-15 22:00:00,3239.1,3252.5,3236.77,3251.03,
2025-05-15 23:00:00,3251,3251.08,3236.48,3237,
2025-05-16 00:00:00,3237.35,3243.92,3232,3243.15,
2025-05-16 01:00:00,3243.14,3244.3,3214.91,3222.29,
2025-05-16 02:00:00,3222.11,3227.35,3212.7,3215.36,
2025-05-16 03:00:00,3215.36,3217.25,3206.45,3212.46,
2025-05-16 04:00:00,3211.79,3222.13,3211.74,3219.58,
2025-05-16 05:00:00,3219.55,3222.21,3212,3218.57,
2025-05-16 06:00:00,3217.88,3231.05,3212.75,3214.74,
2025-05-16 07:00:00,3214.96,3217.89,3205.32,3207.65,
2025-05-16 08:00:00,3207.48,3209.13,3195.59,3207.3,
2025-05-16 09:00:00,3206.69,3212.68,3203.72,3209.11,
2025-05-16 10:00:00,3209.18,3211.14,3169.12,3175.39,
2025-05-16 11:00:00,3176.7,3179.03,3154.27,3163,
2025-05-16 12:00:00,3163.24,3181.9,3154.79,3177.25,
2025-05-16 13:00:00,3177.46,3186.54,3169.32,3180.31,
2025-05-16 14:00:00,3180.45,3187.7,3166.07,3173.14,
2025-05-16 15:00:00,3173.42,3184.93,3172.61,3183.39,
2025-05-16 16:00:00,3182.77,3189.69,3180.33,3189.14,
2025-05-16 17:00:00,3189.45,3191.98,3183.25,3189.25,
2025-05-16 18:00:00,3189.35,3191.04,3184.68,3187.36,
2025-05-16 19:00:00,3187.53,3201.7,3187.37,3192.66,
2025-05-16 20:00:00,3192.52,3210.2,3192.13,3209.7,
2025-05-16 21:00:00,3209.6,3210.5,3206,3210.5,
2025-05-16 22:00:00,3210.6,3211.5,3207.9,3209,
2025-05-16 23:00:00,3208.9,3211.4,3205.9,3207.9,
2025-05-17 00:00:00,3207.7,3211.5,3204.5,3204.9,
2025-05-17 01:00:00,3204.9,3204.9,3199.3,3203.7,
2025-05-17 02:00:00,3203.5,3207.6,3202.5,3207.1,
2025-05-17 03:00:00,3207.1,3209.4,3206.9,3209.2,
2025-05-17 04:00:00,3209.1,3209.8,3208.7,3209.6,
2025-05-17 05:00:00,3208.9,3210.4,3207.6,3207.6,
2025-05-17 06:00:00,3207.5,3209,3204.6,3205.4,
2025-05-17 07:00:00,3205.3,3209,3204.5,3205.1,
2025-05-17 08:00:00,3205.3,3208.6,3202.8,3206.8,
2025-05-17 09:00:00,3208,3208.2,3204.5,3206.8,
2025-05-17 10:00:00,3207.2,3208.1,3204.7,3205.7,
2025-05-17 11:00:00,3206.3,3209.7,3206.3,3208.1,
2025-05-17 12:00:00,3208,3209,3205.4,3207.8,
2025-05-17 13:00:00,3207.9,3208.9,3206.9,3207.2,
2025-05-18 14:00:00,3209.2,3210.5,3209,3209.3,
2025-05-18 15:00:00,3208.9,3212.4,3207.6,3207.6,
2025-05-18 16:00:00,3207.6,3210.9,3206.7,3210.1,
2025-05-18 17:00:00,3210.1,3210.1,3207.2,3208.3,
2025-05-18 22:00:00,3229,3240.55,3206,3239.09,
2025-05-18 23:00:00,3239.22,3245.1,3226.54,3234.67,
2025-05-19 00:00:00,3235.12,3249.65,3233.47,3246.38,
2025-05-19 01:00:00,3246.24,3246.64,3214.49,3218.36,
2025-05-19 02:00:00,3217.98,3229.77,3217.06,3228.5,
2025-05-19 03:00:00,3228.38,3230.31,3208.02,3212.05,
2025-05-19 04:00:00,3211.63,3217.96,3206.63,3215.85,
2025-05-19 05:00:00,3216.96,3226,3214.85,3223.91,
2025-05-19 06:00:00,3224.18,3231.51,3220.17,3224.13,
2025-05-19 07:00:00,3225.16,3234.46,3224.67,3232.21,
2025-05-19 08:00:00,3232.28,3244.77,3229.89,3244.41,
2025-05-19 09:00:00,3244.7,3247.5,3233.69,3241.94,
2025-05-19 10:00:00,3241.41,3245.09,3234.09,3241.68,
2025-05-19 11:00:00,3241.59,3248.33,3239.1,3243.58,
2025-05-19 12:00:00,3243.64,3244.31,3228.8,3228.8,
2025-05-19 13:00:00,3229.28,3241.4,3224.51,3229.83,
2025-05-19 14:00:00,3229.98,3235.88,3217.55,3233.82,
2025-05-19 15:00:00,3233.82,3239.8,3230,3231.4,
2025-05-19 16:00:00,3231.49,3234.4,3228.02,3231.7,
2025-05-19 17:00:00,3231.78,3234.7,3225.51,3226.26,
2025-05-19 18:00:00,3226.27,3235.1,3225.26,3233.36,
2025-05-19 19:00:00,3233.46,3235.81,3231.55,3233.22,
2025-05-19 20:00:00,3233.1,3233.7,3228.3,3229.15,
2025-05-19 21:00:00,3232,3232,3231.2,3231.5,
2025-05-19 22:00:00,3229.34,3230.59,3224.63,3226.73,
2025-05-19 23:00:00,3226.78,3227.37,3218.96,3222.51,
2025-05-20 00:00:00,3222.93,3224.02,3214.23,3222.78,
2025-05-20 01:00:00,3223.23,3232.52,3220.64,3221.02,
2025-05-20 02:00:00,3221,3222.89,3206.7,3206.7,
2025-05-20 03:00:00,3206.36,3214.08,3204.53,3211.55,
2025-05-20 04:00:00,3211.45,3217.95,3211.16,3217.21,
2025-05-20 05:00:00,3217.18,3219.69,3209.87,3213.82,
2025-05-20 06:00:00,3213.23,3219.09,3208.69,3210,
2025-05-20 07:00:00,3210.44,3225.34,3208.33,3222.73,
2025-05-20 08:00:00,3222.96,3235.78,3218.39,3235.78,
2025-05-20 09:00:00,3235.95,3239.22,3230.52,3236.29,
2025-05-20 10:00:00,3236.13,3238.24,3231.87,3235.24,
2025-05-20 11:00:00,3235.35,3241.61,3235.13,3241.18,
2025-05-20 12:00:00,3241.08,3250.2,3234.42,3242.72,
2025-05-20 13:00:00,3241.62,3261.3,3232.9,3261.1,
2025-05-20 14:00:00,3262.41,3285.6,3260.56,3282.35,
2025-05-20 15:00:00,3282.66,3283.46,3273.36,3277.07,
2025-05-20 16:00:00,3277.09,3282.41,3275.16,3278.76,
2025-05-20 17:00:00,3278.85,3287.75,3278.1,3286.34,
2025-05-20 18:00:00,3286.35,3289.61,3284.1,3287.58,
2025-05-20 19:00:00,3287.53,3294.95,3286.9,3293.92,
2025-05-20 20:00:00,3294.11,3295.54,3284.8,3285.1,
2025-05-20 21:00:00,3285.4,3291.1,3284.6,3285.5,
2025-05-20 22:00:00,3288.59,3303.81,3288.59,3296.74,
2025-05-20 23:00:00,3296.61,3296.68,3288.54,3290.63,
2025-05-21 00:00:00,3290.3,3304.17,3288.91,3303.4,
2025-05-21 01:00:00,3303.41,3314.4,3285.57,3294.5,
2025-05-21 02:00:00,3294.42,3304.98,3288.8,3301.67,
2025-05-21 03:00:00,3301.7,3309.6,3299.09,3307.45,
2025-05-21 04:00:00,3307.46,3308.18,3301.4,3302.03,
2025-05-21 05:00:00,3301.97,3319.57,3298.35,3316.31,
2025-05-21 06:00:00,3316.32,3320.49,3311,3319.97,
2025-05-21 07:00:00,3319.9,3319.9,3307.96,3309.68,
2025-05-21 08:00:00,3310.08,3312.17,3303.92,3308.31,
2025-05-21 09:00:00,3308.27,3313.53,3307.03,3313.43,
2025-05-21 10:00:00,3313.65,3318.17,3308.54,3311.74,
2025-05-21 11:00:00,3311.91,3316.27,3306.54,3311.17,
2025-05-21 12:00:00,3311.28,3312.49,3290.75,3302.49,
2025-05-21 13:00:00,3302.99,3309.29,3295.39,3303.45,
2025-05-21 14:00:00,3303.83,3307.55,3295.34,3304.35,
2025-05-21 15:00:00,3304.32,3315.11,3303.67,3311.75,
2025-05-21 16:00:00,3311.83,3314.45,3302.96,3303,
2025-05-21 17:00:00,3302.87,3316.4,3302.65,3316.4,
2025-05-21 18:00:00,3315.86,3316.24,3311.83,3314.23,
2025-05-21 19:00:00,3314.44,3324.65,3314.44,3318.11,
2025-05-21 20:00:00,3318.33,3319.56,3311.6,3315.56,
2025-05-21 21:00:00,3314.4,3314.4,3309.9,3312.4,
2025-05-21 22:00:00,3314,3321.1,3314,3317.93,
2025-05-21 23:00:00,3317.95,3324.07,3317.62,3320.18,
2025-05-22 00:00:00,3320.54,3325.9,3319.42,3323.68,
2025-05-22 01:00:00,3323.63,3342.79,3320.43,3338.05,
2025-05-22 02:00:00,3337.9,3344.66,3336.54,3341.07,
2025-05-22 03:00:00,3341.01,3345.31,3335.05,3335.28,
2025-05-22 04:00:00,3335.38,3339.15,3332.76,3338.57,
2025-05-22 05:00:00,3338.82,3339.4,3326.22,3332.37,
2025-05-22 06:00:00,3332.71,3335.5,3325.49,3326.38,
2025-05-22 07:00:00,3326.8,3331.04,3322.42,3327.52,
2025-05-22 08:00:00,3327.65,3329.74,3310.1,3311.19,
2025-05-22 09:00:00,3310.97,3313.71,3304.12,3304.62,
2025-05-22 10:00:00,3304.19,3307.37,3288.51,3289.66,
2025-05-22 11:00:00,3289.41,3314.57,3283,3314.55,
2025-05-22 12:00:00,3314.09,3314.44,3300.91,3303.98,
2025-05-22 13:00:00,3304.89,3315.56,3287,3287.46,
2025-05-22 14:00:00,3287.33,3304.36,3279.27,3296.86,
2025-05-22 15:00:00,3296.78,3298.56,3281.44,3294.6,
2025-05-22 16:00:00,3295,3304.65,3291.04,3301.46,
2025-05-22 17:00:00,3301.41,3301.66,3290.21,3296.58,
2025-05-22 18:00:00,3296.54,3298.82,3292.29,3293.71,
2025-05-22 19:00:00,3293.83,3296.98,3289.2,3290.2,
2025-05-22 20:00:00,3290.2,3298.8,3289.75,3294.79,
2025-05-22 21:00:00,3298.7,3303.4,3297.3,3302.3,
2025-05-22 22:00:00,3289.63,3299.16,3289.63,3297.45,
2025-05-22 23:00:00,3297.53,3301.77,3297.35,3299.94,
2025-05-23 00:00:00,3300.09,3308.81,3287,3300.79,
2025-05-23 01:00:00,3301.14,3306.34,3295.9,3305.07,
2025-05-23 02:00:00,3305.06,3305.08,3291.16,3297.3,
2025-05-23 03:00:00,3297.9,3305.3,3296.9,3304.1,
2025-05-23 04:00:00,3304.4,3315.3,3304.3,3313.7,
2025-05-23 05:00:00,3313.7,3323.9,3313,3322.6,
2025-05-23 06:00:00,3322.8,3334,3322.4,3329.59,
2025-05-23 07:00:00,3330.34,3335.6,3327.4,3331.4,
2025-05-23 08:00:00,3329.8,3330.1,3321.6,3326.34,
2025-05-23 09:00:00,3325.44,3332.4,3325.38,3328.64,
2025-05-23 10:00:00,3328.65,3330.97,3326.27,3326.3,
2025-05-23 11:00:00,3325.4,3344.5,3324,3342.2,
2025-05-23 12:00:00,3344.2,3356.2,3341.5,3352.7,
2025-05-23 13:00:00,3354.9,3359.6,3334.1,3337.1,
2025-05-23 14:00:00,3336.5,3354.52,3335.1,3354.12,
2025-05-23 15:00:00,3359.21,3359.99,3350.7,3356.4,
2025-05-23 16:00:00,3357.3,3362.45,3353,3360,
2025-05-23 17:00:00,3359.61,3366,3357.7,3357.8,
2025-05-23 18:00:00,3358.7,3364.78,3356.1,3364.04,
2025-05-23 19:00:00,3362.39,3365.49,3354,3355.4,
2025-05-23 20:00:00,3358,3360.5,3353.3,3355.9,
2025-05-23 21:00:00,3356.8,3356.9,3352.3,3352.6,
2025-05-23 22:00:00,3352.7,3356,3352.5,3352.8,
2025-05-23 23:00:00,3353.5,3353.5,3350.1,3350.4,
2025-05-24 00:00:00,3350.4,3357.7,3350.4,3355.4,
2025-05-24 01:00:00,3355.3,3357.9,3352.8,3352.9,
2025-05-24 02:00:00,3351.1,3356.4,3351.1,3355.7,
2025-05-24 03:00:00,3355.9,3356.4,3354.1,3354.1,
2025-05-24 04:00:00,3354.2,3356.9,3354.2,3356.6,
2025-05-24 05:00:00,3356.6,3359.2,3355.5,3357.6,
2025-05-24 06:00:00,3356.3,3358,3356.3,3357.4,
2025-05-24 07:00:00,3357.3,3358.2,3355.5,3357.9,
2025-05-24 08:00:00,3358.5,3358.5,3356.2,3358.3,
2025-05-24 09:00:00,3358.3,3359.5,3353.9,3354.7,
2025-05-24 10:00:00,3354.5,3357,3354.5,3354.5,
2025-05-24 11:00:00,3354.3,3355,3351.6,3352.2,
2025-05-24 12:00:00,3352.2,3356.1,3352.2,3355.3,
2025-05-24 13:00:00,3355.3,3356.1,3353.6,3355.7,
2025-05-25 14:00:00,3360.6,3362.1,3360,3360.3,
2025-05-25 15:00:00,3360.3,3364.5,3360.3,3361.6,
2025-05-25 16:00:00,3361.7,3362.7,3360,3362.3,
2025-05-25 17:00:00,3362.3,3363.8,3362.2,3362.9,
2025-05-25 18:00:00,3362.8,3363.7,3362.8,3363.2,
2025-05-25 19:00:00,3363.2,3363.2,3362.5,3362.6,
2025-05-25 20:00:00,3362.6,3362.6,3359.7,3359.7,
2025-05-25 22:00:00,3354.88,3356.04,3341.14,3344.22,
2025-05-25 23:00:00,3344.25,3350.5,3341.27,3342.47,
2025-05-26 00:00:00,3342.8,3346.01,3331.38,3341.99,
2025-05-26 01:00:00,3341.89,3347.49,3335.42,3345.02,
2025-05-26 02:00:00,3344.9,3356.51,3343.24,3348.01,
2025-05-26 03:00:00,3348,3349.88,3344.2,3347.66,
2025-05-26 04:00:00,3347.42,3350.86,3346.19,3349.84,
2025-05-26 05:00:00,3349.86,3351.7,3342.5,3347.28,
2025-05-26 06:00:00,3347.15,3347.44,3337.03,3337.33,
2025-05-26 07:00:00,3337.13,3338.57,3332.14,3337.24,
2025-05-26 08:00:00,3337.26,3339.51,3331.03,3334.49,
2025-05-26 09:00:00,3334.31,3335.95,3324,3328.44,
2025-05-26 10:00:00,3328.63,3333.45,3328.62,3331.46,
2025-05-26 11:00:00,3331.54,3334.25,3329.1,3332.99,
2025-05-26 12:00:00,3333.3,3334.92,3326.29,3334.24,
2025-05-26 13:00:00,3334.25,3338.83,3331.39,3338.3,
2025-05-26 14:00:00,3338.41,3341.28,3335.44,3337.15,
2025-05-26 15:00:00,3337.26,3339.5,3336.74,3337.76,
2025-05-26 16:00:00,3337.78,3343.32,3337.45,3341.93,
2025-05-26 17:00:00,3342.15,3343.32,3340.28,3341.08,
2025-05-26 18:00:00,3341.13,3344.8,3340.82,3343.5,
2025-05-26 19:00:00,3343.9,3346.6,3341.6,3346.1,
2025-05-26 20:00:00,3346,3346.7,3343.2,3346.6,
2025-05-26 21:00:00,3345.6,3349.1,3345.6,3347.1,
2025-05-26 22:00:00,3342.35,3348.77,3342.35,3347.61,
2025-05-26 23:00:00,3347.62,3348.44,3344.53,3346.07,
2025-05-27 00:00:00,3346.35,3349.92,3342.39,3344.99,
2025-05-27 01:00:00,3345.1,3347.16,3331.88,3335.86,
2025-05-27 02:00:00,3339.7,3347.3,3334.97,3347.3,
2025-05-27 03:00:00,3347.4,3353.6,3346.4,3347.5,
2025-05-27 04:00:00,3346,3346.1,3336.1,3336.3,
2025-05-27 05:00:00,3336.1,3342.7,3319.2,3327,
2025-05-27 06:00:00,3326.8,3329.8,3310.7,3313.3,
2025-05-27 07:00:00,3312.8,3315.2,3299.3,3301.6,
2025-05-27 08:00:00,3303.1,3312.3,3302.6,3303.5,
2025-05-27 09:00:00,3303.5,3311.4,3301.2,3305.1,
2025-05-27 10:00:00,3305.1,3306.7,3296.42,3300.1,
2025-05-27 11:00:00,3300.2,3303.9,3288.25,3295.1,
2025-05-27 12:00:00,3295.4,3302.4,3295.3,3299.1,
2025-05-27 13:00:00,3299.9,3305.2,3296,3298.6,
2025-05-27 14:00:00,3298.6,3303.4,3291,3301.3,
2025-05-27 15:00:00,3301.3,3302.1,3293.4,3295.2,
2025-05-27 16:00:00,3295.2,3298.7,3294.4,3297.1,
2025-05-27 17:00:00,3297.07,3303.1,3296.86,3300.3,
2025-05-27 18:00:00,3299.6,3305.9,3298.8,3302.9,
2025-05-27 19:00:00,3303.8,3307.94,3303.5,3304.4,
2025-05-27 20:00:00,3304.7,3305.6,3299.4,3299.7,
2025-05-27 21:00:00,3300,3300.5,3299.6,3299.9,
2025-05-27 22:00:00,3299.75,3305.72,3299.75,3303.16,
2025-05-27 23:00:00,3303.46,3310.87,3297.11,3309.26,
2025-05-28 00:00:00,3309.29,3315.65,3307.5,3307.5,
2025-05-28 01:00:00,3307.3,3309.79,3298.56,3301.7,
2025-05-28 02:00:00,3302.2,3312.7,3299.8,3302.33,
2025-05-28 03:00:00,3302.33,3305.6,3294.8,3300,
2025-05-28 04:00:00,3299.8,3299.8,3294.4,3296.1,
2025-05-28 05:00:00,3296.4,3312,3296.4,3309.4,
2025-05-28 06:00:00,3308.2,3309.9,3301.1,3309.1,
2025-05-28 07:00:00,3308.9,3322.5,3308.9,3320.8,
2025-05-28 08:00:00,3320.1,3323.9,3316.06,3323,
2025-05-28 09:00:00,3323.2,3325.27,3321.31,3324.06,
2025-05-28 10:00:00,3324.12,3324.18,3313.9,3316.2,
2025-05-28 11:00:00,3316.2,3323.5,3310.59,3313.7,
2025-05-28 12:00:00,3314.3,3316.2,3309.48,3314.2,
2025-05-28 13:00:00,3314.1,3317.5,3300.7,3308.9,
2025-05-28 14:00:00,3305.2,3315.8,3301.29,3302.55,
2025-05-28 15:00:00,3302.61,3303.3,3294.63,3296.09,
2025-05-28 16:00:00,3294.72,3303.3,3288.6,3291.52,
2025-05-28 17:00:00,3291.78,3301.9,3291.48,3299.9,
2025-05-28 18:00:00,3300.2,3303.7,3298.29,3301.59,
2025-05-28 19:00:00,3304.6,3306.8,3294.03,3297.82,
2025-05-28 20:00:00,3298,3299,3277,3291.4,
2025-05-28 21:00:00,3291.2,3291.3,3288.4,3288.4,
2025-05-28 22:00:00,3283.64,3294.06,3281.91,3286.52,
2025-05-28 23:00:00,3286.69,3287.52,3250.6,3259.73,
2025-05-29 00:00:00,3259.85,3272.3,3256.36,3267.6,
2025-05-29 01:00:00,3270.1,3270.1,3249.59,3267.2,
2025-05-29 02:00:00,3266.5,3277.7,3264.6,3274.1,
2025-05-29 03:00:00,3273.9,3282.4,3269.19,3278,
2025-05-29 04:00:00,3277.1,3278.3,3273.2,3273.4,
2025-05-29 05:00:00,3273.3,3274.5,3270.1,3272.8,
2025-05-29 06:00:00,3277.9,3280.2,3270.77,3275.4,
2025-05-29 07:00:00,3274.8,3283.4,3274.7,3279.37,
2025-05-29 08:00:00,3286.95,3289.16,3279.4,3281.66,
2025-05-29 09:00:00,3281.76,3282.66,3276.13,3279.93,
2025-05-29 10:00:00,3286,3305.2,3286,3296.52,
2025-05-29 11:00:00,3296.49,3305.36,3295.94,3301.1,
2025-05-29 12:00:00,3301.8,3315.7,3300.1,3315.6,
2025-05-29 13:00:00,3314.5,3322.4,3309.3,3313.7,
2025-05-29 14:00:00,3314.3,3319.9,3307.3,3314.5,
2025-05-29 15:00:00,3315.5,3321.29,3312.9,3320.86,
2025-05-29 16:00:00,3326.54,3328.34,3321.9,3322.6,
2025-05-29 17:00:00,3322.8,3324.01,3318.6,3322.16,
2025-05-29 18:00:00,3322.5,3322.5,3317.58,3319.9,
2025-05-29 19:00:00,3321.7,3322.1,3315.7,3316.5,
2025-05-29 20:00:00,3316.35,3320,3315.5,3317.95,
2025-05-29 21:00:00,3317.11,3321.8,3317.11,3321.6,
2025-05-29 22:00:00,3318.28,3320.67,3313.77,3314.33,
2025-05-29 23:00:00,3314.45,3317.12,3313,3315.53,
2025-05-30 00:00:00,3315.69,3318.35,3310.5,3311.7,
2025-05-30 01:00:00,3313.9,3323.8,3309,3310.27,
2025-05-30 02:00:00,3307.93,3310.6,3300.5,3301.1,
2025-05-30 03:00:00,3301,3305.6,3295.3,3297.6,
2025-05-30 04:00:00,3298.4,3299.2,3295.5,3298.1,
2025-05-30 05:00:00,3300.1,3308.8,3294.9,3307.8,
2025-05-30 06:00:00,3307.8,3309.8,3294.58,3301.65,
2025-05-30 07:00:00,3301.59,3302.1,3293.14,3296.07,
2025-05-30 08:00:00,3295.92,3303.9,3294.44,3294.73,
2025-05-30 09:00:00,3299.5,3302.6,3295.02,3295.55,
2025-05-30 10:00:00,3295.48,3317.9,3294.12,3303.3,
2025-05-30 11:00:00,3303.2,3309,3288.54,3293.1,
2025-05-30 12:00:00,3299.3,3312.7,3293.6,3310.9,
2025-05-30 13:00:00,3312.5,3313,3286.6,3287.2,
2025-05-30 14:00:00,3287.2,3298.2,3277.61,3282.62,
2025-05-30 15:00:00,3282.52,3299.2,3282.18,3295.6,
2025-05-30 16:00:00,3295.7,3299.8,3284.72,3287,
2025-05-30 17:00:00,3292.92,3299.1,3290.12,3291,
2025-05-30 18:00:00,3291.63,3299.1,3291.12,3293.78,
2025-05-30 19:00:00,3299.4,3299.4,3293.12,3297.8,
2025-05-30 20:00:00,3296.1,3297,3288.52,3288.52,
2025-05-30 21:00:00,3295.8,3300.2,3295.8,3297.8,
2025-05-30 22:00:00,3297.9,3301.1,3294.2,3294.8,
2025-05-30 23:00:00,3295,3297.4,3291.5,3295.4,
2025-05-31 00:00:00,3295.6,3297.6,3291.6,3294.9,
2025-05-31 01:00:00,3295.8,3297.8,3292.3,3292.6,
2025-05-31 02:00:00,3292.4,3299.7,3292,3296.8,
2025-05-31 03:00:00,3296.9,3299.3,3296.1,3297.7,
2025-05-31 04:00:00,3297.2,3299.1,3297.1,3298.3,
2025-05-31 05:00:00,3298.5,3299,3296.6,3297.2,
2025-05-31 06:00:00,3297.3,3297.3,3296.7,3296.7,
2025-05-31 07:00:00,3296.3,3296.7,3294.7,3295.1,
2025-05-31 08:00:00,3295.5,3297.3,3295.5,3296.4,
2025-05-31 09:00:00,3296.3,3296.3,3294.1,3294.2,
2025-05-31 10:00:00,3294.1,3294.3,3292.8,3292.8,
2025-05-31 11:00:00,3292.8,3294.5,3291.8,3292.5,
2025-05-31 12:00:00,3292.6,3295.6,3292.6,3293.1,
2025-05-31 13:00:00,3293,3293,3291.7,3291.8,
2025-06-01 14:00:00,3297.1,3297.1,3295.7,3296.2,
2025-06-01 15:00:00,3296.3,3297.8,3296.3,3297.8,
2025-06-01 16:00:00,3297.5,3298.5,3295.5,3295.5,
2025-06-01 22:00:00,3296.6,3314.85,3295.29,3313.03,
2025-06-01 23:00:00,3312.84,3316.6,3309.13,3310.13,
2025-06-02 00:00:00,3309.72,3316.4,3303.21,3311.26,
2025-06-02 01:00:00,3311.59,3313.69,3301.5,3303.52,
2025-06-02 02:00:00,3303.29,3311.49,3303.29,3307.28,
2025-06-02 03:00:00,3307.03,3311.2,3303.38,3311.2,
2025-06-02 04:00:00,3308.71,3318.08,3308.71,3313.77,
2025-06-02 05:00:00,3313.83,3325.52,3313.83,3323.65,
2025-06-02 06:00:00,3323.81,3345.23,3323.81,3344.38,
2025-06-02 07:00:00,3344.35,3358.75,3343.12,3352.57,
2025-06-02 08:00:00,3352.65,3356.32,3350,3352,
2025-06-02 09:00:00,3352.07,3352.31,3344.54,3348.26,
2025-06-02 10:00:00,3348.41,3351.25,3345.86,3348.59,
2025-06-02 11:00:00,3348.46,3360.3,3346.04,3356.2,
2025-06-02 12:00:00,3356.2,3363.42,3353.97,3355.32,
2025-06-02 13:00:00,3355.35,3376.2,3350.39,3371.8,
2025-06-02 14:00:00,3373.6,3379.8,3370.4,3377.5,
2025-06-02 15:00:00,3376.8,3378.9,3372.1,3374.6,
2025-06-02 16:00:00,3375.2,3379.3,3369.26,3369.49,
2025-06-02 17:00:00,3373.69,3377.2,3373.16,3373.35,
2025-06-02 18:00:00,3375.3,3379.93,3371.57,3379,
2025-06-02 19:00:00,3378.4,3382.3,3377.6,3380.6,
2025-06-02 20:00:00,3380.6,3382.66,3377,3381.02,
2025-06-02 21:00:00,3381.01,3382.8,3377.4,3380.3,
2025-06-02 22:00:00,3382.69,3391.24,3382.03,3389.93,
2025-06-02 23:00:00,3390.02,3392.07,3383.17,3387.4,
2025-06-03 00:00:00,3386.82,3388.6,3374,3375.84,
2025-06-03 01:00:00,3375.62,3375.76,3363.5,3372.68,
2025-06-03 02:00:00,3372.65,3377.94,3364.3,3368.73,
2025-06-03 03:00:00,3368.42,3369.48,3360,3362.1,
2025-06-03 04:00:00,3361.14,3365.12,3359.19,3362.66,
2025-06-03 05:00:00,3362.69,3367.72,3356.46,3364.95,
2025-06-03 06:00:00,3364.95,3367.28,3351.3,3358.81,
2025-06-03 07:00:00,3358.57,3361.13,3352.46,3359.56,
2025-06-03 08:00:00,3359.68,3364.69,3359.68,3361.19,
2025-06-03 09:00:00,3360.94,3362.62,3355,3356.79,
2025-06-03 10:00:00,3356.88,3358.56,3355,3355.43,
2025-06-03 11:00:00,3355.52,3360.5,3353.47,3359.23,
2025-06-03 12:00:00,3359.14,3363,3349.26,3359.28,
2025-06-03 13:00:00,3359.11,3362.92,3341,3345.3,
2025-06-03 14:00:00,3345.26,3350.8,3333.38,3346.62012,
2025-06-03 15:00:00,3346.3,3353,3344.18994,3350.32007,
2025-06-03 16:00:00,3350.46997,3353.46,3344.55,3348.36,
2025-06-03 17:00:00,3348.32,3354.45,3347.27,3353.05,
2025-06-03 18:00:00,3353.09,3353.71,3350.35,3353.57007,
2025-06-03 19:00:00,3353.5,3355.46997,3351.2,3352.49,
2025-06-03 20:00:00,3352.62,3355.16,3352.5,3354.3,
2025-06-03 21:00:00,3354.3,3358.4,3353.9,3356.7,
2025-06-03 22:00:00,3353.83,3358.45,3353.72,3357.01,
2025-06-03 23:00:00,3356.89,3361.39,3355.41992,3359.95,
2025-06-04 00:00:00,3360,3360.14,3349.94,3350.28,
2025-06-04 01:00:00,3350.1,3372.30005,3346.43,3370.58,
2025-06-04 02:00:00,3370.87988,3373.2,3363,3365.54004,
2025-06-04 03:00:00,3365.37,3367.36,3358.18,3359.20996,
2025-06-04 04:00:00,3359.21,3362.5,3352.39,3356.8,
2025-06-04 05:00:00,3354.85,3356.5,3347.92,3351.06,
2025-06-04 06:00:00,3351.01001,3359.7,3349.04,3355.74,
2025-06-04 07:00:00,3355.71,3365.18,3353.8,3354.53,
2025-06-04 08:00:00,3353.88,3364.13,3351.68,3362.67,
2025-06-04 09:00:00,3362.79,3365,3359.31,3363,
2025-06-04 10:00:00,3362.51,3363.77,3347.38,3350.84,
2025-06-04 11:00:00,3350.81,3351.85,3343.75,3346.43,
2025-06-04 12:00:00,3346.24,3360.66,3344.3,3358.82,
2025-06-04 13:00:00,3359.15,3362.29,3351,3352.47,
2025-06-04 14:00:00,3353.25,3384.66,3351.02,3377.29,
2025-06-04 15:00:00,3377.5,3378.79,3370,3371.58,
2025-06-04 16:00:00,3371.57,3376.2,3370.77,3374.93,
2025-06-04 17:00:00,3374.81,3380.67,3373.05,3379.03,
2025-06-04 18:00:00,3379.1,3381.98,3374.92,3376.04,
2025-06-04 19:00:00,3376.05,3376.17,3371.88,3373.63989,
2025-06-04 20:00:00,3373.79,3377.4,3370.72,3372.34,
2025-06-04 21:00:00,3376.5,3378.6,3376.3,3377.7,
2025-06-04 22:00:00,3372.03,3377.5,3372.03,3373.5,
2025-06-04 23:00:00,3373.57,3379.17993,3372.4,3377.79,
2025-06-05 00:00:00,3378.46,3381.75,3372.69995,3380.29,
2025-06-05 01:00:00,3380.19,3384.11011,3370.82007,3373.79,
2025-06-05 02:00:00,3373.66992,3374.95,3368.28,3370.97998,
2025-06-05 03:00:00,3370.89,3377.4,3369.37988,3369.82007,
2025-06-05 04:00:00,3369.73,3373.6,3364.08,3368.52002,
2025-06-05 05:00:00,3368.47,3372.4,3361.21,3364.47998,
2025-06-05 06:00:00,3364.35,3369.91,3363.85,3366,
2025-06-05 07:00:00,3365.57,3374.33,3365.25,3371.13,
2025-06-05 08:00:00,3371.33,3376.75,3369.67,3375.16,
2025-06-05 09:00:00,3375.29004,3391.16,3374,3389.61,
2025-06-05 10:00:00,3389.36,3400.41,3388.23,3399.87,
2025-06-05 11:00:00,3399.49,3403.33,3391.65,3392.19,
2025-06-05 12:00:00,3392.43,3399.89,3377.76,3382.8,
2025-06-05 13:00:00,3383.21,3388.18,3371.14,3378,
2025-06-05 14:00:00,3377.52,3383.05,3364,3367.64,
2025-06-05 15:00:00,3367.71997,3373.01,3339.5,3344.65,
2025-06-05 16:00:00,3344.23,3356.48999,3340.04,3353.9,
2025-06-05 17:00:00,3354.41992,3354.81006,3348.84,3353.97998,
2025-06-05 18:00:00,3353.94,3355.96,3350.56,3353.49,
2025-06-05 19:00:00,3353.57,3361.22,3352.83,3357.25,
2025-06-05 20:00:00,3357.62,3357.62,3351.86,3353,
2025-06-05 21:00:00,3353.1,3358.8,3352.2,3357.8,
2025-06-05 22:00:00,3353.91,3363.57007,3352.88,3359.07,
2025-06-05 23:00:00,3359.01001,3362.58,3357.28,3361.89,
2025-06-06 00:00:00,3361.53,3366.7,3357.63989,3359.36,
2025-06-06 01:00:00,3359.48999,3368.53,3356.26001,3363.81,
2025-06-06 02:00:00,3363.86,3367.1,3362.11,3363.9,
2025-06-06 03:00:00,3363.97,3371.8999,3359.42,3369.88989,
2025-06-06 04:00:00,3369.86,3374.51,3369.06,3373.66,
2025-06-06 05:00:00,3373.67,3375.45,3362.21,3366,
2025-06-06 06:00:00,3366.28,3366.87,3356,3360.77,
2025-06-06 07:00:00,3360.72,3362.28,3353,3359.4,
2025-06-06 08:00:00,3359.84,3367.66,3358.51,3365.25,
2025-06-06 09:00:00,3365.23,3365.23,3352.92,3356.6,
2025-06-06 10:00:00,3357.16,3360.75,3355.82,3360.52,
2025-06-06 11:00:00,3360.7,3364.15,3358.15,3358.28,
2025-06-06 12:00:00,3358.03,3363.63,3343.4,3353.22,
2025-06-06 13:00:00,3353.22,3360.78,3342.57,3342.86,
2025-06-06 14:00:00,3342.23,3344.62,3316.37,3326.1,
2025-06-06 15:00:00,3325.79,3336.66,3323.43,3332.07,
2025-06-06 16:00:00,3332.06,3332.54,3320.9,3322.59,
2025-06-06 17:00:00,3322.9,3326.7,3321.41,3323.5,
2025-06-06 18:00:00,3323.87,3323.87,3313.83008,3317.38,
2025-06-06 19:00:00,3317.47,3320.6,3311.21,3312.26,
2025-06-06 20:00:00,3312.68994,3319,3307.1,3310.1,
2025-06-06 21:00:00,3318.1,3320.3,3317.1,3317.7,
2025-06-06 22:00:00,3317.3,3318.4,3315.2,3317.5,
2025-06-06 23:00:00,3318.9,3320.6,3318,3318,
2025-06-07 00:00:00,3317.5,3319.6,3317.5,3319.6,
2025-06-07 01:00:00,3319.6,3319.6,3318.3,3318.3,
2025-06-07 02:00:00,3318.3,3319.9,3316.2,3319.7,
2025-06-07 03:00:00,3319.7,3320.3,3317.3,3317.7,
2025-06-07 04:00:00,3317.7,3317.7,3316.2,3316.7,
2025-06-07 05:00:00,3316.9,3319.3,3316.1,3319.3,
2025-06-07 06:00:00,3319.5,3319.9,3318.2,3319.9,
2025-06-07 07:00:00,3320,3323.5,3320,3323.5,
2025-06-07 08:00:00,3323.5,3323.7,3320.2,3323.4,
2025-06-07 09:00:00,3323.4,3323.4,3322,3323,
2025-06-07 10:00:00,3323,3324.7,3321.5,3321.5,
2025-06-07 11:00:00,3321.2,3322.2,3320.8,3320.8,
2025-06-07 12:00:00,3320.8,3320.8,3318.1,3318.4,
2025-06-07 13:00:00,3318.3,3318.3,3317.9,3317.9,
2025-06-08 14:00:00,3316,3319.8,3316,3319,
2025-06-08 15:00:00,3319,3321.1,3315.3,3316.8,
2025-06-08 16:00:00,3316.8,3318.8,3316.7,3316.8,
2025-06-08 17:00:00,3316.5,3316.5,3315.6,3315.8,
2025-06-08 18:00:00,3315.8,3321.6,3315.8,3321.4,
2025-06-08 19:00:00,3321.5,3321.5,3319.1,3319.1,
2025-06-08 22:00:00,3315,3321.23999,3309.22,3314.86,
2025-06-08 23:00:00,3314.64,3318.53,3313.38,3318.01,
2025-06-09 00:00:00,3318.19,3318.67,3298.35,3305.42,
2025-06-09 01:00:00,3305.90991,3313.6,3295.11,3295.84,
2025-06-09 02:00:00,3295.58,3307.49,3293.58,3305.45,
2025-06-09 03:00:00,3305.87,3311.96997,3304.28,3310.87012,
2025-06-09 04:00:00,3310.87,3313.47,3309.28,3311.73,
2025-06-09 05:00:00,3311.92,3316.61,3309.6,3314.67,
2025-06-09 06:00:00,3314.8,3324.8,3312.54004,3324.3,
2025-06-09 07:00:00,3323.95,3330.4,3321.51,3324.08,
2025-06-09 08:00:00,3324.32,3332.4,3320,3320,
2025-06-09 09:00:00,3319.91992,3325.5,3316.68,3318.61,
2025-06-09 10:00:00,3318.45,3319.61,3312.24,3314.82007,
2025-06-09 11:00:00,3314.75,3321.40991,3313.58,3317.35,
2025-06-09 12:00:00,3317.44,3322.37,3312.89,3319.96,
2025-06-09 13:00:00,3320.28,3321.79004,3310.9,3319.31006,
2025-06-09 14:00:00,3319.62988,3330,3315.98,3320.88989,
2025-06-09 15:00:00,3321.01001,3332.12012,3320.56006,3328.76001,
2025-06-09 16:00:00,3328.77002,3337.92993,3327.69995,3337.75,
2025-06-09 17:00:00,3338.13989,3338.20996,3333.040039,3333.63989,
2025-06-09 18:00:00,3333.59009,3337.02002,3332.63,3333.02,
2025-06-09 19:00:00,3333.18994,3335.28,3326,3327.28,
2025-06-09 20:00:00,3326.92,3329.55005,3325,3327.6,
2025-06-09 21:00:00,3327.2,3329.9,3324.4,3326.3,
2025-06-09 22:00:00,3325.97,3327.07,3321.56,3323.48,
2025-06-09 23:00:00,3323.56,3327.84009,3323.56,3326.8501,
2025-06-10 00:00:00,3326.73999,3326.73999,3314.63,3316.61,
2025-06-10 01:00:00,3316.71997,3319.91,3302.92,3306.22,
2025-06-10 02:00:00,3306.09,3311.3,3302.09,3309.44995,
2025-06-10 03:00:00,3309.21,3310.41,3305.1,3307.75,
2025-06-10 04:00:00,3307.54,3308.67,3302.92,3307.26,
2025-06-10 05:00:00,3307.26,3321.5,3306.77,3317.69,
2025-06-10 06:00:00,3317.95,3331.02,3315.53,3325.55,
2025-06-10 07:00:00,3325.45,3331.93,3324,3329.98,
2025-06-10 08:00:00,3330.08,3334.62,3326.05,3329.21,
2025-06-10 09:00:00,3329.13,3331.72,3327.02,3329.62,
2025-06-10 10:00:00,3329.8,3336.11,3328.28,3335.25,
2025-06-10 11:00:00,3335.28,3342.66,3332.39,3333.6,
2025-06-10 12:00:00,3333.77002,3340.17993,3328.48,3337.12,
2025-06-10 13:00:00,3336.98,3348.99,3335.6,3343.68994,
2025-06-10 14:00:00,3343.69995,3343.76001,3325.41,3328.40991,
2025-06-10 15:00:00,3328.38,3329.34009,3323.09,3326.52,
2025-06-10 16:00:00,3326.47,3327.6,3320.05,3321,
2025-06-10 17:00:00,3321.21,3325.76,3320.4,3324.73,
2025-06-10 18:00:00,3324.65,3325.34,3319.39,3321.47,
2025-06-10 19:00:00,3321.49,3334.55005,3321.33,3328.76001,
2025-06-10 20:00:00,3328.71,3328.71,3321.4,3323.47,
2025-06-10 21:00:00,3321.7,3322.6,3319.5,3322.1,
2025-06-10 22:00:00,3323.39,3327.47998,3320.83,3324.4,
2025-06-10 23:00:00,3324.59009,3328.05,3315.45,3327.9,
2025-06-11 00:00:00,3328.05,3335.14,3325.28003,3332.39,
2025-06-11 01:00:00,3332.36,3337.52002,3327.71997,3328.66,
2025-06-11 02:00:00,3328.39,3339.49,3327.27002,3338.19,
2025-06-11 03:00:00,3338.32,3341.52,3336.55005,3339.16,
2025-06-11 04:00:00,3339.33,3342.9,3337.02002,3341.8,
2025-06-11 05:00:00,3341.79,3343.12,3335.51,3339.7,
2025-06-11 06:00:00,3339.64,3340.18,3332.42,3337.06,
2025-06-11 07:00:00,3337.22,3348.46,3335.42,3345.61,
2025-06-11 08:00:00,3345.16,3346.61,3342.6,3344.39,
2025-06-11 09:00:00,3344.21,3344.5,3332,3333.64,
2025-06-11 10:00:00,3333.8,3336.67,3328.76,3329.78,
2025-06-11 11:00:00,3329.8,3335.12,3326.12,3333.06,
2025-06-11 12:00:00,3333.17,3360.6,3327.56006,3336.61,
2025-06-11 13:00:00,3336.67,3344.4,3328.06,3329.68,
2025-06-11 14:00:00,3329.17,3341.09,3328.5,3337.42,
2025-06-11 15:00:00,3337.47,3342.61,3329.58,3333.17993,
2025-06-11 16:00:00,3333.1,3334.5,3328.15,3330.12,
2025-06-11 17:00:00,3330.13,3331.13,3319.87012,3324.16,
2025-06-11 18:00:00,3324.36,3347.03,3323.74,3343.93994,
2025-06-11 19:00:00,3344.41,3349.06,3342.26,3346.61,
2025-06-11 20:00:00,3346.97,3355.32,3346.5,3352.3,
2025-06-11 21:00:00,3352.3,3357.2,3350.4,3353.9,
2025-06-11 22:00:00,3356.04,3369.7,3356,3368.82,
2025-06-11 23:00:00,3368.81,3373.24,3357.65,3365.42,
2025-06-12 00:00:00,3365.72,3371.34009,3362.33,3365.71,
2025-06-12 01:00:00,3365.81,3376.65,3362.53,3370.98,
2025-06-12 02:00:00,3370.94,3377.78,3368.94,3374.62,
2025-06-12 03:00:00,3374.55,3376.58,3368.5,3370.2,
2025-06-12 04:00:00,3373.52,3373.72,3368.7,3370.3,
2025-06-12 05:00:00,3369.75,3375.72,3368,3374.4,
2025-06-12 06:00:00,3374.35,3375.45,3365.2,3374.75,
2025-06-12 07:00:00,3374.63,3375.15,3338.68,3346.03,
2025-06-12 08:00:00,3346.55,3361.16992,3346.55,3356.73,
2025-06-12 09:00:00,3356.34,3367.86,3355.39,3365.29,
2025-06-12 10:00:00,3365.37,3385.76,3362.43,3382.49,
2025-06-12 11:00:00,3382.61,3388.53,3373.09,3379.2,
2025-06-12 12:00:00,3379.19,3390.21,3376.37,3388.18,
2025-06-12 13:00:00,3388.18,3398.78,3379.49,3392.03,
2025-06-12 14:00:00,3391.88,3392.69,3383.28003,3383.93994,
2025-06-12 15:00:00,3383.72,3390.24,3377.82,3385.83008,
2025-06-12 16:00:00,3385.90991,3391.12,3381,3383.7,
2025-06-12 17:00:00,3384.19995,3384.93,3378.04,3382.54,
2025-06-12 18:00:00,3382.5,3386.18,3381.81,3385.84,
2025-06-12 19:00:00,3385.67,3389.3,3384.75,3388.27,
2025-06-12 20:00:00,3388.51,3388.9,3381.9,3381.9,
2025-06-12 21:00:00,3382,3388.4,3381.3,3385.2,
2025-06-12 22:00:00,3386,3386.33,3379.82,3383.43,
2025-06-12 23:00:00,3383.58,3396.27,3382.64,3395.77,
2025-06-13 00:00:00,3396.15,3420.01001,3391.67,3416.37,
2025-06-13 01:00:00,3417.080078,3433.18,3413.8,3427.58,
2025-06-13 02:00:00,3427.34,3444.05,3424.91,3441.17,
2025-06-13 03:00:00,3441.18,3444.21,3423.88989,3426.86,
2025-06-13 04:00:00,3425.57,3430.3501,3423,3425.25,
2025-06-13 05:00:00,3425.21,3429.6,3418.20996,3426.12,
2025-06-13 06:00:00,3426.16,3429.3,3408.28,3416.13,
2025-06-13 07:00:00,3416.87,3418.84,3408.11011,3414.86,
2025-06-13 08:00:00,3415.01001,3426,3414.25,3424.41992,
2025-06-13 09:00:00,3424.28,3427.16,3420.04,3424.19,
2025-06-13 10:00:00,3424.21,3427.5,3411.6,3415.75,
2025-06-13 11:00:00,3415.99,3422.88,3412.44,3422.13,
2025-06-13 12:00:00,3422.34,3438.01,3421.96,3436.74,
2025-06-13 13:00:00,3436.27,3446.58,3433.94,3436.87,
2025-06-13 14:00:00,3437.11011,3439.82,3423.96997,3427.84,
2025-06-13 15:00:00,3427.77,3430.19,3421,3426.23,
2025-06-13 16:00:00,3426.55,3431.07,3419.22,3430.09,
2025-06-13 17:00:00,3430.29,3433.44,3427.45,3430.35,
2025-06-13 18:00:00,3430.84,3439.39,3428.71,3436.57,
2025-06-13 19:00:00,3436.91992,3438.04,3431.69,3432.27,
2025-06-13 20:00:00,3432.48,3434.64,3428.96,3432.19,
2025-06-13 21:00:00,3436.2,3439.7,3434.7,3439.7,
2025-06-13 22:00:00,3439.7,3447.7,3434.8,3436.3,
2025-06-13 23:00:00,3436.1,3440.4,3435.5,3437.7,
2025-06-14 00:00:00,3437.6,3438.5,3435.4,3436.4,
2025-06-14 01:00:00,3435.9,3437.9,3434.2,3435.9,
2025-06-14 02:00:00,3436.6,3438.8,3434,3435.1,
2025-06-14 03:00:00,3434.7,3435.3,3433.6,3433.6,
2025-06-14 04:00:00,3433.9,3435.4,3433.9,3435.1,
2025-06-14 05:00:00,3433.9,3434.5,3432.2,3432.2,
2025-06-14 06:00:00,3430.1,3433,3430,3433,
2025-06-14 07:00:00,3434.8,3435.6,3431.1,3432.4,
2025-06-14 08:00:00,3432.4,3435,3431.4,3434.7,
2025-06-14 09:00:00,3435.4,3437.9,3430,3437.4,
2025-06-14 10:00:00,3437.1,3438.5,3435.1,3437.7,
2025-06-14 11:00:00,3438.2,3438.8,3437.4,3437.4,
2025-06-14 12:00:00,3436.6,3436.6,3432.1,3432.1,
2025-06-14 13:00:00,3432.4,3438.6,3432.3,3438.1,
2025-06-15 14:00:00,3453.7,3458.1,3453.6,3457.7,
2025-06-15 22:00:00,3446,3450.97,3434,3448.33,
2025-06-15 23:00:00,3448.59,3455.7,3439.43,3444.09,
2025-06-16 00:00:00,3444.48,3451.18,3434.24,3436.8,
2025-06-16 01:00:00,3436.37012,3443.1,3433.32007,3441.45,
2025-06-16 02:00:00,3441.52002,3452.5,3437.87,3438.29,
2025-06-16 03:00:00,3437.92,3439.54,3429.3,3431.45,
2025-06-16 04:00:00,3431.54,3434.7,3426.85,3427.43,
2025-06-16 05:00:00,3427.62,3430.5,3417.85,3421.52,
2025-06-16 06:00:00,3421.34,3421.34,3413,3418.26,
2025-06-16 07:00:00,3417.84009,3419.63,3409.52,3412.52,
2025-06-16 08:00:00,3412.66,3420.9,3409.73,3413.95996,
2025-06-16 09:00:00,3413.94995,3419.46,3411.95,3412.03,
2025-06-16 10:00:00,3412.35,3421.25,3410.9,3421.06,
2025-06-16 11:00:00,3421.23,3422.51,3410.9,3415.18994,
2025-06-16 12:00:00,3415.57,3417.79004,3411,3415.55,
2025-06-16 13:00:00,3415.57,3417.98999,3383.78,3387.56006,
2025-06-16 14:00:00,3388.12988,3399.25,3387.5,3396.94,
2025-06-16 15:00:00,3397.32,3405.42,3397.32,3404.51,
2025-06-16 16:00:00,3404.57,3404.78,3397.35,3399.38,
2025-06-16 17:00:00,3399.51001,3400.18,3391.03,3392.6,
2025-06-16 18:00:00,3392.64,3393.91,3383.9,3385.55,
2025-06-16 19:00:00,3385,3388.48,3383,3384,
2025-06-16 20:00:00,3384.04,3386,3383,3383.53,
2025-06-16 21:00:00,3384.6,3393.8,3384.3,3393.8,
2025-06-16 22:00:00,3384.49,3398.4,3384.49,3395.48,
2025-06-16 23:00:00,3395.42,3402.94995,3393.06,3402.8999,
2025-06-17 00:00:00,3402.83,3403.21,3391.73,3394.46,
2025-06-17 01:00:00,3394.81006,3402.4,3393.29,3393.61,
2025-06-17 02:00:00,3393.69,3400.31,3388.80005,3390.18994,
2025-06-17 03:00:00,3389.92,3392.5,3373.94,3386.95,
2025-06-17 04:00:00,3387.61011,3396.07,3386.98,3393.99,
2025-06-17 05:00:00,3393.95,3395.4,3390.63,3392.57,
2025-06-17 06:00:00,3392.43,3392.43,3381.03,3385.51,
2025-06-17 07:00:00,3385.15,3391.56,3383.1,3387.7,
2025-06-17 08:00:00,3387.5,3388.49,3378,3379.13,
2025-06-17 09:00:00,3378.54,3385.83,3375.83,3385.56,
2025-06-17 10:00:00,3385.64,3398.63989,3385.29,3398.06,
2025-06-17 11:00:00,3398.48,3399.92,3388.21,3388.51,
2025-06-17 12:00:00,3388.32,3391.17,3383.49,3386.71,
2025-06-17 13:00:00,3386.39,3398.6,3386.040039,3390.46,
2025-06-17 14:00:00,3390.46,3391.77002,3366.09,3384.96,
2025-06-17 15:00:00,3384.91,3388.22,3372.78,3379.28,
2025-06-17 16:00:00,3379.3,3385.84,3376.61,3382.87988,
2025-06-17 17:00:00,3382.81,3391.14,3381.56006,3390.28,
2025-06-17 18:00:00,3390.58,3392.44,3382.38,3382.69,
2025-06-17 19:00:00,3383.1001,3386.24,3382.38,3385.6,
2025-06-17 20:00:00,3385.66,3391.1,3383.49,3387.3,
2025-06-17 21:00:00,3388.7,3398.4,3388.7,3396.2,
2025-06-17 22:00:00,3387,3396.36011,3387,3388.7,
2025-06-17 23:00:00,3389.08,3390.3999,3384.92,3387.3,
2025-06-18 00:00:00,3386.71997,3388.74,3383.01,3385.66,
2025-06-18 01:00:00,3386.04,3388.57,3378.63,3378.88,
2025-06-18 02:00:00,3378.56,3379.82007,3370.69,3379.57007,
2025-06-18 03:00:00,3379.6,3391.37,3379.57,3390.87,
2025-06-18 04:00:00,3391,3399.98,3389.38,3395.05,
2025-06-18 05:00:00,3395.21,3395.56,3384.16,3386.42,
2025-06-18 06:00:00,3386.24,3388,3379.53,3382.43,
2025-06-18 07:00:00,3382.25,3386,3377.01,3385.83,
2025-06-18 08:00:00,3385.3,3388.31,3382.57,3383.49,
2025-06-18 09:00:00,3383.57,3385.62012,3375.45,3378.06,
2025-06-18 10:00:00,3378.07,3382.4,3375.86,3380.11,
2025-06-18 11:00:00,3380.17,3386.97,3378.94,3382,
2025-06-18 12:00:00,3381.89,3389.71,3381.63,3386.65991,
2025-06-18 13:00:00,3386.61011,3396.62,3385.95996,3392.3999,
2025-06-18 14:00:00,3392.11,3392.24,3373.75,3387.030029,
2025-06-18 15:00:00,3387.18,3392.77,3381.31,3392.64,
2025-06-18 16:00:00,3392.66,3394.68994,3389.9,3390.91,
2025-06-18 17:00:00,3391.03,3391.18994,3384.36,3385.19,
2025-06-18 18:00:00,3384.62,3395.5,3378.53003,3379.21997,
2025-06-18 19:00:00,3378.87988,3378.94995,3363.1499,3366.75,
2025-06-18 20:00:00,3366.57007,3372.6,3362.68994,3372.1,
2025-06-18 21:00:00,3371.9,3378.9,3371.8,3375.9,
2025-06-18 22:00:00,3369.62,3379.71,3369.62,3375.14,
2025-06-18 23:00:00,3375.09,3376.93,3370.69,3375.01,
2025-06-19 00:00:00,3374.92,3383.38,3374.71,3379.59009,
2025-06-19 01:00:00,3382.4,3389.2,3377.39,3379.77002,
2025-06-19 02:00:00,3374.48999,3382.4,3374.29004,3376.79004,
2025-06-19 03:00:00,3376.81006,3378.8,3369.77002,3373.76001,
2025-06-19 04:00:00,3377,3377.3,3372.34009,3374.58008,
2025-06-19 05:00:00,3374.57007,3376.7,3365.2,3367.1,
2025-06-19 06:00:00,3367.9,3367.9,3347.72998,3356.46,
2025-06-19 07:00:00,3357.48999,3369.16992,3354.59009,3366.030029,
2025-06-19 08:00:00,3370.1,3374.6,3362.42993,3374.2,
2025-06-19 09:00:00,3368.81006,3376.7,3363.77002,3370.18,
2025-06-19 10:00:00,3370.32,3379.6,3369.07,3379.6,
2025-06-19 11:00:00,3379.8,3379.8,3370.41,3371.55,
2025-06-19 12:00:00,3367.52,3372.6,3366.030029,3367.83,
2025-06-19 13:00:00,3367.47,3373.12988,3361.63989,3369.56006,
2025-06-19 14:00:00,3369.55005,3370.96997,3361.77002,3364.70996,
2025-06-19 15:00:00,3364.70996,3378,3362.94995,3376.9,
2025-06-19 16:00:00,3376.3,3377.8,3366.20996,3371.27002,
2025-06-19 17:00:00,3377.7,3380.3,3366.12012,3368.3999,
2025-06-19 18:00:00,3368.25,3378.2,3366.88989,3378.2,
2025-06-19 19:00:00,3378.9,3383.1,3378.9,3381.9,
2025-06-19 20:00:00,3381.8,3381.8,3380.9,3381.2,
2025-06-19 21:00:00,3381.3,3381.3,3378,3379.2,
2025-06-19 22:00:00,3368.76,3370.09,3361.89,3365.72998,
2025-06-19 23:00:00,3365.87,3370.36,3363.6,3368.49,
2025-06-20 00:00:00,3368.43,3370.27,3364.7,3368.03,
2025-06-20 01:00:00,3367.7,3368.23,3356,3356.3,
2025-06-20 02:00:00,3356.27,3360.55,3351.81,3352.44,
2025-06-20 03:00:00,3352.47,3355.94,3345,3355.94,
2025-06-20 04:00:00,3355.35,3357.59,3352.51,3354.23,
2025-06-20 05:00:00,3354.23,3354.98,3342.65,3344.7,
2025-06-20 06:00:00,3344.32,3348.8,3340.32,3345.43,
2025-06-20 07:00:00,3345.25,3355.22,3343.37,3347.62,
2025-06-20 08:00:00,3347.45,3352.46997,3346.69,3350.93,
2025-06-20 09:00:00,3350.7,3359.2,3349.26,3355.13,
2025-06-20 10:00:00,3355.36,3357.83,3354.92,3355.29,
2025-06-20 11:00:00,3355.35,3356.080078,3346.96,3346.96,
2025-06-20 12:00:00,3347.14,3350.58,3342.22,3344.58008,
2025-06-20 13:00:00,3344.70996,3371.3,3343.1499,3370.17,
2025-06-20 14:00:00,3370.58008,3378.9,3366.32007,3375.2,
2025-06-20 15:00:00,3376.6,3377.4,3366.01001,3369.68,
2025-06-20 16:00:00,3370.09,3379.3,3369.070068,3371.64,
2025-06-20 17:00:00,3370.55005,3376,3366.6499,3367.43994,
2025-06-20 18:00:00,3367.8501,3371.6,3364.68994,3366.59009,
2025-06-20 19:00:00,3366.78003,3374.4,3364.9,3365.41992,
2025-06-20 20:00:00,3366.3999,3373.9,3364.79004,3368.76,
2025-06-20 21:00:00,3373.4,3381.9,3373.4,3380.9,
2025-06-20 22:00:00,3381,3381,3374.7,3377.2,
2025-06-20 23:00:00,3377,3379.9,3375.4,3379,
2025-06-21 00:00:00,3378.9,3378.9,3374.7,3378.2,
2025-06-21 01:00:00,3379.6,3379.6,3379.6,3379.6,
2025-06-21 02:00:00,3378.6,3379.2,3378.6,3379.2,
2025-06-21 03:00:00,3376.7,3376.7,3373.2,3375,
2025-06-21 04:00:00,3375.8,3378.6,3374.8,3378.6,
2025-06-21 05:00:00,3379.4,3379.4,3375.9,3378.8,
2025-06-21 06:00:00,3379.4,3380.8,3377.5,3378.8,
2025-06-21 07:00:00,3378.8,3380.1,3378.8,3380.1,
2025-06-21 08:00:00,3378.7,3379,3377.4,3379,
2025-06-21 09:00:00,3378.9,3380.2,3377.6,3380.1,
2025-06-21 10:00:00,3380.5,3381,3376.2,3376.4,
2025-06-21 11:00:00,3376.6,3377.4,3376.6,3377.4,
2025-06-21 12:00:00,3377.5,3378.4,3377.5,3378.2,
2025-06-21 13:00:00,3379.7,3381.3,3379.7,3380.3,
2025-06-22 14:00:00,3409.5,3426.8,3406.3,3426,
2025-06-22 15:00:00,3426.6,3434.2,3420.4,3428,
2025-06-22 16:00:00,3427.9,3432,3415.1,3418,
2025-06-22 17:00:00,3418.6,3422.5,3412,3418.5,
2025-06-22 18:00:00,3418.9,3425.1,3417.1,3420.5,
2025-06-22 19:00:00,3420.7,3423.6,3418,3419.6,
2025-06-22 20:00:00,3419.1,3427.2,3408.5,3413.8,
2025-06-22 21:00:00,3412.9,3419.5,3407.6,3418.5,
2025-06-22 22:00:00,3407.77,3407.77,3373,3378.96,
2025-06-22 23:00:00,3378.89,3380.18,3371.7,3372.81006,
2025-06-23 00:00:00,3372.89,3373.51,3358.92,3365.6,
2025-06-23 01:00:00,3366.01,3367.99,3352,3355.26,
2025-06-23 02:00:00,3355.16,3364.8,3354.89,3361.37,
2025-06-23 03:00:00,3361.57007,3373.3,3360.35,3363.29,
2025-06-23 04:00:00,3363.31,3365.12012,3356.68,3358.45,
2025-06-23 05:00:00,3358.9,3364,3347.02,3356.78,
2025-06-23 06:00:00,3356.95,3359.81,3352.62,3357.62,
2025-06-23 07:00:00,3357.45,3358.82007,3351.82007,3357.6499,
2025-06-23 08:00:00,3357.8999,3362.33008,3357.8999,3361.78,
2025-06-23 09:00:00,3361.95996,3369.080078,3361.70996,3366.62988,
2025-06-23 10:00:00,3366.80005,3368.22998,3364.050049,3367.8501,
2025-06-23 11:00:00,3367.96997,3382.01001,3367.96997,3380.68994,
2025-06-23 12:00:00,3381.050049,3381.050049,3356.060059,3360.57007,
2025-06-23 13:00:00,3360.1499,3391.8,3360.050049,3388.9,
2025-06-23 14:00:00,3380.96997,3391.3,3371.78003,3390.9,
2025-06-23 15:00:00,3390.5,3394.7,3386.050049,3387.11,
2025-06-23 16:00:00,3390.2,3396.7,3385.36011,3389.87988,
2025-06-23 17:00:00,3390.060059,3393.9,3380.9,3384.5,
2025-06-23 18:00:00,3384.2,3388.3,3377,3378.54004,
2025-06-23 19:00:00,3378.66992,3383.1,3375.81006,3378.6,
2025-06-23 20:00:00,3378.6,3378.6,3368.13989,3369.1001,
2025-06-23 21:00:00,3370.9,3383.3,3365.1,3380.4,
2025-06-23 22:00:00,3366.98,3369.55,3350.43994,3355.33,
2025-06-23 23:00:00,3355.35,3357.33,3341.55005,3344.47998,
2025-06-24 00:00:00,3344.51001,3355.030029,3333.3501,3351.090088,
2025-06-24 01:00:00,3352.1001,3357.4,3343.44995,3347.87988,
2025-06-24 02:00:00,3347.83008,3352.94995,3347,3351.95996,
2025-06-24 03:00:00,3351.93994,3362,3351.62012,3352.56006,
2025-06-24 04:00:00,3357.7,3357.8,3348.41992,3349.050049,
2025-06-24 05:00:00,3352.1,3353,3334.9,3338,
2025-06-24 06:00:00,3339.3,3339.3,3316.20996,3322.84009,
2025-06-24 07:00:00,3323.58008,3333.8,3319.81006,3328.24,
2025-06-24 08:00:00,3333.8,3337.7,3325.75,3330.3,
2025-06-24 09:00:00,3332.8,3333.5,3318.11011,3322.4,
2025-06-24 10:00:00,3322.3,3327.8,3320.33008,3325.63989,
2025-06-24 11:00:00,3325.62012,3332.2,3318,3321.25,
2025-06-24 12:00:00,3320.87988,3323.1,3304.68994,3320.5,
2025-06-24 13:00:00,3319.6,3321.8,3300.2,3305.8,
2025-06-24 14:00:00,3306,3313.9,3302.030029,3304.6499,
2025-06-24 15:00:00,3304.66992,3319.5,3299.91992,3313.32007,
2025-06-24 16:00:00,3315.9,3321,3311.41992,3318.32,
2025-06-24 17:00:00,3320.12012,3321.23999,3317.97998,3318.01001,
2025-06-24 18:00:00,3318.12012,3321.5,3316.080078,3317.32007,
2025-06-24 19:00:00,3319.7,3327.5,3316.3999,3325.5,
2025-06-24 20:00:00,3325.8,3329.3,3321.72998,3324.9,
2025-06-24 21:00:00,3325.5,3327.3,3320.5,3320.5,
2025-06-24 22:00:00,3320.4,3326.7,3320.4,3321.62012,
2025-06-24 23:00:00,3323.7,3326.5,3321.97998,3325.9,
2025-06-25 00:00:00,3326,3331.9,3325.040039,3329.2,
2025-06-25 01:00:00,3327.21997,3336.2,3326.48999,3336.2,
2025-06-25 02:00:00,3336.3,3336.3,3327.77,3329.5,
2025-06-25 03:00:00,3329.48999,3332.060059,3327.40991,3328.45996,
2025-06-25 04:00:00,3329.4,3331.2,3326.3,3327.55005,
2025-06-25 05:00:00,3329.3,3333.9,3326.80005,3333.9,
2025-06-25 06:00:00,3333.2,3337.3,3329.19995,3331.70996,
2025-06-25 07:00:00,3332.25,3337.2,3326.88989,3331.3,
2025-06-25 08:00:00,3331.6,3332.6,3327.18994,3327.43994,
2025-06-25 09:00:00,3327.3501,3327.3501,3321.65991,3325.33008,
2025-06-25 10:00:00,3325.38989,3329.6,3324.5,3324.55005,
2025-06-25 11:00:00,3325.3,3334.4,3322.6001,3323.6,
2025-06-25 12:00:00,3322.69995,3329.59009,3318.25,3320.70996,
2025-06-25 13:00:00,3320.73999,3321.67993,3313.41992,3315.5,
2025-06-25 14:00:00,3315.6,3326.2,3314,3323.58008,
2025-06-25 15:00:00,3323.57007,3327.1,3322.6,3325.71997,
2025-06-25 16:00:00,3325.90991,3334.87988,3324.7,3333.5,
2025-06-25 17:00:00,3334.93994,3335.38989,3324.80005,3328.11011,
2025-06-25 18:00:00,3328.9,3331.19995,3326.13,3330.7,
2025-06-25 19:00:00,3330.7,3335.59009,3330.7,3333.83008,
2025-06-25 20:00:00,3331.4,3335.66992,3331.4,3332.13989,
2025-06-25 21:00:00,3331.1,3333.1,3330.3,3333.1,
2025-06-25 22:00:00,3333.3,3334.88989,3331.3,3333.28003,
2025-06-25 23:00:00,3333.21997,3340,3332.91992,3339.12988,
2025-06-26 00:00:00,3339.070068,3339.37012,3332.6,3333.95996,
2025-06-26 01:00:00,3334.4,3336.8,3330.1499,3330.5,
2025-06-26 02:00:00,3330.5,3341.73999,3330.4,3339.54004,
2025-06-26 03:00:00,3337.2,3343.18994,3335.3,3338.040039,
2025-06-26 04:00:00,3338.1001,3338.17993,3332.2,3334.080078,
2025-06-26 05:00:00,3333.35,3338.37012,3332.45996,3334.8,
2025-06-26 06:00:00,3332.5,3340.51001,3331.56006,3339.87988,
2025-06-26 07:00:00,3340.19995,3347.22998,3340.01001,3346.22998,
2025-06-26 08:00:00,3343,3350.25,3343,3348.30005,
2025-06-26 09:00:00,3348.27002,3348.76001,3338.2,3340.72998,
2025-06-26 10:00:00,3340.70996,3343.57007,3338.040039,3343.41992,
2025-06-26 11:00:00,3343.37012,3344.22998,3331.70996,3332.91992,
2025-06-26 12:00:00,3333.45996,3343.1,3322.040039,3322.090088,
2025-06-26 13:00:00,3322.080078,3328.81006,3310,3319.98999,
2025-06-26 14:00:00,3319.97998,3325.3,3312.85,3318.5,
2025-06-26 15:00:00,3318.56006,3325.3,3318.56006,3324.55,
2025-06-26 16:00:00,3326.37012,3335.1,3325.70996,3331.48999,
2025-06-26 17:00:00,3331.47998,3337.3,3331.30005,3332.88989,
2025-06-26 18:00:00,3332.45996,3334.91992,3331.37012,3334.17993,
2025-06-26 19:00:00,3334.18994,3334.37012,3328.42993,3331.37012,
2025-06-26 20:00:00,3331.44995,3333.2,3327.78003,3328.09,
2025-06-26 21:00:00,3326.7,3329,3324.9,3325.9,
2025-06-26 22:00:00,3326.33,3327.8,3318.63,3321.35,
2025-06-26 23:00:00,3321.3,3323.58,3316.26,3318.66,
2025-06-27 00:00:00,3318.81,3319.72,3313.32,3318.98999,
2025-06-27 01:00:00,3318.8999,3323.8,3315.040039,3318.6499,
2025-06-27 02:00:00,3319.9,3323,3311.73,3314.3,
2025-06-27 03:00:00,3313.3,3315.3,3292.62988,3294.43994,
2025-06-27 04:00:00,3299.2,3302.1,3293.01001,3293.9,
2025-06-27 05:00:00,3294.02,3303.5,3293.44,3301.2,
2025-06-27 06:00:00,3300.7,3300.7,3287.62012,3294.94995,
2025-06-27 07:00:00,3294.22998,3294.3999,3284.41992,3284.42993,
2025-06-27 08:00:00,3285.1001,3294.7,3282.81006,3289.37012,
2025-06-27 09:00:00,3289.5,3294,3282.29004,3282.77002,
2025-06-27 10:00:00,3282.82007,3295.2,3279.77002,3285.68994,
2025-06-27 11:00:00,3285.8999,3292.1,3276.17993,3286.3,
2025-06-27 12:00:00,3286.4,3286.8,3271.18994,3277.3,
2025-06-27 13:00:00,3270.11011,3276.4,3255.97998,3274.3999,
2025-06-27 14:00:00,3274.46997,3282.2,3265.040039,3277.4,
2025-06-27 15:00:00,3278.4,3279.8,3273.17993,3274.70996,
2025-06-27 16:00:00,3274.77002,3280.6,3273.44995,3280.3,
2025-06-27 17:00:00,3280.3,3282.90991,3272.87988,3277.41992,
2025-06-27 18:00:00,3278.28003,3281.9,3270.58008,3275.8999,
2025-06-27 19:00:00,3276.16992,3276.57007,3268.4,3270.83008,
2025-06-27 20:00:00,3270.77002,3278.7,3270.53003,3278,
2025-06-27 21:00:00,3278.3,3282.5,3277.8,3282.4,
2025-06-27 22:00:00,3282.3,3282.9,3282.3,3282.8,
2025-06-27 23:00:00,3282.4,3282.6,3281.9,3282.2,
2025-06-28 00:00:00,3282.6,3283.5,3273.67,3283.3,
2025-06-28 01:00:00,3283.1,3283.1,3280.5,3280.7,
2025-06-28 02:00:00,3280.5,3283.3,3280.1,3282.4,
2025-06-28 03:00:00,3281.8,3283.7,3281.2,3281.5,
2025-06-28 04:00:00,3281.5,3282,3280.5,3282,
2025-06-28 05:00:00,3283.5,3284.1,3280.4,3281.2,
2025-06-28 06:00:00,3280.8,3282.4,3277.2,3278.2,
2025-06-28 07:00:00,3278.1,3279.5,3276,3277.1,
2025-06-28 08:00:00,3277.1,3280.9,3276.9,3280.9,
2025-06-28 09:00:00,3280.2,3280.4,3276.5,3278,
2025-06-28 10:00:00,3278.5,3278.5,3277.9,3278,
2025-06-28 11:00:00,3277.9,3278.2,3276.8,3277.1,
2025-06-28 12:00:00,3277.2,3278.6,3276.9,3278.6,
2025-06-28 13:00:00,3278.6,3284.3,3278.6,3284.3,
2025-06-29 14:00:00,3273.8,3273.8,3272,3272.3,
2025-06-29 15:00:00,3272.3,3272.6,3271.9,3271.9,
2025-06-29 16:00:00,3271.9,3272,3271.9,3272,
2025-06-29 22:00:00,3272.3,3280.89,3248.98,3263.66,
2025-06-29 23:00:00,3264.25,3270.83008,3262.84,3263.77,
2025-06-30 00:00:00,3263.47,3269.6,3262.80005,3264.55,
2025-06-30 01:00:00,3264.63,3275.87012,3259.53003,3273.94995,
2025-06-30 02:00:00,3273.92993,3283.41992,3273.87012,3280.3999,
2025-06-30 03:00:00,3280.050049,3282.79004,3277.97998,3279.030029,
2025-06-30 04:00:00,3279.070068,3286.33008,3277.1499,3285.75,
2025-06-30 05:00:00,3285.70996,3291.42993,3284.73999,3289.01001,
2025-06-30 06:00:00,3289.18994,3295.57007,3287.95996,3292.060059,
2025-06-30 07:00:00,3292.12012,3296.88989,3290.81006,3293.5,
2025-06-30 08:00:00,3293.9,3296.6,3288.22,3289.1,
2025-06-30 09:00:00,3288.6,3288.6499,3277.65991,3287.91992,
2025-06-30 10:00:00,3287.89,3288.67,3282.47,3283.43,
2025-06-30 11:00:00,3283.28,3283.61,3274.70996,3277.83,
2025-06-30 12:00:00,3278.08,3288.93,3278.08,3281.96,
2025-06-30 13:00:00,3281.9,3288,3278.090088,3284.80005,
2025-06-30 14:00:00,3285.32007,3289.61011,3279.31006,3287.78003,
2025-06-30 15:00:00,3287.76001,3292.1,3283.87988,3289.68994,
2025-06-30 16:00:00,3289.82007,3297.51001,3289.26001,3297.47998,
2025-06-30 17:00:00,3297.3501,3298.61011,3292.8,3294.090088,
2025-06-30 18:00:00,3294.070068,3299.59009,3292.72998,3298.52002,
2025-06-30 19:00:00,3298.3,3307.43994,3298.1,3306.6,
2025-06-30 20:00:00,3308.66992,3309.21997,3302.36011,3302.90991,
2025-06-30 21:00:00,3305.4,3305.4,3300,3301.5,
2025-06-30 22:00:00,3303.8,3314.54004,3300.9,3308.3,
2025-06-30 23:00:00,3309.1,3312.59009,3307,3312.59009,
2025-07-01 00:00:00,3312.8501,3314.59009,3308.9,3314.52002,
2025-07-01 01:00:00,3315.28003,3321.02002,3311.7,3314.1,
2025-07-01 02:00:00,3314.1,3319.42993,3312.1,3312.9,
2025-07-01 03:00:00,3312.6,3322.63989,3312.6,3317.5,
2025-07-01 04:00:00,3318.6,3323.1001,3317.8,3318.9,
2025-07-01 05:00:00,3318.9,3330.27002,3318.9,3324.8,
2025-07-01 06:00:00,3325.2,3330.55005,3321.7,3327.2,
2025-07-01 07:00:00,3326.7,3338.18994,3326.7,3334.6,
2025-07-01 08:00:00,3334.6,3342.47998,3332.7,3339.62988,
2025-07-01 09:00:00,3334.3,3347.93994,3333.3,3345.8999,
2025-07-01 10:00:00,3345.86011,3349.32,3342.2,3344.8,
2025-07-01 11:00:00,3344.5,3352.37988,3342.5,3349.15991,
2025-07-01 12:00:00,3349.050049,3357.96997,3345.6,3354.61011,
2025-07-01 13:00:00,3354.72998,3355.6499,3341.1,3351.3999,
2025-07-01 14:00:00,3351.75,3354.5,3341.3,3346.01,
2025-07-01 15:00:00,3345.84009,3346.70996,3334.2,3340.29004,
2025-07-01 16:00:00,3340.53003,3343.5,3334.2,3341.84009,
2025-07-01 17:00:00,3341.77002,3342.20996,3334.3,3339.77002,
2025-07-01 18:00:00,3339.65991,3339.94995,3334.5,3338.02002,
2025-07-01 19:00:00,3338.11011,3340.13989,3336.2,3338.21997,
2025-07-01 20:00:00,3337.92993,3340.37012,3336.4,3336.4,
2025-07-01 21:00:00,3336.1,3336.1,3328.8,3328.8,
2025-07-01 22:00:00,3337.93,3343.67,3336.86,3341.52,
2025-07-01 23:00:00,3341.61,3341.73,3337,3337.92,
2025-07-02 00:00:00,3338.31,3345.060059,3334.95996,3338.88,
2025-07-02 01:00:00,3339.03,3342.82,3331,3332.32007,
2025-07-02 02:00:00,3332.09,3338.08,3328.83,3336.62,
2025-07-02 03:00:00,3336.80005,3341.17,3334.91,3338.4,
2025-07-02 04:00:00,3337.3,3341.42993,3335.8,3340.1001,
2025-07-02 05:00:00,3337.1,3342.33008,3333.1,3334.8,
2025-07-02 06:00:00,3338.91992,3339.43994,3326.7,3330.4,
2025-07-02 07:00:00,3328,3334.2,3325.7,3331.4,
2025-07-02 08:00:00,3330.8,3337.3999,3329.3,3330.1,
2025-07-02 09:00:00,3330.8,3342.17993,3327.9,3341.82007,
2025-07-02 10:00:00,3341.94995,3345.6499,3336.9,3344.42993,
2025-07-02 11:00:00,3344.45996,3347.66992,3337.8,3339.4,
2025-07-02 12:00:00,3340.1,3351.12988,3336.9,3344.4,
2025-07-02 13:00:00,3343.6,3346.6001,3332.5,3337.58008,
2025-07-02 14:00:00,3335.1,3340.78003,3330,3338.2,
2025-07-02 15:00:00,3339.3,3343.45996,3335.4,3340.97998,
2025-07-02 16:00:00,3341.28003,3348.11011,3337.8,3342.5,
2025-07-02 17:00:00,3343.5,3349.96997,3342.8,3349.75,
2025-07-02 18:00:00,3349.56006,3352.8501,3346.1,3348.8,
2025-07-02 19:00:00,3349.4,3357.33008,3349.2,3352.6,
2025-07-02 20:00:00,3352.6,3359.060059,3351.1,3352,
2025-07-02 21:00:00,3352,3353.2,3349.4,3349.7,
2025-07-02 22:00:00,3357.95,3365.61,3352.5,3361.85,
2025-07-02 23:00:00,3361.92,3362.19,3348.83,3349.44995,
2025-07-03 00:00:00,3349.77,3349.77,3340.2,3340.3,
2025-07-03 01:00:00,3340.6,3346.25,3338.5,3346.060059,
2025-07-03 02:00:00,3346.11011,3348.31006,3341.5,3346.5,
2025-07-03 03:00:00,3346.5,3350.53003,3342.4,3347.53003,
2025-07-03 04:00:00,3347.58008,3350.73999,3344.5,3346.5,
2025-07-03 05:00:00,3346.1,3357.51001,3345.4,3354.5,
2025-07-03 06:00:00,3354.6,3361.77002,3351.9,3356.9,
2025-07-03 07:00:00,3356.7,3362.91992,3348.4,3353.1499,
2025-07-03 08:00:00,3349.1,3358.28003,3347.7,3356.28003,
2025-07-03 09:00:00,3356.20996,3356.3501,3339.2,3342.2,
2025-07-03 10:00:00,3341.5,3352.1,3340.7,3349,
2025-07-03 11:00:00,3348.8,3350.91,3343.06,3346.07,
2025-07-03 12:00:00,3345.9,3352.33,3311.66,3324.25,
2025-07-03 13:00:00,3324.01,3338.34,3322.07,3331.81,
2025-07-03 14:00:00,3331.6,3334.59,3323.67,3324.76001,
2025-07-03 15:00:00,3324.73999,3331.43,3323.20996,3328.12988,
2025-07-03 16:00:00,3328.31006,3334.65,3325.66,3333.9,
2025-07-03 17:00:00,3333.92,3334.8,3327.1,3329.05,
2025-07-03 18:00:00,3328.97,3330.22,3326.1,3329.19995,
2025-07-03 19:00:00,3329.12,3329.51,3327.01,3328.7,
2025-07-03 20:00:00,3328.81006,3328.95996,3323.5,3323.9,
2025-07-03 21:00:00,3323.5,3325.8,3322.7,3325.8,
2025-07-03 22:00:00,3325.15,3329.6499,3323.38,3329.1,
2025-07-03 23:00:00,3329.07,3332.080078,3325.6,3330.86,
2025-07-04 00:00:00,3330.68,3331.07,3325.76,3328.94,
2025-07-04 01:00:00,3328.9,3334.26,3326.54,3330.12988,
2025-07-04 02:00:00,3329.87,3332.34,3327.1,3327.3,
2025-07-04 03:00:00,3327.29,3339,3326.19,3334.5,
2025-07-04 04:00:00,3338.22,3342.26001,3336.3,3340.9,
2025-07-04 05:00:00,3340.92,3342.21997,3337,3339.41,
2025-07-04 06:00:00,3339.55,3344.98,3338.4,3342.55005,
2025-07-04 07:00:00,3342.61,3343.61,3336.6,3342.91,
2025-07-04 08:00:00,3342.98,3344.2,3340.84,3342.79,
2025-07-04 09:00:00,3342.68,3343.04,3333.02,3334.42,
2025-07-04 10:00:00,3334.42,3338,3331.45,3336.73,
2025-07-04 11:00:00,3336.77,3337.79,3334.4,3334.7,
2025-07-04 12:00:00,3334.54,3337.78,3331.5,3333.9,
2025-07-04 13:00:00,3334,3338.060059,3332.3,3333.85,
2025-07-04 14:00:00,3333.71,3334.28003,3330.86,3333.22,
2025-07-04 15:00:00,3333.33,3333.92993,3330.2,3332.32,
2025-07-04 16:00:00,3332.21,3337.44995,3332.21,3335,
2025-07-04 17:00:00,3335.24,3335.24,3335,3335,
2025-07-04 18:00:00,3335,3336.8,3335,3336.7,
2025-07-04 19:00:00,3336.8,3338.3,3335.7,3338,
2025-07-04 20:00:00,3337.6,3337.6,3336.4,3336.8,
2025-07-04 21:00:00,3335.24,3337.6,3335.24,3336.5,
2025-07-04 22:00:00,3336.9,3339.4,3335.24,3339.1,
2025-07-04 23:00:00,3339.1,3339.1,3335.24,3335.24,
2025-07-05 00:00:00,3338.2,3339.8,3338.2,3339.1,
2025-07-05 01:00:00,3338.9,3339.1,3338.9,3339,
2025-07-05 02:00:00,3338.9,3339,3338.9,3339,
2025-07-05 03:00:00,3338.9,3338.9,3335.6,3336.9,
2025-07-05 04:00:00,3336.9,3336.9,3331.3,3333.9,
2025-07-05 05:00:00,3335.1,3339.3,3334.2,3335.7,
2025-07-05 06:00:00,3334.8,3335.8,3332.8,3335.1,
2025-07-05 07:00:00,3334.8,3335.2,3334.2,3334.3,
2025-07-05 08:00:00,3333.9,3334.8,3333.9,3334.7,
2025-07-05 09:00:00,3335.4,3336.7,3335.3,3335.6,
2025-07-05 10:00:00,3337.2,3337.2,3335.7,3335.7,
2025-07-05 11:00:00,3336,3336.9,3335.3,3335.3,
2025-07-05 12:00:00,3335.4,3335.7,3334.3,3335.5,
2025-07-05 13:00:00,3335.9,3336.7,3335.5,3336.7,
2025-07-06 14:00:00,3335.2,3335.4,3334,3334.9,
2025-07-06 15:00:00,3334.7,3334.7,3332.3,3334.4,
2025-07-06 16:00:00,3334.4,3335,3332.4,3332.5,
2025-07-06 17:00:00,3333.1,3339.5,3332.1,3334.5,
2025-07-06 18:00:00,3334.4,3335.4,3334,3334.1,
2025-07-06 19:00:00,3334.6,3334.6,3334.6,3334.6,
2025-07-06 22:00:00,3334.01,3342.05,3332.37,3333.2,
2025-07-06 23:00:00,3333.58008,3334.65991,3326.29,3328.8,
2025-07-07 00:00:00,3328.92,3329.38,3321.7,3326.47,
2025-07-07 01:00:00,3326.38,3327.55,3306.88,3316.48,
2025-07-07 02:00:00,3316.79,3317.68,3306,3308.82,
2025-07-07 03:00:00,3308.7,3315.24,3307.12,3311,
2025-07-07 04:00:00,3311.22,3312.24,3305.2,3307.82007,
2025-07-07 05:00:00,3307.81,3315.05,3307.1001,3313.38,
2025-07-07 06:00:00,3313.31,3315.15,3308.51001,3309.86,
2025-07-07 07:00:00,3310.24,3313.22,3300.65,3302.18,
2025-07-07 08:00:00,3302.07,3312.56,3301.16,3310.1,
2025-07-07 09:00:00,3310.01,3311.95996,3306.02,3308.95,
2025-07-07 10:00:00,3308.89,3310.65,3296.5,3301.93,
2025-07-07 11:00:00,3302.04,3307.59009,3299.8,3301.83,
2025-07-07 12:00:00,3301.97,3312.49,3300.52,3309.57,
2025-07-07 13:00:00,3309.59,3317.12012,3306.25,3316.29,
2025-07-07 14:00:00,3316.62,3321.29,3313.24,3317.92,
2025-07-07 15:00:00,3317.88,3321.93,3316.41,3320.78,
2025-07-07 16:00:00,3320.81,3327.98,3320.13,3327.31,
2025-07-07 17:00:00,3327.48,3335.8,3327.32,3332.03,
2025-07-07 18:00:00,3331.97,3335.69,3328.46,3334.43994,
2025-07-07 19:00:00,3334.37,3340.3,3334.37,3337.12,
2025-07-07 20:00:00,3337.02,3337.5,3333.8,3336.82,
2025-07-07 21:00:00,3333.8,3335.3,3330,3330,
2025-07-07 22:00:00,3329.41,3345.7,3329.41,3339.73,
2025-07-07 23:00:00,3339.77,3340.04,3333.85,3334.76001,
2025-07-08 00:00:00,3334.55,3337.26001,3331.15,3334.17,
2025-07-08 01:00:00,3334.01,3336.98999,3329.67,3334.76,
2025-07-08 02:00:00,3334.76,3337.88989,3330.9,3334.43,
2025-07-08 03:00:00,3334.31,3335.4,3329.2,3331.56006,
2025-07-08 04:00:00,3331.3,3332.8,3327.55,3329.55,
2025-07-08 05:00:00,3329.63,3336.48,3329.49,3334.03,
2025-07-08 06:00:00,3334.080078,3335.89,3331,3335.78,
2025-07-08 07:00:00,3336.16,3339.40991,3330.45,3333.98999,
2025-07-08 08:00:00,3333.87,3333.87,3323.31,3323.61,
2025-07-08 09:00:00,3323.58,3326.72,3321.37,3321.97,
2025-07-08 10:00:00,3321.98,3327.26,3320.46,3324.77,
2025-07-08 11:00:00,3324.49,3327.5,3320.1,3324.96,
2025-07-08 12:00:00,3324.93,3329.79,3324.71,3328.17,
2025-07-08 13:00:00,3328.31,3328.62,3315,3315.22,
2025-07-08 14:00:00,3315.13989,3315.83,3294.36,3296.45,
2025-07-08 15:00:00,3296.44,3300.27002,3287.21,3298.12,
2025-07-08 16:00:00,3298.33008,3301.63989,3295.98,3300.20996,
2025-07-08 17:00:00,3300.51,3310.42993,3299.37,3306.4,
2025-07-08 18:00:00,3306.36011,3308.15,3300.6,3305.51001,
2025-07-08 19:00:00,3305.32,3306.07,3301.8,3302.94,
2025-07-08 20:00:00,3302.57,3303.68,3299,3301.03,
2025-07-08 21:00:00,3299.1,3305.5,3297.9,3305.4,
2025-07-08 22:00:00,3300.83,3304.07,3300.3,3301.61,
2025-07-08 23:00:00,3301.69995,3303.93,3297.16,3302.3501,
2025-07-09 00:00:00,3302.72998,3308.030029,3302,3305.93994,
2025-07-09 01:00:00,3305.4,3306.75,3299.43994,3301.94995,
2025-07-09 02:00:00,3301.98999,3302.8999,3286.85,3288.42,
2025-07-09 03:00:00,3288.38,3294.68,3285,3293.37,
2025-07-09 04:00:00,3293.48,3296.3501,3291.16,3293.87,
2025-07-09 05:00:00,3293.88,3297.84009,3289.03,3289.29,
2025-07-09 06:00:00,3289.58,3292.65,3285.56,3292.16,
2025-07-09 07:00:00,3292.28,3296.070068,3288.3501,3291.82,
2025-07-09 08:00:00,3291.9,3292.53003,3282.8999,3285.090088,
2025-07-09 09:00:00,3285.12012,3291.1,3284.48999,3289.28003,
2025-07-09 10:00:00,3289.23999,3295.88,3288.27,3295.63989,
2025-07-09 11:00:00,3295.64,3295.88,3283.18,3284.96,
2025-07-09 12:00:00,3285,3297.48,3285,3296.31,
2025-07-09 13:00:00,3296.25,3305.27002,3292.050049,3300.42993,
2025-07-09 14:00:00,3300.34009,3312.94995,3299.8999,3312.41992,
2025-07-09 15:00:00,3309.7,3310,3304.1,3308.4,
2025-07-09 16:00:00,3307.8,3312.78003,3306.4,3311.88989,
2025-07-09 17:00:00,3311.83008,3312.51001,3306.5,3307.2,
2025-07-09 18:00:00,3307.3,3313.78003,3306.5,3311.53003,
2025-07-09 19:00:00,3311.45996,3316.87012,3311.1001,3315.63,
2025-07-09 20:00:00,3315.84,3315.84,3311.3,3312.1,
2025-07-09 21:00:00,3312.1,3312.9,3306.2,3309.9,
2025-07-09 22:00:00,3310.95,3321.03,3310.95,3319.51,
2025-07-09 23:00:00,3319.45,3319.71997,3315.64,3317.53,
2025-07-10 00:00:00,3317.34,3321.76,3316.55,3317.65,
2025-07-10 01:00:00,3317.55,3326.38989,3315.1,3322.3501,
2025-07-10 02:00:00,3322.25,3323.67993,3318.17,3319.31006,
2025-07-10 03:00:00,3319.23999,3320.21997,3311.6,3311.7,
2025-07-10 04:00:00,3315.6,3322.44,3312.2,3322.17,
2025-07-10 05:00:00,3322.24,3325.03,3318.1,3321.32007,
2025-07-10 06:00:00,3321.04,3328.12,3320.84,3325.23,
2025-07-10 07:00:00,3325.19,3329.36011,3319.93,3320.98,
2025-07-10 08:00:00,3321.11,3330.05,3316.9,3328.6,
2025-07-10 09:00:00,3328.61,3330.21,3323.1,3326.41,
2025-07-10 10:00:00,3326.53,3328.74,3322.23,3325.19,
2025-07-10 11:00:00,3325.28,3330.15,3316.4,3320.4,
2025-07-10 12:00:00,3320.45,3326.070068,3318.04,3324.050049,
2025-07-10 13:00:00,3323.92993,3329.42993,3312.040039,3312.88989,
2025-07-10 14:00:00,3312.81006,3321.65991,3309.9,3314.98999,
2025-07-10 15:00:00,3315.02002,3321.58008,3314.69995,3319.79004,
2025-07-10 16:00:00,3319.72998,3320.01001,3312.13,3315.15991,
2025-07-10 17:00:00,3315.13989,3318.62988,3313.6,3317.35,
2025-07-10 18:00:00,3317.21,3321.83,3316.49,3321.46,
2025-07-10 19:00:00,3321.55,3325.84,3321.45,3324.84009,
2025-07-10 20:00:00,3324.84,3325.3,3319,3323.67,
2025-07-10 21:00:00,3318.9,3323.8,3314.8,3317.7,
2025-07-10 22:00:00,3323.33,3326.17,3321.7,3323.25,
2025-07-10 23:00:00,3322.83,3326.47998,3322.77,3323.7,
2025-07-11 00:00:00,3323.66,3335.98,3323.55,3330.44,
2025-07-11 01:00:00,3330.2,3331.42,3325.5,3329.54,
2025-07-11 02:00:00,3329.54,3335.060059,3327.18,3332.5,
2025-07-11 03:00:00,3332.56,3335.94,3332.09,3333.66,
2025-07-11 04:00:00,3333.6,3335.29,3329.84,3331.94,
2025-07-11 05:00:00,3332.49,3341.62,3332.03,3333.9,
2025-07-11 06:00:00,3334,3343.68994,3332.29004,3332.57007,
2025-07-11 07:00:00,3332.32,3342.29004,3331.5,3342.050049,
2025-07-11 08:00:00,3341.68,3343.83008,3332,3333.13,
2025-07-11 09:00:00,3333.13,3339.99,3332.86,3339.4,
2025-07-11 10:00:00,3339.61,3348.14,3339.61,3344.85,
2025-07-11 11:00:00,3345.29,3350.08,3335.5,3347.55005,
2025-07-11 12:00:00,3347.48,3357,3344.44995,3355.21997,
2025-07-11 13:00:00,3355.3501,3359.16992,3345.6,3351.82,
2025-07-11 14:00:00,3345.5,3359.83008,3344.2,3353.3,
2025-07-11 15:00:00,3353.7,3367.45996,3352,3358.86,
2025-07-11 16:00:00,3358.9,3359.71997,3353,3353.79,
2025-07-11 17:00:00,3353.69995,3354.21997,3349.27,3353.37,
2025-07-11 18:00:00,3353.59,3358.49,3353.41,3355.95,
2025-07-11 19:00:00,3355.98,3359.72998,3355.6,3356.35,
2025-07-11 20:00:00,3356.63989,3358.37,3349,3349.9,
2025-07-11 21:00:00,3349.8,3350.1,3343.9,3343.9,
2025-07-11 22:00:00,3343.9,3346.1,3343.9,3346,
2025-07-11 23:00:00,3345.8,3349.7,3345.6,3349.7,
2025-07-12 00:00:00,3351.2,3354.76,3343.6,3344.5,
2025-07-12 01:00:00,3344.9,3354.4,3343.7,3351.2,
2025-07-12 02:00:00,3352.8,3353.6,3350.6,3351.3,
2025-07-12 03:00:00,3351,3354.6,3350.2,3350.4,
2025-07-12 04:00:00,3350.2,3352.1,3344.7,3348.4,
2025-07-12 05:00:00,3348.3,3350.4,3346.8,3349.4,
2025-07-12 06:00:00,3349.5,3350,3345.4,3345.4,
2025-07-12 07:00:00,3345.6,3349.7,3345.1,3347.4,
2025-07-12 08:00:00,3348,3348.9,3344.3,3348,
2025-07-12 09:00:00,3347.6,3348.7,3345.2,3347.3,
2025-07-12 10:00:00,3347.3,3349.2,3344.8,3347.4,
2025-07-12 11:00:00,3347.3,3349.4,3346.3,3347.1,
2025-07-12 12:00:00,3347.2,3347.3,3345.1,3345.8,
2025-07-12 13:00:00,3345.9,3349.1,3344.8,3348.6,
2025-07-13 14:00:00,3348,3350.9,3345.6,3348.5,
2025-07-13 15:00:00,3348.7,3350.6,3346.3,3349,
2025-07-13 16:00:00,3349.4,3349.4,3345.4,3347.3,
2025-07-13 17:00:00,3346.6,3349.7,3346.6,3349.4,
2025-07-13 22:00:00,3356.92,3371.01001,3356.92,3369,
2025-07-13 23:00:00,3369.33,3373.7,3366.15,3367.76001,
2025-07-14 00:00:00,3367.36,3373.27002,3364.84,3367.52002,
2025-07-14 01:00:00,3367.23,3370.05,3357.090088,3358.37,
2025-07-14 02:00:00,3358.07,3359.62012,3349,3357.48999,
2025-07-14 03:00:00,3357.37,3359.54,3355.38,3357.02002,
2025-07-14 04:00:00,3356.26,3361.41,3353.7,3359.6,
2025-07-14 05:00:00,3359.44,3360.34,3354.5,3357.55,
2025-07-14 06:00:00,3357.57,3369.61,3356.52,3368.73,
2025-07-14 07:00:00,3368.84009,3375.02002,3366.84009,3372.030029,
2025-07-14 08:00:00,3371.8999,3372.69995,3365.48999,3366.040039,
2025-07-14 09:00:00,3366.20996,3370.48999,3364.070068,3370.3501,
2025-07-14 10:00:00,3370.55005,3374.55,3365.5,3371.94,
2025-07-14 11:00:00,3371.92,3373.06,3363.82,3364.02,
2025-07-14 12:00:00,3363.99,3366.29,3349.36,3350.06,
2025-07-14 13:00:00,3350.54,3359.02002,3347.09,3355.3501,
2025-07-14 14:00:00,3355.23999,3356.28003,3341.1499,3343.070068,
2025-07-14 15:00:00,3343.25,3349.6499,3342.66992,3345.1499,
2025-07-14 16:00:00,3344.6,3349.27002,3342.4,3345.5,
2025-07-14 17:00:00,3345.4,3351.72,3345.4,3351.050049,
2025-07-14 18:00:00,3351.080078,3351.23999,3348,3348.8999,
2025-07-14 19:00:00,3348.79,3350.46,3343.16,3344.07,
2025-07-14 20:00:00,3344.06,3345.58,3341.36011,3342.4,
2025-07-14 21:00:00,3342.4,3348.1,3341.1,3347.2,
2025-07-14 22:00:00,3342.1,3345.8,3341.21,3345.8,
2025-07-14 23:00:00,3345.66992,3346.54004,3343.9,3345.3999,
2025-07-15 00:00:00,3345.58,3349.28,3344.74,3347.53,
2025-07-15 01:00:00,3347.5,3350.67993,3346.1,3346.41,
2025-07-15 02:00:00,3346.46,3352.080078,3345.79,3350.98999,
2025-07-15 03:00:00,3350.83,3358.27,3350.61,3357.97998,
2025-07-15 04:00:00,3357.86,3361.33,3357.56,3360.13,
2025-07-15 05:00:00,3360.21,3365.28003,3360.21,3362.13,
2025-07-15 06:00:00,3362.04,3363.97,3357.69,3358.1,
2025-07-15 07:00:00,3358.3,3365.12,3357.41,3364.3,
2025-07-15 08:00:00,3363.77,3365.51,3357.02,3360.93,
2025-07-15 09:00:00,3360.9,3364.63,3358.3,3363.34,
2025-07-15 10:00:00,3363.41,3366.24,3361.15,3361.24,
2025-07-15 11:00:00,3361.40991,3361.9,3354.11,3354.94995,
2025-07-15 12:00:00,3355.01001,3360.12,3346.57007,3348.8999,
2025-07-15 13:00:00,3349.07,3352.55005,3334.53003,3343.3,
2025-07-15 14:00:00,3347.51001,3352.12988,3341.5,3347.96997,
2025-07-15 15:00:00,3348.01001,3349.90991,3325.55005,3328,
2025-07-15 16:00:00,3328.96997,3330,3320.36011,3329.25,
2025-07-15 17:00:00,3329.43994,3331.9,3325.93994,3328.23999,
2025-07-15 18:00:00,3328.07,3331.85,3325.8,3328.87,
2025-07-15 19:00:00,3329.12012,3331.24,3326.52,3330.39,
2025-07-15 20:00:00,3330.41,3331.070068,3324.6,3324.6,
2025-07-15 21:00:00,3324.3,3331,3323.3,3329.4,
2025-07-15 22:00:00,3324.1,3327.76001,3323.61,3326.51,
2025-07-15 23:00:00,3326.63989,3331.76001,3326.38989,3331.15991,
2025-07-16 00:00:00,3331.17993,3332.58,3328.85,3330.65991,
2025-07-16 01:00:00,3330.57,3335.080078,3328.9,3331.01001,
2025-07-16 02:00:00,3331.01,3331.43,3325.18994,3326.14,
2025-07-16 03:00:00,3325.96,3335.01001,3325.86,3334.48999,
2025-07-16 04:00:00,3334.28,3338.54,3332.77,3338.3,
2025-07-16 05:00:00,3338.3,3339.93994,3335.69995,3338.22998,
2025-07-16 06:00:00,3337.68,3341.9,3337.68,3339.23999,
2025-07-16 07:00:00,3339.26,3340.12988,3335.91,3337.84,
2025-07-16 08:00:00,3337.91,3342.61,3337.76,3342,
2025-07-16 09:00:00,3341.92,3342.83,3339.12,3339.94,
2025-07-16 10:00:00,3339.89,3340.32,3333.97,3334.89,
2025-07-16 11:00:00,3334.98999,3340.16,3333.74,3339.12,
2025-07-16 12:00:00,3339.08,3340.44,3331.13,3334.62988,
2025-07-16 13:00:00,3334.77002,3339.54004,3322.12988,3326.92993,
2025-07-16 14:00:00,3326.70996,3342.42993,3319.92993,3337.78003,
2025-07-16 15:00:00,3338.1499,3377.18994,3334.1,3341.1,
2025-07-16 16:00:00,3339.7,3353.29004,3335.7,3347,
2025-07-16 17:00:00,3347,3356.15991,3346.5,3354.88989,
2025-07-16 18:00:00,3355.070068,3356.73999,3345.4,3345.9,
2025-07-16 19:00:00,3345.3,3349.62012,3341.7,3344,
2025-07-16 20:00:00,3347.15991,3349.17993,3341.6,3344.7,
2025-07-16 21:00:00,3344.7,3346,3338.8,3342.1,
2025-07-16 22:00:00,3347.72,3352.25,3347.57,3349.41,
2025-07-16 23:00:00,3349.6499,3350.27002,3345.21,3346.41,
2025-07-17 00:00:00,3346.49,3347.3,3339.57,3340.8999,
2025-07-17 01:00:00,3340.73,3344.6499,3336.8,3344.16992,
2025-07-17 02:00:00,3344.13989,3344.84009,3337.8999,3341.33,
2025-07-17 03:00:00,3341.39,3342.35,3336.42,3341.54,
2025-07-17 04:00:00,3341.3,3344.74,3335.2,3342.73,
2025-07-17 05:00:00,3342.67,3342.92,3336,3339.3,
2025-07-17 06:00:00,3339.67,3339.71,3327.4,3335.33,
2025-07-17 07:00:00,3335.26,3336.22998,3325.19,3325.83,
2025-07-17 08:00:00,3325.94,3332.070068,3325.62,3328.73,
2025-07-17 09:00:00,3328.63,3332.46,3325,3325.65,
2025-07-17 10:00:00,3325.59,3331.05,3325.17,3325.9,
2025-07-17 11:00:00,3325.41,3328.49,3322.34,3324.2,
2025-07-17 12:00:00,3324.19,3328.51001,3309.98999,3313.16992,
2025-07-17 13:00:00,3313.52002,3321.91992,3311.3999,3319.33008,
2025-07-17 14:00:00,3319.13989,3334.79004,3318.37012,3333.1,
2025-07-17 15:00:00,3333.2,3338.47998,3331.41992,3336.95996,
2025-07-17 16:00:00,3336.8999,3339.93,3335.5,3338.87988,
2025-07-17 17:00:00,3339.11011,3341.02,3336.36,3337.38,
2025-07-17 18:00:00,3337.47,3338.94,3335.65,3338.63989,
2025-07-17 19:00:00,3338.6,3340.82,3338.3,3339.76,
2025-07-17 20:00:00,3339.69,3340.26,3335.9,3337.6,
2025-07-17 21:00:00,3303.71,3340.7,3303.71,3334.4,
2025-07-17 22:00:00,3338.3,3343.89,3338.09,3343.38989,
2025-07-17 23:00:00,3343.17,3343.48999,3339.5,3340.12,
2025-07-18 00:00:00,3340.19,3341.42,3338.01,3339.92993,
2025-07-18 01:00:00,3340.08,3342.88,3335.41992,3337.71,
2025-07-18 02:00:00,3337.61,3344.09,3334.5,3337.71,
2025-07-18 03:00:00,3337.74,3338.46,3334.19995,3334.69995,
2025-07-18 04:00:00,3334.52,3337.28,3332,3336.94,
2025-07-18 05:00:00,3336.85,3340.1,3333.38,3333.45,
2025-07-18 06:00:00,3333.39,3342.62,3332.01001,3342.07,
2025-07-18 07:00:00,3341.79,3349.96,3340,3349.78,
2025-07-18 08:00:00,3349.54,3350.43,3346.18,3347.47,
2025-07-18 09:00:00,3347.44,3354.85,3347.39,3349,
2025-07-18 10:00:00,3352.22,3352.72998,3345.4,3351.36,
2025-07-18 11:00:00,3351.25,3357.59,3346.6,3354.3501,
2025-07-18 12:00:00,3351.3,3361.28003,3351.3,3359.94,
2025-07-18 13:00:00,3360.11011,3360.31006,3348.7,3353.6,
2025-07-18 14:00:00,3354.1,3359.16992,3345.8,3350.7,
2025-07-18 15:00:00,3354.83008,3356.02002,3347.6,3353.73999,
2025-07-18 16:00:00,3351.2,3357.43994,3348.2,3352.2,
2025-07-18 17:00:00,3353.78003,3353.82007,3348.6,3350.7,
2025-07-18 18:00:00,3352.44995,3353.26001,3349.1,3351.46997,
2025-07-18 19:00:00,3351.37012,3352.82007,3347.65,3348.2,
2025-07-18 20:00:00,3348.27,3351.79,3346.3,3347.9,
2025-07-18 21:00:00,3347.6,3348.2,3345.9,3346.5,
2025-07-18 22:00:00,3347.4,3347.5,3346.5,3346.9,
2025-07-18 23:00:00,3346.9,3347.3,3344.5,3345.1,
2025-07-19 00:00:00,3345.1,3345.8,3344.8,3345.4,
2025-07-19 01:00:00,3345.4,3345.4,3344.4,3344.4,
2025-07-19 02:00:00,3344.4,3344.9,3341.9,3342.9,
2025-07-19 03:00:00,3343,3346.7,3342.9,3344.6,
2025-07-19 04:00:00,3344.3,3347.5,3344.3,3345.7,
2025-07-19 05:00:00,3345.8,3347.6,3345.4,3347.6,
2025-07-19 06:00:00,3347.6,3351.9,3347.6,3350.3,
2025-07-19 07:00:00,3349.8,3351.8,3349.5,3349.8,
2025-07-19 08:00:00,3350.7,3351.6,3349,3350.6,
2025-07-19 09:00:00,3350.7,3352.6,3349.7,3351.3,
2025-07-19 10:00:00,3349.9,3352.2,3348.6,3349.8,
2025-07-19 11:00:00,3349.9,3350.4,3348.3,3348.3,
2025-07-19 12:00:00,3349.5,3350.2,3347.3,3348.2,
2025-07-19 13:00:00,3348.2,3348.6,3347.8,3348,
2025-07-20 14:00:00,3349.4,3349.6,3348.1,3348.1,
2025-07-20 15:00:00,3348.4,3349.9,3346.9,3347.9,
2025-07-20 16:00:00,3347.9,3352.8,3346.3,3350,
2025-07-20 17:00:00,3349.9,3352.4,3346.9,3348.1,
2025-07-20 18:00:00,3348.2,3348.5,3347.5,3347.6,
2025-07-20 19:00:00,3348.1,3348.5,3347.3,3347.6,
2025-07-20 20:00:00,3347.4,3347.6,3347,3347.3,
2025-07-20 22:00:00,3345,3350.16992,3345,3347.63,
2025-07-20 23:00:00,3347.5,3349.45,3345.48,3349.07,
2025-07-21 00:00:00,3349.23,3354.62012,3347.63,3352.2,
2025-07-21 01:00:00,3351.88,3358.58008,3351.88,3356.61011,
2025-07-21 02:00:00,3356.19,3357.33008,3352.25,3354.07,
2025-07-21 03:00:00,3354.06,3356.8999,3351.22998,3351.38989,
2025-07-21 04:00:00,3351.19,3358.68,3350.68,3357.81,
2025-07-21 05:00:00,3357.65,3369.54,3357.65,3366.62,
2025-07-21 06:00:00,3366.80005,3370.75,3359,3368.17,
2025-07-21 07:00:00,3368.23,3370.41,3359.1,3364.71,
2025-07-21 08:00:00,3364.48,3366.84,3363.07,3365.86,
2025-07-21 09:00:00,3365.91,3366.39,3363,3366.04,
2025-07-21 10:00:00,3366.09,3367.99,3363,3366.05,
2025-07-21 11:00:00,3366.23,3375.54,3365.24,3375.48,
2025-07-21 12:00:00,3375.19,3388.58,3374.58008,3387.17,
2025-07-21 13:00:00,3387.38,3395.23999,3383.56,3388.78003,
2025-07-21 14:00:00,3388.45996,3401.3999,3386.27002,3400.51001,
2025-07-21 15:00:00,3400.6499,3401.01001,3394.89,3398.1001,
2025-07-21 16:00:00,3397.2,3398.94995,3392.16,3395.63989,
2025-07-21 17:00:00,3395.6499,3395.84009,3391.6499,3393.43994,
2025-07-21 18:00:00,3393.37988,3395.83,3393.16992,3395.45,
2025-07-21 19:00:00,3395.51,3399.8501,3395.18,3398.97,
2025-07-21 20:00:00,3399.04,3399.4,3395.59,3397.33,
2025-07-21 21:00:00,3397.33,3397.34,3390.59,3395.18,
2025-07-21 22:00:00,3398,3401.17993,3397.32,3399.15,
2025-07-21 23:00:00,3399.46,3402.53,3393.37988,3396.53,
2025-07-22 00:00:00,3396.52,3397.6,3390.4,3394.3,
2025-07-22 01:00:00,3394.23,3395.96997,3385.22998,3386,
2025-07-22 02:00:00,3385.94,3392.1001,3385.32,3391.54,
2025-07-22 03:00:00,3391.36,3393.56006,3388.77,3392.55,
2025-07-22 04:00:00,3392.48,3392.5,3388.12988,3391.03,
2025-07-22 05:00:00,3391.25,3391.88,3384.7,3385.56006,
2025-07-22 06:00:00,3385.33,3387.73,3384.5,3384.71,
2025-07-22 07:00:00,3385.11,3387.54,3383.24,3387.54,
2025-07-22 08:00:00,3387.34,3390.16,3386.15,3388.92,
2025-07-22 09:00:00,3388.88,3390.57,3384.59,3386.27002,
2025-07-22 10:00:00,3386.05,3388.64,3385.86,3387.08,
2025-07-22 11:00:00,3387.17993,3391.69,3386.69,3391.25,
2025-07-22 12:00:00,3391.26,3407.89,3391.22,3407.7,
2025-07-22 13:00:00,3407.63,3420,3406.54,3412.55005,
2025-07-22 14:00:00,3412.40991,3427.70996,3405.12012,3424.01,
2025-07-22 15:00:00,3424.01,3429.27002,3422.43,3423.23,
2025-07-22 16:00:00,3423.1,3432.90991,3423.09,3432.25,
2025-07-22 17:00:00,3432.26001,3433.43994,3426.61011,3429.33,
2025-07-22 18:00:00,3429.39,3431.01,3427.94,3429.69,
2025-07-22 19:00:00,3429.52,3432.5,3429.05,3431.62012,
2025-07-22 20:00:00,3431.66992,3432.72998,3426.25,3427.09,
2025-07-22 21:00:00,3427.08,3430,3427.08,3429.2,
2025-07-22 22:00:00,3430.27,3432.53,3427.5,3427.83,
2025-07-22 23:00:00,3427.9,3433.28003,3426.24,3427.41,
2025-07-23 00:00:00,3427.36,3437.79004,3427.36,3428.93994,
2025-07-23 01:00:00,3428.64,3430.70996,3420.94,3420.96,
2025-07-23 02:00:00,3420.87988,3424.95,3418,3422.93,
2025-07-23 03:00:00,3422.85,3428.86011,3422.82,3423.1001,
2025-07-23 04:00:00,3423.18994,3425.26,3421.95,3423.56,
2025-07-23 05:00:00,3423.65,3423.65,3416.28,3420.44995,
2025-07-23 06:00:00,3420.57007,3425.18,3420.48999,3425.16,
2025-07-23 07:00:00,3425.16,3429.67,3420.61,3421.6,
2025-07-23 08:00:00,3421.61,3427.81,3421.61,3427.59,
2025-07-23 09:00:00,3427.6,3432.44,3427.6,3430.8,
2025-07-23 10:00:00,3430.79,3430.8,3422.67,3424.13,
2025-07-23 11:00:00,3424.14,3429.8,3422.2,3428.98,
2025-07-23 12:00:00,3428.98,3429.85,3420,3421.06,
2025-07-23 13:00:00,3421.07,3421.07,3408.99,3413.2,
2025-07-23 14:00:00,3413.35,3417.02,3408.72,3411.81,
2025-07-23 15:00:00,3411.81,3414.82,3400,3400.21,
2025-07-23 16:00:00,3400.2,3400.2,3386.11,3389.8,
2025-07-23 17:00:00,3390,3395.7,3388.61,3395.1,
2025-07-23 18:00:00,3395.35,3398.6,3393.94,3398.33,
2025-07-23 19:00:00,3398.33,3400,3392.6,3393.54,
2025-07-23 20:00:00,3393.55,3395.34,3389.02,3389.03,
2025-07-23 21:00:00,3389.03,3394.72,3388.14,3394.61,
2025-07-23 22:00:00,3394.62,3395.47,3391.63,3391.63,
2025-07-23 23:00:00,3391.62,3395.05,3391,3393.79,
2025-07-24 00:00:00,3393.79,3396.34,3393.4,3395.51,
2025-07-24 01:00:00,3395.51,3395.9,3388.79,3390.48,
2025-07-24 02:00:00,3390.48,3391.68,3383.85,3386.8,
2025-07-24 03:00:00,3386.72,3388.52,3380,3386.81,
2025-07-24 04:00:00,3386.8,3387.35,3383.48,3384.39,
2025-07-24 05:00:00,3384.39,3384.39,3377.6,3379.57,
2025-07-24 06:00:00,3379.58,3379.8,3374.5,3378.26,
2025-07-24 07:00:00,3378.27,3380.86,3372.01,3373.22,
2025-07-24 08:00:00,3373.23,3379.28,3371.6,3373.97,
2025-07-24 09:00:00,3373.97,3373.97,3368.22,3368.36,
2025-07-24 10:00:00,3368.36,3371.27,3368.34,3368.64,
2025-07-24 11:00:00,3368.64,3371.18,3367.35,3367.79,
2025-07-24 12:00:00,3367.79,3369.4,3360.01,3361.18,
2025-07-24 13:00:00,3361.17,3372.17993,3359.33,3366.97998,
2025-07-24 14:00:00,3366.84009,3379.61,3365.96997,3377.81,
2025-07-24 15:00:00,3377.8,3379.2,3370.6001,3376.61,
2025-07-24 16:00:00,3376.61,3377.7,3367.090088,3373.4,
2025-07-24 17:00:00,3367.01001,3371.78003,3366.38989,3370.06,
2025-07-24 18:00:00,3370.06,3373.35,3367.45,3372.1001,
2025-07-24 19:00:00,3372.04,3373.18,3370.12,3370.43,
2025-07-24 20:00:00,3370.48,3371.18,3367.1,3370.59,
2025-07-24 21:00:00,3370.59,3370.59,3368.79,3368.91,
2025-07-24 22:00:00,3366.86,3369.81,3365.33008,3368.91992,
2025-07-24 23:00:00,3368.69,3371.5,3366.67,3369.58008,
2025-07-25 00:00:00,3369.42,3373.55005,3368.56006,3372.17,
2025-07-25 01:00:00,3372.41992,3372.72998,3366.67,3371.08,
2025-07-25 02:00:00,3370.35,3370.53,3362.53003,3363.17993,
2025-07-25 03:00:00,3363.080078,3363.45996,3358.94995,3359.21997,
2025-07-25 04:00:00,3358.91,3363.44,3357.86,3360.94995,
2025-07-25 05:00:00,3360.98,3368,3355.31,3358.62,
2025-07-25 06:00:00,3358.53,3359.65,3354.82007,3359.35,
2025-07-25 07:00:00,3359.19,3364.59,3353,3354.13989,
2025-07-25 08:00:00,3354.060059,3355.29,3344.43,3345.6,
2025-07-25 09:00:00,3345.36,3348.75,3343.1,3345.83,
2025-07-25 10:00:00,3345.8999,3348.11,3341.06,3342.72,
2025-07-25 11:00:00,3343.12,3352.16,3338.78003,3341.11011,
2025-07-25 12:00:00,3341.23999,3344.07,3336.57,3340.87012,
2025-07-25 13:00:00,3340.5,3347.53003,3336.95996,3343.97998,
2025-07-25 14:00:00,3344.33008,3344.8999,3330.70996,3340.42,
2025-07-25 15:00:00,3331.6001,3343.56,3327.61011,3327.86011,
2025-07-25 16:00:00,3339.53,3342.3,3326.32007,3340.23,
2025-07-25 17:00:00,3340.2,3341.35,3329.70996,3336.040039,
2025-07-25 18:00:00,3336.08,3339.38989,3335.82,3338.84009,
2025-07-25 19:00:00,3338.81,3340.3501,3337.29004,3337.58008,
2025-07-25 20:00:00,3337.72,3347.17,3336.04,3347.17,
2025-07-25 21:00:00,3347.16,3352.68,3345.6,3352.68,
2025-07-25 22:00:00,3352.67,3354.77,3351.74,3354.01,
2025-07-25 23:00:00,3354.01,3358.44,3345.72,3348.69,
2025-07-26 00:00:00,3348.69,3354.18,3346.35,3353.7,
2025-07-26 01:00:00,3353.7,3356.94,3353.7,3353.88,
2025-07-26 02:00:00,3353.88,3357.57,3353.88,3356.79,
2025-07-26 03:00:00,3356.79,3357.45,3354.59,3354.6,
2025-07-26 04:00:00,3354.59,3354.59,3351.05,3354.37,
2025-07-26 05:00:00,3354.37,3356.21,3354.28,3355.98,
2025-07-26 06:00:00,3355.98,3356.81,3354.61,3356.13,
2025-07-26 07:00:00,3356.14,3356.59,3356.1,3356.11,
2025-07-26 08:00:00,3356.1,3356.17,3351.03,3352.01,
2025-07-26 09:00:00,3352,3357.29,3351.4,3355.18,
2025-07-26 10:00:00,3355.18,3357.96,3354.36,3354.71,
2025-07-26 11:00:00,3354.71,3355.64,3354.71,3355.62,
2025-07-26 12:00:00,3355.63,3355.63,3349.67,3353.14,
2025-07-26 13:00:00,3353.15,3354.96,3352.95,3352.96,
2025-07-27 21:00:00,3348.18,3349.26,3348.17,3349.26,
2025-07-27 22:00:00,3349.37,3349.37,3340,3343.01,
2025-07-27 23:00:00,3343.01,3349.59,3343.01,3345.45,
2025-07-28 00:00:00,3345.46,3348.57,3342.94,3347.26,
2025-07-28 01:00:00,3347.26,3351.53,3344.5,3344.5,
2025-07-28 02:00:00,3344.5,3349.63,3344.31,3349.63,
2025-07-28 03:00:00,3349.63,3350.48,3339,3347.44,
2025-07-28 04:00:00,3347.58,3348.68,3344.2,3344.4,
2025-07-28 05:00:00,3344.4,3351.01,3343.61,3349.6,
2025-07-28 06:00:00,3349.4,3350.75,3344,3347.87,
2025-07-28 07:00:00,3347.87,3348.8,3343,3343.38,
2025-07-28 08:00:00,3343.39,3345,3340.63,3341.59,
2025-07-28 09:00:00,3341.59,3348.84,3341.53,3345.62,
2025-07-28 10:00:00,3345.62,3346.12,3342.56,3344.76,
2025-07-28 11:00:00,3344.75,3344.76,3334.76,3339.14,
2025-07-28 12:00:00,3339.31,3340.6,3332,3333.61,
2025-07-28 13:00:00,3333.61,3335.59,3312,3312.03,
2025-07-28 14:00:00,3312.02,3323.32,3312.02,3317.31,
2025-07-28 15:00:00,3317.31,3326.74,3317.11,3324.2,
2025-07-28 16:00:00,3324.21,3324.21,3315,3318.93,
2025-07-28 17:00:00,3318.93,3319.59,3316.67,3319.57,
2025-07-28 18:00:00,3319.58,3324.29,3318.4,3322.93,
2025-07-28 19:00:00,3322.86,3325.26,3318.82,3322.81,
2025-07-28 20:00:00,3322.81,3325.36,3322,3322.01,
2025-07-28 21:00:00,3322.01,3328,3322,3326.8,
2025-07-28 22:00:00,3326.81,3326.81,3321.07,3323.64,
2025-07-28 23:00:00,3323.63,3324.59,3320.21,3320.59,
2025-07-29 00:00:00,3320.34,3323.96,3318.39,3320.79,
2025-07-29 01:00:00,3320.79,3327.78,3318.74,3326.99,
2025-07-29 02:00:00,3326.99,3329.91,3326.15,3326.68,
2025-07-29 03:00:00,3326.67,3326.67,3320.48,3322.02,
2025-07-29 04:00:00,3322.01,3325.57,3320,3325.5,
2025-07-29 05:00:00,3325,3328.27,3322.82,3328.2,
2025-07-29 06:00:00,3328.26,3329.61,3326.37,3326.37,
2025-07-29 07:00:00,3326.37,3327.11,3321.01,3325.08,
2025-07-29 08:00:00,3325.19,3335,3324.6,3333.43,
2025-07-29 09:00:00,3333.42,3333.43,3327.8,3329.1,
2025-07-29 10:00:00,3329.1,3330.63,3327.63,3328.6,
2025-07-29 11:00:00,3328.4,3328.48,3322.85,3323.6,
2025-07-29 12:00:00,3323.6,3330.79,3323.6,3330.61,
2025-07-29 13:00:00,3330.37,3330.38,3321.01,3323.37,
2025-07-29 14:00:00,3324.29,3333.82,3320.53,3332.8,
2025-07-29 15:00:00,3332.79,3337.27,3325.63,3325.73,
2025-07-29 16:00:00,3325.95,3331.85,3325,3331.4,
2025-07-29 17:00:00,3331.4,3336,3331.39,3335.55,
2025-07-29 18:00:00,3335.56,3338.09,3334.34,3334.59,
2025-07-29 19:00:00,3334.59,3335.6,3332.47,3333.4,
2025-07-29 20:00:00,3333.39,3334.24,3332.52,3334.24,
2025-07-29 21:00:00,3334.23,3338.23,3332.84,3336.03,
2025-07-29 22:00:00,3336.24,3337.13,3332.93,3335.22,
2025-07-29 23:00:00,3335.21,3337.01,3333.71,3335.13,
2025-07-30 00:00:00,3335.29,3340.28,3335.2,3338.07,
2025-07-30 01:00:00,3338.18,3339.91,3331.39,3331.79,
2025-07-30 02:00:00,3331.98,3339.65,3331.98,3337.6,
2025-07-30 03:00:00,3337.6,3337.87,3334.61,3336.6,
2025-07-30 04:00:00,3336.4,3336.56,3333.38,3334,
2025-07-30 05:00:00,3334.2,3338.21,3332.49,3332.99,
2025-07-30 06:00:00,3333,3334.78,3330.22,3333.04,
2025-07-30 07:00:00,3333.04,3338.58,3332.61,3335.01,
2025-07-30 08:00:00,3335.01,3338.68,3335.01,3337.75,
2025-07-30 09:00:00,3337.76,3339.42,3336.02,3339,
2025-07-30 10:00:00,3339,3339,3335,3335.43,
2025-07-30 11:00:00,3335.43,3338.21,3331.17,3336.83,
2025-07-30 12:00:00,3336.83,3337.75,3319,3320.6,
2025-07-30 13:00:00,3320.4,3323.88,3310,3314.27,
2025-07-30 14:00:00,3314.43,3319.2,3312.2,3313.96,
2025-07-30 15:00:00,3313.95,3314.12,3302.66,3304.57,
2025-07-30 16:00:00,3304.57,3313.31,3304.57,3313.12,
2025-07-30 17:00:00,3313.12,3315.39,3312.61,3315.2,
2025-07-30 18:00:00,3315.4,3317.49,3296.4,3296.8,
2025-07-30 19:00:00,3296.67,3298.02,3283,3285.01,
2025-07-30 20:00:00,3285.01,3292.08,3285.01,3291.98,
2025-07-30 21:00:00,3292.2,3297.6,3292,3294.76,
2025-07-30 22:00:00,3294.75,3295.92,3288.88,3294.59,
2025-07-30 23:00:00,3294.6,3299.46,3293.41,3299.01,
2025-07-31 00:00:00,3299.01,3302.52,3298.8,3301.84,
2025-07-31 01:00:00,3301.41,3305,3298.8,3305,
2025-07-31 02:00:00,3305,3307.17,3301.3,3307.17,
2025-07-31 03:00:00,3307.16,3310.05,3304.41,3305.05,
2025-07-31 04:00:00,3305.04,3306.4,3303,3305.99,
2025-07-31 05:00:00,3306,3308.96,3302.83,3307.79,
2025-07-31 06:00:00,3307.71,3312,3305.61,3308.01,
2025-07-31 07:00:00,3308.01,3316.19,3307.48,3311.86,
2025-07-31 08:00:00,3312.01,3321.34,3312.01,3316.18,
2025-07-31 09:00:00,3316.17,3318.61,3312.78,3315.07,
2025-07-31 10:00:00,3314.71,3315.23,3303.19,3303.6,
2025-07-31 11:00:00,3303.6,3315.62,3303.6,3314.74,
2025-07-31 12:00:00,3314.6,3317.8,3313.43,3316.4,
2025-07-31 13:00:00,3316.31,3316.82,3310.6,3311.19,
2025-07-31 14:00:00,3311.19,3311.2,3299.31,3302.02,
2025-07-31 15:00:00,3302.03,3306.24,3299.07,3304.57,
2025-07-31 16:00:00,3304.59,3306.8,3300.21,3305.4,
2025-07-31 17:00:00,3305.4,3308.32,3304.19,3304.8,
2025-07-31 18:00:00,3304.8,3307.52,3294.4,3300.67,
2025-07-31 19:00:00,3300.68,3301.8,3297,3298.41,
2025-07-31 20:00:00,3298.41,3300.01,3295.83,3299.41,
2025-07-31 21:00:00,3299.42,3300.55,3299,3299.94,
2025-07-31 22:00:00,3299.94,3302.21,3299,3301.4,
2025-07-31 23:00:00,3301.41,3301.41,3294.11,3294.12,
2025-08-01 00:00:00,3294.12,3299.09,3293.34,3295.75,
2025-08-01 01:00:00,3295.75,3299.74,3289.05,3289.79,
2025-08-01 02:00:00,3289.8,3298.39,3289.8,3297.8,
2025-08-01 03:00:00,3297.81,3302.99,3297.8,3299.2,
2025-08-01 04:00:00,3299.2,3302.89,3298,3300.61,
2025-08-01 05:00:00,3300.64,3305.59,3299.8,3303.43,
2025-08-01 06:00:00,3303.43,3306.39,3298.6,3298.61,
2025-08-01 07:00:00,3298.61,3300,3290,3292.78,
2025-08-01 08:00:00,3292.78,3298.86,3290.6,3298.86,
2025-08-01 09:00:00,3298.86,3301.68,3295.56,3300.13,
2025-08-01 10:00:00,3300.21,3307.58,3300,3304.93,
2025-08-01 11:00:00,3304.38,3306.9,3302.35,3304.87,
2025-08-01 12:00:00,3304.87,3342.6,3303.01,3341.4,
2025-08-01 13:00:00,3341.41,3352.29,3336.82,3339.14,
2025-08-01 14:00:00,3339.14,3351.34,3339.14,3347.4,
2025-08-01 15:00:00,3348.06,3360,3344.06,3349.6,
2025-08-01 16:00:00,3349.59,3351.71,3338.68,3346.02,
2025-08-01 17:00:00,3346.02,3348.33,3345.2,3348.32,
2025-08-01 18:00:00,3348.32,3351.69,3346.33,3346.34,
2025-08-01 19:00:00,3346.33,3357.83,3345.12,3355.21,
2025-08-01 20:00:00,3355.22,3362,3355.21,3361.89,
2025-08-01 21:00:00,3361.89,3365.97,3361.6,3365.96,
2025-08-01 22:00:00,3365.84,3365.84,3359.2,3359.79,
2025-08-01 23:00:00,3359.78,3364.79,3359.78,3364.79,
2025-08-02 00:00:00,3364.8,3366,3363,3365.99,
2025-08-02 01:00:00,3365.98,3366.61,3364.8,3366.48,
2025-08-02 02:00:00,3366.61,3369.98,3366.6,3368.32,
2025-08-02 03:00:00,3368.31,3368.32,3357.97,3359.51,
2025-08-02 04:00:00,3359.51,3364.6,3359.2,3361.67,
2025-08-02 05:00:00,3361.68,3364.18,3358.7,3363.8,
2025-08-02 06:00:00,3363.8,3363.81,3356.46,3358.06,
2025-08-02 07:00:00,3358.06,3364.49,3355.58,3364.27,
2025-08-02 08:00:00,3364.2,3365.14,3364.05,3364.22,
2025-08-02 09:00:00,3364.22,3365.84,3362.6,3365.84,
2025-08-02 10:00:00,3365.84,3365.84,3362.6,3364.76,
2025-08-02 11:00:00,3364.77,3365.96,3362.85,3364.94,
2025-08-02 12:00:00,3364.95,3367.26,3360.4,3360.4,
2025-08-02 13:00:00,3360.4,3365.4,3360,3361.38,
2025-08-03 21:00:00,3368.63,3368.8,3368.62,3368.8,
2025-08-03 22:00:00,3368.79,3368.79,3361.17,3362.3,
2025-08-03 23:00:00,3362.29,3365.69,3358,3365.68,
2025-08-04 00:00:00,3365.69,3365.69,3353.38,3353.8,
2025-08-04 01:00:00,3353.8,3356.33,3348.8,3355.59,
2025-08-04 02:00:00,3355.59,3356.99,3351.12,3356.81,
2025-08-04 03:00:00,3356.81,3362.45,3356.2,3361.21,
2025-08-04 04:00:00,3361.21,3365.21,3361.21,3362.79,
2025-08-04 05:00:00,3362.78,3364.22,3359.21,3361.2,
2025-08-04 06:00:00,3361.2,3364.81,3357.99,3364.4,
2025-08-04 07:00:00,3364.43,3364.55,3356.12,3358.41,
2025-08-04 08:00:00,3358.41,3362.46,3357.65,3361.53,
2025-08-04 09:00:00,3361.53,3363.2,3360.2,3360.36,
2025-08-04 10:00:00,3360.36,3361.39,3357.4,3360.62,
2025-08-04 11:00:00,3360.62,3372,3360.61,3371.2,
2025-08-04 12:00:00,3371.2,3373.2,3366,3372.22,
2025-08-04 13:00:00,3372.22,3384,3371.48,3383.86,
2025-08-04 14:00:00,3383.86,3384.39,3374.4,3376.19,
2025-08-04 15:00:00,3376.2,3377,3374.01,3376.39,
2025-08-04 16:00:00,3376.39,3380.43,3372.05,3374.14,
2025-08-04 17:00:00,3374.14,3375.8,3374,3374.8,
2025-08-04 18:00:00,3374.8,3377.2,3374.8,3376.6,
2025-08-04 19:00:00,3376.61,3380,3376.16,3380,
2025-08-04 20:00:00,3379.99,3380.25,3378.6,3378.96,
2025-08-04 21:00:00,3378.97,3378.98,3368.97,3371.2,
2025-08-04 22:00:00,3371.2,3377.77,3371.01,3375.6,
2025-08-04 23:00:00,3375.6,3381.15,3375.6,3377.6,
2025-08-05 00:00:00,3377.6,3381.19,3376.8,3380.48,
2025-08-05 01:00:00,3380.49,3385.08,3380.06,3380.06,
2025-08-05 02:00:00,3380.06,3389.58,3377.4,3377.4,
2025-08-05 03:00:00,3377.4,3378.09,3373.91,3375.63,
2025-08-05 04:00:00,3375.63,3376.87,3374.6,3374.81,
2025-08-05 05:00:00,3374.8,3374.8,3369.84,3373.3,
2025-08-05 06:00:00,3373.3,3373.9,3368.27,3368.27,
2025-08-05 07:00:00,3368.28,3375.18,3368.26,3373.82,
2025-08-05 08:00:00,3373.81,3374.2,3367.29,3367.29,
2025-08-05 09:00:00,3367.29,3367.73,3362.8,3362.81,
2025-08-05 10:00:00,3362.8,3364.94,3357.26,3357.26,
2025-08-05 11:00:00,3357.26,3357.27,3353.8,3355.26,
2025-08-05 12:00:00,3354.92,3367.79,3354.05,3367.54,
2025-08-05 13:00:00,3367.54,3378.71,3367.5,3374.35,
2025-08-05 14:00:00,3374.35,3393.62,3372.89,3384.81,
2025-08-05 15:00:00,3384.81,3388.6,3381.38,3388.6,
2025-08-05 16:00:00,3388.6,3389,3377,3381.19,
2025-08-05 17:00:00,3381.19,3383,3380.01,3380.86,
2025-08-05 18:00:00,3380.39,3380.45,3378.34,3378.4,
2025-08-05 19:00:00,3378.41,3378.8,3377.06,3378.09,
2025-08-05 20:00:00,3378.09,3379.79,3376.52,3379.58,
2025-08-05 21:00:00,3379.59,3384.47,3379.59,3380.7,
2025-08-05 22:00:00,3380.69,3382.12,3379.4,3381.25,
2025-08-05 23:00:00,3381.25,3385.25,3380.56,3384.32,
2025-08-06 00:00:00,3384.32,3384.8,3382.12,3382.39,
2025-08-06 01:00:00,3382.39,3382.92,3375.8,3376.39,
2025-08-06 02:00:00,3376.4,3378.7,3376,3378.21,
2025-08-06 03:00:00,3378.21,3379,3375.97,3376.59,
2025-08-06 04:00:00,3376.59,3378.2,3375.8,3375.84,
2025-08-06 05:00:00,3375.84,3376,3373.52,3376,
2025-08-06 06:00:00,3376,3381.35,3374.71,3378,
2025-08-06 07:00:00,3378,3378.51,3369.44,3376.4,
2025-08-06 08:00:00,3376.4,3376.73,3368.4,3368.76,
2025-08-06 09:00:00,3368.76,3369.8,3362.51,3364.18,
2025-08-06 10:00:00,3364.18,3368.4,3363.19,3367.39,
2025-08-06 11:00:00,3367.4,3371.6,3366.2,3369.39,
2025-08-06 12:00:00,3369.39,3370.9,3364.7,3370.01,
2025-08-06 13:00:00,3370.01,3374.49,3366.23,3373.24,
2025-08-06 14:00:00,3373.24,3380.75,3371.96,3380.67,
2025-08-06 15:00:00,3380.69,3381.27,3373.39,3377.4,
2025-08-06 16:00:00,3377.4,3379.09,3374.61,3377.01,
2025-08-06 17:00:00,3377.01,3378,3373.32,3376.41,
2025-08-06 18:00:00,3376.41,3376.41,3370.21,3371.8,
2025-08-06 19:00:00,3371.8,3373.79,3371,3372.8,
2025-08-06 20:00:00,3372.8,3372.81,3368.49,3371.53,
2025-08-06 21:00:00,3371.54,3372.29,3368.36,3369.86,
2025-08-06 22:00:00,3369.86,3374.5,3369.86,3373.79,
2025-08-06 23:00:00,3373.79,3373.79,3370,3370.99,
2025-08-07 00:00:00,3371.15,3376.19,3368.8,3375.92,
2025-08-07 01:00:00,3375.91,3383.06,3374.2,3383.05,
2025-08-07 02:00:00,3383.05,3383.24,3377.45,3380.83,
2025-08-07 03:00:00,3380.83,3380.83,3377.4,3378.79,
2025-08-07 04:00:00,3378.79,3379.92,3377.15,3378.13,
2025-08-07 05:00:00,3378.14,3379.99,3375,3376.08,
2025-08-07 06:00:00,3376.2,3384.68,3375.75,3384.68,
2025-08-07 07:00:00,3384.68,3394.98,3384.58,3393,
2025-08-07 08:00:00,3393,3393.2,3375.4,3379.98,
2025-08-07 09:00:00,3379.86,3382.6,3377.17,3379.8,
2025-08-07 10:00:00,3379.61,3380.86,3374.16,3374.38,
2025-08-07 11:00:00,3374.37,3383.7,3374.37,3377.61,
2025-08-07 12:00:00,3377.71,3386.19,3376.47,3378.73,
2025-08-07 13:00:00,3378.73,3387.93,3378.73,3382.7,
2025-08-07 14:00:00,3382.59,3385,3376.1,3384.13,
2025-08-07 15:00:00,3384.87,3385.14,3381.79,3384.41,
2025-08-07 16:00:00,3384.6,3386.4,3381.99,3383.41,
2025-08-07 17:00:00,3383.4,3386.95,3381.84,3386.85,
2025-08-07 18:00:00,3386.85,3389.02,3385.03,3385.43,
2025-08-07 19:00:00,3385.43,3392.98,3384,3392.92,
2025-08-07 20:00:00,3392.92,3393.57,3386.17,3389.29,
2025-08-07 21:00:00,3389.03,3391.79,3384.14,3388.81,
2025-08-07 22:00:00,3388.81,3396.5,3382.99,3394.6,
2025-08-07 23:00:00,3394.51,3397.81,3390.2,3393.46,
2025-08-08 00:00:00,3393.46,3394.86,3387.13,3387.6,
2025-08-08 01:00:00,3387.55,3387.6,3380.69,3381.59,
2025-08-08 02:00:00,3381.59,3387.55,3381.59,3383.19,
2025-08-08 03:00:00,3383.19,3392.51,3381.16,3390.6,
2025-08-08 04:00:00,3390.59,3393.6,3389.63,3390.6,
2025-08-08 05:00:00,3390.43,3391,3388.27,3390,
2025-08-08 06:00:00,3389.99,3391.82,3386.67,3389.59,
2025-08-08 07:00:00,3389.59,3394.62,3388.04,3394.4,
2025-08-08 08:00:00,3394.6,3394.63,3390.01,3390.21,
2025-08-08 09:00:00,3390.2,3393.98,3389.6,3393.81,
2025-08-08 10:00:00,3393.89,3394.99,3379,3380.92,
2025-08-08 11:00:00,3380.93,3383.8,3377.77,3380.07,
2025-08-08 12:00:00,3380,3392.46,3380,3383.99,
2025-08-08 13:00:00,3383.97,3390.5,3380,3390.5,
2025-08-08 14:00:00,3390.49,3390.49,3377.28,3381.37,
2025-08-08 15:00:00,3381.59,3385.51,3381.25,3384.13,
2025-08-08 16:00:00,3384.13,3389.54,3384.13,3389.5,
2025-08-08 17:00:00,3389.5,3390,3379.38,3379.8,
2025-08-08 18:00:00,3379.63,3389.64,3375.19,3386.26,
2025-08-08 19:00:00,3386.24,3389.11,3384.31,3388.92,
2025-08-08 20:00:00,3388.92,3388.93,3383.35,3387.21,
2025-08-08 21:00:00,3387.21,3387.79,3383.97,3384.78,
2025-08-08 22:00:00,3385.25,3388.88,3384.17,3388.76,
2025-08-08 23:00:00,3388.77,3388.77,3383.96,3385.75,
2025-08-09 00:00:00,3385.76,3386.58,3384.61,3385.16,
2025-08-09 01:00:00,3385.16,3393.8,3385.11,3388.02,
2025-08-09 02:00:00,3388.02,3388.14,3386.88,3387.49,
2025-08-09 03:00:00,3387.49,3387.82,3387.28,3387.55,
2025-08-09 04:00:00,3387.55,3389.59,3375,3385.47,
2025-08-09 05:00:00,3385.47,3386.89,3376.93,3385.68,
2025-08-09 06:00:00,3385.67,3386.03,3380.22,3383.59,
2025-08-09 07:00:00,3383.58,3383.8,3382.64,3383.75,
2025-08-09 08:00:00,3383.75,3384.06,3380.11,3380.89,
2025-08-09 09:00:00,3380.95,3387.48,3380.95,3387.48,
2025-08-09 10:00:00,3387.49,3390,3385.46,3386.14,
2025-08-09 11:00:00,3386.13,3390,3386.05,3387.45,
2025-08-09 12:00:00,3387.45,3389.63,3386.48,3388.59,
2025-08-09 13:00:00,3388.58,3389.32,3387.4,3389.32,
2025-08-10 21:00:00,3386.51,3386.51,3386.51,3386.51,
2025-08-10 22:00:00,3386.51,3391.7,3382.85,3387.48,
2025-08-10 23:00:00,3387.47,3387.56,3382.52,3382.52,
2025-08-11 00:00:00,3382.53,3385.04,3377.93,3377.93,
2025-08-11 01:00:00,3377.78,3377.78,3365.56,3371.01,
2025-08-11 02:00:00,3370.73,3375.18,3366.58,3373.18,
2025-08-11 03:00:00,3372.73,3374.38,3368.18,3374.38,
2025-08-11 04:00:00,3374.38,3375.18,3371,3371.62,
2025-08-11 05:00:00,3371.61,3374.32,3369.24,3371,
2025-08-11 06:00:00,3371.01,3371.01,3362.1,3362.24,
2025-08-11 07:00:00,3362.23,3362.23,3352.61,3356.15,
2025-08-11 08:00:00,3356.2,3360.96,3354.65,3358.1,
2025-08-11 09:00:00,3358.1,3359.88,3344.99,3348.39,
2025-08-11 10:00:00,3348.76,3360,3348.76,3354.01,
2025-08-11 11:00:00,3354.01,3354.57,3343.24,3349.62,
2025-08-11 12:00:00,3349.62,3352.95,3342.05,3351.75,
2025-08-11 13:00:00,3351.74,3358.92,3345.14,3355.21,
2025-08-11 14:00:00,3355.2,3355.2,3340.4,3343.84,
2025-08-11 15:00:00,3344.88,3348.88,3343.01,3346.04,
2025-08-11 16:00:00,3346.04,3347.18,3340.98,3340.98,
2025-08-11 17:00:00,3340.98,3354.74,3339.63,3354.47,
2025-08-11 18:00:00,3354.41,3373.85,3350.26,3356.17,
2025-08-11 19:00:00,3356.17,3357.58,3351.13,3352.1,
2025-08-11 20:00:00,3351.7,3351.7,3344,3344.13,
2025-08-11 21:00:00,3344.14,3345.45,3338.72,3339.31,
2025-08-11 22:00:00,3339.73,3346.07,3339.46,3343.83,
2025-08-11 23:00:00,3343.83,3346.18,3342,3345.71,
2025-08-12 00:00:00,3345.71,3353.23,3344.15,3352.04,
2025-08-12 01:00:00,3352.04,3357.09,3347.17,3348.77,
2025-08-12 02:00:00,3348.77,3352.09,3347.51,3350.46,
2025-08-12 03:00:00,3350.45,3352.89,3345.54,3346.65,
2025-08-12 04:00:00,3346.66,3351.09,3345.96,3349.54,
2025-08-12 05:00:00,3349.9,3350.31,3345.57,3348.87,
2025-08-12 06:00:00,3348.87,3357.52,3339.33,3342.29,
2025-08-12 07:00:00,3342.29,3353,3341.95,3350.73,
2025-08-12 08:00:00,3350.74,3353.04,3346.82,3349.03,
2025-08-12 09:00:00,3349.05,3351.09,3344.48,3345.05,
2025-08-12 10:00:00,3345.03,3348.32,3341,3343.5,
2025-08-12 11:00:00,3343.5,3346.7,3338.51,3344.9,
2025-08-12 12:00:00,3344.9,3354.19,3340.19,3347.92,
2025-08-12 13:00:00,3347.93,3352.25,3340.26,3342.71,
2025-08-12 14:00:00,3342.3,3343.24,3332,3335.76,
2025-08-12 15:00:00,3335.67,3357.21,3335.24,3347.79,
2025-08-12 16:00:00,3347.8,3352.28,3343.35,3345.58,
2025-08-12 17:00:00,3346.02,3346.02,3342.04,3343.72,
2025-08-12 18:00:00,3343.72,3345.39,3342.33,3344.44,
2025-08-12 19:00:00,3344.44,3344.47,3341.16,3342.33,
2025-08-12 20:00:00,3342.38,3343.75,3340.41,3342.47,
2025-08-12 21:00:00,3342.52,3343.42,3340,3341.1,
2025-08-12 22:00:00,3341.1,3347.79,3337.78,3344.18,
2025-08-12 23:00:00,3344.18,3351.42,3340.94,3340.96,
2025-08-13 00:00:00,3340.96,3340.97,3336.1,3336.63,
2025-08-13 01:00:00,3336.64,3348.07,3335.55,3344.42,
2025-08-13 02:00:00,3344.42,3344.83,3339.58,3343.11,
2025-08-13 03:00:00,3343.19,3343.19,3340.29,3340.56,
2025-08-13 04:00:00,3340.56,3343.4,3340.36,3342.32,
2025-08-13 05:00:00,3342.24,3342.35,3342.04,3342.05,
2025-08-13 06:00:00,3342.04,3348.3,3341.44,3348.3,
2025-08-13 07:00:00,3348.29,3351.34,3346.04,3346.04,
2025-08-13 08:00:00,3346.04,3351.78,3343.65,3349.05,
2025-08-13 09:00:00,3349,3355,3348.35,3353.64,
2025-08-13 10:00:00,3353.65,3354.91,3352.67,3354.63,
2025-08-13 11:00:00,3354.64,3355,3345.99,3351.38,
2025-08-13 12:00:00,3351.39,3353.27,3347.07,3347.12,
2025-08-13 13:00:00,3347.11,3354.99,3344.27,3354.2,
2025-08-13 14:00:00,3354.2,3358.6,3353.16,3353.4,
2025-08-13 15:00:00,3353.4,3355.78,3347.9,3348.33,
2025-08-13 16:00:00,3348.33,3355.84,3348.33,3352.05,
2025-08-13 17:00:00,3352.05,3352.06,3346.01,3346.61,
2025-08-13 18:00:00,3346.61,3347.65,3345,3347.65,
2025-08-13 19:00:00,3347.65,3351.6,3346.04,3351.44,
2025-08-13 20:00:00,3351.44,3351.44,3349.07,3350.8,
2025-08-13 21:00:00,3350.8,3357.68,3350.24,3352.34,
2025-08-13 22:00:00,3352.3,3353.7,3349.49,3349.93,
2025-08-13 23:00:00,3350.47,3354.28,3348.61,3353.91,
2025-08-14 00:00:00,3353.91,3361,3349.15,3357.82,
2025-08-14 01:00:00,3357.66,3360.19,3354.02,3357.9,
2025-08-14 02:00:00,3357.75,3359.44,3353.75,3354.67,
2025-08-14 03:00:00,3354.66,3354.66,3348.72,3351.37,
2025-08-14 04:00:00,3351.38,3356.08,3350,3351.4,
2025-08-14 05:00:00,3351.49,3351.77,3350,3350.17,
2025-08-14 06:00:00,3350.18,3352.76,3348.5,3352.76,
2025-08-14 07:00:00,3352.77,3355.61,3340,3340.72,
2025-08-14 08:00:00,3345.65,3345.99,3338.18,3341,
2025-08-14 09:00:00,3341,3350,3341,3348.76,
2025-08-14 10:00:00,3348.77,3349.87,3344.96,3346.77,
2025-08-14 11:00:00,3346.78,3349,3344,3345.32,
2025-08-14 12:00:00,3345.32,3347.49,3335.01,3339.7,
2025-08-14 13:00:00,3339.69,3343.41,3335,3338.09,
2025-08-14 14:00:00,3338.09,3339.01,3330,3334.8,
2025-08-14 15:00:00,3334.81,3336.8,3330.7,3335.01,
2025-08-14 16:00:00,3335.01,3335.61,3324.39,3328.63,
2025-08-14 17:00:00,3328.59,3333.26,3327.16,3332.43,
2025-08-14 18:00:00,3332.43,3333.67,3331,3333.37,
2025-08-14 19:00:00,3333.37,3334.07,3331.58,3331.59,
2025-08-14 20:00:00,3331.59,3331.59,3330,3330.23,
2025-08-14 21:00:00,3330.23,3330.54,3326.01,3327.87,
2025-08-14 22:00:00,3327.83,3329.86,3326.67,3326.67,
2025-08-14 23:00:00,3326.68,3329.82,3326.67,3329.67,
2025-08-15 00:00:00,3329.67,3329.75,3327.01,3329.4,
2025-08-15 01:00:00,3329.4,3333.46,3328.12,3333.46,
2025-08-15 02:00:00,3333.46,3333.51,3330.23,3332.59,
2025-08-15 03:00:00,3332.6,3335.5,3332.59,3335.5,
2025-08-15 04:00:00,3335.5,3338,3335.49,3337.11,
2025-08-15 05:00:00,3337.11,3339.62,3335.34,3337.36,
2025-08-15 06:00:00,3337.36,3337.36,3334.08,3334.84,
2025-08-15 07:00:00,3334.83,3339.48,3334.74,3339.2,
2025-08-15 08:00:00,3339.43,3341.09,3334.03,3336.06,
2025-08-15 09:00:00,3335.88,3339.22,3334.01,3337.7,
2025-08-15 10:00:00,3337.7,3338.48,3333.13,3333.17,
2025-08-15 11:00:00,3333.16,3340.03,3332.88,3338.87,
2025-08-15 12:00:00,3338.73,3338.73,3330.13,3336.66,
2025-08-15 13:00:00,3336.82,3339.51,3329.72,3330.81,
2025-08-15 14:00:00,3330.81,3335.8,3330.31,3335.15,
2025-08-15 15:00:00,3335.15,3336.94,3333.35,3333.4,
2025-08-15 16:00:00,3333.4,3333.41,3328.2,3329.38,
2025-08-15 17:00:00,3329.38,3331.44,3328.9,3329.54,
2025-08-15 18:00:00,3329.62,3333.9,3329.55,3330.93,
2025-08-15 19:00:00,3330.93,3332.44,3329.87,3331.84,
2025-08-15 20:00:00,3331.84,3331.99,3329.17,3329.36,
2025-08-15 21:00:00,3329.35,3332.51,3328.97,3330.15,
2025-08-15 22:00:00,3330.15,3335,3328.96,3334.09,
2025-08-15 23:00:00,3334.08,3334.08,3330,3330.31,
2025-08-16 00:00:00,3330.3,3334,3330.3,3332.28,
2025-08-16 01:00:00,3332.28,3332.41,3331.2,3331.7,
2025-08-16 02:00:00,3331.74,3336.01,3331.74,3333.89,
2025-08-16 03:00:00,3333.88,3334.88,3332.25,3332.28,
2025-08-16 04:00:00,3332.26,3333.36,3331.41,3333.32,
2025-08-16 05:00:00,3333.31,3334.97,3332.98,3333.68,
2025-08-16 06:00:00,3333.61,3334.64,3332.28,3333.54,
2025-08-16 07:00:00,3333.79,3333.83,3333.44,3333.8,
2025-08-16 08:00:00,3333.8,3333.8,3327.21,3330.01,
2025-08-16 09:00:00,3330,3331.11,3330,3330.95,
2025-08-16 10:00:00,3330.95,3331.05,3328.81,3328.88,
2025-08-16 11:00:00,3328.88,3329.87,3328.87,3329.03,
2025-08-16 12:00:00,3329.02,3329.73,3328.84,3328.85,
2025-08-16 13:00:00,3328.85,3331.25,3327.95,3331.25,
2025-08-17 21:00:00,3330.09,3330.78,3330.09,3330.78,
2025-08-17 22:00:00,3330.79,3330.79,3328.06,3329.1,
2025-08-17 23:00:00,3329.1,3329.11,3322,3323.69,
2025-08-18 00:00:00,3323.7,3337.86,3323.7,3333.98,
2025-08-18 01:00:00,3333.98,3339.56,3333.74,3339.37,
2025-08-18 02:00:00,3339.37,3339.6,3333.4,3334.35,
2025-08-18 03:00:00,3334.35,3342.46,3334.35,3340.01,
2025-08-18 04:00:00,3340.01,3353.64,3340.01,3350.79,
2025-08-18 05:00:00,3350.79,3380,3341.67,3345.25,
2025-08-18 06:00:00,3345.24,3349.89,3341.69,3346.01,
2025-08-18 07:00:00,3346.44,3350.94,3343.05,3344.16,
2025-08-18 08:00:00,3344.26,3348.29,3340.39,3346.35,
2025-08-18 09:00:00,3346.35,3353.2,3342.09,3344.87,
2025-08-18 10:00:00,3344.88,3345.89,3342.77,3343.71,
2025-08-18 11:00:00,3343.7,3344.57,3342,3342,
2025-08-18 12:00:00,3342,3347.13,3339.57,3339.64,
2025-08-18 13:00:00,3339.64,3339.64,3333.47,3334.04,
2025-08-18 14:00:00,3334.05,3335.06,3331,3331.66,
2025-08-18 15:00:00,3332.16,3334.17,3331.39,3333.28,
2025-08-18 16:00:00,3333.27,3333.27,3328.25,3332.7,
2025-08-18 17:00:00,3332.76,3333.14,3326.63,3330.76,
2025-08-18 18:00:00,3330.71,3330.75,3328.76,3330.75,
2025-08-18 19:00:00,3330.75,3331.6,3329.87,3331.6,
2025-08-18 20:00:00,3331.55,3332.4,3331.35,3331.75,
2025-08-18 21:00:00,3331.76,3336.57,3331.76,3335.55,
2025-08-18 22:00:00,3335.4,3335.4,3331.87,3331.92,
2025-08-18 23:00:00,3331.82,3333.07,3330.47,3330.97,
2025-08-19 00:00:00,3330.96,3337.46,3326.51,3332.7,
2025-08-19 01:00:00,3332.7,3334.14,3330.23,3331.72,
2025-08-19 02:00:00,3331.95,3336.04,3329.25,3336.04,
2025-08-19 03:00:00,3336.04,3337.98,3332.62,3335.35,
2025-08-19 04:00:00,3335.35,3335.35,3331.51,3334.29,
2025-08-19 05:00:00,3334.3,3337.96,3334.3,3335.3,
2025-08-19 06:00:00,3335.22,3336.02,3335.1,3335.1,
2025-08-19 07:00:00,3335.1,3337.75,3335.1,3336.16,
2025-08-19 08:00:00,3336.17,3337.03,3332.4,3335.08,
2025-08-19 09:00:00,3335.08,3337.58,3332.56,3333.77,
2025-08-19 10:00:00,3334.12,3339.95,3334.12,3336.84,
2025-08-19 11:00:00,3336.86,3337.85,3333.54,3334.81,
2025-08-19 12:00:00,3334.71,3336.11,3331.73,3331.73,
2025-08-19 13:00:00,3331.7,3342.06,3324.59,3331.35,
2025-08-19 14:00:00,3331.37,3333.02,3320.34,3321.86,
2025-08-19 15:00:00,3321.86,3323.39,3317,3319.32,
2025-08-19 16:00:00,3319.33,3321.54,3317,3317,
2025-08-19 17:00:00,3317,3317.65,3315.05,3317.47,
2025-08-19 18:00:00,3317.46,3318.79,3316.23,3317.05,
2025-08-19 19:00:00,3317.04,3317.24,3308.01,3314.35,
2025-08-19 20:00:00,3314.35,3317.24,3313.67,3314.82,
2025-08-19 21:00:00,3314.84,3315.52,3314.7,3315.33,
2025-08-19 22:00:00,3315.33,3316.56,3314.65,3316.55,
2025-08-19 23:00:00,3316.55,3316.7,3307.58,3312.7,
2025-08-20 00:00:00,3312.71,3314.29,3311.78,3312.4,
2025-08-20 01:00:00,3312.38,3316.2,3307.23,3312.75,
2025-08-20 02:00:00,3312.75,3315.41,3301.77,3308.67,
2025-08-20 03:00:00,3308.68,3310.19,3307.36,3307.44,
2025-08-20 04:00:00,3307.36,3313.51,3307.32,3312.38,
2025-08-20 05:00:00,3312.47,3315.38,3312,3315.38,
2025-08-20 06:00:00,3315.38,3318.32,3315.09,3316.58,
2025-08-20 07:00:00,3316.58,3319.11,3315.62,3318.06,
2025-08-20 08:00:00,3318.05,3320.69,3314.41,3319.6,
2025-08-20 09:00:00,3319.65,3320.69,3317.89,3317.89,
2025-08-20 10:00:00,3317.9,3318,3317.08,3317.87,
2025-08-20 11:00:00,3317.88,3324.23,3317.88,3324.18,
2025-08-20 12:00:00,3324.18,3333.78,3324.02,3333.76,
2025-08-20 13:00:00,3333.75,3336.17,3330.47,3334.43,
2025-08-20 14:00:00,3334.19,3338.13,3330.84,3338.13,
2025-08-20 15:00:00,3338.13,3338.19,3331,3331.01,
2025-08-20 16:00:00,3331.01,3337.14,3331,3334.26,
2025-08-20 17:00:00,3334.27,3336.98,3334.27,3335.97,
2025-08-20 18:00:00,3335.97,3337.19,3334,3335.74,
2025-08-20 19:00:00,3335.74,3338.62,3334,3338.62,
2025-08-20 20:00:00,3338.63,3339.91,3337.79,3339.88,
2025-08-20 21:00:00,3339.88,3341.85,3339.79,3341.84,
2025-08-20 22:00:00,3341.85,3342.56,3340.8,3340.8,
2025-08-20 23:00:00,3340.82,3340.82,3339.87,3339.92,
2025-08-21 00:00:00,3339.92,3339.93,3336.56,3336.56,
2025-08-21 01:00:00,3336.57,3339.15,3335.59,3336.87,
2025-08-21 02:00:00,3336.87,3337.25,3335.31,3337.15,
2025-08-21 03:00:00,3337.14,3337.15,3334.32,3334.33,
2025-08-21 04:00:00,3334.32,3334.99,3333,3333.12,
2025-08-21 05:00:00,3333.13,3334.45,3332,3333.08,
2025-08-21 06:00:00,3333.08,3333.08,3330,3330.01,
2025-08-21 07:00:00,3330.01,3334.78,3330,3334.36,
2025-08-21 08:00:00,3334.36,3335.58,3334.35,3335.29,
2025-08-21 09:00:00,3335.26,3336.28,3334.84,3336.07,
2025-08-21 10:00:00,3336.32,3336.32,3318.25,3323.96,
2025-08-21 11:00:00,3324.09,3328.22,3321.76,3327.65,
2025-08-21 12:00:00,3327.66,3336.25,3327.65,3333.72,
2025-08-21 13:00:00,3333.73,3338.1,3329.4,3331.62,
2025-08-21 14:00:00,3331.62,3338.38,3331.62,3335.71,
2025-08-21 15:00:00,3335.71,3337.84,3331,3335.84,
2025-08-21 16:00:00,3335.84,3336.25,3331.99,3332,
2025-08-21 17:00:00,3332,3334,3331.52,3331.74,
2025-08-21 18:00:00,3331.75,3332.85,3331.44,3332.81,
2025-08-21 19:00:00,3332.81,3334,3331,3332.07,
2025-08-21 20:00:00,3332.08,3332.5,3331.11,3332.14,
2025-08-21 21:00:00,3332.13,3335.22,3330.54,3335.22,
2025-08-21 22:00:00,3335.27,3335.28,3331.97,3333.31,
2025-08-21 23:00:00,3333.31,3333.32,3331.35,3331.5,
2025-08-22 00:00:00,3331.5,3333,3330.76,3332.82,
2025-08-22 01:00:00,3332.82,3333.16,3329.33,3329.35,
2025-08-22 02:00:00,3329.34,3331.29,3329.15,3329.16,
2025-08-22 03:00:00,3329.16,3330.62,3327.02,3328.54,
2025-08-22 04:00:00,3328.55,3332.38,3324.74,3325,
2025-08-22 05:00:00,3325,3327.47,3324.35,3325.61,
2025-08-22 06:00:00,3325.61,3325.72,3323.28,3324.65,
2025-08-22 07:00:00,3324.79,3332,3323.9,3323.99,
2025-08-22 08:00:00,3324,3326.65,3323.06,3325.07,
2025-08-22 09:00:00,3325.23,3328.02,3324.84,3326.92,
2025-08-22 10:00:00,3326.92,3327.25,3326.16,3326.71,
2025-08-22 11:00:00,3326.72,3326.72,3323.32,3324.32,
2025-08-22 12:00:00,3324.32,3324.92,3318.28,3319.71,
2025-08-22 13:00:00,3319.71,3328.75,3319.7,3327.29,
2025-08-22 14:00:00,3327.29,3360.68,3327.29,3359.73,
2025-08-22 15:00:00,3359.73,3363.43,3351,3351.95,
2025-08-22 16:00:00,3352.19,3356.82,3352.01,3354.69,
2025-08-22 17:00:00,3354.69,3361.44,3354.69,3360.43,
2025-08-22 18:00:00,3360.44,3363.35,3360.09,3361.12,
2025-08-22 19:00:00,3361.13,3362.49,3360.29,3361.37,
2025-08-22 20:00:00,3361.36,3363.42,3361.13,3363.42,
2025-08-22 21:00:00,3363.43,3365.5,3359.53,3364.66,
2025-08-22 22:00:00,3364.64,3364.64,3360,3363.44,
2025-08-22 23:00:00,3363.6,3365.06,3363.33,3364.74,
2025-08-23 00:00:00,3364.74,3366.18,3360,3360.67,
2025-08-23 01:00:00,3360.67,3360.73,3358.58,3358.79,
2025-08-23 02:00:00,3358.79,3360.09,3358.59,3358.87,
2025-08-23 03:00:00,3358.86,3360.56,3358.86,3360.17,
2025-08-23 04:00:00,3360.11,3360.11,3345.51,3356.08,
2025-08-23 05:00:00,3356.09,3357.6,3354.35,3357.6,
2025-08-23 06:00:00,3357.6,3358.88,3357.37,3357.78,
2025-08-23 07:00:00,3357.77,3358.31,3356.92,3358.31,
2025-08-23 08:00:00,3358.3,3359.76,3357.87,3359.75,
2025-08-23 09:00:00,3359.76,3360.69,3359.75,3360.42,
2025-08-23 10:00:00,3360.43,3360.69,3360.42,3360.69,
2025-08-23 11:00:00,3360.69,3360.69,3360.49,3360.67,
2025-08-23 12:00:00,3360.68,3360.68,3357.02,3358.83,
2025-08-23 13:00:00,3358.82,3360.69,3358.74,3359.72,
2025-08-24 21:00:00,3358.02,3358.02,3355.32,3356.81,
2025-08-24 22:00:00,3356.8,3358.25,3356.04,3357.49,
2025-08-24 23:00:00,3357.54,3361.5,3357.06,3360.81,
2025-08-25 00:00:00,3360.81,3360.81,3354.83,3355.54,
2025-08-25 01:00:00,3355.76,3358.21,3353.14,3353.23,
2025-08-25 02:00:00,3353.29,3356.78,3352.54,3356.56,
2025-08-25 03:00:00,3356.56,3366.68994,3356.56,3358.87,
2025-08-25 04:00:00,3358.88,3358.88,3356.77,3357.4,
2025-08-25 05:00:00,3357.39,3357.4,3356.02,3356.23,
2025-08-25 06:00:00,3356.23,3358.85,3356.1,3357.95,
2025-08-25 07:00:00,3357.94,3358.56,3355.16,3356,
2025-08-25 08:00:00,3356,3356.17,3351.99,3353.31,
2025-08-25 09:00:00,3353.28,3356.09,3353.27,3356.08,
2025-08-25 10:00:00,3356.09,3359.14,3355.16,3356.68,
2025-08-25 11:00:00,3356.69,3361.5,3356.67,3361.24,
2025-08-25 12:00:00,3361.24,3362.71,3358.75,3358.76,
2025-08-25 13:00:00,3358.75,3360.3,3355.48,3359.95,
2025-08-25 14:00:00,3359.95,3361.89,3359.86,3361.88,
2025-08-25 15:00:00,3361.88,3363.18,3360.05,3361.37,
2025-08-25 16:00:00,3361.22,3363.3,3359.99,3362.95,
2025-08-25 17:00:00,3362.95,3363.3,3361.24,3361.95,
2025-08-25 18:00:00,3361.95,3362.85,3359.64,3361.8,
2025-08-25 19:00:00,3361.81,3362.58,3353.96,3353.96,
2025-08-25 20:00:00,3353.97,3355,3349.12,3349.54,
2025-08-25 21:00:00,3349.54,3349.54,3336,3345.78,
2025-08-25 22:00:00,3345.6,3350.57,3345,3350.05,
2025-08-25 23:00:00,3350.05,3350.06,3339.76,3343.11,
2025-08-26 00:00:00,3343.04,3370.66,3339.64,3367.02,
2025-08-26 01:00:00,3366.1,3366.1,3357.65,3362.77,
2025-08-26 02:00:00,3362.77,3367.98,3360.6,3362.2,
2025-08-26 03:00:00,3362.08,3371.43994,3359,3360.73,
2025-08-26 04:00:00,3360.73,3366.72,3360.73,3364.44,
2025-08-26 05:00:00,3364.47,3367.67,3360.66,3365.42,
2025-08-26 06:00:00,3365.42,3369.06,3362.42,3364.08,
2025-08-26 07:00:00,3363.82,3365.95,3358.48,3364.03,
2025-08-26 08:00:00,3364.52,3366.59,3363.84,3366.07,
2025-08-26 09:00:00,3366.07,3366.07,3359.28,3362.59,
2025-08-26 10:00:00,3362.59,3363.98,3357.69,3362.69,
2025-08-26 11:00:00,3362.69,3367.35,3362.15,3364.6,
2025-08-26 12:00:00,3364.5,3366.63,3361,3361.34,
2025-08-26 13:00:00,3361,3365.88,3358.17,3364.01,
2025-08-26 14:00:00,3364.01,3365.89,3360,3365.69,
2025-08-26 15:00:00,3365.7,3374.03,3365.7,3371.56,
2025-08-26 16:00:00,3371.55,3373.69,3370.06,3372.13,
2025-08-26 17:00:00,3372.13,3373.36,3368.71,3369.85,
2025-08-26 18:00:00,3369.85,3372.81,3368.44,3372.63,
2025-08-26 19:00:00,3372.62,3376.84,3372.62,3374.29,
2025-08-26 20:00:00,3374.3,3379.98,3374.3,3379.95,
2025-08-26 21:00:00,3379.9,3382.01,3379.75,3382.01,
2025-08-26 22:00:00,3382,3382.93,3375.78,3377.97,
2025-08-26 23:00:00,3377.97,3380.1,3377.69,3378,
2025-08-27 00:00:00,3378,3380.84,3378,3379.23,
2025-08-27 01:00:00,3379.24,3379.24,3374.4,3375.99,
2025-08-27 02:00:00,3375.99,3386.1001,3373.57,3373.92,
2025-08-27 03:00:00,3373.91,3382.75,3373.51,3373.52,
2025-08-27 04:00:00,3373.52,3377.5,3365,3365.84,
2025-08-27 05:00:00,3365.84,3369.72,3365.83,3368.81,
2025-08-27 06:00:00,3369.19,3372.21,3368.19,3368.33,
2025-08-27 07:00:00,3368.33,3371.83,3366.61,3371.83,
2025-08-27 08:00:00,3371.83,3375.66,3371.83,3373.81,
2025-08-27 09:00:00,3373.82,3374.9,3369.11,3369.77,
2025-08-27 10:00:00,3369.76,3369.97,3367.47,3367.57,
2025-08-27 11:00:00,3367.57,3370.22,3367.15,3369.79,
2025-08-27 12:00:00,3369.79,3372,3367.92,3370.89,
2025-08-27 13:00:00,3371.34,3372.62,3366.67,3367.95,
2025-08-27 14:00:00,3367.95,3374.71,3366.93,3374.57,
2025-08-27 15:00:00,3374.57,3378.23,3374.57,3376.84,
2025-08-27 16:00:00,3377.07,3384.92,3376.92,3382.58,
2025-08-27 17:00:00,3382.44,3384.68,3382.24,3384.56,
2025-08-27 18:00:00,3384.57,3385.75,3381.9,3384.8,
2025-08-27 19:00:00,3384.8,3388.12,3384.79,3387.58,
2025-08-27 20:00:00,3387.58,3388.82,3385.91,3388.82,
2025-08-27 21:00:00,3388.81,3390,3384.83,3384.83,
2025-08-27 22:00:00,3384.84,3388.6,3384.84,3386.98,
2025-08-27 23:00:00,3386.97,3390.77,3385.94,3387.82,
2025-08-28 00:00:00,3387.82,3390,3384.65,3384.65,
2025-08-28 01:00:00,3384.65,3389.97,3380.93,3381.59,
2025-08-28 02:00:00,3381.6,3385.31,3380.34,3385.31,
2025-08-28 03:00:00,3385.31,3385.79,3383.04,3383.67,
2025-08-28 04:00:00,3383.67,3383.68,3378,3381.7,
2025-08-28 05:00:00,3381.71,3383.09,3380.64,3382.67,
2025-08-28 06:00:00,3382.67,3388.98,3382.32,3388.06,
2025-08-28 07:00:00,3388.05,3390.83,3387.18,3390.62,
2025-08-28 08:00:00,3390.62,3397.51,3388.6,3396.35,
2025-08-28 09:00:00,3396.35,3397.82,3395.45,3395.77,
2025-08-28 10:00:00,3395.74,3396.48,3390.96,3392.31,
2025-08-28 11:00:00,3392.32,3399.76,3392.32,3397.87,
2025-08-28 12:00:00,3397.88,3402.32,3393.01,3394.31,
2025-08-28 13:00:00,3394.09,3403.3,3392.2,3402.07,
2025-08-28 14:00:00,3402.06,3408.85,3400.58,3407.04,
2025-08-28 15:00:00,3407.04,3408.37,3403,3406.99,
2025-08-28 16:00:00,3407,3415.37,3406.56,3413.76,
2025-08-28 17:00:00,3413.75,3423.25,3413.13,3419.02,
2025-08-28 18:00:00,3419.03,3423.11,3417.83,3423.1,
2025-08-28 19:00:00,3423.1,3423.11,3419.08,3421.23,
2025-08-28 20:00:00,3421.22,3421.23,3416.26,3419.78,
2025-08-28 21:00:00,3419.77,3420.61,3419.77,3420.58,
2025-08-28 22:00:00,3420.58,3420.58,3418,3418.24,
2025-08-28 23:00:00,3418.24,3420.08,3414.03,3415.8,
2025-08-29 00:00:00,3415.81,3416.99,3409.52,3414.3,
2025-08-29 01:00:00,3414.3,3414.3,3407.99,3411,
2025-08-29 02:00:00,3411.79,3415.16,3411.29,3414.2,
2025-08-29 03:00:00,3414.21,3415.16,3411.99,3414.07,
2025-08-29 04:00:00,3414.01,3419.96,3411.05,3411.94,
2025-08-29 05:00:00,3411.95,3414,3411,3412.1,
2025-08-29 06:00:00,3412.09,3413.96,3411.04,3412.19,
2025-08-29 07:00:00,3412.18,3414.31,3408.69,3411.36,
2025-08-29 08:00:00,3411.4,3426.91,3410.52,3410.82,
2025-08-29 09:00:00,3410.82,3412.26,3408.59,3409.28,
2025-08-29 10:00:00,3409.28,3413,3407.8,3410,
2025-08-29 11:00:00,3410,3413.73,3408.05,3413.4,
2025-08-29 12:00:00,3412.99,3418.67,3410.56,3418.16,
2025-08-29 13:00:00,3418.17,3431.86,3415.97,3431.69,
2025-08-29 14:00:00,3431.68,3449.78,3430.4,3444.39,
2025-08-29 15:00:00,3444.41,3453,3441.2,3451.08,
2025-08-29 16:00:00,3451.07,3455.71,3449,3455.6,
2025-08-29 17:00:00,3455.48,3457,3449.33,3451.82,
2025-08-29 18:00:00,3451.94,3455,3445.98,3450.63,
2025-08-29 19:00:00,3450.33,3463,3449.42,3460.81,
2025-08-29 20:00:00,3460.82,3464.7,3448.23,3455.59,
2025-08-29 21:00:00,3455.6,3459.54,3451.04,3458.2,
2025-08-29 22:00:00,3458.2,3463.02,3457.52,3461.39,
2025-08-29 23:00:00,3461.39,3463.32,3458.85,3461.84,
2025-08-30 00:00:00,3461.83,3461.83,3457.84,3458.99,
2025-08-30 01:00:00,3458.99,3458.99,3456.53,3457.43,
2025-08-30 02:00:00,3457.43,3459.91,3452.66,3459.76,
2025-08-30 03:00:00,3459.76,3463,3459.75,3463,
2025-08-30 04:00:00,3463,3463,3462.88,3462.88,
2025-08-30 05:00:00,3462.89,3463,3457.64,3458.01,
2025-08-30 06:00:00,3458.01,3458.01,3454.83,3455.37,
2025-08-30 07:00:00,3455.37,3462.4,3455.36,3461.04,
2025-08-30 08:00:00,3461.05,3462.98,3459.05,3462.25,
2025-08-30 09:00:00,3462.26,3465.65,3459.89,3465.61,
2025-08-30 10:00:00,3465.61,3466.73,3460.01,3460.09,
2025-08-30 11:00:00,3460.08,3460.08,3456.3,3457.16,
2025-08-30 12:00:00,3457.16,3463.43,3457.16,3463.35,
2025-08-30 13:00:00,3463.35,3463.81,3457.85,3463.81,
2025-08-31 21:00:00,3467.33,3467.34,3464.37,3465.1,
2025-08-31 22:00:00,3465.1,3465.1,3456.3,3461.57,
2025-08-31 23:00:00,3461.56,3462,3457.73,3460.4,
2025-09-01 00:00:00,3460.41,3461.19,3455,3456.95,
2025-09-01 01:00:00,3456.94,3471.15,3451.13,3469.92,
2025-09-01 02:00:00,3469.91,3495.72,3467.62,3494.86,
2025-09-01 03:00:00,3494.85,3498.02,3486.81,3492,
2025-09-01 04:00:00,3492,3494.37,3486.81,3490.8,
2025-09-01 05:00:00,3490.8,3499,3489.89,3497,
2025-09-01 06:00:00,3497,3502,3495,3501.04,
2025-09-01 07:00:00,3499.99,3500,3486.84,3492.5,
2025-09-01 08:00:00,3492.5,3495.96,3490.71,3491.46,
2025-09-01 09:00:00,3491.46,3491.96,3483.19,3486.61,
2025-09-01 10:00:00,3486.61,3489,3481,3482.72,
2025-09-01 11:00:00,3482.72,3484.81,3481.53,3482.63,
2025-09-01 12:00:00,3482.64,3484,3480.73,3480.74,
2025-09-01 13:00:00,3480.74,3490,3480,3486.65,
2025-09-01 14:00:00,3486.65,3491.84,3485,3486.23,
2025-09-01 15:00:00,3486.23,3492.68,3485.76,3488.21,
2025-09-01 16:00:00,3488.22,3493.4,3486.36,3492.17,
2025-09-01 17:00:00,3492.17,3494.45,3491.27,3494.45,
2025-09-01 18:00:00,3494.44,3494.44,3489.92,3490.51,
2025-09-01 19:00:00,3490.5,3490.5,3488.71,3488.86,
2025-09-01 20:00:00,3488.85,3492.66,3488.77,3490.83,
2025-09-01 21:00:00,3490.82,3493.07,3489.37,3493.02,
2025-09-01 22:00:00,3493.07,3495.01,3492.01,3493.43,
2025-09-01 23:00:00,3493.43,3505.03,3493.42,3503.19,
2025-09-02 00:00:00,3502.92,3538,3501.45,3507.62,
2025-09-02 01:00:00,3507.61,3540,3507.43,3531.07,
2025-09-02 02:00:00,3530.9,3532.27,3520,3520.96,
2025-09-02 03:00:00,3520.95,3521.39,3512.61,3518.1,
2025-09-02 04:00:00,3518.01,3521.79,3514.29,3518.36,
2025-09-02 05:00:00,3517.96,3518.39,3511.27,3511.33,
2025-09-02 06:00:00,3511.7,3513.72,3495.5,3500.3,
2025-09-02 07:00:00,3500.29,3514.74,3490.6,3494.72,
2025-09-02 08:00:00,3494.61,3496.56,3486.35,3491.52,
2025-09-02 09:00:00,3491.86,3501.42,3490.5,3492.5,
2025-09-02 10:00:00,3492.51,3503.8,3491.34,3501.23,
2025-09-02 11:00:00,3501.23,3504,3496.36,3504,
2025-09-02 12:00:00,3504,3508.99,3490.02,3497,
2025-09-02 13:00:00,3497.64,3506.37,3493.84,3502.74,
2025-09-02 14:00:00,3502.55,3525.75,3502.55,3523.78,
2025-09-02 15:00:00,3523.78,3538.42,3521.99,3534.52,
2025-09-02 16:00:00,3534.53,3545.62,3532,3545.02,
2025-09-02 17:00:00,3545.01,3548,3543.11,3546,
2025-09-02 18:00:00,3546.4,3549.87,3541.14,3542.91,
2025-09-02 19:00:00,3542.91,3556.69,3542.91,3554,
2025-09-02 20:00:00,3554.01,3555.41,3550.4,3550.4,
2025-09-02 21:00:00,3550.4,3552.62,3550.4,3551.59,
2025-09-02 22:00:00,3551.58,3552.14,3544.88,3545.43,
2025-09-02 23:00:00,3545.44,3550.49,3543.21,3548.15,
2025-09-03 00:00:00,3548.15,3560,3545.06,3558.15,
2025-09-03 01:00:00,3558.15,3561.06,3550.7,3558.04,
2025-09-03 02:00:00,3558.04,3562.3,3546.99,3546.99,
2025-09-03 03:00:00,3546.98,3547.38,3542.4,3544.91,
2025-09-03 04:00:00,3544.9,3551.68,3544.78,3550.71,
2025-09-03 05:00:00,3550.72,3553.31,3546.04,3546.62,
2025-09-03 06:00:00,3546.62,3552.97,3546.61,3551.33,
2025-09-03 07:00:00,3551.64,3553.74,3547.64,3550.66,
2025-09-03 08:00:00,3550.45,3558.79,3550.44,3555.2,
2025-09-03 09:00:00,3555.29,3557.98,3550.89,3551.27,
2025-09-03 10:00:00,3551.18,3556.33,3549,3555.52,
2025-09-03 11:00:00,3555.52,3564.9,3555.52,3564.9,
2025-09-03 12:00:00,3564.22,3567.43,3558.49,3566.41,
2025-09-03 13:00:00,3566.31,3574.2,3563.24,3567.39,
2025-09-03 14:00:00,3567.45,3577.26,3565.62,3571.71,
2025-09-03 15:00:00,3571.71,3575.35,3568.92,3574.38,
2025-09-03 16:00:00,3574.38,3583.3,3573.2,3583.3,
2025-09-03 17:00:00,3583.3,3587.44,3581.19,3583.75,
2025-09-03 18:00:00,3583.74,3587.5,3580,3581.29,
2025-09-03 19:00:00,3580.86,3582.15,3574.33,3574.76,
2025-09-03 20:00:00,3574.76,3578.04,3573.01,3573.33,
2025-09-03 21:00:00,3573.33,3577.13,3570.01,3577.13,
2025-09-03 22:00:00,3577.13,3578.25,3573.08,3576.13,
2025-09-03 23:00:00,3576.14,3576.18,3569.57,3574.99,
2025-09-04 00:00:00,3574.99,3576.55,3569.08,3575.14,
2025-09-04 01:00:00,3575.64,3577.09,3556.8,3559.18,
2025-09-04 02:00:00,3559.27,3562.58,3542.01,3544.22,
2025-09-04 03:00:00,3544.22,3545.27,3527.55,3541.99,
2025-09-04 04:00:00,3541.99,3548,3541.51,3543.99,
2025-09-04 05:00:00,3544,3546.08,3535,3535.99,
2025-09-04 06:00:00,3536,3551.9,3534.03,3547.03,
2025-09-04 07:00:00,3547.04,3554.77,3543.49,3553.04,
2025-09-04 08:00:00,3553.04,3560.97,3549.01,3551.41,
2025-09-04 09:00:00,3551.41,3554.67,3547.9,3547.9,
2025-09-04 10:00:00,3547.91,3556.16,3546.99,3548.77,
2025-09-04 11:00:00,3548.77,3556.66,3546.6,3552.51,
2025-09-04 12:00:00,3552.52,3558.03,3550.01,3553.23,
2025-09-04 13:00:00,3553.23,3565.66,3549.37,3555.79,
2025-09-04 14:00:00,3555.79,3555.79,3544.8,3554.62,
2025-09-04 15:00:00,3554.64,3560.43,3545.57,3560.11,
2025-09-04 16:00:00,3560,3563.97,3557.44,3560.3,
2025-09-04 17:00:00,3560.31,3562.5,3551.27,3551.38,
2025-09-04 18:00:00,3551.39,3555.22,3551.38,3552.88,
2025-09-04 19:00:00,3552.88,3559.93,3552.35,3557.43,
2025-09-04 20:00:00,3557.35,3557.98,3551.38,3553.16,
2025-09-04 21:00:00,3553.16,3556.67,3550.92,3554.58,
2025-09-04 22:00:00,3554.57,3554.58,3548.64,3549.55,
2025-09-04 23:00:00,3549.56,3559.8,3549.13,3559.09,
2025-09-05 00:00:00,3559.1,3562.37,3556.69,3558.96,
2025-09-05 01:00:00,3558.96,3564.72,3558.46,3560.56,
2025-09-05 02:00:00,3560.73,3563.7,3555.9,3558.31,
2025-09-05 03:00:00,3558.74,3565.2,3557.79,3564.97,
2025-09-05 04:00:00,3564.98,3565.6,3562.3,3564.88,
2025-09-05 05:00:00,3564.66,3566.45,3561.41,3564.7,
2025-09-05 06:00:00,3564.71,3566.78,3558,3561.41,
2025-09-05 07:00:00,3561.42,3561.62,3551.77,3552.99,
2025-09-05 08:00:00,3552.98,3554.74,3550,3550.56,
2025-09-05 09:00:00,3550.55,3561.59,3550.55,3560,
2025-09-05 10:00:00,3560.01,3560.01,3555.44,3558.82,
2025-09-05 11:00:00,3558.56,3560.9,3555.36,3558.1,
2025-09-05 12:00:00,3558.09,3587.36,3555.5,3581.93,
2025-09-05 13:00:00,3581.94,3593.46,3572.8,3593.45,
2025-09-05 14:00:00,3593.46,3598.53,3572,3590.33,
2025-09-05 15:00:00,3590.38,3596.29,3583.87,3593.72,
2025-09-05 16:00:00,3593.29,3599,3591.81,3595.29,
2025-09-05 17:00:00,3595.41,3599.09,3590.03,3598.45,
2025-09-05 18:00:00,3598.44,3599.1,3594.33,3597.72,
2025-09-05 19:00:00,3597.98,3599,3595.26,3598.29,
2025-09-05 20:00:00,3598.29,3598.29,3590,3590.01,
2025-09-05 21:00:00,3590,3599,3590,3597.45,
2025-09-05 22:00:00,3597.45,3598.81,3592.04,3598.14,
2025-09-05 23:00:00,3598.13,3598.14,3591.44,3593.64,
2025-09-06 00:00:00,3593.65,3593.65,3590.51,3591.59,
2025-09-06 01:00:00,3591.66,3596.67,3591.58,3595.94,
2025-09-06 02:00:00,3595.94,3596.58,3591.6,3595.72,
2025-09-06 03:00:00,3595.72,3597.99,3592.95,3597.51,
2025-09-06 04:00:00,3597.5,3598.99,3596.49,3598.7,
2025-09-06 05:00:00,3598.7,3599.1,3595.7,3598.46,
2025-09-06 06:00:00,3598.45,3599.9,3598.14,3599.44,
2025-09-06 07:00:00,3599.47,3601.12,3599.47,3600.9,
2025-09-06 08:00:00,3600.9,3609.73,3600.9,3607.01,
2025-09-06 09:00:00,3607,3611.68,3605,3606.92,
2025-09-06 10:00:00,3606.89,3609.99,3603.02,3604.21,
2025-09-06 11:00:00,3604.21,3607.65,3600.91,3607.55,
2025-09-06 12:00:00,3607.55,3610.03,3606.61,3609.86,
2025-09-06 13:00:00,3609.86,3611.2,3603.19,3606.64,
2025-09-07 21:00:00,3609.59,3611.29,3609.31,3609.53,
2025-09-07 22:00:00,3609.52,3611.57,3602,3602.58,
2025-09-07 23:00:00,3602.58,3604.97,3598.06,3602.37,
2025-09-08 00:00:00,3602.37,3603.44,3595.04,3602.37,
2025-09-08 01:00:00,3602.37,3604.9,3593.78,3597.98,
2025-09-08 02:00:00,3597.98,3601.39,3596,3598,
2025-09-08 03:00:00,3598,3598.36,3589.74,3590.19,
2025-09-08 04:00:00,3590.19,3598.27,3588.12,3591.32,
2025-09-08 05:00:00,3591.32,3598.41,3590.8,3597.97,
2025-09-08 06:00:00,3597.96,3604.65,3594.19,3604.25,
2025-09-08 07:00:00,3604.25,3622.15,3604,3618.78,
2025-09-08 08:00:00,3618.91,3623.44,3615.96,3618.1,
2025-09-08 09:00:00,3618.1,3622.62,3616.81,3620.75,
2025-09-08 10:00:00,3620.7,3627.6,3617.09,3622.42,
2025-09-08 11:00:00,3622.42,3628.11,3618.88,3627.17,
2025-09-08 12:00:00,3627.25,3629.99,3622.17,3629.19,
2025-09-08 13:00:00,3629.18,3641.24,3626.34,3638.68,
2025-09-08 14:00:00,3638.24,3645.13,3635.96,3645.01,
2025-09-08 15:00:00,3645,3649.32,3637.61,3642.43,
2025-09-08 16:00:00,3642.43,3648.16,3638.99,3645.82,
2025-09-08 17:00:00,3645.97,3646.06,3638.61,3638.61,
2025-09-08 18:00:00,3638.61,3641.87,3638.13,3640.98,
2025-09-08 19:00:00,3640.98,3643.54,3638.58,3641.46,
2025-09-08 20:00:00,3641.46,3643.39,3639.47,3641.18,
2025-09-08 21:00:00,3641.12,3641.82,3638.1,3638.49,
2025-09-08 22:00:00,3638.49,3643.77,3633.36,3634.78,
2025-09-08 23:00:00,3634.87,3641.49,3634.8,3640.8,
2025-09-09 00:00:00,3640.8,3647.01,3640.06,3645.82,
2025-09-09 01:00:00,3645.82,3660.03,3645.75,3656.03,
2025-09-09 02:00:00,3655.93,3670,3653.88,3658.41,
2025-09-09 03:00:00,3658.41,3663.33,3653.59,3655.47,
2025-09-09 04:00:00,3655.46,3665.08,3655.12,3663.13,
2025-09-09 05:00:00,3663.14,3668.24,3660.42,3666.52,
2025-09-09 06:00:00,3666.51,3666.51,3646.34,3656.63,
2025-09-09 07:00:00,3656.43,3658.75,3650,3651.59,
2025-09-09 08:00:00,3651.27,3657.81,3650.66,3655.52,
2025-09-09 09:00:00,3655.8,3664.72,3655.61,3660.64,
2025-09-09 10:00:00,3660.63,3662.17,3657.17,3658.79,
2025-09-09 11:00:00,3658.79,3662.46,3656.38,3656.92,
2025-09-09 12:00:00,3657.1,3664.65,3653.65,3657.91,
2025-09-09 13:00:00,3657.91,3678.45,3656.92,3673.38,
2025-09-09 14:00:00,3673.84,3681.7,3648,3653.92,
2025-09-09 15:00:00,3654.05,3656,3639.09,3656,
2025-09-09 16:00:00,3655.99,3661.88,3654.54,3657.71,
2025-09-09 17:00:00,3657.72,3661.1,3654.88,3655.5,
2025-09-09 18:00:00,3655.51,3661.18,3653.43,3653.57,
2025-09-09 19:00:00,3653.58,3654.27,3641.19,3641.68,
2025-09-09 20:00:00,3641.69,3647.73,3638.7,3638.7,
2025-09-09 21:00:00,3638.48,3642.88,3632.55,3632.85,
2025-09-09 22:00:00,3632.85,3642.74,3632.79,3642.17,
2025-09-09 23:00:00,3641.96,3648.36,3641.77,3643.12,
2025-09-10 00:00:00,3643.12,3643.69,3630,3632.8,
2025-09-10 01:00:00,3632.79,3639.83,3630.11,3638.05,
2025-09-10 02:00:00,3638.18,3644.41,3637.8,3642.67,
2025-09-10 03:00:00,3642.67,3642.68,3639.03,3641.29,
2025-09-10 04:00:00,3641.29,3648.23,3641.29,3647.75,
2025-09-10 05:00:00,3647.76,3649.78,3644.09,3646.47,
2025-09-10 06:00:00,3646.48,3650.93,3644.82,3646.77,
2025-09-10 07:00:00,3647.19,3651.29,3645.28,3648.02,
2025-09-10 08:00:00,3648,3651.34,3646.73,3650.13,
2025-09-10 09:00:00,3650.04,3660.8,3649.32,3659.95,
2025-09-10 10:00:00,3659.95,3660.9,3655.82,3658.86,
2025-09-10 11:00:00,3658.81,3660.81,3652,3652.55,
2025-09-10 12:00:00,3652.5,3664,3644.73,3647.22,
2025-09-10 13:00:00,3647.21,3653.83,3644.52,3650.67,
2025-09-10 14:00:00,3650.68,3655.55,3645.54,3649.1,
2025-09-10 15:00:00,3649.09,3649.09,3638.18,3645.19,
2025-09-10 16:00:00,3645.19,3647.29,3643.12,3645.68,
2025-09-10 17:00:00,3645.33,3646.89,3640.72,3645.07,
2025-09-10 18:00:00,3645.08,3647.31,3639.99,3642.57,
2025-09-10 19:00:00,3642.58,3643.32,3636.67,3643.31,
2025-09-10 20:00:00,3643.31,3644.6,3639.27,3641.3,
2025-09-10 21:00:00,3641.3,3641.94,3639.29,3639.31,
2025-09-10 22:00:00,3639.32,3644.52,3638,3639.43,
2025-09-10 23:00:00,3639.43,3646.92,3637.92,3642.26,
2025-09-11 00:00:00,3642.26,3643.59,3639.77,3640.94,
2025-09-11 01:00:00,3640.94,3644.72,3637.02,3637.02,
2025-09-11 02:00:00,3637.02,3640.46,3634.03,3635.5,
2025-09-11 03:00:00,3635.5,3636.72,3630.97,3632.73,
2025-09-11 04:00:00,3632.73,3639.18,3627.12,3628.02,
2025-09-11 05:00:00,3628.02,3629.9,3621.14,3621.93,
2025-09-11 06:00:00,3621.93,3632.84,3621.13,3627.42,
2025-09-11 07:00:00,3627.67,3628.16,3621.03,3626.33,
2025-09-11 08:00:00,3626.34,3627.92,3622.31,3622.99,
2025-09-11 09:00:00,3623.3,3624.95,3614.09,3621.5,
2025-09-11 10:00:00,3621.5,3627.34,3620.12,3622.58,
2025-09-11 11:00:00,3622.57,3622.96,3615.73,3615.73,
2025-09-11 12:00:00,3615.73,3643.19,3615.73,3627.53,
2025-09-11 13:00:00,3627.54,3634.93,3618.39,3628.79,
2025-09-11 14:00:00,3628.7,3641.83,3624.83,3627.08,
2025-09-11 15:00:00,3627.08,3635.46,3627.08,3632.43,
2025-09-11 16:00:00,3632.44,3645.81,3632.27,3634.72,
2025-09-11 17:00:00,3634.72,3636.68,3631.38,3634.87,
2025-09-11 18:00:00,3634.88,3636.67,3630.7,3633.06,
2025-09-11 19:00:00,3633.06,3639.29,3633.06,3636.46,
2025-09-11 20:00:00,3636.16,3637.43,3633.86,3634.06,
2025-09-11 21:00:00,3634.01,3639.19,3632.1,3639.03,
2025-09-11 22:00:00,3639.03,3639.03,3632.79,3634.64,
2025-09-11 23:00:00,3634.64,3634.98,3632.1,3632.1,
2025-09-12 00:00:00,3632.1,3635.88,3630.53,3635.01,
2025-09-12 01:00:00,3635.02,3642.99,3635.02,3642.15,
2025-09-12 02:00:00,3642.06,3648.48,3639.91,3644.38,
2025-09-12 03:00:00,3644.47,3648.52,3644,3648.52,
2025-09-12 04:00:00,3648.52,3653.43,3648.28,3652.99,
2025-09-12 05:00:00,3652.99,3655.89,3649.75,3651.46,
2025-09-12 06:00:00,3651.21,3651.39,3646.67,3649.32,
2025-09-12 07:00:00,3649.57,3653.21,3647.72,3647.78,
2025-09-12 08:00:00,3647.78,3650.12,3640.45,3641,
2025-09-12 09:00:00,3640.99,3647.46,3639.07,3647.46,
2025-09-12 10:00:00,3647.46,3651.13,3644.98,3650.07,
2025-09-12 11:00:00,3650.06,3650.08,3646.63,3647.76,
2025-09-12 12:00:00,3647.76,3647.77,3640,3645.91,
2025-09-12 13:00:00,3645.91,3650.65,3643.99,3648.47,
2025-09-12 14:00:00,3648.48,3652.14,3645.87,3647.33,
2025-09-12 15:00:00,3647.23,3647.23,3642.53,3643.47,
2025-09-12 16:00:00,3643.47,3647.39,3641.34,3647.39,
2025-09-12 17:00:00,3646.9,3648.84,3645.57,3648.77,
2025-09-12 18:00:00,3648.87,3648.87,3644.94,3645.97,
2025-09-12 19:00:00,3645.97,3645.97,3641.53,3641.54,
2025-09-12 20:00:00,3641.54,3642.54,3640.37,3642.08,
2025-09-12 21:00:00,3642.08,3643.92,3641.69,3643.78,
2025-09-12 22:00:00,3643.78,3646.34,3633.4,3640.73,
2025-09-12 23:00:00,3640.73,3643.23,3640,3641.99,
2025-09-13 00:00:00,3641.99,3642.18,3637.52,3639.89,
2025-09-13 01:00:00,3639.89,3639.89,3629.98,3630.86,
2025-09-13 02:00:00,3630.87,3635.06,3630.86,3634.58,
2025-09-13 03:00:00,3634.59,3635.49,3631.12,3631.15,
2025-09-13 04:00:00,3631.13,3633.31,3625.47,3629.18,
2025-09-13 05:00:00,3629.17,3634.86,3628.56,3630.78,
2025-09-13 06:00:00,3630.78,3634.16,3629.36,3633.63,
2025-09-13 07:00:00,3633.62,3637.37,3633.52,3637.37,
2025-09-13 08:00:00,3637.43,3637.43,3628,3634.12,
2025-09-13 09:00:00,3634.12,3635,3630.25,3635,
2025-09-13 10:00:00,3635,3636.62,3632.64,3635.44,
2025-09-13 11:00:00,3635.44,3638.37,3631.94,3631.95,
2025-09-13 12:00:00,3631.95,3635.49,3631.02,3635.1,
2025-09-13 13:00:00,3635.1,3635.1,3631.21,3632.77,
2025-09-14 21:00:00,3652.38,3652.38,3652.02,3652.03,
2025-09-14 22:00:00,3652.02,3652.02,3644.21,3646.64,
2025-09-14 23:00:00,3646.64,3647.38,3642.31,3644.54,
2025-09-15 00:00:00,3644.54,3650.25,3640,3641.14,
2025-09-15 01:00:00,3640.95,3643.06,3635.07,3643.06,
2025-09-15 02:00:00,3643.06,3653.78,3643.06,3647.98,
2025-09-15 03:00:00,3647.98,3653.86,3647.68,3652.65,
2025-09-15 04:00:00,3652.74,3653.61,3649.19,3650.92,
2025-09-15 05:00:00,3651.01,3651.49,3641.23,3646.58,
2025-09-15 06:00:00,3646.58,3646.58,3641.01,3641.01,
2025-09-15 07:00:00,3641.01,3652,3638.89,3649.32,
2025-09-15 08:00:00,3649.32,3651.82,3646.2,3651.47,
2025-09-15 09:00:00,3651.47,3654.18,3644,3649.3,
2025-09-15 10:00:00,3649.31,3653.66,3646.3,3647.6,
2025-09-15 11:00:00,3647.61,3653.91,3647.09,3651.81,
2025-09-15 12:00:00,3651.82,3659.5,3643.3,3658.38,
2025-09-15 13:00:00,3658.47,3670.56,3656.77,3663.8,
2025-09-15 14:00:00,3663.99,3672.1,3661.84,3671.23,
2025-09-15 15:00:00,3671.24,3688.96,3671.23,3685.98,
2025-09-15 16:00:00,3685.99,3692.79,3682,3688.36,
2025-09-15 17:00:00,3688.36,3692.51,3688.06,3692.04,
2025-09-15 18:00:00,3691.63,3692.27,3680.02,3683.85,
2025-09-15 19:00:00,3683.86,3687.56,3682.82,3685.95,
2025-09-15 20:00:00,3685.74,3689.53,3682.2,3683.47,
2025-09-15 21:00:00,3683.47,3684.52,3677.61,3684.41,
2025-09-15 22:00:00,3684.41,3684.41,3680.45,3684.21,
2025-09-15 23:00:00,3684.17,3687.46,3683.88,3683.89,
2025-09-16 00:00:00,3683.88,3694.42,3683.88,3693.64,
2025-09-16 01:00:00,3693.64,3695.94,3686.24,3688.45,
2025-09-16 02:00:00,3688.46,3690.18,3684.46,3686.29,
2025-09-16 03:00:00,3686.3,3691.11,3686.09,3689.87,
2025-09-16 04:00:00,3689.87,3693.37,3688.63,3692.06,
2025-09-16 05:00:00,3692.05,3692.98,3688.3,3691.92,
2025-09-16 06:00:00,3691.91,3704.42,3691.91,3703.07,
2025-09-16 07:00:00,3702.98,3705.7,3695.78,3696.38,
2025-09-16 08:00:00,3696.37,3705.79,3696.37,3704.75,
2025-09-16 09:00:00,3704.76,3707.53,3702.81,3705.82,
2025-09-16 10:00:00,3705.83,3706.82,3703.55,3705.35,
2025-09-16 11:00:00,3705.35,3710.53,3703,3708.85,
2025-09-16 12:00:00,3708.85,3708.85,3696.02,3701.68,
2025-09-16 13:00:00,3701.69,3709.03,3697.4,3706.2,
2025-09-16 14:00:00,3706.2,3712.69,3698.52,3698.53,
2025-09-16 15:00:00,3698.53,3700.7,3688.62,3696.25,
2025-09-16 16:00:00,3696.26,3700.25,3694.42,3700.24,
2025-09-16 17:00:00,3700.24,3700.84,3695.88,3696.84,
2025-09-16 18:00:00,3696.81,3698.32,3692.66,3698.31,
2025-09-16 19:00:00,3698.31,3698.31,3695,3695.01,
2025-09-16 20:00:00,3695,3700.16,3695,3696.78,
2025-09-16 21:00:00,3696.78,3699.1,3695.54,3699.06,
2025-09-16 22:00:00,3699.06,3703.06,3698.28,3700.33,
2025-09-16 23:00:00,3700.19,3705.4,3700.18,3705.04,
2025-09-17 00:00:00,3705.05,3705.31,3700.7,3700.7,
2025-09-17 01:00:00,3700.71,3700.71,3688.91,3690.92,
2025-09-17 02:00:00,3691.31,3693.73,3684.66,3692.26,
2025-09-17 03:00:00,3692.25,3692.69,3689.2,3690.21,
2025-09-17 04:00:00,3690.21,3691.23,3688.08,3688.44,
2025-09-17 05:00:00,3688.44,3693.24,3686.21,3689.38,
2025-09-17 06:00:00,3689.57,3690.09,3682.75,3685.84,
2025-09-17 07:00:00,3686.47,3687.68,3677.71,3678.83,
2025-09-17 08:00:00,3678.83,3678.83,3673.05,3675.1,
2025-09-17 09:00:00,3675,3685.6,3674.28,3680.19,
2025-09-17 10:00:00,3680,3681.35,3673.35,3674.36,
2025-09-17 11:00:00,3674.46,3681.45,3671.58,3678.14,
2025-09-17 12:00:00,3678.14,3690.69,3678.14,3690.69,
2025-09-17 13:00:00,3690.68,3693.61,3686.16,3689.37,
2025-09-17 14:00:00,3689.37,3695.9,3688.67,3694.66,
2025-09-17 15:00:00,3694.66,3697.47,3691.65,3693.54,
2025-09-17 16:00:00,3693.54,3698.17,3693.28,3693.55,
2025-09-17 17:00:00,3693.55,3695.64,3687.2,3694.87,
2025-09-17 18:00:00,3694.87,3708.49,3657.59,3663.02,
2025-09-17 19:00:00,3663.25,3673.77,3659.84,3666.3,
2025-09-17 20:00:00,3666.3,3666.37,3661.67,3664.37,
2025-09-17 21:00:00,3664.38,3669.94,3661.8,3662.58,
2025-09-17 22:00:00,3662.58,3668.56,3660.1,3665.75,
2025-09-17 23:00:00,3665.74,3674.27,3665.34,3671.86,
2025-09-18 00:00:00,3671.86,3671.87,3661.91,3668.89,
2025-09-18 01:00:00,3668.88,3671.85,3657.72,3660.77,
2025-09-18 02:00:00,3660.77,3669.23,3659.34,3667.83,
2025-09-18 03:00:00,3667.82,3668.46,3661.83,3662.88,
2025-09-18 04:00:00,3662.88,3663.71,3659.3,3659.3,
2025-09-18 05:00:00,3659.3,3664.42,3655.03,3655.23,
2025-09-18 06:00:00,3655.22,3655.23,3639.5,3641.01,
2025-09-18 07:00:00,3641.01,3666.71,3639.64,3659.04,
2025-09-18 08:00:00,3658.87,3664.9,3651.07,3664.9,
2025-09-18 09:00:00,3664.89,3671.25,3663.71,3669.84,
2025-09-18 10:00:00,3669.84,3670,3664.01,3666.61,
2025-09-18 11:00:00,3666.53,3670.4,3664.15,3668.9,
2025-09-18 12:00:00,3668.91,3674.14,3666.11,3666.11,
2025-09-18 13:00:00,3665.95,3666.4,3638.08,3650.64,
2025-09-18 14:00:00,3650.69,3654.35,3640.01,3645,
2025-09-18 15:00:00,3644.99,3648.13,3640.58,3645.75,
2025-09-18 16:00:00,3645.76,3651.71,3645.7,3650.35,
2025-09-18 17:00:00,3650.35,3651.53,3645.65,3646.53,
2025-09-18 18:00:00,3646.53,3647.76,3644.04,3647.1,
2025-09-18 19:00:00,3647.1,3650.24,3645.66,3650.23,
2025-09-18 20:00:00,3650.23,3650.31,3645.69995,3647.61,
2025-09-18 21:00:00,3647.62,3648.89,3646,3648.88,
2025-09-18 22:00:00,3648.88,3649.55,3644.5,3644.5,
2025-09-18 23:00:00,3644.5,3646.65,3643.2,3645.24,
2025-09-19 00:00:00,3645.24,3648.09,3643.56,3646.93,
2025-09-19 01:00:00,3646.84,3653.86,3641.01,3644.73,
2025-09-19 02:00:00,3644.77,3651.09,3644.37,3650,
2025-09-19 03:00:00,3649.99,3658.94,3648.54,3657.46,
2025-09-19 04:00:00,3657.52,3665.46,3657.52,3661.22,
2025-09-19 05:00:00,3661.12,3689.99,3657.51,3658.35,
2025-09-19 06:00:00,3658.34,3660.08,3650.72,3652.82,
2025-09-19 07:00:00,3652.82,3661,3650.27,3659.06,
2025-09-19 08:00:00,3658.93,3661.86,3655.78,3660.88,
2025-09-19 09:00:00,3660.94,3665.37,3660.94,3665.37,
2025-09-19 10:00:00,3665.38,3666.25,3661.47,3661.7,
2025-09-19 11:00:00,3661.84,3662.11,3653.76,3655.05,
2025-09-19 12:00:00,3655.05,3659.97,3653.63,3657.95,
2025-09-19 13:00:00,3657.67,3665.28,3652.75,3665.27,
2025-09-19 14:00:00,3665.28,3672.93,3657.96,3670,
2025-09-19 15:00:00,3670,3677.29,3669.45,3675.29,
2025-09-19 16:00:00,3675.3,3682.99,3672,3673.87,
2025-09-19 17:00:00,3673.88,3682.54,3673.87,3681.83,
2025-09-19 18:00:00,3681.83,3685,3681.82,3685,
2025-09-19 19:00:00,3685,3687.51,3682.54,3685.8,
2025-09-19 20:00:00,3685.51,3690.09,3681.17,3688.92,
2025-09-19 21:00:00,3688.92,3691.07,3684.46,3689.7,
2025-09-19 22:00:00,3689.95,3691.6,3686.81,3691.59,
2025-09-19 23:00:00,3691.59,3692.88,3686.67,3690.16,
2025-09-20 00:00:00,3690.16,3693,3690.16,3692.56,
2025-09-20 01:00:00,3692.56,3693.04,3687.15,3687.28,
2025-09-20 02:00:00,3687.28,3687.63,3683.4,3683.42,
2025-09-20 03:00:00,3683.41,3690.66,3683.41,3689.93,
2025-09-20 04:00:00,3689.94,3692.33,3687.03,3687.49,
2025-09-20 05:00:00,3687.54,3688.27,3683.34,3685.28,
2025-09-20 06:00:00,3685.29,3688.94,3685.29,3688.88,
2025-09-20 07:00:00,3688.87,3688.88,3683.46,3685.89,
2025-09-20 08:00:00,3685.9,3688.18,3684.39,3687.78,
2025-09-20 09:00:00,3687.79,3690.88,3687.44,3687.44,
2025-09-20 10:00:00,3687.44,3690.05,3684,3684.6,
2025-09-20 11:00:00,3684.8,3689.15,3684.79,3688.72,
2025-09-20 12:00:00,3688.71,3689,3686.14,3688.99,
2025-09-20 13:00:00,3688.99,3691.96,3687.03,3691.44,
2025-09-21 21:00:00,3689.63,3689.72,3689.63,3689.72,
2025-09-21 22:00:00,3689.72,3695.34,3686.83,3691.81,
2025-09-21 23:00:00,3691.8,3694.82,3689.93,3691.63,
2025-09-22 00:00:00,3691.59,3696.72,3691.28,3695.18,
2025-09-22 01:00:00,3695.18,3700,3692,3693.71,
2025-09-22 02:00:00,3693.71,3697.79,3690.01,3690.12,
2025-09-22 03:00:00,3690.01,3698.93,3690,3696.49,
2025-09-22 04:00:00,3696.63,3696.88,3693.97,3695.29,
2025-09-22 05:00:00,3695.29,3705,3693,3703.02,
2025-09-22 06:00:00,3703.02,3723.4,3699.75,3719.72,
2025-09-22 07:00:00,3719.74,3734,3714.01,3720.56,
2025-09-22 08:00:00,3720.55,3727.89,3719.99,3725.79,
2025-09-22 09:00:00,3725.79,3733.99,3725.3,3731.1,
2025-09-22 10:00:00,3731.14,3738.99,3730.7,3738.7,
2025-09-22 11:00:00,3738.71,3742.62,3730.7,3733.88,
2025-09-22 12:00:00,3733.88,3735.2,3724.06,3728.95,
2025-09-22 13:00:00,3728.96,3733,3722.34,3728.37,
2025-09-22 14:00:00,3728.37,3734.52,3725.93,3733.42,
2025-09-22 15:00:00,3733.41,3747.68,3732.46,3746.56,
2025-09-22 16:00:00,3746.57,3746.93,3742.04,3743.15,
2025-09-22 17:00:00,3743.16,3753.88,3743.15,3753.39,
2025-09-22 18:00:00,3753.38,3758.83,3749.29,3757.7,
2025-09-22 19:00:00,3757.7,3759.29,3751.74,3757.36,
2025-09-22 20:00:00,3757.52,3762.62,3755.8,3760.41,
2025-09-22 21:00:00,3760.42,3766.4,3760.05,3764.83,
2025-09-22 22:00:00,3764.84,3764.84,3750.64,3750.7,
2025-09-22 23:00:00,3750.71,3758.55,3750.55,3757.71,
2025-09-23 00:00:00,3757.74,3760.92,3756.59,3759.23,
2025-09-23 01:00:00,3759.22,3771,3757.26,3763.74,
2025-09-23 02:00:00,3763.74,3764.63,3748.89,3751.02,
2025-09-23 03:00:00,3751.02,3757.95,3749.22,3756.33,
2025-09-23 04:00:00,3756.33,3758.13,3752.14,3753.05,
2025-09-23 05:00:00,3753.04,3768.17,3753.04,3763.04,
2025-09-23 06:00:00,3763.05,3767.22,3761.49,3763.82,
2025-09-23 07:00:00,3763.82,3765,3759.09,3761.56,
2025-09-23 08:00:00,3761.57,3787.92,3761.57,3783.75,
2025-09-23 09:00:00,3783.74,3800,3783.74,3797.06,
2025-09-23 10:00:00,3797.07,3800,3790.44,3792.56,
2025-09-23 11:00:00,3792.33,3797.69,3790.09,3792.28,
2025-09-23 12:00:00,3791.66,3795.13,3784.44,3793.07,
2025-09-23 13:00:00,3793.07,3795.27,3780.36,3789.75,
2025-09-23 14:00:00,3789.87,3790.3,3773,3779.9,
2025-09-23 15:00:00,3779.91,3791.48,3779.81,3785.14,
2025-09-23 16:00:00,3785.57,3788.34,3772.45,3785.28,
2025-09-23 17:00:00,3785.29,3791.89,3782.07,3783.73,
2025-09-23 18:00:00,3783.74,3788.86,3767.8,3767.8,
2025-09-23 19:00:00,3767.81,3780.51,3763.57,3777.42,
2025-09-23 20:00:00,3777.41,3778.86,3774.51,3777.03,
2025-09-23 21:00:00,3777.11,3778.37,3774.19,3777.65,
2025-09-23 22:00:00,3777.64,3777.82,3773.36,3774.78,
2025-09-23 23:00:00,3774.77,3781.74,3772,3774.33,
2025-09-24 00:00:00,3774.34,3776.31,3768.66,3773.37,
2025-09-24 01:00:00,3773.37,3779.69,3764.35,3766.06,
2025-09-24 02:00:00,3766.06,3768.05,3759,3765.83,
2025-09-24 03:00:00,3765.84,3783.84,3761.04,3777.79,
2025-09-24 04:00:00,3777.79,3779.79,3772.34,3778.72,
2025-09-24 05:00:00,3778.72,3787.79,3775.31,3785.3,
2025-09-24 06:00:00,3785.3,3786.36,3783.23,3783.59,
2025-09-24 07:00:00,3783.59,3788.79,3783.23,3786.2,
2025-09-24 08:00:00,3786.31,3786.72,3778,3778.87,
2025-09-24 09:00:00,3778.88,3778.99,3770,3774.03,
2025-09-24 10:00:00,3774.02,3774.19,3767.3,3769.82,
2025-09-24 11:00:00,3769.83,3776.37,3768.24,3776.1,
2025-09-24 12:00:00,3776.1,3779.24,3773.92,3777.84,
2025-09-24 13:00:00,3777.83,3780,3766.14,3769.48,
2025-09-24 14:00:00,3769.16,3771.45,3756.3,3760.12,
2025-09-24 15:00:00,3760.14,3763.14,3746.9,3746.98,
2025-09-24 16:00:00,3747.29,3751.9,3737.82,3740.33,
2025-09-24 17:00:00,3740.23,3742.12,3737.79,3738.44,
2025-09-24 18:00:00,3738.44,3738.44,3729.46,3731.16,
2025-09-24 19:00:00,3731.15,3743,3720.78,3740.47,
2025-09-24 20:00:00,3740.47,3754.36,3739.35,3747.29,
2025-09-24 21:00:00,3747.29,3748.82,3745.72,3746.7,
2025-09-24 22:00:00,3746.7,3755.35,3745.75,3750.49,
2025-09-24 23:00:00,3750.49,3757.19,3748.32,3754.88,
2025-09-25 00:00:00,3754.88,3761,3753.52,3759.19,
2025-09-25 01:00:00,3759.2,3760.35,3739,3741.02,
2025-09-25 02:00:00,3741.02,3748.7,3735,3744.52,
2025-09-25 03:00:00,3744.52,3744.52,3739.09,3744,
2025-09-25 04:00:00,3744.01,3748,3738.69,3746.57,
2025-09-25 05:00:00,3746.17,3750.38,3743.35,3749.19,
2025-09-25 06:00:00,3749.19,3755,3748.9,3752.05,
2025-09-25 07:00:00,3752.04,3764.15,3750.9,3762.22,
2025-09-25 08:00:00,3762.21,3773.55,3756,3763.67,
2025-09-25 09:00:00,3763.56,3766.68,3756.83,3760.84,
2025-09-25 10:00:00,3761.02,3765.48,3760.77,3761.89,
2025-09-25 11:00:00,3761.89,3761.9,3747.52,3761.44,
2025-09-25 12:00:00,3761.52,3765.07,3739.96,3747.7,
2025-09-25 13:00:00,3747.71,3754.3,3730,3742.5,
2025-09-25 14:00:00,3742.5,3744.6,3732.34,3739.21,
2025-09-25 15:00:00,3739.2,3745.36,3735.91,3741.69,
2025-09-25 16:00:00,3741.69,3747,3737.88,3739.48,
2025-09-25 17:00:00,3739.48,3753.34,3738.68,3747.06,
2025-09-25 18:00:00,3747.05,3765.05,3743.82,3762.27,
2025-09-25 19:00:00,3762.27,3763.27,3751.03,3753.19,
2025-09-25 20:00:00,3753.19,3760,3753.19,3757.69,
2025-09-25 21:00:00,3757.68,3764.08,3757.41,3760.88,
2025-09-25 22:00:00,3760.87,3760.88,3755.06,3757.75,
2025-09-25 23:00:00,3757.74,3759.32,3748.28,3753.29,
2025-09-26 00:00:00,3753.29,3757.48,3748.35,3756.65,
2025-09-26 01:00:00,3756.66,3759.99,3746.25,3746.98,
2025-09-26 02:00:00,3746.98,3749.41,3744.75,3745.46,
2025-09-26 03:00:00,3745.45,3751.75,3742.04,3751.61,
2025-09-26 04:00:00,3751.62,3754.01,3750.77,3753.19,
2025-09-26 05:00:00,3753.19,3755.8,3747.14,3747.61,
2025-09-26 06:00:00,3747.6,3759.48,3746.27,3748.48,
2025-09-26 07:00:00,3748.48,3755.16,3745.69,3754.29,
2025-09-26 08:00:00,3754.18,3760.06,3753.47,3759.11,
2025-09-26 09:00:00,3759.11,3761.1,3754.55,3758.25,
2025-09-26 10:00:00,3758.26,3761.98,3749.23,3750.97,
2025-09-26 11:00:00,3751.06,3760.82,3746.07,3757.71,
2025-09-26 12:00:00,3757.71,3763.96,3753.76,3760.48,
2025-09-26 13:00:00,3760.48,3775.06,3760.28,3772.09,
2025-09-26 14:00:00,3772.08,3790.03,3772.08,3788.54,
2025-09-26 15:00:00,3788.54,3793.12,3783.23,3788,
2025-09-26 16:00:00,3788.01,3788.14,3777.94,3780.12,
2025-09-26 17:00:00,3780.13,3790.55,3780.13,3789.8,
2025-09-26 18:00:00,3789.8,3799,3784.34,3785.84,
2025-09-26 19:00:00,3785.84,3785.84,3775.11,3775.91,
2025-09-26 20:00:00,3776.21,3779.24,3771.5,3771.5,
2025-09-26 21:00:00,3771.51,3777.19,3771.5,3776.31,
2025-09-26 22:00:00,3776.31,3780.14,3775.58,3780.14,
2025-09-26 23:00:00,3780.13,3780.13,3764.5,3772.99,
2025-09-27 00:00:00,3773,3773.7,3768.56,3773.6,
2025-09-27 01:00:00,3773.6,3776.82,3772.31,3775.46,
2025-09-27 02:00:00,3775.4,3777.27,3775.39,3776.34,
2025-09-27 03:00:00,3776.34,3777.43,3774.33,3776.27,
2025-09-27 04:00:00,3776.27,3779.22,3772.32,3773.51,
2025-09-27 05:00:00,3773.52,3773.6,3770.81,3772.5,
2025-09-27 06:00:00,3772.51,3774.61,3771.84,3774.6,
2025-09-27 07:00:00,3774.61,3774.74,3772.56,3773.99,
2025-09-27 08:00:00,3773.99,3780.24,3773.99,3778.58,
2025-09-27 09:00:00,3778.57,3778.58,3773.37,3773.38,
2025-09-27 10:00:00,3773.38,3779.03,3773.21,3778.14,
2025-09-27 11:00:00,3778.13,3780.21,3774.32,3775.97,
2025-09-27 12:00:00,3775.96,3783.79,3773.56,3783.71,
2025-09-27 13:00:00,3783.72,3784.69,3777.54,3783.35,
2025-09-28 21:00:00,3770,3770,3769.8,3769.8,
2025-09-28 22:00:00,3769.8,3779,3768.57,3776.36,
2025-09-28 23:00:00,3776.37,3779,3773.8,3775.98,
2025-09-29 00:00:00,3775.99,3795.07,3773.21,3794.42,
2025-09-29 01:00:00,3794.43,3795.84,3776.11,3786.01,
2025-09-29 02:00:00,3785.92,3803.28,3784.34,3801.28,
2025-09-29 03:00:00,3801.28,3809.74,3800.7,3804.66,
2025-09-29 04:00:00,3804.66,3815.06,3800.9,3812.9,
2025-09-29 05:00:00,3812.85,3824.4,3811.67,3824.4,
2025-09-29 06:00:00,3824.44,3833,3821.41,3828.63,
2025-09-29 07:00:00,3828.69,3829.99,3812.02,3816.47,
2025-09-29 08:00:00,3816.7,3828.93,3816.7,3828.01,
2025-09-29 09:00:00,3828,3828.24,3820,3820.62,
2025-09-29 10:00:00,3820.63,3828.61,3819.44,3827.12,
2025-09-29 11:00:00,3827.13,3844.34,3825.36,3841.66,
2025-09-29 12:00:00,3841.66,3842.19,3819.48,3824.92,
2025-09-29 13:00:00,3824.93,3840,3822.39,3834.05,
2025-09-29 14:00:00,3834.04,3840.93,3828.09,3836.91,
2025-09-29 15:00:00,3836.91,3840.87,3830.65,3838.56,
2025-09-29 16:00:00,3838.55,3841.89,3835.56,3838.46,
2025-09-29 17:00:00,3838.46,3841.98,3835.96,3840.84,
2025-09-29 18:00:00,3840.84,3844.78,3837.52,3838.27,
2025-09-29 19:00:00,3838.27,3843.42,3835.99,3840.33,
2025-09-29 20:00:00,3840.33,3844.84,3832.9,3842.19,
2025-09-29 21:00:00,3842.19,3859.48,3842.18,3847.84,
2025-09-29 22:00:00,3847.85,3847.97,3839.29,3845.51,
2025-09-29 23:00:00,3845.51,3848.79,3841.78,3847.63,
2025-09-30 00:00:00,3847.63,3857.71,3846.66,3853.73,
2025-09-30 01:00:00,3853.74,3863.21,3851.46,3860.48,
2025-09-30 02:00:00,3860.39,3863.35,3854.85,3858.93,
2025-09-30 03:00:00,3858.92,3880.69,3858.46,3876.09,
2025-09-30 04:00:00,3876.1,3877.14,3872.94,3876.74,
2025-09-30 05:00:00,3876.75,3878.84,3874,3878.58,
2025-09-30 06:00:00,3878.57,3880.23,3865.46,3866.14,
2025-09-30 07:00:00,3866.15,3869.54,3850.94,3854.03,
2025-09-30 08:00:00,3854.01,3857.19,3821.31,3830.12,
2025-09-30 09:00:00,3830.12,3837,3806.92,3814.7,
2025-09-30 10:00:00,3814.7,3830.11,3814.61,3827,
2025-09-30 11:00:00,3826.99,3834.02,3819.8,3827.95,
2025-09-30 12:00:00,3827.95,3830.63,3820.97,3828.97,
2025-09-30 13:00:00,3828.97,3841.03,3824.1,3836.49,
2025-09-30 14:00:00,3836.48,3862.87,3834.91,3862.87,
2025-09-30 15:00:00,3862.87,3862.87,3842,3849.3,
2025-09-30 16:00:00,3849.3,3858.02,3844.14,3845.96,
2025-09-30 17:00:00,3846.2,3849.27,3842.68,3844.03,
2025-09-30 18:00:00,3844.38,3860.38,3839.9,3859.47,
2025-09-30 19:00:00,3859.25,3869.99,3859.23,3869.97,
2025-09-30 20:00:00,3869.97,3871.8,3859.31,3869.18,
2025-09-30 21:00:00,3869.18,3870.18,3863.93,3870.18,
2025-09-30 22:00:00,3870.17,3872.37,3866.05,3871.63,
2025-09-30 23:00:00,3871.62,3875.76,3871.62,3875.76,
2025-10-01 00:00:00,3875.75,3876.38,3867.9,3872.23,
2025-10-01 01:00:00,3872.22,3880,3870.55,3879.22,
2025-10-01 02:00:00,3879.22,3886.03,3866.66,3873.46,
2025-10-01 03:00:00,3873.46,3875.17,3865.93,3870.78,
2025-10-01 04:00:00,3870.77,3872.94,3865.67,3872.87,
2025-10-01 05:00:00,3872.87,3877.78,3871.65,3872.2,
2025-10-01 06:00:00,3872.2,3875.18,3863.63,3870.48,
2025-10-01 07:00:00,3870.48,3889.71,3870.48,3889.66,
2025-10-01 08:00:00,3889.74,3904.55,3889.74,3904.49,
2025-10-01 09:00:00,3904.48,3904.58,3892.52,3899.52,
2025-10-01 10:00:00,3899.52,3900.53,3893.88,3895.21,
2025-10-01 11:00:00,3895.22,3896.8,3887.36,3893.85,
2025-10-01 12:00:00,3894.3,3899.52,3876.98,3881.5,
2025-10-01 13:00:00,3881.5,3887.69,3875.72,3881.4,
2025-10-01 14:00:00,3882.3,3887.59,3868.64,3882.72,
2025-10-01 15:00:00,3882.72,3886.16,3870.51,3878.33,
2025-10-01 16:00:00,3878.32,3881.32,3871.01,3880.54,
2025-10-01 17:00:00,3880.54,3880.55,3869.28,3869.99,
2025-10-01 18:00:00,3869.98,3874.7,3865,3868.09,
2025-10-01 19:00:00,3868.09,3876.63,3866.75,3873.53,
2025-10-01 20:00:00,3873.53,3875.49,3868.08,3875.49,
2025-10-01 21:00:00,3875.48,3878.19,3875.09,3877.44,
2025-10-01 22:00:00,3877.45,3880.21,3868.83,3871.63,
2025-10-01 23:00:00,3871.63,3874.06,3868.47,3870.01,
2025-10-02 00:00:00,3870.49,3875.04,3857.9,3860.06,
2025-10-02 01:00:00,3860.06,3871.38,3856.01,3867.93,
2025-10-02 02:00:00,3867.93,3875.55,3866.92,3873.76,
2025-10-02 03:00:00,3873.76,3878.07,3870.2,3871.84,
2025-10-02 04:00:00,3871.85,3872.26,3864.01,3867.07,
2025-10-02 05:00:00,3867.07,3877,3864.77,3872.87,
2025-10-02 06:00:00,3872.86,3878.54,3868.2,3869,
2025-10-02 07:00:00,3869,3878.27,3869,3875.09,
2025-10-02 08:00:00,3875.1,3884.32,3873.25,3880.46,
2025-10-02 09:00:00,3880.45,3882.67,3878.1,3882.45,
2025-10-02 10:00:00,3882.44,3886.25,3879.54,3885.28,
2025-10-02 11:00:00,3885.29,3892.01,3883.39,3889.98,
2025-10-02 12:00:00,3889.98,3896.06,3881.55,3887.39,
2025-10-02 13:00:00,3887.4,3899,3881.94,3882.96,
2025-10-02 14:00:00,3882.96,3883.19,3823.79,3851.29,
2025-10-02 15:00:00,3851.01,3855.51,3830.98,3839.02,
2025-10-02 16:00:00,3839.01,3855.24,3838.03,3854.71,
2025-10-02 17:00:00,3854.72,3860,3850.05,3855.8,
2025-10-02 18:00:00,3855.8,3860.28,3855.44,3859.31,
2025-10-02 19:00:00,3859.32,3867.35,3859.31,3863.9,
2025-10-02 20:00:00,3864.1,3866.39,3858.2,3861.5,
2025-10-02 21:00:00,3861.5,3861.5,3850.75,3850.75,
2025-10-02 22:00:00,3850.76,3862.35,3850.76,3860.2,
2025-10-02 23:00:00,3860.2,3866.46,3859.44,3865.37,
2025-10-03 00:00:00,3865.38,3865.38,3859.23,3859.61,
2025-10-03 01:00:00,3859.61,3865.01,3852.08,3861.62,
2025-10-03 02:00:00,3861.62,3862.83,3853.21,3853.31,
2025-10-03 03:00:00,3853.31,3855.8,3843.79,3848.85,
2025-10-03 04:00:00,3848.85,3854.35,3848.48,3851.83,
2025-10-03 05:00:00,3851.84,3863.28,3851.84,3860.58,
2025-10-03 06:00:00,3860.59,3864.74,3856.64,3862.45,
2025-10-03 07:00:00,3862.45,3870.94,3862.45,3870.76,
2025-10-03 08:00:00,3870.75,3871.24,3866.41,3870.56,
2025-10-03 09:00:00,3870.55,3871.13,3863.14,3871.12,
2025-10-03 10:00:00,3871.12,3873.09,3868,3871.22,
2025-10-03 11:00:00,3871.23,3871.73,3859.88,3867.07,
2025-10-03 12:00:00,3867.08,3876.47,3865.44,3876.45,
2025-10-03 13:00:00,3876.45,3888.68,3872.44,3882.21,
2025-10-03 14:00:00,3882.21,3884.2,3867.04,3880.04,
2025-10-03 15:00:00,3880.04,3889.44,3875.17,3888.41,
2025-10-03 16:00:00,3888.4,3889.99,3881.07,3885.88,
2025-10-03 17:00:00,3885.88,3889.63,3880.03,3884.21,
2025-10-03 18:00:00,3884.22,3889.02,3883.09,3885.15,
2025-10-03 19:00:00,3885.14,3887.01,3883.67,3883.68,
2025-10-03 20:00:00,3883.68,3885.42,3881.18,3885.26,
2025-10-03 21:00:00,3885.25,3885.25,3881.87,3882.43,
2025-10-03 22:00:00,3882.43,3885.66,3879.83,3879.83,
2025-10-03 23:00:00,3879.84,3886.56,3842.52,3883.56,
2025-10-04 00:00:00,3883.57,3899,3883.21,3889.42,
2025-10-04 01:00:00,3889.42,3895.28,3884.52,3885.01,
2025-10-04 02:00:00,3885.01,3892.2,3885,3891.67,
2025-10-04 03:00:00,3891.68,3892.03,3886.76,3890.49,
2025-10-04 04:00:00,3890.48,3891.6,3885.48,3886.02,
2025-10-04 05:00:00,3886.01,3890.15,3885,3889.65,
2025-10-04 06:00:00,3889.65,3892.92,3887.11,3889.41,
2025-10-04 07:00:00,3889.6,3889.86,3885.08,3886.01,
2025-10-04 08:00:00,3886.01,3889.5,3886.01,3888.88,
2025-10-04 09:00:00,3888.89,3890.19,3886.55,3889.84,
2025-10-04 10:00:00,3889.84,3891.46,3888.34,3889.32,
2025-10-04 11:00:00,3889.31,3890.27,3888.27,3890.18,
2025-10-04 12:00:00,3890.18,3900.72,3888.83,3895,
2025-10-04 13:00:00,3895.01,3896.09,3890.58,3893.47,
2025-10-05 21:00:00,3891.88,3894.2,3891.88,3894.2,
2025-10-05 22:00:00,3894.2,3904.6,3890.53,3904.6,
2025-10-05 23:00:00,3904.79,3922.65,3902.78,3914.2,
2025-10-06 00:00:00,3914.21,3914.21,3906.36,3908.66,
2025-10-06 01:00:00,3908.66,3923.18,3908.51,3923.18,
2025-10-06 02:00:00,3923.19,3930.79,3923.19,3926.28,
2025-10-06 03:00:00,3926.27,3940,3926.27,3939.32,
2025-10-06 04:00:00,3939.31,3947.08,3935,3945.88,
2025-10-06 05:00:00,3945.88,3953.09,3934.39,3939.83,
2025-10-06 06:00:00,3939.82,3940.07,3931,3940.05,
2025-10-06 07:00:00,3939.83,3950,3937.15,3947.55,
2025-10-06 08:00:00,3947.54,3956.36,3946,3952.17,
2025-10-06 09:00:00,3952.13,3954.18,3947.15,3950.99,
2025-10-06 10:00:00,3950.99,3955.52,3943.43,3951.44,
2025-10-06 11:00:00,3951.5,3951.51,3942,3947.9,
2025-10-06 12:00:00,3947.89,3949.47,3936.75,3942.54,
2025-10-06 13:00:00,3942.55,3954.72,3937,3953.58,
2025-10-06 14:00:00,3953.59,3968.02,3949.6,3964.34,
2025-10-06 15:00:00,3964.34,3975.31,3959.16,3973.14,
2025-10-06 16:00:00,3973.14,3979,3959.26,3966.21,
2025-10-06 17:00:00,3966.22,3970.78,3958.64,3969.34,
2025-10-06 18:00:00,3969.34,3972.71,3968.84,3970.43,
2025-10-06 19:00:00,3970.44,3976.7,3970.44,3970.74,
2025-10-06 20:00:00,3970.74,3972.76,3967.88,3971.76,
2025-10-06 21:00:00,3971.76,3977.99,3971.76,3977.47,
2025-10-06 22:00:00,3977.81,3989.89,3972.19,3977.15,
2025-10-06 23:00:00,3977.15,3984.74,3976.1,3983.21,
2025-10-07 00:00:00,3983.22,3990,3977,3977.61,
2025-10-07 01:00:00,3977.6,3978.18,3966.67,3969.72,
2025-10-07 02:00:00,3969.73,3979.02,3969.72,3975.62,
2025-10-07 03:00:00,3975.61,3984.3,3971.66,3984.13,
2025-10-07 04:00:00,3984.13,3986.05,3981.9,3985.98,
2025-10-07 05:00:00,3985.98,3986.17,3965.61,3975.36,
2025-10-07 06:00:00,3975.36,3975.36,3965,3965.3,
2025-10-07 07:00:00,3965.31,3967.04,3955.39,3957.52,
2025-10-07 08:00:00,3957.85,3967.17,3953.39,3965,
2025-10-07 09:00:00,3965,3976.01,3965,3968.04,
2025-10-07 10:00:00,3968.04,3975.46,3966.28,3972.48,
2025-10-07 11:00:00,3972.47,3977.55,3968.9,3977.04,
2025-10-07 12:00:00,3977.05,3989,3976.92,3988.73,
2025-10-07 13:00:00,3988.74,3990,3978.37,3987.29,
2025-10-07 14:00:00,3987.29,3998,3978.44,3995.98,
2025-10-07 15:00:00,3995.99,4000,3981.72,3983.22,
2025-10-07 16:00:00,3983.22,3995.34,3980,3992.11,
2025-10-07 17:00:00,3992.12,4000,3992.09,3995.57,
2025-10-07 18:00:00,3995.56,3999.02,3988.94,3995.98,
2025-10-07 19:00:00,3995.98,3998.27,3992.96,3994.92,
2025-10-07 20:00:00,3994.92,3998.69,3992.98,3996.39,
2025-10-07 21:00:00,3996.39,3999.51,3996.39,3997.38,
2025-10-07 22:00:00,3997.38,4001.25,3997.38,4001.25,
2025-10-07 23:00:00,4001.26,4004.84,3996.62,4000.88,
2025-10-08 00:00:00,4000.87,4010,4000.87,4007,
2025-10-08 01:00:00,4007,4013.99,3996.75,4011.52,
2025-10-08 02:00:00,4011.99,4019.81,4003,4019.8,
2025-10-08 03:00:00,4019.81,4027.42,4015,4026.16,
2025-10-08 04:00:00,4026.16,4039.45,4026.16,4039.27,
2025-10-08 05:00:00,4039.27,4047.37,4033.99,4038.02,
2025-10-08 06:00:00,4038.02,4042.83,4032.61,4040.15,
2025-10-08 07:00:00,4040.16,4049,4037,4045.71,
2025-10-08 08:00:00,4045.71,4052.93,4045.71,4048.45,
2025-10-08 09:00:00,4048.45,4059.94,4043.01,4059.94,
2025-10-08 10:00:00,4059.93,4059.99,4042.95,4049,
2025-10-08 11:00:00,4049,4051.72,4040.31,4051.69,
2025-10-08 12:00:00,4051.67,4059.43,4043.99,4053.3,
2025-10-08 13:00:00,4053.3,4059.43,4041.58,4052.84,
2025-10-08 14:00:00,4052.84,4064.9,4051.05,4064.89,
2025-10-08 15:00:00,4064.9,4066,4055.83,4058.24,
2025-10-08 16:00:00,4058.25,4079.48,4057.68,4070.35,
2025-10-08 17:00:00,4070.36,4073.5,4059.13,4063.79,
2025-10-08 18:00:00,4063.8,4066.47,4051.34,4060.3,
2025-10-08 19:00:00,4060.3,4066.44,4045.63,4056.45,
2025-10-08 20:00:00,4056.45,4057.54,4051.51,4055.35,
2025-10-08 21:00:00,4055.34,4059.6,4055.34,4056.93,
2025-10-08 22:00:00,4056.93,4057.44,4030,4038.52,
2025-10-08 23:00:00,4038.53,4041.97,4021,4032.21,
2025-10-09 00:00:00,4032.22,4049.07,4029.06,4044.83,
2025-10-09 01:00:00,4044.83,4055.96,4029.9,4042.78,
2025-10-09 02:00:00,4042.34,4042.35,4026.79,4036.96,
2025-10-09 03:00:00,4037.41,4051.07,4035.44,4045.72,
2025-10-09 04:00:00,4045.71,4062.41,4045.27,4061.04,
2025-10-09 05:00:00,4061.04,4061.48,4050,4059.98,
2025-10-09 06:00:00,4059.98,4061.46,4044.4,4046.19,
2025-10-09 07:00:00,4046.2,4052.18,4044,4047.49,
2025-10-09 08:00:00,4047.48,4057,4047.33,4055.21,
2025-10-09 09:00:00,4055.22,4057.34,4049.68,4052.1,
2025-10-09 10:00:00,4052.1,4061.75,4048.61,4059.3,
2025-10-09 11:00:00,4059.29,4061.71,4051.01,4058.99,
2025-10-09 12:00:00,4058.98,4068.07,4050.62,4066.98,
2025-10-09 13:00:00,4067.43,4072,4040,4040,
2025-10-09 14:00:00,4040,4051.6,4030,4044.32,
2025-10-09 15:00:00,4044.32,4049.78,4024.96,4036.43,
2025-10-09 16:00:00,4036.43,4041.4,3980,3982.84,
2025-10-09 17:00:00,3982.84,3989.99,3961.94,3965.96,
2025-10-09 18:00:00,3965.96,3985.9,3965.01,3973.05,
2025-10-09 19:00:00,3973.07,3997.84,3972.58,3989.18,
2025-10-09 20:00:00,3989.19,3997.25,3987.82,3993.19,
2025-10-09 21:00:00,3992.9,3996.79,3989.2,3995.44,
2025-10-09 22:00:00,3995.34,3995.34,3975.33,3987.94,
2025-10-09 23:00:00,3987.94,4000.28,3987.88,4000.27,
2025-10-10 00:00:00,4000.28,4007.09,3997.78,4005.88,
2025-10-10 01:00:00,4005.88,4006.09,3984.04,3985.34,
2025-10-10 02:00:00,3985.33,3997.03,3984.81,3988.79,
2025-10-10 03:00:00,3988.61,3989.09,3971.39,3971.39,
2025-10-10 04:00:00,3971.32,3975.36,3957.29,3975.35,
2025-10-10 05:00:00,3975.36,3986.68,3973.35,3980.02,
2025-10-10 06:00:00,3980.02,3982.79,3972,3975.51,
2025-10-10 07:00:00,3975.38,3981.94,3963.38,3977.88,
2025-10-10 08:00:00,3977.89,4001.49,3976,4000.37,
2025-10-10 09:00:00,4000.37,4014.25,3999.39,4004.05,
2025-10-10 10:00:00,4003.92,4008.48,3998.2,4002.5,
2025-10-10 11:00:00,4002.51,4008.44,3992.14,3994.26,
2025-10-10 12:00:00,3994.27,4001.9,3989.68,3993.46,
2025-10-10 13:00:00,3993.45,4005.84,3986.15,3990.48,
2025-10-10 14:00:00,3990.47,4002.43,3981.52,3999.25,
2025-10-10 15:00:00,3999.25,4030,3998.53,4008.65,
2025-10-10 16:00:00,4008.5,4008.51,3988.24,3995.37,
2025-10-10 17:00:00,3995.38,4003.03,3987.32,4001.43,
2025-10-10 18:00:00,4001.43,4019.23,3996.09,4011.74,
2025-10-10 19:00:00,4011.74,4033,4008.76,4024.44,
2025-10-10 20:00:00,4024.43,4030.95,4016.86,4021.85,
2025-10-10 21:00:00,4021.85,4028.96,3600,3966.39,
2025-10-10 22:00:00,3964.1,4008.19,3946.62,3992.57,
2025-10-10 23:00:00,3992.11,4001.56,3968.98,3983.01,
2025-10-11 00:00:00,3983,3987.3,3960.01,3973.65,
2025-10-11 01:00:00,3973.65,3984.91,3958.83,3962.31,
2025-10-11 02:00:00,3962.3,3987.26,3950,3985.01,
2025-10-11 03:00:00,3985.02,3985.02,3964.31,3973.35,
2025-10-11 04:00:00,3974.23,3983.26,3965.86,3974.22,
2025-10-11 05:00:00,3974.22,3983.33,3972.17,3980.29,
2025-10-11 06:00:00,3980.28,4000.8,3976.67,3988.52,
2025-10-11 07:00:00,3988.61,4000.09,3982,3993.49,
2025-10-11 08:00:00,3993.49,4000.88,3991.9,3994.35,
2025-10-11 09:00:00,3994.34,4000.18,3990.1,3996.85,
2025-10-11 10:00:00,3996.85,4000,3994.6,3996.76,
2025-10-11 11:00:00,3996.77,4000.38,3994.1,3997.66,
2025-10-11 12:00:00,3997.43,4000,3996.22,3997.52,
2025-10-12 21:00:00,4002.99,4003,4002.64,4002.64,
2025-10-12 22:00:00,4002.64,4047.04,4002.63,4044.48,
2025-10-12 23:00:00,4044.57,4058.65,4034.22,4036.56,
2025-10-13 00:00:00,4036.57,4056.28,4026.55,4045.15,
2025-10-13 01:00:00,4045.04,4053.23,4036.32,4050,
2025-10-13 02:00:00,4049.99,4050,4043.68,4048.93,
2025-10-13 03:00:00,4048.93,4054.99,4045.33,4052.01,
2025-10-13 04:00:00,4052.01,4060.85,4052.01,4058.01,
2025-10-13 05:00:00,4058.01,4079,4058,4066.57,
2025-10-13 06:00:00,4066.57,4078.56,4064.33,4075.05,
2025-10-13 07:00:00,4075.09,4079.28,4069.5,4071.01,
2025-10-13 08:00:00,4070.92,4079.17,4069.3,4077.7,
2025-10-13 09:00:00,4077.61,4083.68,4071,4077.26,
2025-10-13 10:00:00,4077.25,4084.93,4071.15,4081.090088,
2025-10-13 11:00:00,4080.62,4090.65,4077.14,4082.64,
2025-10-13 12:00:00,4082.64,4092.99,4078,4086.32,
2025-10-13 13:00:00,4086.31,4101.97,4085.18,4101.78,
2025-10-13 14:00:00,4101.78,4112.63,4088.56,4105.56,
2025-10-13 15:00:00,4105.56,4119,4098.98,4110.75,
2025-10-13 16:00:00,4110.75,4122,4110.75,4112.17,
2025-10-13 17:00:00,4112.17,4123.28,4110.72,4112.28,
2025-10-13 18:00:00,4112.29,4115.43,4108.61,4110.64,
2025-10-13 19:00:00,4111.12,4124.06,4101.58,4124,
2025-10-13 20:00:00,4124,4124.23,4116.6,4121.65,
2025-10-13 21:00:00,4121.58,4123.7,4120.26,4122.78,
2025-10-13 22:00:00,4122.78,4126.01,4115.26,4125.01,
2025-10-13 23:00:00,4125.01,4142.3,4120.99,4141.69,
2025-10-14 00:00:00,4141.69,4145.05,4133.47,4140.01,
2025-10-14 01:00:00,4140,4166,4138.32,4153.59,
2025-10-14 02:00:00,4153.51,4166,4153.51,4162.84,
2025-10-14 03:00:00,4162.85,4183.67,4162.09,4179.1,
2025-10-14 04:00:00,4179.11,4185.4,4170.31,4185.04,
2025-10-14 05:00:00,4185.04,4200,4119.71,4132.44,
2025-10-14 06:00:00,4132.28,4146.62,4103.38,4127.5,
2025-10-14 07:00:00,4127.28,4143.27,4118.3,4142.41,
2025-10-14 08:00:00,4142.41,4160.87,4142.41,4157.28,
2025-10-14 09:00:00,4157.27,4161.26,4136,4141.57,
2025-10-14 10:00:00,4141.57,4153,4130.48,4142.69,
2025-10-14 11:00:00,4142.7,4150,4133.99,4139.6,
2025-10-14 12:00:00,4139.59,4145.01,4116.1,4117.73,
2025-10-14 13:00:00,4117.73,4143.31,4112,4136.3,
2025-10-14 14:00:00,4136.3,4150,4133.08,4140.8,
2025-10-14 15:00:00,4140.8,4154.22,4138.89,4148.88,
2025-10-14 16:00:00,4148.94,4169.43,4140,4155.7,
2025-10-14 17:00:00,4154.96,4173.99,4152.4,4162.76,
2025-10-14 18:00:00,4162.75,4169.12,4158.18,4161.89,
2025-10-14 19:00:00,4161.89,4165.96,4146.31,4155.65,
2025-10-14 20:00:00,4155.53,4159.66,4153.26,4153.92,
2025-10-14 21:00:00,4153.91,4157.98,4151.67,4155.55,
2025-10-14 22:00:00,4155.54,4177.61,4153.35,4171.62,
2025-10-14 23:00:00,4171.61,4184.13,4169,4176.71,
2025-10-15 00:00:00,4176.7,4184.95,4170.81,4177.88,
2025-10-15 01:00:00,4177.95,4204.01,4177.95,4198.98,
2025-10-15 02:00:00,4198.98,4201.22,4188,4194.48,
2025-10-15 03:00:00,4194.49,4207.13,4194.49,4205.24,
2025-10-15 04:00:00,4205.24,4208.37,4191.24,4195.78,
2025-10-15 05:00:00,4195.78,4204.81,4192.99,4198.72,
2025-10-15 06:00:00,4198.75,4217.93,4198.75,4217.93,
2025-10-15 07:00:00,4217.93,4227.36,4210.06,4224.66,
2025-10-15 08:00:00,4224.94,4240.29,4224.94,4226.84,
2025-10-15 09:00:00,4226.66,4227.7,4188,4210.01,
2025-10-15 10:00:00,4210.01,4226,4208.68,4224.65,
2025-10-15 11:00:00,4224.65,4227.14,4220,4223,
2025-10-15 12:00:00,4223,4228.88,4200.76,4210.35,
2025-10-15 13:00:00,4210.35,4215.42,4202.16,4211.13,
2025-10-15 14:00:00,4211.12,4229.98,4210.56,4219.47,
2025-10-15 15:00:00,4219.47,4222,4203.51,4211.71,
2025-10-15 16:00:00,4211.71,4217.16,4206.16,4215.49,
2025-10-15 17:00:00,4215.49,4218.6,4205.06,4218.6,
2025-10-15 18:00:00,4218.6,4227.93,4209.47,4220,
2025-10-15 19:00:00,4220.01,4231.81,4219.09,4230.95,
2025-10-15 20:00:00,4230.95,4235.86,4229.55,4232.04,
2025-10-15 21:00:00,4232.04,4238.62,4230.86,4235.98,
2025-10-15 22:00:00,4235.62,4247.41,4219.82,4242.18,
2025-10-15 23:00:00,4243.04,4245.18,4236.36,4238.42,
2025-10-16 00:00:00,4238.42,4274,4235.66,4250.65,
2025-10-16 01:00:00,4250.65,4267.35,4248.3,4258.94,
2025-10-16 02:00:00,4258.94,4264.32,4252.94,4262.3,
2025-10-16 03:00:00,4262.29,4265.41,4253,4261.56,
2025-10-16 04:00:00,4261.65,4262.4,4250.12,4253.98,
2025-10-16 05:00:00,4253.99,4255.25,4225.28,4226.56,
2025-10-16 06:00:00,4226.57,4245.9,4226.56,4237.92,
2025-10-16 07:00:00,4237.93,4250.55,4237.72,4246.92,
2025-10-16 08:00:00,4246.91,4256.15,4246.8,4248.41,
2025-10-16 09:00:00,4248.41,4256.65,4236.2,4254,
2025-10-16 10:00:00,4254.26,4260.82,4249.9,4259.65,
2025-10-16 11:00:00,4259.64,4266.13,4256,4258.48,
2025-10-16 12:00:00,4258.47,4265.92,4246.18,4250.27,
2025-10-16 13:00:00,4250.14,4273.67,4249.95,4267.11,
2025-10-16 14:00:00,4267.1,4285.14,4265.93,4281.35,
2025-10-16 15:00:00,4281.36,4297.89,4281,4292.64,
2025-10-16 16:00:00,4292.65,4313.17,4286.51,4306.26,
2025-10-16 17:00:00,4306.27,4324.29,4302.39,4318.66,
2025-10-16 18:00:00,4318.65,4319.23,4300.03,4312.38,
2025-10-16 19:00:00,4312.38,4336.65,4311.12,4333.33,
2025-10-16 20:00:00,4333.07,4364.33,4333,4362.29,
2025-10-16 21:00:00,4362.29,4379,4360.93,4373.66,
2025-10-16 22:00:00,4373.66,4472.02,4364.97,4406.76,
2025-10-16 23:00:00,4406.76,4530,4406.38,4436.75,
2025-10-17 00:00:00,4436.74,4436.75,4390.1,4394.16,
2025-10-17 01:00:00,4394.16,4394.91,4256,4343.14,
2025-10-17 02:00:00,4343.15,4382.8,4341.36,4378.03,
2025-10-17 03:00:00,4378.03,4401.48,4375.28,4401.2,
2025-10-17 04:00:00,4401.27,4432.13,4401.26,4425.69,
2025-10-17 05:00:00,4425.68,4429.39,4400,4423.08,
2025-10-17 06:00:00,4423.07,4424.88,4389,4407.99,
2025-10-17 07:00:00,4407.99,4419.35,4351,4382.34,
2025-10-17 08:00:00,4382.35,4411.25,4368.16,4410,
2025-10-17 09:00:00,4410,4414.55,4378.01,4391.1,
2025-10-17 10:00:00,4391.11,4428,4363.87,4377.91,
2025-10-17 11:00:00,4377.92,4386.66,4305.89,4307.81,
2025-10-17 12:00:00,4307.8,4347.67,4289.06,4344.35,
2025-10-17 13:00:00,4344.35,4344.36,4262.81,4294.03,
2025-10-17 14:00:00,4294.03,4294.03,4225,4261.6,
2025-10-17 15:00:00,4261.59,4279.94,4244.55,4253.1,
2025-10-17 16:00:00,4253.11,4260.63,4208,4210.6,
2025-10-17 17:00:00,4210.6,4243.18,4192.55,4226.5,
2025-10-17 18:00:00,4226.5,4257.36,4225.18,4251.02,
2025-10-17 19:00:00,4251.02,4252.3,4225.64,4236.8,
2025-10-17 20:00:00,4236.81,4262.7,4231.4,4262.51,
2025-10-17 21:00:00,4262.51,4272.15,4254.52,4265.22,
2025-10-17 22:00:00,4265.22,4272.6,4254.87,4265.02,
2025-10-17 23:00:00,4265.03,4273.28,4188,4238.93,
2025-10-18 00:00:00,4238.93,4259.28,4238.64,4242.7,
2025-10-18 01:00:00,4242.7,4246.76,4239.44,4240.5,
2025-10-18 02:00:00,4240.51,4253.65,4238.46,4248.3,
2025-10-18 03:00:00,4248.3,4251.23,4239,4246.44,
2025-10-18 04:00:00,4246.44,4252.53,4240.1,4246.87,
2025-10-18 05:00:00,4246.87,4250.11,4237.61,4242.3,
2025-10-18 06:00:00,4241.39,4243.16,4234.8,4236.44,
2025-10-18 07:00:00,4236.44,4236.6,4226,4235.41,
2025-10-18 08:00:00,4235.41,4242,4235.4,4237.96,
2025-10-18 09:00:00,4237.97,4250,4236,4244.6,
2025-10-18 10:00:00,4244.6,4249.66,4240.03,4240.14,
2025-10-18 11:00:00,4240.15,4244.23,4237.47,4238.43,
2025-10-18 12:00:00,4238.43,4242.36,4234.78,4237.99,
2025-10-19 21:00:00,4231,4232.32,4231,4231.96,
2025-10-19 22:00:00,4231.95,4265,4231.95,4256.69,
2025-10-19 23:00:00,4256.8,4260.18,4238.47,4242.46,
2025-10-20 00:00:00,4242.34,4247.11,4214.16,4246.05,
2025-10-20 01:00:00,4246.04,4263,4218.75,4260,
2025-10-20 02:00:00,4259.99,4272.5,4255,4256.34,
2025-10-20 03:00:00,4256.4,4266,4249.52,4260.78,
2025-10-20 04:00:00,4260.77,4268.29,4250.53,4265.5,
2025-10-20 05:00:00,4265.5,4265.5,4237.29,4237.29,
2025-10-20 06:00:00,4237.29,4242.06,4220.16,4231.1,
2025-10-20 07:00:00,4230.88,4253.29,4229.01,4245.67,
2025-10-20 08:00:00,4245.66,4252.34,4237.31,4244.39,
2025-10-20 09:00:00,4244.39,4252.3,4238.47,4249.59,
2025-10-20 10:00:00,4249.6,4253.69,4237.29,4251.57,
2025-10-20 11:00:00,4251.56,4269.42,4246.64,4269.17,
2025-10-20 12:00:00,4269.18,4326.98,4265.84,4325.14,
2025-10-20 13:00:00,4325.14,4327.97,4294,4296.8,
2025-10-20 14:00:00,4296.91,4328.69,4281.5,4327.54,
2025-10-20 15:00:00,4327.74,4355.55,4327.74,4348.17,
2025-10-20 16:00:00,4348.16,4352.65,4339.59,4349.03,
2025-10-20 17:00:00,4349.02,4352.88,4333.51,4346.41,
2025-10-20 18:00:00,4346.4,4366.16,4344.4,4364.09,
2025-10-20 19:00:00,4364.09,4401.66,4364.09,4388.43,
2025-10-20 20:00:00,4388.43,4390.74,4355.9,4367.43,
2025-10-20 21:00:00,4367.47,4375.46,4355.9,4370,
2025-10-20 22:00:00,4369.69,4386.43,4363.29,4372.84,
2025-10-20 23:00:00,4372.83,4379.04,4361.66,4364.09,
2025-10-21 00:00:00,4363.81,4374.83,4361.34,4371.82,
2025-10-21 01:00:00,4371.81,4375.49,4341.35,4356.34,
2025-10-21 02:00:00,4356.38,4362.42,4344.01,4347.9,
2025-10-21 03:00:00,4347.91,4362.94,4347.91,4357.86,
2025-10-21 04:00:00,4357.86,4357.87,4340.29,4346.95,
2025-10-21 05:00:00,4346.7,4350.6,4320.76,4326.34,
2025-10-21 06:00:00,4326.15,4349.17,4320.76,4347.2,
2025-10-21 07:00:00,4347.2,4348.06,4290.01,4299.65,
2025-10-21 08:00:00,4299.66,4301.83,4252.77,4274.73,
2025-10-21 09:00:00,4274.24,4278.29,4254.6,4265.59,
2025-10-21 10:00:00,4265.6,4268.11,4250.37,4256.49,
2025-10-21 11:00:00,4256.66,4274.27,4251.51,4257.24,
2025-10-21 12:00:00,4257.8,4261.99,4210.18,4216.39,
2025-10-21 13:00:00,4215.86,4230.77,4173.47,4179.79,
2025-10-21 14:00:00,4179.78,4192.43,4101,4146.69,
2025-10-21 15:00:00,4146.24,4158.03,4123.55,4139.2,
2025-10-21 16:00:00,4139.4,4145.93,4094.72,4112.42,
2025-10-21 17:00:00,4112.42,4122.77,4097.78,4113.05,
2025-10-21 18:00:00,4113.04,4131.51,4110,4119.5,
2025-10-21 19:00:00,4119.5,4128.42,4107.4,4114.57,
2025-10-21 20:00:00,4114.09,4137.1,4112.33,4130.33,
2025-10-21 21:00:00,4130.33,4138.42,4126.32,4138.42,
2025-10-21 22:00:00,4138.42,4141.09,4122.75,4125,
2025-10-21 23:00:00,4125,4133,4095.34,4098.31,
2025-10-22 00:00:00,4098.82,4098.82,4020,4080.06,
2025-10-22 01:00:00,4080.07,4122.48,4067.73,4089.62,
2025-10-22 02:00:00,4089.62,4119.41,4089.62,4117.83,
2025-10-22 03:00:00,4117.83,4147.04,4110.02,4133.33,
2025-10-22 04:00:00,4133.77,4141.01,4116.14,4133.05,
2025-10-22 05:00:00,4133.05,4151.66,4132.7,4141.63,
2025-10-22 06:00:00,4141.62,4167.79,4132.77,4164.15,
2025-10-22 07:00:00,4164.15,4164.15,4138.01,4138.01,
2025-10-22 08:00:00,4138.02,4140.71,4064.79,4078.5,
2025-10-22 09:00:00,4078.51,4109.79,4068.78,4076.73,
2025-10-22 10:00:00,4076.72,4097.65,4038,4049.52,
2025-10-22 11:00:00,4049.91,4056.72,4023,4041.49,
2025-10-22 12:00:00,4041.5,4067.57,4040.16,4050.16,
2025-10-22 13:00:00,4050.01,4097,4050.01,4088.54,
2025-10-22 14:00:00,4088.8,4089.43,4025.7,4027.82,
2025-10-22 15:00:00,4028.33,4060,4028.32,4042.51,
2025-10-22 16:00:00,4042.5,4071.77,4030.38,4066.3,
2025-10-22 17:00:00,4066.29,4074.74,4050.61,4074.44,
2025-10-22 18:00:00,4074.44,4083.31,4072,4080.4,
2025-10-22 19:00:00,4080.39,4114.14,4080.21,4101.48,
2025-10-22 20:00:00,4101.33,4106.18,4089.3,4101.14,
2025-10-22 21:00:00,4101.26,4111.26,4094.18,4099.89,
2025-10-22 22:00:00,4099.89,4113.95,4098.01,4107.05,
2025-10-22 23:00:00,4107.05,4110.49,4085.08,4091.78,
2025-10-23 00:00:00,4092.05,4101.56,4070,4084.6,
2025-10-23 01:00:00,4084.6,4097.24,4068.9,4082.23,
2025-10-23 02:00:00,4082.12,4092.92,4081.92,4090.83,
2025-10-23 03:00:00,4091.01,4109.14,4086.27,4098.09,
2025-10-23 04:00:00,4098.09,4099.67,4085.35,4096.85,
2025-10-23 05:00:00,4096.86,4112.6,4088.2,4112.53,
2025-10-23 06:00:00,4112.12,4134.91,4107.94,4109.94,
2025-10-23 07:00:00,4109.95,4124.77,4057.14,4089.63,
2025-10-23 08:00:00,4089.64,4118.16,4089.64,4118.15,
2025-10-23 09:00:00,4118.15,4126.89,4112.56,4126.47,
2025-10-23 10:00:00,4126.46,4126.69,4103.75,4110.21,
2025-10-23 11:00:00,4110.22,4122.66,4109.58,4115.49,
2025-10-23 12:00:00,4115.18,4132.32,4106.12,4130.79,
2025-10-23 13:00:00,4130.79,4153.55,4128.99,4146.58,
2025-10-23 14:00:00,4147,4157.46,4137.56,4149.95,
2025-10-23 15:00:00,4150,4153.29,4137.14,4141.4,
2025-10-23 16:00:00,4141.39,4149.06,4126.1,4131.43,
2025-10-23 17:00:00,4131.42,4138.21,4125.42,4137.12,
2025-10-23 18:00:00,4137.12,4144.81,4130.98,4135.06,
2025-10-23 19:00:00,4135.07,4136.35,4116.07,4117,
2025-10-23 20:00:00,4117.36,4122.49,4102,4120.2,
2025-10-23 21:00:00,4120.21,4127.97,4118.15,4124.5,
2025-10-23 22:00:00,4124.5,4126.64,4109.01,4111.73,
2025-10-23 23:00:00,4111.73,4119.93,4103.64,4117.46,
2025-10-24 00:00:00,4117.92,4130.67,4114.84,4129.25,
2025-10-24 01:00:00,4129.26,4139.52,4113.05,4118.6,
2025-10-24 02:00:00,4118.6,4118.6,4111.63,4111.7,
2025-10-24 03:00:00,4111.69,4125.01,4109.74,4125,
2025-10-24 04:00:00,4125,4125.01,4100,4108.73,
2025-10-24 05:00:00,4108.74,4115.2,4102.99,4103.48,
2025-10-24 06:00:00,4103.75,4104.12,4081.05,4091.07,
2025-10-24 07:00:00,4091.07,4093.35,4067.75,4071.99,
2025-10-24 08:00:00,4072,4074.77,4046.17,4065.39,
2025-10-24 09:00:00,4065.39,4071.99,4055,4059.83,
2025-10-24 10:00:00,4059.83,4068.95,4053.18,4053.76,
2025-10-24 11:00:00,4053.75,4066.49,4045.25,4061.53,
2025-10-24 12:00:00,4061.53,4089.62,4059.58,4080.2,
2025-10-24 13:00:00,4080.28,4120.07,4078,4102.69,
2025-10-24 14:00:00,4102.69,4126.98,4098.85,4110.6,
2025-10-24 15:00:00,4110.85,4122.87,4107.51,4121.94,
2025-10-24 16:00:00,4122.13,4139.62,4114.04,4121.15,
2025-10-24 17:00:00,4121.15,4125.53,4100.01,4101.08,
2025-10-24 18:00:00,4101.47,4105,4094.25,4102.68,
2025-10-24 19:00:00,4102.68,4113.7,4095.74,4097.3,
2025-10-24 20:00:00,4097.3,4108.5,4090.99,4106.3,
2025-10-24 21:00:00,4106.31,4116.35,4106.01,4110.43,
2025-10-24 22:00:00,4110.42,4116.72,4107.31,4109.76,
2025-10-24 23:00:00,4109.76,4117.64,4103.4,4110.53,
2025-10-25 00:00:00,4110.54,4125.48,4108.76,4120.6,
2025-10-25 01:00:00,4120.6,4127.13,4112.44,4115.16,
2025-10-25 02:00:00,4115.16,4116.74,4107.78,4116.54,
2025-10-25 03:00:00,4116.55,4116.67,4101.77,4110.07,
2025-10-25 04:00:00,4110.07,4117.43,4107.82,4113.65,
2025-10-25 05:00:00,4113.64,4113.65,4109.16,4111.63,
2025-10-25 06:00:00,4111.63,4112.92,4107.18,4111.02,
2025-10-25 07:00:00,4111.02,4112.45,4105,4107.34,
2025-10-25 08:00:00,4107.34,4111.09,4107.34,4110.54,
2025-10-25 09:00:00,4110.54,4116.78,4107.84,4109.85,
2025-10-25 10:00:00,4109.86,4116.12,4099.93,4109.62,
2025-10-25 11:00:00,4109.62,4110.37,4107.01,4109.41,
2025-10-25 12:00:00,4109.41,4111.65,4108.64,4111.21,
2025-10-26 21:00:00,4098.77,4098.77,4098.42,4098.42,
2025-10-26 22:00:00,4098.42,4099.51,4056.55,4074.58,
2025-10-26 23:00:00,4074.16,4080.79,4056.26,4059.96,
2025-10-27 00:00:00,4059.95,4081.86,4056.01,4079.99,
2025-10-27 01:00:00,4079.87,4094.71,4072.07,4075.48,
2025-10-27 02:00:00,4075.47,4075.47,4065.51,4067.01,
2025-10-27 03:00:00,4067,4077.56,4059.45,4066.67,
2025-10-27 04:00:00,4066.67,4066.67,4051.07,4064.89,
2025-10-27 05:00:00,4064.89,4076.47,4059.18,4072.76,
2025-10-27 06:00:00,4072.75,4081.07,4070.42,4075.75,
2025-10-27 07:00:00,4075.76,4076.6,4058.68,4063.71,
2025-10-27 08:00:00,4063.71,4064.24,4030,4043.33,
2025-10-27 09:00:00,4043.19,4049.28,4030.22,4037.19,
2025-10-27 10:00:00,4037.19,4044.28,4030,4035.72,
2025-10-27 11:00:00,4035.72,4038.67,4015.88,4023.84,
2025-10-27 12:00:00,4023.84,4048.48,4022.07,4040.21,
2025-10-27 13:00:00,4040.22,4044,4009.66,4019.1,
2025-10-27 14:00:00,4019.11,4020.35,3984.37,3987.39,
2025-10-27 15:00:00,3987.39,3989.59,3951,3986.79,
2025-10-27 16:00:00,3986.97,3993.94,3980,3993.46,
2025-10-27 17:00:00,3993.46,4000.56,3985.12,3999.51,
2025-10-27 18:00:00,3999.32,4002.18,3989.36,3989.36,
2025-10-27 19:00:00,3989.37,3994.76,3977.21,3980.31,
2025-10-27 20:00:00,3980.41,3987.09,3969.82,3973.34,
2025-10-27 21:00:00,3973.34,3977.34,3970.08,3973.44,
2025-10-27 22:00:00,3973.44,3987,3971.48,3981.8,
2025-10-27 23:00:00,3981.8,3995.37,3976.47,3992.2,
2025-10-28 00:00:00,3992.19,4002.33,3970.87,4000.17,
2025-10-28 01:00:00,4000.07,4013.17,3998.48,4006.65,
2025-10-28 02:00:00,4006.66,4008.2,3977.34,3980.38,
2025-10-28 03:00:00,3980.39,3991.48,3980.39,3990.1,
2025-10-28 04:00:00,3990.15,3991.69,3966,3973,
2025-10-28 05:00:00,3972.71,3977.46,3958,3963.94,
2025-10-28 06:00:00,3963.94,3965,3938,3941.32,
2025-10-28 07:00:00,3940.81,3947.51,3921,3932.14,
2025-10-28 08:00:00,3932.14,3934.9,3903.47,3907.07,
2025-10-28 09:00:00,3907.08,3921.39,3900,3914.43,
2025-10-28 10:00:00,3914.43,3939.8,3910.11,3934.37,
2025-10-28 11:00:00,3934.38,3937.09,3919.07,3931.36,
2025-10-28 12:00:00,3931.37,3938.37,3913.63,3921.24,
2025-10-28 13:00:00,3921.06,3946.74,3921.06,3945.17,
2025-10-28 14:00:00,3945.18,4000,3941.41,3953.29,
2025-10-28 15:00:00,3953.29,3975.21,3952.33,3970.74,
2025-10-28 16:00:00,3970.73,3973.7,3960.27,3964,
2025-10-28 17:00:00,3964.01,3976.22,3962.54,3969.28,
2025-10-28 18:00:00,3969.25,3970.18,3953.36,3962.09,
2025-10-28 19:00:00,3962.1,3970.16,3957.49,3967.98,
2025-10-28 20:00:00,3967.97,3967.97,3954.48,3955.84,
2025-10-28 21:00:00,3955.84,3961.8,3951.11,3958.23,
2025-10-28 22:00:00,3958.23,3964.08,3930.08,3939.28,
2025-10-28 23:00:00,3938.73,3970.91,3938.73,3968.36,
2025-10-29 00:00:00,3968.42,3987.5,3965.93,3981.01,
2025-10-29 01:00:00,3981.1,3985.31,3956.66,3975.86,
2025-10-29 02:00:00,3975.85,3975.9,3950.01,3963.74,
2025-10-29 03:00:00,3963.53,3972.79,3960.21,3964.2,
2025-10-29 04:00:00,3964.2,3966.24,3953.58,3955.12,
2025-10-29 05:00:00,3955,3968.24,3953.08,3965.2,
2025-10-29 06:00:00,3965.19,3986.29,3962.59,3981.09,
2025-10-29 07:00:00,3981.08,4001.52,3979.1,4001.52,
2025-10-29 08:00:00,4001.53,4020,3999.86,4017.94,
2025-10-29 09:00:00,4017.95,4029.63,4013.6,4025.88,
2025-10-29 10:00:00,4025.89,4031.43,4018.82,4026.17,
2025-10-29 11:00:00,4026.17,4030.86,4013.9,4018.16,
2025-10-29 12:00:00,4018.17,4030.63,4015.22,4025.43,
2025-10-29 13:00:00,4025.42,4025.42,4000.95,4011.25,
2025-10-29 14:00:00,4011.24,4021.4,4010.29,4011.04,
2025-10-29 15:00:00,4011.04,4014.79,3989,3995.02,
2025-10-29 16:00:00,3994.75,4000.91,3990,3995.13,
2025-10-29 17:00:00,3995.13,3998.88,3988.94,3997.74,
2025-10-29 18:00:00,3997.74,4008.95,3938.09,3974.78,
2025-10-29 19:00:00,3974.77,3983.17,3933.18,3949.3,
2025-10-29 20:00:00,3949.55,3960.06,3931,3936.37,
2025-10-29 21:00:00,3936.16,3942.91,3934.14,3934.31,
2025-10-29 22:00:00,3934.31,3950.84,3921.71,3945.27,
2025-10-29 23:00:00,3945.26,3956.26,3943.35,3956.23,
2025-10-30 00:00:00,3955.76,3967.71,3943.07,3955.32,
2025-10-30 01:00:00,3955.33,3969.71,3951.96,3954.68,
2025-10-30 02:00:00,3954.68,3954.68,3929.24,3929.24,
2025-10-30 03:00:00,3929.23,3943.29,3923.15,3941.1,
2025-10-30 04:00:00,3941.16,3985.01,3938.48,3972.8,
2025-10-30 05:00:00,3972.62,3976.76,3947.79,3963.31,
2025-10-30 06:00:00,3963.32,3976.04,3957.55,3975.76,
2025-10-30 07:00:00,3975.57,3975.75,3956.85,3961.39,
2025-10-30 08:00:00,3961.38,3977.2,3960.36,3977.2,
2025-10-30 09:00:00,3977.22,4008.04,3954.46,3997.49,
2025-10-30 10:00:00,3997.49,3998.49,3974.55,3984.38,
2025-10-30 11:00:00,3984.34,3984.76,3966.12,3976.02,
2025-10-30 12:00:00,3976.01,3986.89,3962.04,3962.5,
2025-10-30 13:00:00,3962.07,3994.43,3960.79,3994.05,
2025-10-30 14:00:00,3994.06,4009.8,3985.37,3995.73,
2025-10-30 15:00:00,3995.73,4005.01,3987.95,3999.16,
2025-10-30 16:00:00,3999.16,4002.25,3989.42,4002.25,
2025-10-30 17:00:00,4002.24,4015.01,3993.94,4002.04,
2025-10-30 18:00:00,4002.04,4013.98,3996.75,4011.15,
2025-10-30 19:00:00,4011.15,4023,4011.15,4020.42,
2025-10-30 20:00:00,4020.71,4024.43,4013.47,4023.99,
2025-10-30 21:00:00,4023.99,4024.99,4015.06,4020.46,
2025-10-30 22:00:00,4020.47,4038.22,4012.42,4033.38,
2025-10-30 23:00:00,4033.38,4040,4015.56,4034.25,
2025-10-31 00:00:00,4034.26,4034.56,4023.24,4024.51,
2025-10-31 01:00:00,4024.51,4035,4011.57,4015.88,
2025-10-31 02:00:00,4016.1,4016.5,4000.07,4009.23,
2025-10-31 03:00:00,4009.52,4012.52,3990,3994.43,
2025-10-31 04:00:00,3994.43,4007.99,3988.57,4005.24,
2025-10-31 05:00:00,4005.24,4009.99,3994.66,4005.08,
2025-10-31 06:00:00,4005.07,4014.51,4003.13,4013.36,
2025-10-31 07:00:00,4013.1,4026.25,4008.33,4023.86,
2025-10-31 08:00:00,4023.86,4031.8,4009.27,4013.09,
2025-10-31 09:00:00,4013.09,4016.23,3999.66,4007.45,
2025-10-31 10:00:00,4007.45,4015.7,4000.2,4002.78,
2025-10-31 11:00:00,4002.78,4011.29,3998.71,4007.61,
2025-10-31 12:00:00,4007.61,4032.56,4007.19,4020.82,
2025-10-31 13:00:00,4020.81,4032.43,4011.18,4015.69,
2025-10-31 14:00:00,4015.69,4025.92,4010.45,4020.81,
2025-10-31 15:00:00,4020.75,4020.75,4010.43,4011.79,
2025-10-31 16:00:00,4012.04,4013.84,3971.81,3976.39,
2025-10-31 17:00:00,3976.39,3997.4,3973.87,3992.5,
2025-10-31 18:00:00,3992.49,4003.21,3989.52,3995.22,
2025-10-31 19:00:00,3995.01,4001.87,3987.22,3995.65,
2025-10-31 20:00:00,3995.65,4001.2,3991.21,3996.23,
2025-10-31 21:00:00,3995.93,4004.21,3995.92,4000.7,
2025-10-31 22:00:00,4000.71,4003,3998.34,4000.05,
2025-10-31 23:00:00,4000.09,4003.52,4000.08,4000.16,
2025-11-01 00:00:00,4000.16,4005.63,3995.51,4002.05,
2025-11-01 01:00:00,4002.06,4005.42,4000.84,4002.23,
2025-11-01 02:00:00,4002.23,4003.49,3999.71,4001.95,
2025-11-01 03:00:00,4001.95,4005.95,4001.33,4004.43,
2025-11-01 04:00:00,4004.43,4007.15,4003.62,4005.75,
2025-11-01 05:00:00,4005.75,4005.85,4003.18,4003.19,
2025-11-01 06:00:00,4003.18,4006.57,4002.5,4003.53,
2025-11-01 07:00:00,4003.53,4006.58,4002.43,4002.96,
2025-11-01 08:00:00,4002.96,4005.62,4001.84,4003.75,
2025-11-01 09:00:00,4003.75,4004.15,4002.18,4004.09,
2025-11-01 10:00:00,4004.09,4009.88,4003.7,4008.45,
2025-11-01 11:00:00,4008.45,4009.63,4007.46,4008.72,
2025-11-01 12:00:00,4008.71,4008.71,4001.4,4001.4,
2025-11-02 22:00:00,3997.44,3998.31,3996.89,3996.89,
2025-11-02 23:00:00,3996.89,3997.12,3976.88,3979.05,
2025-11-03 00:00:00,3979.05,3986.22,3962.2,3971.28,
2025-11-03 01:00:00,3971.41,4002.21,3966.57,3997.68,
2025-11-03 02:00:00,3997.63,4006.34,3993.32,4002.01,
2025-11-03 03:00:00,4001.97,4010.05,3996.2,4005.89,
2025-11-03 04:00:00,4005.89,4009.64,3999.08,4001.01,
2025-11-03 05:00:00,4001,4013.12,3995.74,4011.07,
2025-11-03 06:00:00,4011.06,4016,4008.03,4014.15,
2025-11-03 07:00:00,4014.16,4020.78,4010.98,4020.34,
2025-11-03 08:00:00,4020.35,4023.18,4008.67,4016.76,
2025-11-03 09:00:00,4016.37,4021.75,3989.41,3998.32,
2025-11-03 10:00:00,3998.22,4001.87,3980,3996.52,
2025-11-03 11:00:00,3996.53,4004.8,3993.77,4003.3,
2025-11-03 12:00:00,4003.3,4009.75,3999.59,4009.47,
2025-11-03 13:00:00,4009.88,4016.09,4008.3,4013.48,
2025-11-03 14:00:00,4013.48,4021.03,4001.2,4019.28,
2025-11-03 15:00:00,4019.28,4024.93,4000,4003.73,
2025-11-03 16:00:00,4003.78,4008.28,3990,4001.69,
2025-11-03 17:00:00,4001.79,4006.2,3999,4002.22,
2025-11-03 18:00:00,4002.23,4003.83,3995,4001.76,
2025-11-03 19:00:00,4001.51,4002.7,3990.5,3999.2,
2025-11-03 20:00:00,3999.67,4009.04,3999.67,4004.56,
2025-11-03 21:00:00,4004.55,4005,3995.22,3998.01,
2025-11-03 22:00:00,3998.01,4001.27,3994.12,3997.91,
2025-11-03 23:00:00,3997.91,3997.97,3980.07,3992.01,
2025-11-04 00:00:00,3992.02,3993.37,3975,3981.76,
2025-11-04 01:00:00,3981.76,3990.01,3972.97,3984.19,
2025-11-04 02:00:00,3984.2,3984.2,3967.12,3979.99,
2025-11-04 03:00:00,3980,3996.92,3976.01,3990.87,
2025-11-04 04:00:00,3991.09,3991.09,3980.78,3981.66,
2025-11-04 05:00:00,3981.67,3984.25,3967.51,3967.51,
2025-11-04 06:00:00,3967.52,3980.85,3960.38,3978.72,
2025-11-04 07:00:00,3978.71,4009,3975.09,3988.3,
2025-11-04 08:00:00,3988.3,3992.96,3983.46,3988.88,
2025-11-04 09:00:00,3988.88,3991.99,3984.23,3985.59,
2025-11-04 10:00:00,3985.59,3992.42,3980.27,3988.18,
2025-11-04 11:00:00,3988.19,3995,3987.86,3991.52,
2025-11-04 12:00:00,3991.51,3992.25,3978.84,3979.88,
2025-11-04 13:00:00,3979.4,3988.57,3967.29,3969.8,
2025-11-04 14:00:00,3969.79,3972.57,3927.23,3954.25,
2025-11-04 15:00:00,3954.25,3964.16,3940.4,3951.97,
2025-11-04 16:00:00,3951.97,3968.35,3951.97,3961.06,
2025-11-04 17:00:00,3961.07,3963.6,3942.8,3946.42,
2025-11-04 18:00:00,3945.99,3946.91,3918,3930.5,
2025-11-04 19:00:00,3930.5,3939.76,3926.54,3930.56,
2025-11-04 20:00:00,3930.56,3936.24,3922.18,3931.35,
2025-11-04 21:00:00,3931.35,3932.34,3920,3926.01,
2025-11-04 22:00:00,3926.01,3935,3924.81,3928.09,
2025-11-04 23:00:00,3928.09,3934.29,3925.35,3929.18,
2025-11-05 00:00:00,3929.45,3936.15,3921.83,3931.81,
2025-11-05 01:00:00,3931.81,3939,3920,3926.67,
2025-11-05 02:00:00,3926.67,3944.8,3926.67,3942.73,
2025-11-05 03:00:00,3942.73,3960.23,3942.46,3957.01,
2025-11-05 04:00:00,3957,3965.44,3955.28,3960.5,
2025-11-05 05:00:00,3960.5,3968.69,3952.95,3954.44,
2025-11-05 06:00:00,3954.44,3963.97,3952.12,3961.03,
2025-11-05 07:00:00,3961.02,3966.91,3957.19,3965.97,
2025-11-05 08:00:00,3965.97,3977.86,3965.97,3971.87,
2025-11-05 09:00:00,3971.86,3972.98,3958.12,3966.07,
2025-11-05 10:00:00,3966.08,3966.08,3952.18,3957.36,
2025-11-05 11:00:00,3957.58,3962.54,3952.72,3961.52,
2025-11-05 12:00:00,3961.53,3966.34,3957.36,3965.7,
2025-11-05 13:00:00,3965.84,3974.45,3960.25,3970.57,
2025-11-05 14:00:00,3970.89,3980,3966.26,3969.65,
2025-11-05 15:00:00,3969.65,3980.79,3961.01,3974.86,
2025-11-05 16:00:00,3974.86,3983.34,3971.5,3982.83,
2025-11-05 17:00:00,3982.83,3984.68,3975.59,3981.92,
2025-11-05 18:00:00,3981.85,3984.74,3975.16,3980.45,
2025-11-05 19:00:00,3980.45,3985.32,3977,3984.63,
2025-11-05 20:00:00,3984.64,3988.23,3980.91,3983.02,
2025-11-05 21:00:00,3983.02,3984.91,3978.01,3979.61,
2025-11-05 22:00:00,3979.62,3980.57,3976.54,3979.3,
2025-11-05 23:00:00,3979.29,3980.62,3962.92,3971.74,
2025-11-06 00:00:00,3971.75,3972.41,3966.28,3971.26,
2025-11-06 01:00:00,3971.45,3972.18,3958.68,3970.69,
2025-11-06 02:00:00,3970.68,3977.92,3967.73,3976.36,
2025-11-06 03:00:00,3976.37,3984.59,3974.23,3981.99,
2025-11-06 04:00:00,3982,3984.81,3979.92,3984.34,
2025-11-06 05:00:00,3984.34,3985.21,3979.1,3981.86,
2025-11-06 06:00:00,3981.85,3984.97,3975.21,3984.04,
2025-11-06 07:00:00,3984.04,4007,3984.04,4002.18,
2025-11-06 08:00:00,4002.41,4013.59,4001.92,4011.25,
2025-11-06 09:00:00,4011.63,4013.68,4008.03,4009.1,
2025-11-06 10:00:00,4008.81,4011.41,4001,4005.77,
2025-11-06 11:00:00,4005.77,4015.75,4005,4015.75,
2025-11-06 12:00:00,4015.74,4020,4002.52,4003.6,
2025-11-06 13:00:00,4003.59,4014.67,4002.78,4010.09,
2025-11-06 14:00:00,4010.04,4010.92,3985.43,3985.43,
2025-11-06 15:00:00,3985.43,3985.43,3967.1,3975.32,
2025-11-06 16:00:00,3975.31,3980.6,3972.49,3977.75,
2025-11-06 17:00:00,3977.86,3985.42,3962.18,3984.1,
2025-11-06 18:00:00,3984.11,3988.79,3978.6,3985.93,
2025-11-06 19:00:00,3985.94,3992.4,3979.47,3981.31,
2025-11-06 20:00:00,3981.31,3981.99,3975.22,3976.54,
2025-11-06 21:00:00,3976.54,3979.25,3972.9,3974.79,
2025-11-06 22:00:00,3974.8,3980.04,3973.25,3976.22,
2025-11-06 23:00:00,3976.22,3986.26,3972.1,3986.26,
2025-11-07 00:00:00,3986.26,3989.7,3980.71,3985.59,
2025-11-07 01:00:00,3985.59,3998.67,3984.15,3998,
2025-11-07 02:00:00,3998,3999,3988.83,3991.84,
2025-11-07 03:00:00,3991.83,3993.4,3985.29,3986.7,
2025-11-07 04:00:00,3986.7,3994.33,3981.63,3994.33,
2025-11-07 05:00:00,3994.34,3995.74,3987.95,3989.25,
2025-11-07 06:00:00,3989.25,4001.63,3987.19,4000.23,
2025-11-07 07:00:00,4000.23,4003.85,3998.08,4002.7,
2025-11-07 08:00:00,4002.7,4004.49,3998.91,4004.46,
2025-11-07 09:00:00,4004.45,4007.13,3997.56,4003.46,
2025-11-07 10:00:00,4003.47,4004.86,3998.54,4001.35,
2025-11-07 11:00:00,4001.52,4004.77,3989.11,3997.4,
2025-11-07 12:00:00,3997.62,4002.71,3988.23,3991.83,
2025-11-07 13:00:00,3991.83,3996.83,3988.13,3993.25,
2025-11-07 14:00:00,3993.25,4001.74,3978.48,3984.48,
2025-11-07 15:00:00,3984.47,3989.45,3977.01,3982.24,
2025-11-07 16:00:00,3982.06,4014.99,3981.47,3997.99,
2025-11-07 17:00:00,3997.98,4000.45,3986.2,3999.74,
2025-11-07 18:00:00,3999.73,4004,3996.1,4002.41,
2025-11-07 19:00:00,4002.4,4008.02,3999.84,4003.11,
2025-11-07 20:00:00,4003.1,4003.1,3992.68,4001.72,
2025-11-07 21:00:00,4001.71,4002.9,3995.95,3997.95,
2025-11-07 22:00:00,3997.94,3998.41,3994.56,3996.83,
2025-11-07 23:00:00,3996.83,3997.27,3990.5,3992.01,
2025-11-08 00:00:00,3992.02,3997.58,3991.9,3991.9,
2025-11-08 01:00:00,3991.9,4000,3991.6,3999.6,
2025-11-08 02:00:00,3999.61,3999.61,3995.51,3995.52,
2025-11-08 03:00:00,3995.52,3999.44,3995,3996.64,
2025-11-08 04:00:00,3996.64,3998.21,3993.09,3993.09,
2025-11-08 05:00:00,3993.09,3994.57,3987.85,3991.05,
2025-11-08 06:00:00,3991.14,3994.14,3987.32,3992.44,
2025-11-08 07:00:00,3992.43,3992.43,3986.75,3988.16,
2025-11-08 08:00:00,3988.16,3991.36,3988.01,3991.3,
2025-11-08 09:00:00,3991.3,3991.84,3987.86,3988.14,
2025-11-08 10:00:00,3988.15,3991.08,3986.93,3991.08,
2025-11-08 11:00:00,3991.08,3993.65,3988.96,3990.91,
2025-11-08 12:00:00,3990.91,3992.72,3987.9,3992.44,
2025-11-09 22:00:00,3997.16,3997.17,3994.22,3996.5,
2025-11-09 23:00:00,3996.56,4010.93,3995.45,4004.69,
2025-11-10 00:00:00,4004.79,4017.1,4004.65,4015.46,
2025-11-10 01:00:00,4015.47,4051.86011,4012.21,4034.5,
2025-11-10 02:00:00,4034.5,4041.16,4029.72,4040.24,
2025-11-10 03:00:00,4040.24,4046.24,4037.23,4044.88,
2025-11-10 04:00:00,4044.9,4053.49,4044.89,4051.9,
2025-11-10 05:00:00,4051.9,4066.01,4045.65,4066.01,
2025-11-10 06:00:00,4066,4075,4063.45,4072.35,
2025-11-10 07:00:00,4072.7,4074.8,4068.34,4073.3,
2025-11-10 08:00:00,4073.31,4080,4071.76,4078.91,
2025-11-10 09:00:00,4078.91,4079.9,4066.68,4071.68,
2025-11-10 10:00:00,4071.68,4078.17,4071.68,4076,
2025-11-10 11:00:00,4076,4082.35,4072.36,4082.35,
2025-11-10 12:00:00,4082.6,4097.83,4081.94,4095.25,
2025-11-10 13:00:00,4095.25,4104.86,4085.81,4090.21,
2025-11-10 14:00:00,4089.87,4091.04,4072.81,4078.25,
2025-11-10 15:00:00,4078.26,4087.27,4073.09,4077.27,
2025-11-10 16:00:00,4077.27,4092.77,4075.91,4090,
2025-11-10 17:00:00,4090,4099.17,4089.17,4099.17,
2025-11-10 18:00:00,4099.17,4110,4093.43,4104.45,
2025-11-10 19:00:00,4104.45,4106.38,4097.98,4105.78,
2025-11-10 20:00:00,4105.78,4106.65,4097.93,4104.1,
2025-11-10 21:00:00,4104.09,4107.06,4102.7,4106.71,
2025-11-10 22:00:00,4106.71,4107.27,4098.11,4099.85,
2025-11-10 23:00:00,4099.85,4120.97021,4099.21,4114.67,
2025-11-11 00:00:00,4114.68,4126.3,4111.58,4124.51,
2025-11-11 01:00:00,4124.52,4134.91,4121.56,4128.41,
2025-11-11 02:00:00,4128.43,4132.63,4122.95,4129.13,
2025-11-11 03:00:00,4129.13,4139.34,4128.85,4132.45,
2025-11-11 04:00:00,4132.3,4135.99,4131.03,4134.5,
2025-11-11 05:00:00,4134.5,4134.5,4112.24,4114.95,
2025-11-11 06:00:00,4114.62,4123.34,4112.6,4118.08,
2025-11-11 07:00:00,4117.97,4122.08,4111.28,4119.23,
2025-11-11 08:00:00,4119.23,4130,4118.63,4128.35,
2025-11-11 09:00:00,4128.36,4137.46,4127.97,4133.17,
2025-11-11 10:00:00,4133.11,4134.82,4124,4132.49,
2025-11-11 11:00:00,4132.5,4137.02,4131.19,4134.6,
2025-11-11 12:00:00,4134.83,4142.07027,4130.84,4136.22557,
2025-11-11 13:00:00,4136.14642,4146.07515,4134.65443,4144.22799,
2025-11-11 14:00:00,4144.16503,4144.2114,4121.44478,4127.55837,
2025-11-11 15:00:00,4127.55703,4127.64046,4096.85211,4107.56619,
2025-11-11 16:00:00,4107.51205,4115.3809,4105.6365,4113.96515,
2025-11-11 17:00:00,4113.90476,4117.44094,4110.28629,4114.63024,
2025-11-11 18:00:00,4114.5938,4116.06546,4106.55542,4114.49514,
2025-11-11 19:00:00,4114.46947,4125.75355,4112.94721,4123.19184,
2025-11-11 20:00:00,4123.20807,4131.60349,4121.95514,4130.65728,
2025-11-11 21:00:00,4130.71386,4131.20096,4125.48807,4126.80856,
2025-11-11 22:00:00,4126.83948,4127.04971,4126.61658,4126.76043,
2025-11-11 23:00:00,4126.78984,4144.23116,4126.73102,4142.98891,
2025-11-12 00:00:00,4143.00401,4145.13951,4135.02732,4135.09087,
2025-11-12 01:00:00,4134.72965,4136.85506,4125.90563,4131.38339,
2025-11-12 02:00:00,4131.29936,4135.42176,4119.38849,4122.6391,
2025-11-12 03:00:00,4122.56399,4124.97501,4111.32287,4113.33747,
2025-11-12 04:00:00,4113.31689,4113.41553,4104.99137,4111.02151,
2025-11-12 05:00:00,4110.98308,4111.08273,4100.37736,4104.09496,
2025-11-12 06:00:00,4104.10617,4118.45232,4104.08352,4117.69203,
2025-11-12 07:00:00,4117.49439,4125.50428,4113.90325,4117.28588,
2025-11-12 08:00:00,4117.30144,4132.74522,4112.57532,4130.36086,
2025-11-12 09:00:00,4130.28646,4133.11075,4120.11516,4123.55391,
2025-11-12 10:00:00,4123.59114,4128.83335,4118.83094,4128.83335,
2025-11-12 11:00:00,4128.83035,4130.59805,4123.48892,4125.32428,
2025-11-12 12:00:00,4125.05689,4139.10669,4125.05689,4130.45919,
2025-11-12 13:00:00,4130.52057,4131.33965,4124.3506,4125.6765,
2025-11-12 14:00:00,4125.4128,4139.34225,4125.4128,4136.80946,
2025-11-12 15:00:00,4136.80407,4183.81018,4135.80197,4180.94645,
2025-11-12 16:00:00,4180.89564,4195.44521,4180.33473,4195.44521,
2025-11-12 17:00:00,4195.09313,4205.49833,4192.80761,4201.28868,
2025-11-12 18:00:00,4201.13209,4213.30684,4189.02733,4207.94202,
2025-11-12 19:00:00,4207.81064,4209.62408,4192.96966,4196.46651,
2025-11-12 20:00:00,4196.38921,4198.85905,4192.66727,4195.54147,
2025-11-12 21:00:00,4195.53052,4202.69233,4191.65744,4194.7449,
2025-11-12 22:00:00,4194.87838,4197.41618,4194.71464,4197.32373,
2025-11-12 23:00:00,4197.29468,4206.8785,4188.04708,4191.33832,
2025-11-13 00:00:00,4191.30252,4208.66089,4186.84182,4205.63756,
2025-11-13 01:00:00,4205.59063,4207.3335,4180.87648,4192.92642,
2025-11-13 02:00:00,4192.76017,4195.41844,4183.86118,4189.94896,
2025-11-13 03:00:00,4190.14643,4211.56857,4189.92101,4211.25284,
2025-11-13 04:00:00,4211.11508,4218.86881,4204.00268,4207.9403,
2025-11-13 05:00:00,4208.38198,4217.99092,4207.78074,4212.37907,
2025-11-13 06:00:00,4212.2808,4212.84118,4202.70945,4211.30022,
2025-11-13 07:00:00,4211.23047,4218.90955,4208.80688,4218.50049,
2025-11-13 08:00:00,4218.37277,4238.30547,4218.37277,4234.42545,
2025-11-13 09:00:00,4234.44575,4239.10376,4225.90289,4233.17541,
2025-11-13 10:00:00,4233.05114,4239.97504,4222.89345,4225.0973,
2025-11-13 11:00:00,4224.94811,4232.10481,4220.80653,4230.82612,
2025-11-13 12:00:00,4230.82943,4242.4896,4229.72293,4242.4896,
2025-11-13 13:00:00,4242.69049,4244.30211,4220.91359,4230.88851,
2025-11-13 14:00:00,4230.96499,4231.39014,4183.51826,4198.81262,
2025-11-13 15:00:00,4198.93753,4204.63299,4187.5334,4199.6916,
2025-11-13 16:00:00,4199.83186,4210.14914,4197.40228,4205.7538,
2025-11-13 17:00:00,4205.74673,4207.43291,4195.22928,4201.7803,
2025-11-13 18:00:00,4201.78667,4202.64549,4141.94031,4156.36104,
2025-11-13 19:00:00,4156.56548,4169.75097,4148.15058,4164.62689,
2025-11-13 20:00:00,4164.48871,4169.8995,4160.68375,4163.2721,
2025-11-13 21:00:00,4163.27713,4186.31118,4161.61167,4171.54613,
2025-11-13 22:00:00,4171.54413,4171.96701,4171.30567,4171.3499,
2025-11-13 23:00:00,4171.36815,4186.21061,4171.03414,4185.02345,
2025-11-14 00:00:00,4184.96651,4190.21436,4179.27519,4183.907,
2025-11-14 01:00:00,4183.99718,4193.79831,4174.14902,4190.48212,
2025-11-14 02:00:00,4190.36409,4209.35984,4189.51188,4209.08313,
2025-11-14 03:00:00,4209.01649,4210.97208,4202.44151,4204.68691,
2025-11-14 04:00:00,4204.6565,4205.67115,4197.03659,4202.80172,
2025-11-14 05:00:00,4202.9407,4204.0171,4184.30028,4189.40335,
2025-11-14 06:00:00,4189.35555,4193.89085,4171.28877,4173.41374,
2025-11-14 07:00:00,4173.34065,4181.22629,4160.69763,4180.23152,
2025-11-14 08:00:00,4180.21106,4185.43736,4171.13706,4171.13706,
2025-11-14 09:00:00,4171.54188,4180.31774,4166.25261,4170.42169,
2025-11-14 10:00:00,4170.41132,4170.68391,4160.93468,4169.08265,
2025-11-14 11:00:00,4168.85967,4169.05276,4133.50977,4133.50977,
2025-11-14 12:00:00,4133.43454,4139.79919,4109.35235,4114.19426,
2025-11-14 13:00:00,4114.04142,4117.82145,4043.72726,4055.21494,
2025-11-14 14:00:00,4055.32703,4077.03398,4034.28982,4075.80207,
2025-11-14 15:00:00,4076.43053,4095.39565,4068.93451,4090.98202,
2025-11-14 16:00:00,4090.91996,4109.44688,4083.39822,4103.69067,
2025-11-14 17:00:00,4103.60082,4111.72468,4095.56025,4099.86737,
2025-11-14 18:00:00,4099.98586,4102.69632,4083.06101,4099.09914,
2025-11-14 19:00:00,4099.06902,4099.14884,4088.67736,4089.59042,
2025-11-14 20:00:00,4089.52774,4092.08163,4075.2912,4086.25796,
2025-11-14 21:00:00,4086.23435,4087.06898,4077.49352,4081.00425,
2025-11-14 22:00:00,4080.97355,4081.05545,4080.38063,4080.52494,
2025-11-14 23:00:00,4080.45016,4080.63203,4080.38229,4080.53459,
2025-11-15 00:00:00,4080.45074,4080.62916,4080.38115,4080.53697,
2025-11-15 01:00:00,4080.44618,4080.63421,4080.38229,4080.54193,
2025-11-15 02:00:00,4080.45082,4080.6337,4080.38625,4080.53418,
2025-11-15 03:00:00,4080.44548,4080.64064,4080.38229,4080.54116,
2025-11-15 04:00:00,4080.45848,4080.64374,4080.38764,4080.53091,
2025-11-15 05:00:00,4080.45848,4080.64136,4080.39564,4080.51765,
2025-11-15 06:00:00,4080.45864,4080.63899,4080.38563,4080.49197,
2025-11-15 07:00:00,4080.44849,4080.63874,4080.38623,4080.47584,
2025-11-15 08:00:00,4080.44849,4080.64182,4080.38598,4080.47227,
2025-11-15 09:00:00,4080.46015,4080.64017,4080.39132,4080.45412,
2025-11-15 10:00:00,4080.45682,4080.64207,4080.39374,4080.44356,
2025-11-15 11:00:00,4080.45848,4080.64307,4080.39706,4080.43272,
2025-11-15 12:00:00,4080.45682,4080.64181,4080.39587,4080.42743,
2025-11-16 13:00:00,4080.45349,4080.63709,4080.39232,4080.42357,
2025-11-16 14:00:00,4080.45349,4080.63709,4080.39233,4080.42807,
2025-11-16 15:00:00,4080.45349,4080.63709,4080.39233,4080.43649,
2025-11-16 16:00:00,4080.45349,4080.63679,4080.39233,4080.44824,
2025-11-16 17:00:00,4080.45349,4080.63709,4080.3925,4080.4625,
2025-11-16 18:00:00,4080.45349,4080.63709,4080.39233,4080.47827,
2025-11-16 19:00:00,4080.45349,4080.63477,4080.36819,4080.496,
2025-11-16 20:00:00,4080.45515,4080.63843,4080.3677,4080.49406,
2025-11-16 21:00:00,4080.43669,4080.6335,4080.38044,4080.51575,
2025-11-16 22:00:00,4080.4456,4080.65145,4079.35409,4079.62002,
2025-11-16 23:00:00,4079.53128,4106.23731,4078.10184,4097.48381,
2025-11-17 00:00:00,4097.41051,4097.4802,4082.52619,4084.51218,
2025-11-17 01:00:00,4084.267,4101.33775,4082.83359,4091.41607,
2025-11-17 02:00:00,4091.39037,4092.7694,4082.92796,4083.67831,
2025-11-17 03:00:00,4083.6096,4085.01109,4071.85619,4082.93813,
2025-11-17 04:00:00,4083.09261,4087.41633,4076.21008,4078.97125,
2025-11-17 05:00:00,4078.90485,4078.94205,4050.88346,4058.18346,
2025-11-17 06:00:00,4058.16347,4071.3171,4055.07305,4066.52324,
2025-11-17 07:00:00,4066.46928,4089.11265,4066.04047,4087.51858,
2025-11-17 08:00:00,4087.22415,4094.57156,4072.61744,4077.73491,
2025-11-17 09:00:00,4077.93402,4087.53789,4073.35278,4083.58779,
2025-11-17 10:00:00,4083.65572,4089.51492,4069.46892,4070.59624,
2025-11-17 11:00:00,4070.57633,4084.74687,4059.35446,4078.88485,
2025-11-17 12:00:00,4078.85594,4084.57555,4073.82851,4078.99972,
2025-11-17 13:00:00,4079.08843,4090.2478,4062.03112,4065.85824,
2025-11-17 14:00:00,4065.96066,4080.19878,4061.59877,4074.72766,
2025-11-17 15:00:00,4074.73601,4076.30016,4063.57138,4065.21229,
2025-11-17 16:00:00,4065.10424,4072.0697,4052.67111,4070.25207,
2025-11-17 17:00:00,4070.22369,4080.7252,4070.22369,4073.31062,
2025-11-17 18:00:00,4073.23827,4076.92006,4062.91103,4063.66074,
2025-11-17 19:00:00,4063.60049,4065.62936,4011.04777,4012.12221,
2025-11-17 20:00:00,4012.09619,4043.00358,4008.68296,4041.98021,
2025-11-17 21:00:00,4041.96991,4046.44128,4039.99312,4045.80593,
2025-11-17 22:00:00,4045.79517,4046.01074,4045.02505,4045.76515,
2025-11-17 23:00:00,4045.79025,4054.2544,4030.59151,4034.38751,
2025-11-18 00:00:00,4033.88867,4039.67785,4026.50741,4035.75658,
2025-11-18 01:00:00,4036.51287,4044.04579,4023.61805,4025.84181,
2025-11-18 02:00:00,4025.80881,4035.52922,4015.48947,4016.49842,
2025-11-18 03:00:00,4016.10993,4024.30733,4009.59427,4013.29263,
2025-11-18 04:00:00,4013.35081,4017.68639,4005.40017,4010.75848,
2025-11-18 05:00:00,4010.52987,4024.88253,4006.91502,4017.33458,
2025-11-18 06:00:00,4017.24742,4020.75161,4008.38657,4010.6931,
2025-11-18 07:00:00,4010.55004,4017.0194,3999.63117,4013.44568,
2025-11-18 08:00:00,4013.28709,4041.97854,4010.886,4038.16448,
2025-11-18 09:00:00,4038.16387,4048.83997,4031.24637,4040.37536,
2025-11-18 10:00:00,4040.39901,4048.69445,4038.10567,4043.23507,
2025-11-18 11:00:00,4043.24088,4050.12769,4038.95743,4038.95743,
2025-11-18 12:00:00,4038.95466,4046.7621,4029.365,4030.31715,
2025-11-18 13:00:00,4030.38146,4070.10354,4030.32801,4069.48068,
2025-11-18 14:00:00,4069.21893,4079.86217,4063.81808,4069.02819,
2025-11-18 15:00:00,4068.95923,4069.17312,4052.5327,4055.07359,
2025-11-18 16:00:00,4055.05063,4068.26559,4043.54376,4068.14594,
2025-11-18 17:00:00,4068.18791,4076.11095,4061.35646,4072.46221,
2025-11-18 18:00:00,4072.38576,4074.01466,4062.79841,4073.45333,
2025-11-18 19:00:00,4073.5385,4081.09747,4071.50127,4081.01142,
2025-11-18 20:00:00,4081.01883,4081.72149,4068.11347,4069.63756,
2025-11-18 21:00:00,4069.62644,4071.95467,4064.86061,4067.49807,
2025-11-18 22:00:00,4067.40578,4068.54256,4066.06822,4068.41177,
2025-11-18 23:00:00,4068.34329,4076.94194,4067.22664,4076.94194,
2025-11-19 00:00:00,4076.9693,4077.69956,4068.8328,4069.32188,
2025-11-19 01:00:00,4069.28939,4070.95931,4057.68805,4057.70458,
2025-11-19 02:00:00,4057.79948,4080.66983,4057.0592,4076.34462,
2025-11-19 03:00:00,4076.31536,4078.0283,4067.78334,4067.78334,
2025-11-19 04:00:00,4067.6914,4076.5869,4064.56981,4075.87303,
2025-11-19 05:00:00,4075.80602,4097.69059,4075.01055,4094.82275,
2025-11-19 06:00:00,4094.77559,4099.1475,4089.22528,4091.02315,
2025-11-19 07:00:00,4090.96742,4096.22376,4085.81118,4089.05023,
2025-11-19 08:00:00,4089.09625,4089.09925,4079.3566,4084.30719,
2025-11-19 09:00:00,4084.27631,4117.04896,4082.23297,4114.40415,
2025-11-19 10:00:00,4114.39014,4117.97765,4108.88774,4108.88774,
2025-11-19 11:00:00,4108.9421,4116.58562,4105.97555,4113.35067,
2025-11-19 12:00:00,4113.31221,4119.789,4112.91243,4114.96844,
2025-11-19 13:00:00,4114.96176,4117.10527,4101.06731,4108.75111,
2025-11-19 14:00:00,4108.68218,4123.76782,4103.98199,4123.58401,
2025-11-19 15:00:00,4123.62941,4132.42981,4087.39954,4093.64089,
2025-11-19 16:00:00,4093.70947,4096.4372,4069.3175,4073.92032,
2025-11-19 17:00:00,4073.92573,4080.41278,4054.87269,4078.19055,
2025-11-19 18:00:00,4077.97456,4090.69869,4076.80739,4088.0808,
2025-11-19 19:00:00,4088.01589,4088.09316,4069.94109,4074.0584,
2025-11-19 20:00:00,4074.14058,4081.51387,4072.14078,4075.75249,
2025-11-19 21:00:00,4075.82524,4086.10105,4067.10951,4077.76528,
2025-11-19 22:00:00,4077.76376,4078.42179,4077.76376,4077.85937,
2025-11-19 23:00:00,4077.86604,4108.00028,4077.83056,4104.88141,
2025-11-20 00:00:00,4104.86871,4110.6399,4100.70043,4102.21339,
2025-11-20 01:00:00,4102.38189,4108.14532,4081.85961,4083.87937,
2025-11-20 02:00:00,4083.79322,4083.88579,4044.95331,4067.95316,
2025-11-20 03:00:00,4067.89872,4086.00155,4065.9223,4070.70419,
2025-11-20 04:00:00,4070.98994,4081.01135,4069.2287,4077.0383,
2025-11-20 05:00:00,4077.01455,4077.09171,4064.45136,4070.13039,
2025-11-20 06:00:00,4070.26039,4079.91913,4058.01334,4067.99945,
2025-11-20 07:00:00,4067.95067,4075.39577,4055.31641,4059.57591,
2025-11-20 08:00:00,4059.6745,4068.04864,4040.886,4068.04864,
2025-11-20 09:00:00,4067.94864,4071.73787,4055.16588,4065.43943,
2025-11-20 10:00:00,4065.49701,4068.04587,4059.45811,4060.90786,
2025-11-20 11:00:00,4060.93952,4067.2487,4051.73749,4059.25229,
2025-11-20 12:00:00,4059.35385,4080.18933,4059.25578,4079.26721,
2025-11-20 13:00:00,4079.49751,4094.36191,4071.7467,4074.67978,
2025-11-20 14:00:00,4074.20578,4110.93765,4073.85582,4095.43492,
2025-11-20 15:00:00,4095.28382,4097.15969,4076.71554,4078.35935,
2025-11-20 16:00:00,4078.39709,4081.31173,4050.60626,4051.67221,
2025-11-20 17:00:00,4051.75904,4069.31266,4045.62352,4066.45896,
2025-11-20 18:00:00,4066.30455,4072.79009,4056.48373,4059.34515,
2025-11-20 19:00:00,4059.42844,4087.12585,4059.36406,4084.63177,
2025-11-20 20:00:00,4084.50767,4084.94022,4073.49847,4074.15355,
2025-11-20 21:00:00,4074.41632,4080.79123,4074.13765,4077.11663,
2025-11-20 22:00:00,4077.16301,4078.29701,4076.80729,4076.80918,
2025-11-20 23:00:00,4076.83862,4088.128,4074.12608,4078.25686,
2025-11-21 00:00:00,4078.1924,4081.61011,4071.27003,4074.19935,
2025-11-21 01:00:00,4074.19694,4074.27242,4060.61815,4069.44166,
2025-11-21 02:00:00,4069.3764,4079.74091,4057.50346,4057.65101,
2025-11-21 03:00:00,4057.8632,4059.81609,4050.01261,4056.89782,
2025-11-21 04:00:00,4056.88254,4062.28046,4047.47989,4051.17452,
2025-11-21 05:00:00,4051.0931,4059.87942,4040.94002,4052.03654,
2025-11-21 06:00:00,4050.99356,4060.92367,4032.9116,4034.75216,
2025-11-21 07:00:00,4034.73862,4039.84423,4025.66492,4031.02888,
2025-11-21 08:00:00,4030.85766,4048.1241,4025.7184,4042.64376,
2025-11-21 09:00:00,4042.44935,4062.10726,4039.84576,4050.85604,
2025-11-21 10:00:00,4050.73812,4052.09194,4033.38513,4036.87067,
2025-11-21 11:00:00,4036.91158,4045.42105,4029.73266,4036.89051,
2025-11-21 12:00:00,4036.93396,4070.51443,4035.53548,4062.87504,
2025-11-21 13:00:00,4062.487,4080.99978,4058.65049,4079.7797,
2025-11-21 14:00:00,4079.82121,4083.35939,4060.62194,4072.4955,
2025-11-21 15:00:00,4072.405,4074.45946,4057.04613,4069.80219,
2025-11-21 16:00:00,4069.82403,4099.55818,4065.30487,4098.00635,
2025-11-21 17:00:00,4097.89654,4098.74008,4078.05847,4085.19094,
2025-11-21 18:00:00,4085.06385,4086.94524,4075.70455,4082.68097,
2025-11-21 19:00:00,4082.69155,4091.12947,4082.58953,4087.44933,
2025-11-21 20:00:00,4087.46663,4088.56214,4056.37575,4063.0753,
2025-11-21 21:00:00,4062.23271,4067.07003,4054.98727,4065.89854,
2025-11-21 22:00:00,4065.83848,4066.12971,4065.82101,4065.90523,
2025-11-21 23:00:00,4065.88854,4066.07621,4065.82293,4065.88675,
2025-11-22 00:00:00,4065.88539,4066.07478,4065.81808,4065.86521,
2025-11-22 01:00:00,4065.87765,4066.07622,4065.81636,4065.86353,
2025-11-22 02:00:00,4065.88523,4066.0746,4065.82585,4065.85712,
2025-11-22 03:00:00,4065.88555,4066.06964,4065.8181,4065.86301,
2025-11-22 04:00:00,4065.89317,4066.07643,4065.82094,4065.85663,
2025-11-22 05:00:00,4065.88555,4066.0698,4065.81812,4065.86266,
2025-11-22 06:00:00,4065.88552,4066.07643,4065.82456,4065.87879,
2025-11-22 07:00:00,4065.89184,4066.07478,4065.8199,4065.88359,
2025-11-22 08:00:00,4065.88374,4066.07643,4065.81659,4065.9017,
2025-11-22 09:00:00,4065.88688,4066.07453,4065.82456,4065.9176,
2025-11-22 10:00:00,4065.88688,4066.07501,4065.81827,4065.93037,
2025-11-22 11:00:00,4065.8834,4066.07572,4065.82261,4065.94685,
2025-11-22 12:00:00,4065.88506,4066.07742,4065.82591,4065.96908,
2025-11-23 13:00:00,4065.8935,4066.07645,4065.83257,4065.97942,
2025-11-23 14:00:00,4065.8935,4066.07645,4065.83257,4065.98415,
2025-11-23 15:00:00,4065.8935,4066.07646,4065.83257,4065.98467,
2025-11-23 16:00:00,4065.8935,4066.07646,4065.83257,4065.98096,
2025-11-23 17:00:00,4065.8935,4066.0761,4065.83258,4065.97325,
2025-11-23 18:00:00,4065.8935,4066.07646,4065.83269,4065.96211,
2025-11-23 19:00:00,4065.8935,4066.14254,4065.81953,4065.93911,
2025-11-23 20:00:00,4065.88586,4066.06954,4065.81929,4065.92753,
2025-11-23 21:00:00,4065.88854,4066.3439,4065.79854,4065.99958,
2025-11-23 22:00:00,4065.97362,4066.12578,4065.79039,4065.89756,
2025-11-23 23:00:00,4065.89019,4076.79046,4065.79324,4074.9096,
2025-11-24 00:00:00,4074.8008,4075.30213,4058.91888,4067.51436,
2025-11-24 01:00:00,4067.45489,4070.3343,4043.9228,4044.6381,
2025-11-24 02:00:00,4044.58054,4051.06929,4040.59968,4042.13629,
2025-11-24 03:00:00,4041.80725,4057.2799,4041.80725,4050.21502,
2025-11-24 04:00:00,4050.20039,4060.61733,4043.17306,4043.48534,
2025-11-24 05:00:00,4043.35621,4048.779,4041.3507,4046.64946,
2025-11-24 06:00:00,4046.61832,4058.08186,4045.9025,4053.35101,
2025-11-24 07:00:00,4053.329,4066.70007,4052.65152,4060.08362,
2025-11-24 08:00:00,4060.05632,4066.63791,4059.62415,4063.29239,
2025-11-24 09:00:00,4063.12301,4074.67778,4063.12301,4070.43266,
2025-11-24 10:00:00,4070.19703,4076.52346,4064.64646,4065.9213,
2025-11-24 11:00:00,4066.0109,4071.65295,4063.9255,4070.51673,
2025-11-24 12:00:00,4070.44092,4085.04462,4066.75779,4078.62944,
2025-11-24 13:00:00,4078.55666,4086.39302,4074.75232,4077.09477,
2025-11-24 14:00:00,4076.76892,4086.24466,4069.83081,4083.58957,
2025-11-24 15:00:00,4083.39093,4093.33594,4082.20885,4091.3445,
2025-11-24 16:00:00,4091.1825,4100.52773,4090.71012,4098.08764,
2025-11-24 17:00:00,4098.12502,4100.4941,4089.9942,4093.46294,
2025-11-24 18:00:00,4093.44255,4127.83474,4087.73982,4119.69103,
2025-11-24 19:00:00,4119.79131,4123.66329,4114.72555,4119.43498,
2025-11-24 20:00:00,4119.40396,4133.22792,4118.72734,4131.01676,
2025-11-24 21:00:00,4131.38085,4140.32626,4130.55786,4134.13329,
2025-11-24 22:00:00,4134.19015,4137.541,4134.12526,4136.9699,
2025-11-24 23:00:00,4136.8777,4145.20307,4127.77405,4142.52981,
2025-11-25 00:00:00,4142.22458,4144.08258,4130.42409,4130.42409,
2025-11-25 01:00:00,4130.36179,4138.9564,4123.54479,4134.09845,
2025-11-25 02:00:00,4134.23138,4154.791,4133.8331,4150.97234,
2025-11-25 03:00:00,4150.85487,4151.06176,4141.40727,4143.70973,
2025-11-25 04:00:00,4143.659,4147.91956,4140.7986,4141.25759,
2025-11-25 05:00:00,4141.21061,4152.27156,4140.6825,4151.09445,
2025-11-25 06:00:00,4151.0531,4152.09721,4139.23851,4141.98743,
2025-11-25 07:00:00,4141.9902,4146.20195,4131.29988,4133.60003,
2025-11-25 08:00:00,4133.54092,4139.06053,4110.34558,4116.22806,
2025-11-25 09:00:00,4116.34911,4131.13332,4115.72917,4129.09342,
2025-11-25 10:00:00,4129.06097,4138.30501,4126.98624,4129.38364,
2025-11-25 11:00:00,4129.66695,4136.16427,4127.99218,4133.18874,
2025-11-25 12:00:00,4133.15417,4138.20226,4118.67864,4126.95016,
2025-11-25 13:00:00,4126.89503,4150.50914,4126.89503,4145.66589,
2025-11-25 14:00:00,4145.31373,4148.28804,4110.85419,4124.13426,
2025-11-25 15:00:00,4124.37024,4133.48626,4119.37994,4122.51693,
2025-11-25 16:00:00,4122.79116,4140.47874,4122.51253,4136.34041,
2025-11-25 17:00:00,4136.25277,4159.14589,4136.25277,4146.33328,
2025-11-25 18:00:00,4146.3239,4150.37617,4136.43741,4137.14184,
2025-11-25 19:00:00,4137.25592,4141.11795,4129.01149,4133.2823,
2025-11-25 20:00:00,4133.36559,4137.99681,4131.45881,4132.44745,
2025-11-25 21:00:00,4132.48965,4132.83043,4127.49532,4130.87344,
2025-11-25 22:00:00,4130.82486,4132.70559,4129.96876,4130.77087,
2025-11-25 23:00:00,4130.76044,4136.24279,4129.44797,4133.1399,
2025-11-26 00:00:00,4133.21124,4144.65488,4133.12441,4143.5066,
2025-11-26 01:00:00,4143.32025,4152.63791,4139.52154,4149.07601,
2025-11-26 02:00:00,4149.04637,4166.44848,4147.75778,4162.91056,
2025-11-26 03:00:00,4162.89607,4169.83823,4160.96101,4165.30879,
2025-11-26 04:00:00,4165.34866,4166.32337,4156.68787,4162.19164,
2025-11-26 05:00:00,4162.1678,4167.95279,4160.75808,4162.62979,
2025-11-26 06:00:00,4162.57448,4162.86937,4147.94977,4149.26785,
2025-11-26 07:00:00,4149.31316,4160.66957,4149.2614,4158.19675,
2025-11-26 08:00:00,4158.09291,4167.79563,4156.27487,4160.15354,
2025-11-26 09:00:00,4160.53148,4165.0734,4157.36645,4160.97156,
2025-11-26 10:00:00,4161.18977,4164.759,4155.97971,4158.92067,
2025-11-26 11:00:00,4158.68801,4174.01012,4157.90541,4172.27843,
2025-11-26 12:00:00,4172.15184,4172.95421,4151.6998,4154.52482,
2025-11-26 13:00:00,4154.46103,4165.60519,4149.73858,4151.17342,
2025-11-26 14:00:00,4151.08021,4156.82244,4141.02039,4145.12236,
2025-11-26 15:00:00,4145.0124,4164.13932,4138.97886,4164.11843,
2025-11-26 16:00:00,4164.02072,4168.50597,4161.71314,4166.85107,
2025-11-26 17:00:00,4166.78522,4169.35194,4165.18709,4166.97956,
2025-11-26 18:00:00,4166.95514,4171.14884,4158.41091,4164.91512,
2025-11-26 19:00:00,4164.94583,4169.41851,4162.30771,4163.51163,
2025-11-26 20:00:00,4163.49718,4167.71409,4161.75816,4163.57573,
2025-11-26 21:00:00,4163.73492,4167.16389,4162.30619,4163.81582,
2025-11-26 22:00:00,4163.78922,4164.12224,4163.35227,4163.91841,
2025-11-26 23:00:00,4163.88554,4168.69798,4163.08452,4166.21019,
2025-11-27 00:00:00,4166.15261,4167.0693,4162.1582,4163.9112,
2025-11-27 01:00:00,4163.91574,4164.75309,4149.09234,4152.71624,
2025-11-27 02:00:00,4152.89955,4155.55011,4145.31102,4145.83083,
2025-11-27 03:00:00,4145.8071,4150.30011,4145.08596,4149.30215,
2025-11-27 04:00:00,4149.26588,4154.40264,4143.6376,4151.1013,
2025-11-27 05:00:00,4150.99722,4154.1712,4144.06331,4146.72548,
2025-11-27 06:00:00,4146.91316,4159.15372,4146.70767,4157.12301,
2025-11-27 07:00:00,4157.0787,4162.12954,4155.48778,4159.78009,
2025-11-27 08:00:00,4159.73135,4167.05449,4159.65984,4166.19138,
2025-11-27 09:00:00,4166.14561,4166.25942,4149.61006,4160.41053,
2025-11-27 10:00:00,4160.41336,4160.60035,4153.35867,4156.12441,
2025-11-27 11:00:00,4156.2319,4162.51123,4156.03551,4158.12536,
2025-11-27 12:00:00,4158.08804,4159.18349,4154.64271,4156.3556,
2025-11-27 13:00:00,4156.28873,4157.45652,4149.6406,4154.45962,
2025-11-27 14:00:00,4154.37999,4160.90809,4153.92726,4155.91303,
2025-11-27 15:00:00,4155.93385,4162.1062,4153.95434,4157.69685,
2025-11-27 16:00:00,4157.76773,4158.30122,4152.4123,4156.99308,
2025-11-27 17:00:00,4156.96428,4159.04687,4154.84272,4157.54979,
2025-11-27 18:00:00,4157.63391,4159.66981,4155.9182,4159.23217,
2025-11-27 19:00:00,4159.23413,4160.48526,4157.47127,4157.99178,
2025-11-27 20:00:00,4158.00496,4158.14355,4157.6383,4158.05978,
2025-11-27 21:00:00,4158.0668,4158.19245,4157.72411,4157.95363,
2025-11-27 22:00:00,4157.93331,4158.95292,4157.71222,4158.95292,
2025-11-27 23:00:00,4158.95041,4163.72376,4158.33,4163.35358,
2025-11-28 00:00:00,4163.25243,4186.03453,4163.25243,4181.66936,
2025-11-28 01:00:00,4181.68186,4192.66364,4180.48148,4190.8193,
2025-11-28 02:00:00,4190.89427,4191.41888,4186.0967,4189.34336,
2025-11-28 03:00:00,4189.24178,4191.51332,4183.20337,4184.22566,
2025-11-28 04:00:00,4184.19679,4188.842,4180.55052,4188.47624,
2025-11-28 05:00:00,4188.39271,4188.57975,4180.99749,4183.60616,
2025-11-28 06:00:00,4183.60641,4188.49295,4181.96966,4187.60485,
2025-11-28 07:00:00,4187.59548,4187.59975,4174.29477,4174.5627,
2025-11-28 08:00:00,4174.59294,4175.34626,4161.2792,4166.71272,
2025-11-28 09:00:00,4166.6807,4169.56262,4160.67953,4167.87308,
2025-11-28 10:00:00,4167.84311,4174.79229,4158.86553,4163.38657,
2025-11-28 11:00:00,4163.3649,4180.07468,4163.08925,4174.18627,
2025-11-28 12:00:00,4174.28495,4180.15003,4169.85556,4176.81148,
2025-11-28 13:00:00,4176.79614,4181.98158,4168.28617,4181.98158,
2025-11-28 14:00:00,4182.03843,4207.96853,4181.95025,4198.27716,
2025-11-28 15:00:00,4198.2127,4203.14372,4184.20405,4203.14372,
2025-11-28 16:00:00,4203.08714,4210.67936,4199.15361,4207.1274,
2025-11-28 17:00:00,4207.14685,4215.52709,4204.84981,4215.2006,
2025-11-28 18:00:00,4215.22932,4225.13635,4211.4429,4220.65224,
2025-11-28 19:00:00,4220.63046,4221.84604,4207.20054,4212.73023,
2025-11-28 20:00:00,4212.63224,4231.26834,4211.01697,4216.34726,
2025-11-28 21:00:00,4216.35507,4216.7422,4216.22203,4216.32888,
2025-11-28 22:00:00,4216.34522,4216.54605,4216.28067,4216.32916,
2025-11-28 23:00:00,4216.35465,4216.54125,4171.98663,4207.8426,
2025-11-29 00:00:00,4207.77842,4218.29016,4172.85807,4211.89558,
2025-11-29 01:00:00,4211.47781,4216.53364,4211.47781,4216.31634,
2025-11-29 02:00:00,4216.34498,4216.53892,4216.27576,4216.33138,
2025-11-29 03:00:00,4216.35052,4216.54068,4216.27758,4216.33254,
2025-11-29 04:00:00,4216.34043,4216.53788,4216.2743,4216.35366,
2025-11-29 05:00:00,4216.3474,4216.53187,4216.27897,4216.36639,
2025-11-29 06:00:00,4216.34393,4216.53008,4216.27431,4216.383,
2025-11-29 07:00:00,4216.34398,4216.53894,4216.27353,4216.39586,
2025-11-29 08:00:00,4216.34043,4216.53538,4216.27364,4216.40531,
2025-11-29 09:00:00,4216.33509,4216.53422,4216.27896,4216.42742,
2025-11-29 10:00:00,4216.34604,4216.5413,4216.28252,4216.44106,
2025-11-29 11:00:00,4216.35175,4216.53539,4216.27588,4216.44896,
2025-11-29 12:00:00,4216.35571,4216.54603,4216.2848,4216.44184,
2025-11-30 13:00:00,4216.34576,4216.5354,4216.28252,4216.43342,
2025-11-30 14:00:00,4216.34576,4216.5354,4216.28252,4216.42378,
2025-11-30 15:00:00,4216.34576,4216.5354,4216.28252,4216.41089,
2025-11-30 16:00:00,4216.34576,4216.53534,4216.28252,4216.39566,
2025-11-30 17:00:00,4216.34576,4216.5354,4216.28295,4216.37916,
2025-11-30 18:00:00,4216.34576,4216.53541,4216.28252,4216.36253,
2025-11-30 19:00:00,4216.34576,4216.8431,4216.2683,4216.34338,
2025-11-30 20:00:00,4216.34255,4216.76691,4216.27636,4216.32999,
2025-11-30 21:00:00,4216.34294,4216.86073,4216.08054,4216.31935,
2025-11-30 22:00:00,4216.3419,4216.55382,4215.558,4216.32552,
2025-11-30 23:00:00,4216.35465,4230.28565,4202.4477,4223.73185,
2025-12-01 00:00:00,4223.6895,4233.2932,4219.42204,4230.94105,
2025-12-01 01:00:00,4230.84495,4253.8348,4222.37581,4252.77046,
2025-12-01 02:00:00,4252.85823,4254.90569,4234.90078,4241.36426,
2025-12-01 03:00:00,4241.60546,4243.62977,4233.27065,4237.94898,
2025-12-01 04:00:00,4237.56091,4246.72157,4236.94118,4246.20333,
2025-12-01 05:00:00,4246.14638,4246.29885,4217.32557,4229.42311,
2025-12-01 06:00:00,4229.39056,4239.91043,4227.30339,4238.5356,
2025-12-01 07:00:00,4238.32376,4246.325,4232.18946,4245.59615,
2025-12-01 08:00:00,4245.54673,4253.03675,4239.17041,4242.98837,
2025-12-01 09:00:00,4243.20811,4251.31386,4242.93134,4249.31011,
2025-12-01 10:00:00,4249.44809,4261.55839,4248.96395,4256.90044,
2025-12-01 11:00:00,4256.80327,4258.5033,4248.61436,4254.86767,
2025-12-01 12:00:00,4254.77773,4256.85611,4244.08749,4246.98159,
2025-12-01 13:00:00,4246.91801,4265.37936,4246.90933,4253.46031,
2025-12-01 14:00:00,4253.08131,4253.44765,4222.82592,4239.0584,
2025-12-01 15:00:00,4239.15992,4243.41702,4216.45846,4232.13326,
2025-12-01 16:00:00,4232.34125,4242.14613,4227.39427,4229.59325,
2025-12-01 17:00:00,4229.30277,4238.76966,4224.68087,4232.55453,
2025-12-01 18:00:00,4232.66922,4244.12235,4232.53236,4240.44848,
2025-12-01 19:00:00,4240.39434,4243.61695,4231.41326,4234.38252,
2025-12-01 20:00:00,4234.45988,4242.3133,4234.38714,4236.25067,
2025-12-01 21:00:00,4235.87791,4240.73091,4230.2269,4232.13555,
2025-12-01 22:00:00,4232.09772,4232.71828,4231.4433,4232.2289,
2025-12-01 23:00:00,4232.13605,4236.36359,4225.35109,4227.76394,
2025-12-02 00:00:00,4227.73383,4229.26433,4221.81176,4229.26433,
2025-12-02 01:00:00,4229.35848,4229.35848,4202.07267,4220.19256,
2025-12-02 02:00:00,4220.03459,4224.47515,4215.74979,4221.60334,
2025-12-02 03:00:00,4221.58053,4225.80393,4216.7467,4218.04688,
2025-12-02 04:00:00,4217.86758,4220.39767,4215.09411,4218.41439,
2025-12-02 05:00:00,4218.42439,4225.14432,4215.63315,4224.71708,
2025-12-02 06:00:00,4224.77939,4226.73559,4203.27774,4212.59991,
2025-12-02 07:00:00,4212.62776,4218.48393,4209.2181,4211.28754,
2025-12-02 08:00:00,4211.54782,4216.94098,4206.96989,4210.78897,
2025-12-02 09:00:00,4210.75151,4211.70758,4186.25382,4193.44506,
2025-12-02 10:00:00,4193.38604,4193.45536,4182.01864,4185.29486,
2025-12-02 11:00:00,4185.16922,4205.97134,4185.16922,4205.37041,
2025-12-02 12:00:00,4205.33946,4209.46581,4201.34211,4209.01192,
2025-12-02 13:00:00,4208.95294,4215.66511,4200.88384,4211.54929,
2025-12-02 14:00:00,4211.52989,4229.44871,4211.52989,4220.24923,
2025-12-02 15:00:00,4220.18225,4220.26827,4167.30243,4168.91072,
2025-12-02 16:00:00,4168.91173,4188.79098,4167.82739,4182.20866,
2025-12-02 17:00:00,4182.36352,4197.27241,4182.18054,4194.88378,
2025-12-02 18:00:00,4194.87285,4196.29456,4183.22944,4188.8236,
2025-12-02 19:00:00,4188.92401,4203.11584,4188.80585,4199.63913,
2025-12-02 20:00:00,4199.64034,4212.9927,4195.68734,4209.76474,
2025-12-02 21:00:00,4209.82504,4211.197,4205.5656,4206.07514,
2025-12-02 22:00:00,4206.00554,4206.68174,4205.61306,4205.95242,
2025-12-02 23:00:00,4205.88302,4215.38966,4203.43532,4213.26478,
2025-12-03 00:00:00,4213.22682,4213.35294,4205.44146,4211.27606,
2025-12-03 01:00:00,4211.28253,4220.04734,4211.20215,4215.56722,
2025-12-03 02:00:00,4215.54056,4228.90206,4215.15877,4226.38913,
2025-12-03 03:00:00,4226.30106,4227.64439,4220.53289,4220.53289,
2025-12-03 04:00:00,4220.32505,4224.99825,4217.42082,4221.43747,
2025-12-03 05:00:00,4221.32192,4223.84812,4204.18759,4208.62991,
2025-12-03 06:00:00,4208.63502,4211.41693,4205.19659,4207.60574,
2025-12-03 07:00:00,4207.42564,4209.93069,4199.9681,4207.27002,
2025-12-03 08:00:00,4207.25281,4210.2925,4204.25638,4207.684,
2025-12-03 09:00:00,4207.63842,4207.67811,4198.25205,4201.85528,
2025-12-03 10:00:00,4201.82366,4205.34839,4195.46917,4200.94492,
2025-12-03 11:00:00,4200.88751,4207.70291,4197.85873,4207.70291,
2025-12-03 12:00:00,4207.70139,4214.2354,4205.5997,4212.69634,
2025-12-03 13:00:00,4212.85683,4237.04173,4211.77993,4235.75376,
2025-12-03 14:00:00,4235.61186,4243.15096,4209.0113,4214.31416,
2025-12-03 15:00:00,4214.28918,4228.36246,4208.3238,4219.78956,
2025-12-03 16:00:00,4220.0177,4224.89252,4197.41821,4198.55184,
2025-12-03 17:00:00,4198.45121,4215.96049,4198.45121,4212.14384,
2025-12-03 18:00:00,4212.18128,4212.23083,4195.0201,4197.69906,
2025-12-03 19:00:00,4197.61325,4209.95693,4197.05799,4208.56484,
2025-12-03 20:00:00,4208.55717,4212.82864,4205.1543,4206.36072,
2025-12-03 21:00:00,4206.18384,4210.2238,4202.62552,4203.66928,
2025-12-03 22:00:00,4203.55446,4203.64965,4202.83103,4203.2012,
2025-12-03 23:00:00,4203.22421,4208.85841,4203.1089,4206.87797,
2025-12-04 00:00:00,4206.69023,4215.20658,4205.26457,4210.35799,
2025-12-04 01:00:00,4210.51004,4216.22408,4207.17638,4209.10436,
2025-12-04 02:00:00,4209.13609,4209.18703,4199.91566,4202.39545,
2025-12-04 03:00:00,4202.50445,4202.50445,4189.35055,4196.21337,
2025-12-04 04:00:00,4196.17748,4198.9387,4193.69887,4196.18636,
2025-12-04 05:00:00,4196.06727,4198.78492,4176.80186,4179.22384,
2025-12-04 06:00:00,4179.53197,4189.7784,4179.20846,4189.3466,
2025-12-04 07:00:00,4189.16336,4194.06377,4186.13228,4192.54065,
2025-12-04 08:00:00,4192.69391,4195.86715,4189.56797,4190.0677,
2025-12-04 09:00:00,4189.57553,4201.80915,4185.01861,4200.63346,
2025-12-04 10:00:00,4200.55367,4202.59203,4197.62275,4197.75007,
2025-12-04 11:00:00,4197.71409,4207.30861,4197.04139,4198.84342,
2025-12-04 12:00:00,4198.73387,4201.3297,4189.15063,4190.74779,
2025-12-04 13:00:00,4190.71065,4198.04178,4186.14762,4196.80836,
2025-12-04 14:00:00,4196.66455,4211.65913,4195.17519,4206.19199,
2025-12-04 15:00:00,4206.22944,4210.23342,4193.43876,4206.90237,
2025-12-04 16:00:00,4206.87077,4220.43,4206.61488,4220.16,
2025-12-04 17:00:00,4220.15,4220.43,4213.39362,4216.43737,
2025-12-04 18:00:00,4216.42981,4217.02165,4207.22152,4209.00669,
2025-12-04 19:00:00,4208.90818,4210.45805,4200.4415,4208.77715,
2025-12-04 20:00:00,4208.73724,4210.08513,4205.82277,4210.08513,
2025-12-04 21:00:00,4210.05256,4210.13852,4207.58099,4208.12342,
2025-12-04 22:00:00,4208.06813,4209.15809,4206.46939,4207.8317,
2025-12-04 23:00:00,4207.725,4209.61292,4204.08113,4205.62922,
2025-12-05 00:00:00,4205.65595,4210.28135,4201.69293,4201.80341,
2025-12-05 01:00:00,4201.82836,4203.53329,4195.39646,4203.07204,
2025-12-05 02:00:00,4203.12935,4209.94636,4197.01902,4207.10893,
2025-12-05 03:00:00,4206.94506,4211.13077,4201.76417,4209.16267,
2025-12-05 04:00:00,4209.04978,4217.32423,4208.43464,4216.85385,
2025-12-05 05:00:00,4216.86521,4220.90542,4214.58261,4220.53566,
2025-12-05 06:00:00,4220.54417,4228.27497,4219.41967,4224.98964,
2025-12-05 07:00:00,4225.10419,4229.87591,4222.96372,4225.2664,
2025-12-05 08:00:00,4225.19789,4226.63525,4219.40295,4221.48039,
2025-12-05 09:00:00,4221.45641,4225.10005,4216.85453,4223.95029,
2025-12-05 10:00:00,4224.01078,4227.00624,4223.10979,4224.28039,
2025-12-05 11:00:00,4224.51131,4225.39507,4220.56396,4223.68455,
2025-12-05 12:00:00,4223.55813,4229.14651,4223.49109,4228.81538,
2025-12-05 13:00:00,4228.58067,4238.21156,4222.63719,4236.86781,
2025-12-05 14:00:00,4236.789,4246.69592,4229.60265,4241.76058,
2025-12-05 15:00:00,4241.4187,4258.54495,4234.83137,4241.85833,
2025-12-05 16:00:00,4241.64691,4245.25025,4197.78418,4216.31489,
2025-12-05 17:00:00,4216.3098,4219.84624,4207.89448,4217.46337,
2025-12-05 18:00:00,4217.40784,4218.39374,4206.8939,4208.20002,
2025-12-05 19:00:00,4208.263,4210.50125,4202.96765,4207.63103,
2025-12-05 20:00:00,4207.84169,4207.84169,4199.65802,4202.25047,
2025-12-05 21:00:00,4202.18544,4202.27831,4192.07322,4197.42924,
2025-12-05 22:00:00,4197.44549,4197.78138,4197.30823,4197.34662,
2025-12-05 23:00:00,4197.35458,4197.55329,4197.29772,4197.38099,
2025-12-06 00:00:00,4197.37511,4197.55447,4197.30786,4197.38568,
2025-12-06 01:00:00,4197.36216,4197.5507,4197.29727,4197.40078,
2025-12-06 02:00:00,4197.36095,4197.55068,4197.29773,4197.4312,
2025-12-06 03:00:00,4197.37766,4197.54614,4197.3005,4197.42516,
2025-12-06 04:00:00,4197.35631,4197.55445,4197.29878,4197.44806,
2025-12-06 05:00:00,4197.36741,4197.55478,4197.30123,4197.45985,
2025-12-06 06:00:00,4197.36971,4197.55467,4197.30764,4197.4643,
2025-12-06 07:00:00,4197.37069,4197.55658,4197.31076,4197.46437,
2025-12-06 08:00:00,4197.37012,4197.55684,4197.31076,4197.46199,
2025-12-06 09:00:00,4197.37185,4197.55523,4197.31195,4197.45359,
2025-12-06 10:00:00,4197.37219,4197.55654,4197.31086,4197.44558,
2025-12-06 11:00:00,4197.3747,4197.56387,4197.30941,4197.42919,
2025-12-06 12:00:00,4197.37485,4197.55116,4197.30653,4197.40394,
2025-12-07 13:00:00,4197.36867,4197.55154,4197.31175,4197.38602,
2025-12-07 14:00:00,4197.36867,4197.55154,4197.31175,4197.37043,
2025-12-07 15:00:00,4197.36867,4197.55154,4197.31174,4197.35692,
2025-12-07 16:00:00,4197.36867,4197.55154,4197.31174,4197.34644,
2025-12-07 17:00:00,4197.36867,4197.55154,4197.31174,4197.33971,
2025-12-07 18:00:00,4197.36867,4197.55154,4197.31194,4197.3372,
2025-12-07 19:00:00,4197.36867,4197.56019,4197.29437,4197.34601,
2025-12-07 20:00:00,4197.37604,4197.56036,4197.31049,4197.3468,
2025-12-07 21:00:00,4197.37113,4197.58137,4197.31484,4197.3636,
2025-12-07 22:00:00,4197.37783,4197.56562,4197.1569,4197.2238,
2025-12-07 23:00:00,4197.23724,4205.29223,4197.19871,4201.89384,
2025-12-08 00:00:00,4201.91362,4211.36529,4200.31863,4210.91996,
2025-12-08 01:00:00,4211.15066,4211.15066,4198.16878,4200.24264,
2025-12-08 02:00:00,4200.05224,4211.50145,4198.30668,4208.69238,
2025-12-08 03:00:00,4208.67125,4212.57558,4206.82889,4210.36658,
2025-12-08 04:00:00,4210.28618,4212.59808,4207.18488,4208.12021,
2025-12-08 05:00:00,4207.98812,4217.05715,4205.30002,4216.73754,
2025-12-08 06:00:00,4216.77283,4218.46194,4211.2338,4217.00541,
2025-12-08 07:00:00,4217.14857,4217.14857,4206.98768,4207.57996,
2025-12-08 08:00:00,4207.33447,4215.5261,4204.11657,4209.34468,
2025-12-08 09:00:00,4209.3771,4213.49901,4205.12397,4208.25177,
2025-12-08 10:00:00,4208.26368,4210.25343,4202.82326,4204.09472,
2025-12-08 11:00:00,4204.07829,4214.23698,4200.18955,4209.85876,
2025-12-08 12:00:00,4209.81025,4215.35323,4209.35895,4213.47769,
2025-12-08 13:00:00,4213.4016,4213.4816,4196.50145,4200.72867,
2025-12-08 14:00:00,4200.69789,4211.34099,4197.34136,4197.61177,
2025-12-08 15:00:00,4197.26008,4197.60852,4175.24856,4183.02766,
2025-12-08 16:00:00,4183.02278,4197.4653,4178.31987,4190.69707,
2025-12-08 17:00:00,4190.74639,4195.57086,4186.43484,4194.92466,
2025-12-08 18:00:00,4194.89483,4195.43784,4181.76155,4186.12946,
2025-12-08 19:00:00,4186.04446,4189.37673,4184.60694,4186.46637,
2025-12-08 20:00:00,4186.39665,4195.17171,4185.34112,4191.18687,
2025-12-08 21:00:00,4191.29232,4192.85581,4188.45771,4190.48925,
2025-12-08 22:00:00,4190.45765,4190.82819,4189.06102,4190.32341,
2025-12-08 23:00:00,4190.24241,4195.40846,4190.14263,4194.79869,
2025-12-09 00:00:00,4194.74323,4195.47718,4189.73532,4190.47627,
2025-12-09 01:00:00,4190.5224,4196.97273,4189.08193,4196.56027,
2025-12-09 02:00:00,4196.60218,4197.11859,4186.92843,4189.99134,
2025-12-09 03:00:00,4189.87316,4199.11969,4189.87316,4194.56649,
2025-12-09 04:00:00,4194.46483,4195.70869,4185.37096,4187.43506,
2025-12-09 05:00:00,4187.27707,4187.412,4178.88568,4179.71647,
2025-12-09 06:00:00,4179.73772,4183.67468,4171.40677,4182.63647,
2025-12-09 07:00:00,4182.49163,4185.45834,4177.57275,4182.38547,
2025-12-09 08:00:00,4182.36773,4191.56683,4182.36773,4191.49426,
2025-12-09 09:00:00,4191.38288,4211.33657,4191.38288,4202.60654,
2025-12-09 10:00:00,4202.48828,4208.51496,4201.89413,4204.10059,
2025-12-09 11:00:00,4203.96742,4206.61801,4201.65295,4203.08487,
2025-12-09 12:00:00,4202.96736,4206.93842,4198.72495,4205.19259,
2025-12-09 13:00:00,4205.26003,4207.58754,4195.32656,4201.88018,
2025-12-09 14:00:00,4201.81784,4209.58205,4190.04538,4204.23561,
2025-12-09 15:00:00,4204.0359,4215.60309,4192.48383,4213.10622,
2025-12-09 16:00:00,4213.31873,4220.84751,4209.00754,4212.66237,
2025-12-09 17:00:00,4212.61662,4215.26105,4201.57555,4202.49007,
2025-12-09 18:00:00,4202.66664,4209.46183,4201.9696,4209.19543,
2025-12-09 19:00:00,4209.19638,4215.03692,4207.35117,4212.89339,
2025-12-09 20:00:00,4212.73084,4215.38406,4209.49368,4212.76073,
2025-12-09 21:00:00,4212.78001,4212.82732,4207.71378,4207.90391,
2025-12-09 22:00:00,4207.83138,4208.68637,4207.79273,4208.48962,
2025-12-09 23:00:00,4208.40129,4212.79536,4208.05595,4210.97012,
2025-12-10 00:00:00,4211.04252,4212.40187,4207.18618,4208.70303,
2025-12-10 01:00:00,4208.70749,4217.69978,4207.66091,4214.28215,
2025-12-10 02:00:00,4214.23632,4218.44963,4212.55972,4217.1441,
2025-12-10 03:00:00,4217.10364,4217.14216,4204.4224,4206.3677,
2025-12-10 04:00:00,4206.38745,4209.35586,4205.42022,4207.29304,
2025-12-10 05:00:00,4207.26081,4214.08463,4202.07874,4210.86451,
2025-12-10 06:00:00,4210.86015,4212.08365,4203.88506,4207.39214,
2025-12-10 07:00:00,4207.32222,4209.362,4203.84877,4203.84877,
2025-12-10 08:00:00,4203.91217,4206.92266,4197.64341,4197.64341,
2025-12-10 09:00:00,4197.6485,4200.11211,4192.4956,4194.13809,
2025-12-10 10:00:00,4194.04029,4196.58855,4188.82842,4193.59145,
2025-12-10 11:00:00,4193.55898,4197.92872,4192.81881,4197.62462,
2025-12-10 12:00:00,4197.60819,4202.262,4195.84872,4196.15594,
2025-12-10 13:00:00,4195.96133,4203.92528,4193.19944,4201.3999,
2025-12-10 14:00:00,4201.40217,4206.5259,4192.33933,4194.51939,
2025-12-10 15:00:00,4194.71649,4200.81689,4186.88747,4192.73867,
2025-12-10 16:00:00,4192.63148,4205.21141,4192.63148,4204.59403,
2025-12-10 17:00:00,4204.60726,4204.63396,4197.30079,4199.72693,
2025-12-10 18:00:00,4199.62406,4200.62667,4192.46903,4195.10861,
2025-12-10 19:00:00,4195.38049,4219.56716,4182.65249,4215.85221,
2025-12-10 20:00:00,4215.87471,4238.50478,4213.78851,4230.80971,
2025-12-10 21:00:00,4230.73084,4232.24654,4222.93437,4228.55598,
2025-12-10 22:00:00,4228.52333,4228.91198,4228.31303,4228.6989,
2025-12-10 23:00:00,4228.67695,4233.53624,4224.38012,4232.28133,
2025-12-11 00:00:00,4232.20572,4244.84027,4232.20572,4236.08136,
2025-12-11 01:00:00,4235.52439,4246.81092,4233.40449,4238.45057,
2025-12-11 02:00:00,4238.359,4241.15562,4222.03153,4223.3849,
2025-12-11 03:00:00,4223.40709,4224.86867,4207.74954,4216.93536,
2025-12-11 04:00:00,4217.07507,4218.26372,4208.30885,4213.97878,
2025-12-11 05:00:00,4213.95409,4216.11609,4205.8866,4207.8289,
2025-12-11 06:00:00,4207.62504,4215.80665,4204.46736,4214.58795,
2025-12-11 07:00:00,4214.57464,4218.7636,4210.9696,4216.41584,
2025-12-11 08:00:00,4216.35176,4219.65216,4213.64196,4216.73127,
2025-12-11 09:00:00,4216.56581,4220.88126,4210.85264,4218.88267,
2025-12-11 10:00:00,4218.85683,4225.45599,4213.28303,4217.28282,
2025-12-11 11:00:00,4217.21217,4219.47667,4210.76371,4211.58849,
2025-12-11 12:00:00,4211.50242,4220.36535,4208.87076,4220.1253,
2025-12-11 13:00:00,4220.25702,4222.24098,4206.94669,4220.65457,
2025-12-11 14:00:00,4220.79209,4243.06806,4217.91431,4230.69999,
2025-12-11 15:00:00,4230.52433,4260.85641,4228.34951,4253.80102,
2025-12-11 16:00:00,4253.58896,4278.33078,4252.92914,4274.60657,
2025-12-11 17:00:00,4274.69483,4280.50914,4272.2853,4278.1731,
2025-12-11 18:00:00,4278.20984,4287.12029,4266.02571,4268.3929,
2025-12-11 19:00:00,4268.21011,4277.74535,4263.38615,4273.56204,
2025-12-11 20:00:00,4273.60179,4276.22377,4262.88495,4276.13951,
2025-12-11 21:00:00,4276.14857,4283.44937,4273.12769,4279.81769,
2025-12-11 22:00:00,4279.87033,4280.58076,4279.43081,4280.58076,
2025-12-11 23:00:00,4280.45679,4283.23275,4273.52571,4275.29004,
2025-12-12 00:00:00,4274.95706,4279.62225,4270.6037,4270.6037,
2025-12-12 01:00:00,4270.51383,4275.94363,4265.19011,4271.2236,
2025-12-12 02:00:00,4271.08651,4276.93101,4270.14222,4270.37007,
2025-12-12 03:00:00,4270.22253,4275.02236,4268.94305,4271.03266,
2025-12-12 04:00:00,4270.99525,4271.19974,4266.50962,4266.92709,
2025-12-12 05:00:00,4266.8669,4280.27575,4266.71138,4279.41173,
2025-12-12 06:00:00,4279.32508,4283.21228,4276.51964,4282.9132,
2025-12-12 07:00:00,4282.89319,4289.95691,4281.92518,4286.8777,
2025-12-12 08:00:00,4287.03347,4309.35637,4286.78505,4308.81524,
2025-12-12 09:00:00,4308.7172,4319.86993,4308.1575,4318.47955,
2025-12-12 10:00:00,4318.5894,4331.08198,4315.24646,4329.51123,
2025-12-12 11:00:00,4329.54413,4339.50677,4327.35586,4337.97495,
2025-12-12 12:00:00,4337.91068,4338.37739,4324.14396,4326.92055,
2025-12-12 13:00:00,4327.10499,4346.2671,4324.03552,4340.76273,
2025-12-12 14:00:00,4340.70857,4352.66531,4333.55582,4349.76009,
2025-12-12 15:00:00,4350.33631,4350.33631,4283.06741,4287.31759,
2025-12-12 16:00:00,4286.39878,4293.58144,4259.01477,4280.15336,
2025-12-12 17:00:00,4279.96361,4297.81622,4272.83848,4294.92892,
2025-12-12 18:00:00,4294.93344,4303.75983,4288.9836,4295.08707,
2025-12-12 19:00:00,4295.06989,4298.80074,4291.11193,4296.83443,
2025-12-12 20:00:00,4296.78407,4303.02937,4289.06841,4299.95003,
2025-12-12 21:00:00,4299.97673,4304.4202,4298.60284,4301.77584,
2025-12-12 22:00:00,4301.62934,4302.61389,4301.62934,4302.52653,
2025-12-12 23:00:00,4302.42984,4302.61348,4302.35135,4302.50425,
2025-12-13 00:00:00,4302.41133,4302.61295,4302.34612,4302.50225,
2025-12-13 01:00:00,4302.41725,4302.61873,4302.35311,4302.49281,
2025-12-13 02:00:00,4302.41873,4302.61942,4302.35661,4302.47857,
2025-12-13 03:00:00,4302.41873,4302.60988,4302.35862,4302.45397,
2025-12-13 04:00:00,4302.41237,4302.60778,4302.34724,4302.44909,
2025-12-13 05:00:00,4302.42244,4302.60917,4302.35054,4302.42851,
2025-12-13 06:00:00,4302.41873,4302.613,4302.36037,4302.41344,
2025-12-13 07:00:00,4302.41873,4302.61685,4302.35899,4302.40686,
2025-12-13 08:00:00,4302.42438,4302.6119,4302.36062,4302.39396,
2025-12-13 09:00:00,4302.42058,4302.61391,4302.35526,4302.39288,
2025-12-13 10:00:00,4302.42402,4302.61544,4302.36245,4302.3887,
2025-12-13 11:00:00,4302.42058,4302.61119,4302.36234,4302.39279,
2025-12-13 12:00:00,4302.41915,4302.61383,4302.35747,4302.40463,
2025-12-14 13:00:00,4302.42429,4302.61175,4302.36597,4302.42073,
2025-12-14 14:00:00,4302.42429,4302.61136,4302.36597,4302.43605,
2025-12-14 15:00:00,4302.42429,4302.61175,4302.36606,4302.4528,
2025-12-14 16:00:00,4302.42429,4302.61175,4302.36597,4302.46982,
2025-12-14 17:00:00,4302.42429,4302.61175,4302.36597,4302.48591,
2025-12-14 18:00:00,4302.42429,4302.61175,4302.36598,4302.49994,
2025-12-14 19:00:00,4302.42429,4302.61883,4302.36226,4302.5204,
2025-12-14 20:00:00,4302.43395,4302.62094,4302.08321,4302.52185,
2025-12-14 21:00:00,4302.42844,4303.29141,4302.30412,4302.5229,
2025-12-14 22:00:00,4302.42643,4302.64355,4302.15881,4302.52131,
2025-12-14 23:00:00,4301.86234,4307.44599,4299.11282,4302.18918,
2025-12-15 00:00:00,4302.13315,4307.95484,4300.4328,4307.03772,
2025-12-15 01:00:00,4307.06935,4325.72502,4307.06935,4323.10527,
2025-12-15 02:00:00,4323.04823,4328.39999,4320.85908,4326.93995,
2025-12-15 03:00:00,4326.80014,4329.37125,4320.0833,4327.00163,
2025-12-15 04:00:00,4327.01158,4329.71899,4322.97943,4326.18488,
2025-12-15 05:00:00,4326.23738,4343.65129,4325.38489,4343.38237,
2025-12-15 06:00:00,4343.34055,4347.3734,4340.05778,4344.13227,
2025-12-15 07:00:00,4344.09615,4344.42148,4335.39019,4340.58517,
2025-12-15 08:00:00,4340.48093,4348.57543,4339.49936,4347.43204,
2025-12-15 09:00:00,4347.333,4350.09414,4342.70728,4343.00468,
2025-12-15 10:00:00,4343.02235,4347.89387,4338.45362,4338.88477,
2025-12-15 11:00:00,4338.8786,4343.43132,4335.8044,4342.82424,
2025-12-15 12:00:00,4342.66624,4348.0267,4342.66624,4345.77701,
2025-12-15 13:00:00,4345.67103,4345.80232,4333.52826,4333.59574,
2025-12-15 14:00:00,4334.00632,4335.82672,4317.84898,4323.45266,
2025-12-15 15:00:00,4323.40658,4327.29331,4311.74165,4318.55647,
2025-12-15 16:00:00,4318.40946,4318.57203,4286.91234,4298.64526,
2025-12-15 17:00:00,4298.50868,4306.47855,4292.58416,4303.77716,
2025-12-15 18:00:00,4303.89706,4313.57648,4300.26602,4312.93895,
2025-12-15 19:00:00,4312.82395,4317.47067,4308.25373,4314.55996,
2025-12-15 20:00:00,4314.60283,4314.65667,4301.39444,4304.531,
2025-12-15 21:00:00,4304.5904,4306.32905,4301.43383,4305.24902,
2025-12-15 22:00:00,4305.3123,4306.85214,4304.73963,4306.17951,
2025-12-15 23:00:00,4306.1528,4309.54677,4303.5001,4304.10608,
2025-12-16 00:00:00,4304.15213,4313.33362,4303.85662,4306.86704,
2025-12-16 01:00:00,4306.90088,4317.70331,4300.48534,4307.67034,
2025-12-16 02:00:00,4307.68714,4312.88361,4289.33944,4290.8641,
2025-12-16 03:00:00,4290.73005,4294.99698,4279.20941,4291.18551,
2025-12-16 04:00:00,4291.0095,4291.8154,4287.20518,4289.01164,
2025-12-16 05:00:00,4289.04803,4292.04824,4268.69498,4284.86903,
2025-12-16 06:00:00,4284.76516,4292.04487,4282.85379,4289.72764,
2025-12-16 07:00:00,4289.43716,4289.70339,4280.36352,4287.48106,
2025-12-16 08:00:00,4287.44922,4288.62068,4276.08201,4285.92753,
2025-12-16 09:00:00,4285.98994,4286.00117,4277.26991,4279.76493,
2025-12-16 10:00:00,4279.58899,4283.55804,4273.90043,4277.46972,
2025-12-16 11:00:00,4277.41401,4279.20753,4273.72227,4278.45556,
2025-12-16 12:00:00,4278.49175,4294.86231,4277.44874,4293.21862,
2025-12-16 13:00:00,4293.05999,4313.32003,4289.7095,4311.02662,
2025-12-16 14:00:00,4311.05562,4332.64377,4311.05562,4329.34299,
2025-12-16 15:00:00,4329.09855,4334.17857,4314.70133,4323.46384,
2025-12-16 16:00:00,4323.24791,4323.43142,4294.66696,4304.39306,
2025-12-16 17:00:00,4304.40973,4313.17164,4302.40014,4303.80649,
2025-12-16 18:00:00,4303.84056,4313.43427,4300.38564,4311.32374,
2025-12-16 19:00:00,4311.17803,4315.72974,4300.3687,4310.06308,
2025-12-16 20:00:00,4310.3026,4314.93921,4303.64644,4304.62962,
2025-12-16 21:00:00,4304.63301,4304.97799,4301.10812,4302.50017,
2025-12-16 22:00:00,4302.38095,4302.78208,4302.35987,4302.72961,
2025-12-16 23:00:00,4302.61322,4309.59524,4302.61322,4307.99322,
2025-12-17 00:00:00,4307.94046,4314.97536,4307.94046,4313.50783,
2025-12-17 01:00:00,4313.22081,4326.35937,4312.65268,4326.35937,
2025-12-17 02:00:00,4326.37395,4326.8881,4312.09704,4313.91424,
2025-12-17 03:00:00,4313.78011,4324.7333,4313.05073,4324.04947,
2025-12-17 04:00:00,4323.96351,4331.65586,4320.91361,4330.17748,
2025-12-17 05:00:00,4330.09546,4342.32507,4327.78438,4334.65044,
2025-12-17 06:00:00,4334.53427,4337.27959,4325.42848,4327.82964,
2025-12-17 07:00:00,4327.77689,4327.82104,4316.15576,4318.87199,
2025-12-17 08:00:00,4318.79536,4321.57676,4311.58421,4318.5078,
2025-12-17 09:00:00,4318.45592,4322.78079,4316.62055,4316.79576,
2025-12-17 10:00:00,4316.7308,4322.75488,4309.2328,4317.73091,
2025-12-17 11:00:00,4317.55096,4320.35508,4315.35079,4316.63331,
2025-12-17 12:00:00,4316.62255,4322.8967,4315.31014,4316.97114,
2025-12-17 13:00:00,4316.89834,4344.60605,4315.41902,4343.1352,
2025-12-17 14:00:00,4343.06226,4346.04632,4324.30767,4338.10837,
2025-12-17 15:00:00,4338.16967,4348.63257,4327.3073,4331.72501,
2025-12-17 16:00:00,4331.56354,4336.87863,4322.71796,4334.13918,
2025-12-17 17:00:00,4334.20139,4341.70222,4329.35405,4341.70222,
2025-12-17 18:00:00,4341.56388,4346.2257,4328.15202,4335.32641,
2025-12-17 19:00:00,4335.35906,4340.69096,4331.45437,4336.82339,
2025-12-17 20:00:00,4336.87959,4345.80525,4335.39708,4341.75279,
2025-12-17 21:00:00,4341.74116,4346.60589,4338.07884,4338.13255,
2025-12-17 22:00:00,4338.13978,4341.38607,4338.07626,4341.14495,
2025-12-17 23:00:00,4341.30997,4342.65364,4335.79611,4339.38318,
2025-12-18 00:00:00,4339.31787,4342.94002,4333.67045,4334.47349,
2025-12-18 01:00:00,4334.28481,4336.47333,4324.69663,4331.01826,
2025-12-18 02:00:00,4331.18101,4337.92449,4329.82384,4332.6845,
2025-12-18 03:00:00,4332.66776,4336.78334,4330.82723,4333.37411,
2025-12-18 04:00:00,4333.37744,4333.55291,4328.28314,4332.11239,
2025-12-18 05:00:00,4332.05898,4337.96859,4331.49767,4333.2575,
2025-12-18 06:00:00,4333.30434,4336.03923,4331.12557,4334.33425,
2025-12-18 07:00:00,4334.31787,4338.13507,4330.36316,4332.41737,
2025-12-18 08:00:00,4332.3887,4332.42746,4324.20789,4327.17616,
2025-12-18 09:00:00,4327.04338,4330.09735,4320.95035,4323.14867,
2025-12-18 10:00:00,4323.06734,4328.04072,4322.53769,4325.10571,
2025-12-18 11:00:00,4324.98124,4328.66473,4324.88496,4325.55319,
2025-12-18 12:00:00,4325.43508,4325.91266,4316.79748,4320.85801,
2025-12-18 13:00:00,4320.91357,4341.85457,4315.72322,4339.3141,
2025-12-18 14:00:00,4339.65284,4342.03806,4308.87716,4325.67017,
2025-12-18 15:00:00,4325.54561,4340.75245,4325.54561,4337.48804,
2025-12-18 16:00:00,4337.36256,4376.2737,4337.36256,4360.01728,
2025-12-18 17:00:00,4360.07772,4362.45218,4324.06843,4332.57654,
2025-12-18 18:00:00,4332.45687,4340.37347,4324.01869,4331.25249,
2025-12-18 19:00:00,4331.27281,4334.49319,4323.07209,4325.06663,
2025-12-18 20:00:00,4324.94935,4337.89949,4324.94935,4335.25586,
2025-12-18 21:00:00,4335.25013,4335.3216,4329.62762,4332.72982,
2025-12-18 22:00:00,4332.70821,4332.99163,4332.45892,4332.67795,
2025-12-18 23:00:00,4332.49514,4336.70233,4332.49514,4334.94855,
2025-12-19 00:00:00,4334.83679,4335.65595,4327.25952,4327.73263,
2025-12-19 01:00:00,4327.08604,4328.19235,4311.66104,4322.99528,
2025-12-19 02:00:00,4322.93873,4327.46834,4315.53282,4316.83174,
2025-12-19 03:00:00,4316.99289,4322.47022,4313.73487,4318.62508,
2025-12-19 04:00:00,4318.57421,4323.17367,4317.45906,4322.95021,
2025-12-19 05:00:00,4322.78357,4329.85715,4317.96686,4325.92644,
2025-12-19 06:00:00,4325.88631,4328.94147,4321.88043,4326.47416,
2025-12-19 07:00:00,4326.39713,4329.924,4322.64016,4323.39602,
2025-12-19 08:00:00,4323.38404,4330.09133,4320.61129,4326.61279,
2025-12-19 09:00:00,4326.56213,4332.49375,4324.65974,4329.10367,
2025-12-19 10:00:00,4329.06834,4331.73328,4323.88303,4327.78868,
2025-12-19 11:00:00,4327.85203,4329.49983,4325.73774,4327.2525,
2025-12-19 12:00:00,4327.20897,4328.6305,4320.04353,4327.00416,
2025-12-19 13:00:00,4327.00646,4334.87094,4326.98165,4329.39784,
2025-12-19 14:00:00,4329.14,4337.29036,4321.75971,4332.43446,
2025-12-19 15:00:00,4332.4111,4348.66343,4332.4111,4348.66343,
2025-12-19 16:00:00,4348.18595,4353.10669,4340.70522,4349.11367,
2025-12-19 17:00:00,4349.11475,4355.06782,4347.72642,4353.29072,
2025-12-19 18:00:00,4353.31697,4356.27683,4344.09619,4348.47743,
2025-12-19 19:00:00,4348.45457,4350.33253,4345.9183,4345.9183,
2025-12-19 20:00:00,4345.83332,4346.01548,4336.79635,4339.18763,
2025-12-19 21:00:00,4339.15548,4339.94326,4336.79833,4338.50479,
2025-12-19 22:00:00,4338.49537,4338.7268,4338.45806,4338.50934,
2025-12-19 23:00:00,4338.51714,4338.72669,4338.46971,4338.51888,
2025-12-20 00:00:00,4338.53784,4338.72777,4338.47364,4338.50631,
2025-12-20 01:00:00,4338.53428,4338.72679,4338.47496,4338.50202,
2025-12-20 02:00:00,4338.53436,4338.72679,4338.4732,4338.50592,
2025-12-20 03:00:00,4338.53784,4338.72866,4338.479,4338.51056,
2025-12-20 04:00:00,4338.53748,4338.72587,4338.46955,4338.51584,
2025-12-20 05:00:00,4338.53408,4338.73239,4338.47201,4338.53512,
2025-12-20 06:00:00,4338.54161,4338.72956,4338.48129,4338.55013,
2025-12-20 07:00:00,4338.54224,4338.73428,4338.47694,4338.56342,
2025-12-20 08:00:00,4338.53835,4338.72679,4338.47764,4338.57898,
2025-12-20 09:00:00,4338.53579,4338.72685,4338.47573,4338.59545,
2025-12-20 10:00:00,4338.53589,4338.72669,4338.47723,4338.61173,
2025-12-20 11:00:00,4338.53784,4338.72572,4338.4752,4338.62178,
2025-12-20 12:00:00,4338.53621,4338.72953,4338.47929,4338.63147,
2025-12-21 13:00:00,4338.53784,4338.72673,4338.47896,4338.63546,
2025-12-21 14:00:00,4338.53784,4338.72679,4338.47938,4338.63328,
2025-12-21 15:00:00,4338.53784,4338.7268,4338.47896,4338.62671,
2025-12-21 16:00:00,4338.53784,4338.7268,4338.47896,4338.61619,
2025-12-21 17:00:00,4338.53784,4338.7268,4338.47896,4338.60248,
2025-12-21 18:00:00,4338.53784,4338.7268,4338.47896,4338.58652,
2025-12-21 19:00:00,4338.53784,4338.72297,4338.45602,4338.55589,
2025-12-21 20:00:00,4338.52403,4338.83531,4338.46578,4338.54888,
2025-12-21 21:00:00,4338.53395,4338.85679,4338.4551,4338.52985,
2025-12-21 22:00:00,4338.53026,4340.38247,4338.39681,4338.55473,
2025-12-21 23:00:00,4338.17759,4355.28373,4338.17759,4354.8705,
2025-12-22 00:00:00,4354.27727,4365.60901,4354.27727,4363.67443,
2025-12-22 01:00:00,4364.68549,4385.01168,4362.08248,4383.24583,
2025-12-22 02:00:00,4383.03294,4386.72523,4377.98303,4385.92532,
2025-12-22 03:00:00,4385.99861,4394.84532,4383.4756,4392.86757,
2025-12-22 04:00:00,4392.8058,4400.09783,4391.6282,4398.62087,
2025-12-22 05:00:00,4398.62092,4409.33156,4397.4528,4400.72232,
2025-12-22 06:00:00,4400.86201,4419.48744,4399.25879,4418.36789,
2025-12-22 07:00:00,4418.26933,4419.54695,4411.64331,4413.95775,
2025-12-22 08:00:00,4414.23531,4414.82243,4407.15221,4409.06765,
2025-12-22 09:00:00,4409.0395,4414.87582,4408.80022,4411.6818,
2025-12-22 10:00:00,4411.63784,4415.31075,4407.22385,4409.26267,
2025-12-22 11:00:00,4409.21632,4411.48177,4406.8798,4409.97775,
2025-12-22 12:00:00,4410.07192,4415.68742,4406.80974,4415.68742,
2025-12-22 13:00:00,4415.81426,4427.03822,4415.66296,4423.71011,
2025-12-22 14:00:00,4423.54039,4429.60705,4416.45269,4420.06581,
2025-12-22 15:00:00,4420.11961,4435.32196,4413.40164,4433.52461,
2025-12-22 16:00:00,4433.65503,4443.81931,4428.2194,4438.81214,
2025-12-22 17:00:00,4438.81179,4441.83548,4432.62065,4438.34414,
2025-12-22 18:00:00,4438.36177,4438.38582,4430.24013,4435.42318,
2025-12-22 19:00:00,4435.40858,4435.49199,4429.50713,4433.70172,
2025-12-22 20:00:00,4433.51735,4439.25708,4431.79418,4438.74001,
2025-12-22 21:00:00,4438.733,4448.75633,4438.733,4443.58948,
2025-12-22 22:00:00,4443.63905,4446.35739,4443.51433,4444.82084,
2025-12-22 23:00:00,4444.50996,4461.83474,4444.50996,4460.22019,
2025-12-23 00:00:00,4460.24028,4470.39059,4458.37144,4469.61388,
2025-12-23 01:00:00,4469.17434,4490.51818,4469.17434,4487.29868,
2025-12-23 02:00:00,4487.298,4498.40302,4482.81957,4492.22111,
2025-12-23 03:00:00,4492.22537,4496.10847,4483.49311,4486.08554,
2025-12-23 04:00:00,4485.91779,4488.52827,4477.93572,4482.15887,
2025-12-23 05:00:00,4482.12331,4485.06734,4476.13171,4476.18404,
2025-12-23 06:00:00,4476.55338,4481.14577,4469.25347,4480.86854,
2025-12-23 07:00:00,4480.91048,4488.6907,4479.06387,4487.50971,
2025-12-23 08:00:00,4487.43083,4493.36043,4485.05396,4489.91006,
2025-12-23 09:00:00,4489.93322,4490.62815,4478.96225,4480.16636,
2025-12-23 10:00:00,4480.16233,4486.87746,4480.05668,4484.32055,
2025-12-23 11:00:00,4484.32709,4493.9814,4483.35664,4493.68188,
2025-12-23 12:00:00,4493.71507,4493.73979,4483.52359,4487.43236,
2025-12-23 13:00:00,4487.38406,4497.34617,4473.80501,4477.6899,
2025-12-23 14:00:00,4477.72232,4479.06601,4447.16448,4450.42014,
2025-12-23 15:00:00,4450.36055,4458.38826,4433.31517,4457.31793,
2025-12-23 16:00:00,4457.20897,4475.89476,4456.92251,4473.97547,
2025-12-23 17:00:00,4474.01348,4482.243,4470.65313,4472.24561,
2025-12-23 18:00:00,4472.44016,4485.45563,4472.21812,4484.50517,
2025-12-23 19:00:00,4484.38625,4495.38066,4484.38625,4491.60078,
2025-12-23 20:00:00,4491.63223,4499.24468,4490.11398,4498.75045,
2025-12-23 21:00:00,4498.96249,4498.96249,4483.86587,4484.4539,
2025-12-23 22:00:00,4484.30615,4486.98096,4484.30615,4486.74178,
2025-12-23 23:00:00,4486.68271,4509.6115,4486.68271,4504.51988,
2025-12-24 00:00:00,4504.66139,4517.6087,4501.59187,4511.61345,
2025-12-24 01:00:00,4510.6478,4525.85005,4508.18688,4520.30595,
2025-12-24 02:00:00,4520.43438,4520.43438,4487.10483,4487.10483,
2025-12-24 03:00:00,4488.38288,4497.17918,4472.13147,4493.05143,
2025-12-24 04:00:00,4492.93931,4501.14705,4491.94872,4498.83738,
2025-12-24 05:00:00,4498.73945,4500.31183,4484.75064,4489.19839,
2025-12-24 06:00:00,4489.16815,4497.29657,4486.244,4493.74587,
2025-12-24 07:00:00,4493.68761,4494.58244,4484.42448,4484.96081,
2025-12-24 08:00:00,4484.99029,4492.31111,4480.1294,4482.72814,
2025-12-24 09:00:00,4482.74625,4495.83233,4482.74625,4495.51964,
2025-12-24 10:00:00,4495.47766,4499.64488,4483.7677,4489.83147,
2025-12-24 11:00:00,4489.88377,4492.10548,4484.348,4491.48647,
2025-12-24 12:00:00,4491.58463,4495.86464,4489.24015,4491.28991,
2025-12-24 13:00:00,4491.2657,4493.90367,4475.71258,4488.11413,
2025-12-24 14:00:00,4488.09203,4488.66604,4462.24036,4464.08581,
2025-12-24 15:00:00,4464.16461,4477.10689,4451.05034,4459.55285,
2025-12-24 16:00:00,4459.79196,4477.59283,4455.56777,4477.41602,
2025-12-24 17:00:00,4477.44355,4487.22215,4475.62862,4480.66825,
2025-12-24 18:00:00,4480.72076,4481.04717,4478.29431,4479.68313,
2025-12-24 19:00:00,4479.62991,4479.83163,4479.37571,4479.69441,
2025-12-24 20:00:00,4479.62632,4479.89474,4479.3284,4479.72752,
2025-12-24 21:00:00,4479.64734,4479.89183,4479.33802,4479.71539,
2025-12-24 22:00:00,4479.62314,4479.82303,4479.5588,4479.71551,
2025-12-24 23:00:00,4479.6164,4479.81899,4479.00292,4479.52878,
2025-12-25 00:00:00,4479.40985,4479.9055,4479.36675,4479.7241,
2025-12-25 01:00:00,4479.6272,4479.9887,4479.16956,4479.7225,
2025-12-25 02:00:00,4479.63526,4480.30097,4479.50703,4479.70545,
2025-12-25 03:00:00,4479.62839,4480.16396,4479.5519,4479.6916,
2025-12-25 04:00:00,4479.62643,4480.01602,4479.55371,4479.69205,
2025-12-25 05:00:00,4479.64545,4480.72434,4479.48901,4479.65859,
2025-12-25 06:00:00,4479.62992,4480.20771,4479.20529,4479.63976,
2025-12-25 07:00:00,4479.62701,4480.22353,4479.28807,4479.65395,
2025-12-25 08:00:00,4479.65374,4479.82366,4479.563,4479.60951,
2025-12-25 09:00:00,4479.62625,4479.81923,4479.55967,4479.59972,
2025-12-25 10:00:00,4479.62624,4479.82131,4479.5637,4479.59407,
2025-12-25 11:00:00,4479.62616,4479.82136,4479.55984,4479.59502,
2025-12-25 12:00:00,4479.6281,4479.81961,4479.56233,4479.59666,
2025-12-25 13:00:00,4479.62605,4479.82129,4479.55984,4479.6028,
2025-12-25 14:00:00,4479.62403,4479.81895,4479.56167,4479.61476,
2025-12-25 15:00:00,4479.62404,4479.81956,4479.56304,4479.62974,
2025-12-25 16:00:00,4479.62408,4479.8196,4479.56186,4479.64671,
2025-12-25 17:00:00,4479.62414,4479.82129,4479.56385,4479.66634,
2025-12-25 18:00:00,4479.62623,4479.8196,4479.56186,4479.68365,
2025-12-25 19:00:00,4479.62633,4479.8196,4479.56248,4479.69741,
2025-12-25 20:00:00,4479.62443,4479.82004,4479.56386,4479.7103,
2025-12-25 21:00:00,4479.62487,4479.87031,4479.24279,4479.66816,
2025-12-25 22:00:00,4479.56685,4481.19926,4479.54044,4481.19926,
2025-12-25 23:00:00,4481.14606,4499.6212,4476.55334,4494.48267,
2025-12-26 00:00:00,4494.61722,4516.93977,4492.60328,4516.23827,
2025-12-26 01:00:00,4516.71355,4536.13391,4497.35534,4504.55204,
2025-12-26 02:00:00,4504.46825,4510.80979,4492.20184,4508.23015,
2025-12-26 03:00:00,4508.27945,4513.36525,4499.56536,4503.32894,
2025-12-26 04:00:00,4503.1949,4512.36467,4501.73371,4508.62027,
2025-12-26 05:00:00,4508.63416,4514.68553,4506.67523,4510.54807,
2025-12-26 06:00:00,4510.51425,4519.40414,4508.86063,4512.03717,
2025-12-26 07:00:00,4512.05194,4515.31039,4507.86514,4510.93554,
2025-12-26 08:00:00,4510.92533,4519.46551,4510.59198,4518.69224,
2025-12-26 09:00:00,4518.54656,4519.82408,4512.27392,4512.71506,
2025-12-26 10:00:00,4512.64247,4523.23484,4511.15529,4514.42993,
2025-12-26 11:00:00,4514.3334,4515.07154,4504.24349,4508.51858,
2025-12-26 12:00:00,4508.6527,4514.64887,4507.21694,4508.47885,
2025-12-26 13:00:00,4508.63911,4528.1551,4507.13931,4525.25643,
2025-12-26 14:00:00,4525.19987,4530.6813,4514.6682,4522.86294,
2025-12-26 15:00:00,4522.95129,4547.31469,4521.73015,4546.34391,
2025-12-26 16:00:00,4546.27739,4550.78973,4532.58735,4538.75478,
2025-12-26 17:00:00,4538.3183,4538.72245,4511.31162,4518.70976,
2025-12-26 18:00:00,4518.64298,4532.36777,4516.15263,4530.86826,
2025-12-26 19:00:00,4530.7411,4536.1675,4520.58066,4523.58231,
2025-12-26 20:00:00,4523.48301,4534.74851,4522.15204,4532.4219,
2025-12-26 21:00:00,4532.42456,4534.47137,4527.15944,4532.49313,
2025-12-26 22:00:00,4532.53764,4532.82469,4532.4679,4532.58694,
2025-12-26 23:00:00,4532.61694,4532.82093,4532.5555,4532.60326,
2025-12-27 00:00:00,4532.62433,4532.81987,4532.55645,4532.61104,
2025-12-27 01:00:00,4532.62025,4532.81815,4532.55628,4532.62667,
2025-12-27 02:00:00,4532.62033,4532.81968,4532.55632,4532.64385,
2025-12-27 03:00:00,4532.62047,4532.82397,4532.55887,4532.66182,
2025-12-27 04:00:00,4532.62105,4532.81676,4532.55683,4532.67931,
2025-12-27 05:00:00,4532.62084,4532.82267,4532.55626,4532.70082,
2025-12-27 06:00:00,4532.62721,4532.82389,4532.56449,4532.71383,
2025-12-27 07:00:00,4532.62721,4532.82472,4532.56511,4532.72333,
2025-12-27 08:00:00,4532.62742,4532.82678,4532.56518,4532.72634,
2025-12-27 09:00:00,4532.62575,4532.82264,4532.55961,4532.72878,
2025-12-27 10:00:00,4532.62721,4532.82394,4532.56368,4532.72231,
2025-12-27 11:00:00,4532.62556,4532.83197,4532.56393,4532.71359,
2025-12-27 12:00:00,4532.62557,4532.81822,4532.55357,4532.69019,
2025-12-28 13:00:00,4532.61899,4532.81646,4532.55777,4532.67378,
2025-12-28 14:00:00,4532.61899,4532.81622,4532.5575,4532.65609,
2025-12-28 15:00:00,4532.61899,4532.81646,4532.5575,4532.63818,
2025-12-28 16:00:00,4532.61899,4532.81645,4532.5575,4532.62131,
2025-12-28 17:00:00,4532.61899,4532.81645,4532.5575,4532.60665,
2025-12-28 18:00:00,4532.61899,4532.81645,4532.5575,4532.59523,
2025-12-28 19:00:00,4532.61899,4532.8813,4531.44651,4532.58587,
2025-12-28 20:00:00,4532.61769,4533.60212,4532.55986,4532.58709,
2025-12-28 21:00:00,4532.62137,4533.1796,4532.48821,4532.5889,
2025-12-28 22:00:00,4532.62105,4532.92605,4532.14582,4532.59945,
2025-12-28 23:00:00,4530.76716,4547.90835,4524.66626,4527.24371,
2025-12-29 00:00:00,4527.73041,4527.73041,4478.18165,4499.84968,
2025-12-29 01:00:00,4498.94981,4518.03387,4494.88348,4497.61295,
2025-12-29 02:00:00,4497.35034,4516.28086,4497.35034,4512.03579,
2025-12-29 03:00:00,4511.94568,4518.96514,4510.09321,4516.43634,
2025-12-29 04:00:00,4516.46255,4521.37036,4508.62863,4515.97066,
2025-12-29 05:00:00,4515.83887,4518.62464,4506.92102,4506.92102,
2025-12-29 06:00:00,4506.93806,4509.43865,4471.83033,4477.08354,
2025-12-29 07:00:00,4474.73704,4481.03344,4452.29596,4475.06894,
2025-12-29 08:00:00,4474.82888,4487.17543,4454.30529,4462.59444,
2025-12-29 09:00:00,4462.68996,4477.12065,4460.31858,4472.30693,
2025-12-29 10:00:00,4472.15708,4474.76181,4457.23154,4461.20338,
2025-12-29 11:00:00,4461.02283,4467.00388,4437.97194,4443.4338,
2025-12-29 12:00:00,4444.01586,4466.09263,4443.41476,4463.85512,
2025-12-29 13:00:00,4463.91384,4469.14857,4409.61736,4419.1729,
2025-12-29 14:00:00,4418.92315,4419.15511,4359.26802,4360.55028,
2025-12-29 15:00:00,4360.17274,4360.56475,4307.57154,4327.50703,
2025-12-29 16:00:00,4327.67773,4348.90206,4322.68074,4344.88958,
2025-12-29 17:00:00,4344.48561,4344.89196,4312.94161,4328.55171,
2025-12-29 18:00:00,4328.61316,4333.76423,4322.13301,4331.28771,
2025-12-29 19:00:00,4331.33221,4337.36579,4327.88984,4337.36579,
2025-12-29 20:00:00,4337.39758,4343.65582,4325.67935,4333.64402,
2025-12-29 21:00:00,4333.54375,4338.57852,4326.55735,4332.02449,
2025-12-29 22:00:00,4332.04791,4332.22316,4330.01514,4330.35607,
2025-12-29 23:00:00,4329.51325,4346.32068,4327.0854,4346.23828,
2025-12-30 00:00:00,4346.13232,4349.86539,4335.48419,4338.65903,
2025-12-30 01:00:00,4338.66609,4359.43369,4327.84253,4358.05401,
2025-12-30 02:00:00,4358.12371,4363.05922,4350.07655,4361.33579,
2025-12-30 03:00:00,4361.31374,4368.89977,4356.49183,4358.67787,
2025-12-30 04:00:00,4358.66821,4369.23173,4357.96031,4363.11568,
2025-12-30 05:00:00,4363.24016,4379.47826,4358.70294,4377.90787,
2025-12-30 06:00:00,4377.95447,4378.23137,4359.12604,4364.40067,
2025-12-30 07:00:00,4364.33944,4383.20705,4359.50053,4371.66231,
2025-12-30 08:00:00,4371.62186,4373.85246,4350.85951,4365.4107,
2025-12-30 09:00:00,4365.5122,4375.78975,4364.9461,4373.23222,
2025-12-30 10:00:00,4373.14102,4390.83312,4368.80115,4384.34923,
2025-12-30 11:00:00,4384.53319,4389.95524,4380.69881,4384.51743,
2025-12-30 12:00:00,4384.46557,4402.70145,4384.32182,4400.9195,
2025-12-30 13:00:00,4400.81001,4405.82213,4377.33289,4388.13054,
2025-12-30 14:00:00,4388.05554,4390.42328,4355.42705,4365.38769,
2025-12-30 15:00:00,4365.51404,4375.78081,4362.03601,4367.2504,
2025-12-30 16:00:00,4367.45885,4379.4493,4355.4901,4378.73308,
2025-12-30 17:00:00,4378.72467,4380.48812,4364.40872,4369.82489,
2025-12-30 18:00:00,4369.79128,4378.92218,4362.83334,4364.72781,
2025-12-30 19:00:00,4364.61277,4368.16752,4339.77076,4346.71282,
2025-12-30 20:00:00,4346.83879,4354.98345,4338.12316,4340.31758,
2025-12-30 21:00:00,4340.84173,4351.29687,4336.56377,4338.94851,
2025-12-30 22:00:00,4338.91913,4339.08109,4338.5202,4338.85816,
2025-12-30 23:00:00,4338.89263,4346.73536,4331.26766,4339.06765,
2025-12-31 00:00:00,4338.8254,4346.89706,4332.94056,4342.7845,
2025-12-31 01:00:00,4342.66887,4372.76325,4339.54373,4367.07471,
2025-12-31 02:00:00,4367.01093,4372.01093,4349.02876,4349.54249,
2025-12-31 03:00:00,4349.468,4359.85496,4342.1405,4348.25485,
2025-12-31 04:00:00,4348.15308,4350.76721,4331.0051,4331.99537,
2025-12-31 05:00:00,4332.03326,4342.63284,4279.06735,4287.029,
2025-12-31 06:00:00,4287.20107,4327.53938,4281.10491,4327.53938,
2025-12-31 07:00:00,4327.53135,4335.256,4325.01764,4331.21104,
2025-12-31 08:00:00,4331.06406,4332.42279,4305.77422,4306.4852,
2025-12-31 09:00:00,4306.91189,4336.84017,4306.15626,4328.14961,
2025-12-31 10:00:00,4328.24233,4331.16649,4303.67542,4306.33484,
2025-12-31 11:00:00,4306.15732,4316.41595,4303.7502,4311.2298,
2025-12-31 12:00:00,4311.15644,4317.75467,4303.69981,4312.60442,
2025-12-31 13:00:00,4312.47291,4347.39286,4309.41584,4347.39286,
2025-12-31 14:00:00,4347.41556,4352.58769,4333.45416,4348.98177,
2025-12-31 15:00:00,4349.73931,4349.73931,4328.88434,4336.93622,
2025-12-31 16:00:00,4336.79504,4339.0415,4318.4557,4322.70451,
2025-12-31 17:00:00,4322.75275,4330.70156,4318.71368,4322.12153,
2025-12-31 18:00:00,4322.33735,4332.29979,4315.50156,4319.23863,
2025-12-31 19:00:00,4318.87738,4322.18906,4309.62961,4311.26879,
2025-12-31 20:00:00,4311.23326,4326.44321,4304.69385,4313.11269,
2025-12-31 21:00:00,4313.11986,4317.79681,4305.23351,4316.55249,
2025-12-31 22:00:00,4316.65289,4316.65289,4314.53295,4315.12599,
2025-12-31 23:00:00,4315.08957,4315.27745,4315.03099,4315.11299,
2026-01-01 00:00:00,4315.09344,4315.28306,4315.03145,4315.09275,
2026-01-01 01:00:00,4315.08957,4315.28125,4315.03145,4315.08262,
2026-01-01 02:00:00,4315.09333,4315.28305,4315.02976,4315.06753,
2026-01-01 03:00:00,4315.08957,4315.28021,4315.031,4315.06024,
2026-01-01 04:00:00,4315.08957,4315.28304,4315.03297,4315.061,
2026-01-01 05:00:00,4315.09358,4315.28306,4314.93394,4315.06245,
2026-01-01 06:00:00,4315.09363,4315.28129,4315.031,4315.06831,
2026-01-01 07:00:00,4315.09366,4315.28307,4315.031,4315.07818,
2026-01-01 08:00:00,4315.09366,4315.28213,4315.03294,4315.08796,
2026-01-01 09:00:00,4315.08957,4315.28303,4315.03149,4315.10696,
2026-01-01 10:00:00,4315.09358,4315.28307,4315.03148,4315.12049,
2026-01-01 11:00:00,4315.09001,4315.28202,4315.03149,4315.1375,
2026-01-01 12:00:00,4315.08957,4315.28307,4315.031,4315.15683,
2026-01-01 13:00:00,4315.09333,4315.28115,4315.031,4315.17061,
2026-01-01 14:00:00,4315.09324,4315.28308,4315.03147,4315.1777,
2026-01-01 15:00:00,4315.08957,4315.28031,4315.031,4315.18436,
2026-01-01 16:00:00,4315.08957,4315.28302,4315.03485,4315.19038,
2026-01-01 17:00:00,4315.0939,4316.6264,4315.01651,4315.18824,
2026-01-01 18:00:00,4315.09294,4315.28133,4314.86277,4315.17975,
2026-01-01 19:00:00,4315.0918,4315.28308,4314.871,4315.16528,
2026-01-01 20:00:00,4315.0866,4315.28034,4314.56809,4315.15768,
2026-01-01 21:00:00,4315.09363,4315.48234,4315.031,4315.14181,
2026-01-01 22:00:00,4315.12258,4315.75217,4314.67897,4315.13065,
2026-01-01 23:00:00,4312.99577,4351.67314,4312.99577,4349.52173,
2026-01-02 00:00:00,4349.63592,4356.74258,4341.36529,4353.95669,
2026-01-02 01:00:00,4353.90036,4354.2516,4343.62947,4348.41604,
2026-01-02 02:00:00,4348.43672,4364.78061,4343.58206,4361.88873,
2026-01-02 03:00:00,4361.77382,4376.202,4361.77382,4374.80965,
2026-01-02 04:00:00,4374.92737,4378.99125,4371.0976,4372.2274,
2026-01-02 05:00:00,4372.2191,4380.96509,4371.12142,4379.44469,
2026-01-02 06:00:00,4379.44864,4379.80935,4373.12642,4374.76717,
2026-01-02 07:00:00,4374.77822,4383.51979,4371.50261,4383.11653,
2026-01-02 08:00:00,4383.16958,4396.76611,4380.91719,4388.68723,
2026-01-02 09:00:00,4388.85587,4391.69616,4383.54142,4386.12457,
2026-01-02 10:00:00,4385.87744,4399.5895,4384.58558,4397.00921,
2026-01-02 11:00:00,4397.0711,4399.03294,4389.32886,4392.52596,
2026-01-02 12:00:00,4392.44851,4397.76293,4385.02149,4394.18162,
2026-01-02 13:00:00,4394.1596,4402.87822,4362.75714,4364.23909,
2026-01-02 14:00:00,4364.72273,4372.2789,4349.42014,4353.87717,
2026-01-02 15:00:00,4354.15443,4354.15443,4330.45069,4336.03755,
2026-01-02 16:00:00,4335.97865,4336.02904,4314.73057,4325.12614,
2026-01-02 17:00:00,4324.78342,4333.83458,4323.28702,4323.9484,
2026-01-02 18:00:00,4324.04233,4324.04233,4310.36817,4315.0834,
2026-01-02 19:00:00,4315.03055,4325.98694,4315.03055,4319.3054,
2026-01-02 20:00:00,4319.10312,4330.98735,4318.04062,4330.98735,
2026-01-02 21:00:00,4330.94597,4334.91082,4315.21198,4325.64121,
2026-01-02 22:00:00,4324.9389,4330.82748,4324.9389,4330.55085,
2026-01-02 23:00:00,4330.49282,4330.69388,4330.43218,4330.56561,
2026-01-03 00:00:00,4330.49282,4330.68013,4330.43249,4330.57755,
2026-01-03 01:00:00,4330.49294,4330.68068,4330.43286,4330.58396,
2026-01-03 02:00:00,4330.49074,4330.68069,4330.43248,4330.58989,
2026-01-03 03:00:00,4330.49282,4330.68125,4330.43218,4330.58943,
2026-01-03 04:00:00,4330.49248,4330.68123,4330.43064,4330.58256,
2026-01-03 05:00:00,4330.49058,4330.68124,4330.42843,4330.5715,
2026-01-03 06:00:00,4330.48869,4330.67941,4330.43095,4330.56085,
2026-01-03 07:00:00,4330.49094,4330.67959,4330.43096,4330.54761,
2026-01-03 08:00:00,4330.49313,4330.68335,4330.43003,4330.52885,
2026-01-03 09:00:00,4330.49094,4330.68067,4330.43062,4330.51169,
2026-01-03 10:00:00,4330.49094,4330.68064,4330.42909,4330.49734,
2026-01-03 11:00:00,4330.49282,4330.68124,4330.43031,4330.47902,
2026-01-03 12:00:00,4330.48907,4330.68336,4330.43095,4330.47347,
2026-01-04 13:00:00,4330.49282,4330.68149,4330.43409,4330.46235,
2026-01-04 14:00:00,4330.49282,4330.68149,4330.43409,4330.46035,
2026-01-04 15:00:00,4330.49282,4330.68118,4330.43427,4330.46289,
2026-01-04 16:00:00,4330.49282,4330.6815,4330.43409,4330.46979,
2026-01-04 17:00:00,4330.49282,4330.6815,4330.4341,4330.48058,
2026-01-04 18:00:00,4330.49282,4330.6815,4330.4341,4330.49449,
2026-01-04 19:00:00,4330.49282,4331.70186,4330.26423,4330.51407,
2026-01-04 20:00:00,4330.49629,4331.60863,4330.34709,4330.73782,
2026-01-04 21:00:00,4330.69277,4330.87241,4330.40358,4330.5508,
2026-01-04 22:00:00,4330.50008,4331.15715,4330.31892,4330.58851,
2026-01-04 23:00:00,4329.27104,4376.85736,4329.27104,4373.04071,
2026-01-05 00:00:00,4372.89232,4395.58886,4370.78191,4393.50667,
2026-01-05 01:00:00,4392.96865,4418.42313,4392.83156,4401.29849,
2026-01-05 02:00:00,4401.41004,4409.17514,4387.94099,4405.46348,
2026-01-05 03:00:00,4405.26617,4413.49418,4401.25535,4402.37387,
2026-01-05 04:00:00,4402.7892,4407.67334,4397.82225,4404.95821,
2026-01-05 05:00:00,4404.96984,4414.29533,4402.30298,4411.50326,
2026-01-05 06:00:00,4411.33927,4425.0637,4411.33927,4420.5184,
2026-01-05 07:00:00,4420.45133,4424.83284,4417.68432,4421.77092,
2026-01-05 08:00:00,4421.92237,4432.82209,4419.80922,4430.99999,
2026-01-05 09:00:00,4430.93944,4437.61124,4426.97522,4435.13359,
2026-01-05 10:00:00,4435.12474,4440.10956,4431.56423,4436.2067,
2026-01-05 11:00:00,4436.22419,4436.37084,4411.10603,4420.27949,
2026-01-05 12:00:00,4420.34027,4421.86211,4406.2692,4409.36865,
2026-01-05 13:00:00,4409.31285,4417.98905,4397.88081,4414.14978,
2026-01-05 14:00:00,4414.00932,4440.04749,4414.00932,4439.45881,
2026-01-05 15:00:00,4438.82389,4454.41557,4436.18622,4448.51488,
2026-01-05 16:00:00,4448.44156,4454.10517,4439.92624,4443.92673,
2026-01-05 17:00:00,4444.42427,4449.10274,4435.00358,4444.2016,
2026-01-05 18:00:00,4444.1116,4448.43445,4440.08464,4447.80285,
2026-01-05 19:00:00,4447.666,4448.6349,4436.40816,4440.26689,
2026-01-05 20:00:00,4440.19627,4447.37892,4438.79193,4445.47421,
2026-01-05 21:00:00,4445.39921,4449.23798,4443.326,4449.23798,
2026-01-05 22:00:00,4449.17683,4450.76523,4444.38764,4445.79426,
2026-01-05 23:00:00,4445.42519,4459.21378,4438.96114,4441.00984,
2026-01-06 00:00:00,4440.61519,4443.46318,4433.39314,4436.13248,
2026-01-06 01:00:00,4436.24504,4452.23825,4429.30632,4451.24237,
2026-01-06 02:00:00,4451.29522,4460.39624,4449.66863,4454.82769,
2026-01-06 03:00:00,4454.65504,4468.0174,4453.77496,4467.40919,
2026-01-06 04:00:00,4467.39888,4468.98801,4462.72027,4467.58997,
2026-01-06 05:00:00,4467.59381,4473.43839,4451.56993,4452.44992,
2026-01-06 06:00:00,4452.39266,4466.71351,4452.26013,4465.48888,
2026-01-06 07:00:00,4465.69032,4470.07883,4456.10166,4460.02082,
2026-01-06 08:00:00,4459.96051,4476.96083,4458.22273,4468.8929,
2026-01-06 09:00:00,4468.82275,4468.90727,4446.32283,4447.74315,
2026-01-06 10:00:00,4447.77836,4455.94658,4443.91133,4451.99511,
2026-01-06 11:00:00,4451.96062,4463.80709,4448.42539,4463.11257,
2026-01-06 12:00:00,4462.91089,4465.59721,4459.51439,4463.21121,
2026-01-06 13:00:00,4463.07062,4470.75161,4455.0664,4467.37388,
2026-01-06 14:00:00,4467.52494,4488.81133,4465.6893,4487.84719,
2026-01-06 15:00:00,4487.87514,4488.92991,4465.99871,4475.87364,
2026-01-06 16:00:00,4475.48166,4489.7573,4473.85178,4487.92257,
2026-01-06 17:00:00,4487.86164,4490.76306,4483.15295,4489.30423,
2026-01-06 18:00:00,4489.28219,4493.57837,4482.56458,4489.02619,
2026-01-06 19:00:00,4488.93215,4488.99407,4478.51128,4481.54678,
2026-01-06 20:00:00,4481.4641,4498.72091,4481.03011,4495.0723,
2026-01-06 21:00:00,4495.08879,4497.00961,4492.29754,4494.89199,
2026-01-06 22:00:00,4494.8729,4495.21665,4492.85801,4494.384,
2026-01-06 23:00:00,4494.58812,4500.4487,4491.55498,4493.25249,
2026-01-07 00:00:00,4493.19976,4494.03343,4483.24171,4489.46502,
2026-01-07 01:00:00,4488.66397,4492.97026,4463.232,4465.37617,
2026-01-07 02:00:00,4465.22885,4478.46881,4461.12241,4475.77459,
2026-01-07 03:00:00,4475.70844,4479.66309,4471.71021,4474.4531,
2026-01-07 04:00:00,4474.23291,4474.94649,4463.92785,4464.5804,
2026-01-07 05:00:00,4464.55612,4470.9448,4445.57637,4453.06447,
2026-01-07 06:00:00,4453.11754,4460.20548,4443.77091,4444.3306,
2026-01-07 07:00:00,4444.32008,4464.16638,4442.58473,4461.80042,
2026-01-07 08:00:00,4461.76631,4474.22481,4460.43481,4468.58445,
2026-01-07 09:00:00,4468.54207,4468.59695,4458.71117,4463.54335,
2026-01-07 10:00:00,4463.47429,4467.52869,4459.73838,4464.23496,
2026-01-07 11:00:00,4464.10665,4465.04632,4447.31923,4447.31923,
2026-01-07 12:00:00,4447.5989,4455.87456,4439.59895,4446.15811,
2026-01-07 13:00:00,4446.08774,4453.89793,4430.78664,4452.84116,
2026-01-07 14:00:00,4452.84885,4454.57471,4437.58874,4445.8232,
2026-01-07 15:00:00,4445.4181,4450.48435,4425.27169,4443.04678,
2026-01-07 16:00:00,4443.22508,4468.78535,4443.01802,4464.28301,
2026-01-07 17:00:00,4464.30342,4464.53658,4450.8452,4451.72317,
2026-01-07 18:00:00,4451.71079,4458.81977,4447.2999,4452.3712,
2026-01-07 19:00:00,4452.39507,4457.74356,4445.47083,4457.24727,
2026-01-07 20:00:00,4457.36735,4461.5943,4450.2087,4451.583,
2026-01-07 21:00:00,4451.58164,4456.49657,4451.55748,4456.49657,
2026-01-07 22:00:00,4456.42108,4457.04678,4456.03082,4456.34322,
2026-01-07 23:00:00,4455.67494,4464.06195,4455.67494,4463.73056,
2026-01-08 00:00:00,4463.65589,4466.13399,4447.20538,4451.03024,
2026-01-08 01:00:00,4451.15242,4459.99125,4444.55847,4447.01798,
2026-01-08 02:00:00,4447.06342,4448.55711,4431.25487,4442.70726,
2026-01-08 03:00:00,4442.58927,4445.79321,4437.55653,4440.59412,
2026-01-08 04:00:00,4440.5195,4440.60255,4430.42146,4432.07732,
2026-01-08 05:00:00,4432.12926,4432.17697,4415.56752,4425.37854,
2026-01-08 06:00:00,4425.45272,4437.59542,4416.39921,4434.22235,
2026-01-08 07:00:00,4434.23068,4438.79686,4429.08871,4431.5144,
2026-01-08 08:00:00,4431.45613,4434.46626,4419.80427,4432.18705,
2026-01-08 09:00:00,4431.97602,4434.97311,4426.77552,4432.73104,
2026-01-08 10:00:00,4432.64455,4434.12466,4423.95525,4433.12334,
2026-01-08 11:00:00,4433.12284,4433.22308,4422.27323,4423.31686,
2026-01-08 12:00:00,4423.58894,4430.90467,4407.90536,4427.44501,
2026-01-08 13:00:00,4427.37797,4436.75493,4418.5336,4423.54648,
2026-01-08 14:00:00,4423.52885,4438.27242,4418.81263,4434.33331,
2026-01-08 15:00:00,4434.46115,4454.70421,4428.71767,4451.40461,
2026-01-08 16:00:00,4451.062,4463.65834,4446.90311,4462.19919,
2026-01-08 17:00:00,4462.32767,4464.07899,4458.59621,4462.52056,
2026-01-08 18:00:00,4462.70491,4464.25821,4446.87313,4449.93084,
2026-01-08 19:00:00,4449.92823,4453.18381,4445.09004,4451.55911,
2026-01-08 20:00:00,4451.60002,4477.42045,4451.56766,4476.83211,
2026-01-08 21:00:00,4476.78507,4479.46352,4473.15511,4477.91006,
2026-01-08 22:00:00,4477.93516,4478.26787,4475.99208,4476.63924,
2026-01-08 23:00:00,4476.47906,4483.72578,4473.24304,4475.42944,
2026-01-09 00:00:00,4475.4063,4476.49597,4460.24082,4461.30143,
2026-01-09 01:00:00,4461.14168,4470.08725,4454.05918,4469.44205,
2026-01-09 02:00:00,4469.61231,4476.14787,4466.37991,4470.23824,
2026-01-09 03:00:00,4470.31771,4470.32351,4460.37014,4465.00507,
2026-01-09 04:00:00,4464.98334,4466.55155,4461.23765,4465.44316,
2026-01-09 05:00:00,4465.47113,4472.41095,4458.99758,4468.57627,
2026-01-09 06:00:00,4468.56485,4476.094,4466.26039,4473.774,
2026-01-09 07:00:00,4473.77597,4475.80142,4469.27426,4470.3062,
2026-01-09 08:00:00,4470.23819,4477.4769,4464.66724,4468.09866,
2026-01-09 09:00:00,4468.0216,4477.1581,4468.0216,4471.38737,
2026-01-09 10:00:00,4471.29219,4473.77719,4467.41139,4471.26824,
2026-01-09 11:00:00,4471.1193,4476.05184,4468.75325,4475.92804,
2026-01-09 12:00:00,4475.80119,4480.09809,4462.97996,4467.08898,
2026-01-09 13:00:00,4466.99137,4489.33378,4464.02441,4484.12307,
2026-01-09 14:00:00,4483.84284,4498.17396,4481.75824,4492.97275,
2026-01-09 15:00:00,4492.97243,4515.83105,4491.65169,4511.49501,
2026-01-09 16:00:00,4511.69845,4514.20875,4498.75982,4506.64218,
2026-01-09 17:00:00,4506.79185,4511.37329,4483.06142,4485.66383,
2026-01-09 18:00:00,4485.72399,4503.95047,4484.93627,4496.16298,
2026-01-09 19:00:00,4495.85723,4501.5815,4493.51582,4499.75264,
2026-01-09 20:00:00,4499.90988,4509.15634,4497.61855,4509.00487,
2026-01-09 21:00:00,4508.78605,4511.053,4504.54366,4509.89122,
2026-01-09 22:00:00,4509.88996,4510.01571,4509.74793,4509.81241,
2026-01-09 23:00:00,4509.82285,4510.01438,4509.7474,4509.79,
2026-01-10 00:00:00,4509.81268,4510.0061,4509.74936,4509.78015,
2026-01-10 01:00:00,4509.81064,4510.00705,4509.74784,4509.77486,
2026-01-10 02:00:00,4509.80861,4510.00705,4509.74944,4509.77838,
2026-01-10 03:00:00,4509.81064,4510.00705,4509.74743,4509.78257,
2026-01-10 04:00:00,4509.80821,4510.00706,4509.74592,4509.79283,
2026-01-10 05:00:00,4509.80861,4510.00706,4509.74796,4509.80662,
2026-01-10 06:00:00,4509.80936,4510.00787,4509.74593,4509.82291,
2026-01-10 07:00:00,4509.80861,4510.00901,4509.7472,4509.84246,
2026-01-10 08:00:00,4509.81064,4510.00581,4509.74785,4509.85835,
2026-01-10 09:00:00,4509.80861,4510.00787,4509.74537,4509.87886,
2026-01-10 10:00:00,4509.81268,4510.00615,4509.74753,4509.89146,
2026-01-10 11:00:00,4509.8107,4510.00702,4509.7474,4509.9025,
2026-01-10 12:00:00,4509.81048,4510.01115,4509.73316,4509.91357,
2026-01-10 13:00:00,4509.81471,4510.011,4509.75351,4509.91617,
2026-01-10 14:00:00,4509.81471,4510.01115,4509.75386,4509.91405,
2026-01-10 15:00:00,4509.81471,4510.01116,4509.75351,4509.90734,
2026-01-10 16:00:00,4509.81471,4510.01116,4509.75351,4509.89652,
2026-01-10 17:00:00,4509.81471,4510.01116,4509.75351,4509.88235,
2026-01-10 18:00:00,4509.81471,4510.01116,4509.75352,4509.86581,
2026-01-10 19:00:00,4509.81471,4510.01099,4509.75352,4509.84807,
2026-01-10 20:00:00,4509.81471,4510.01116,4509.75385,4509.83035,
2026-01-10 21:00:00,4509.81471,4510.01116,4509.75352,4509.81391,
2026-01-10 22:00:00,4509.81471,4510.01591,4509.75352,4509.79776,
2026-01-10 23:00:00,4509.81268,4510.00912,4509.75148,4509.78717,
2026-01-11 00:00:00,4509.81268,4510.00912,4509.75148,4509.78073,
2026-01-11 01:00:00,4509.81268,4510.00913,4509.75148,4509.77888,
2026-01-11 02:00:00,4509.81268,4510.00895,4509.75181,4509.78176,
2026-01-11 03:00:00,4509.81268,4510.00913,4509.75148,4509.78917,
2026-01-11 04:00:00,4509.81268,4510.00913,4509.75148,4509.80059,
2026-01-11 05:00:00,4509.81268,4510.00913,4509.75148,4509.81521,
2026-01-11 06:00:00,4509.81268,4510.00913,4509.75148,4509.83202,
2026-01-11 07:00:00,4509.81268,4510.00913,4509.75149,4509.84985,
2026-01-11 08:00:00,4509.81268,4510.00894,4509.75149,4509.86744,
2026-01-11 09:00:00,4509.81268,4510.00913,4509.75179,4509.88356,
2026-01-11 10:00:00,4509.81268,4510.00914,4509.75149,4509.8971,
2026-01-11 11:00:00,4509.81268,4510.00914,4509.75149,4509.9071,
2026-01-11 12:00:00,4509.81268,4510.00914,4509.75149,4509.91286,
2026-01-11 13:00:00,4509.81268,4510.00914,4509.75149,4509.91398,
2026-01-11 14:00:00,4509.81268,4510.00892,4509.75149,4509.91039,
2026-01-11 15:00:00,4509.81268,4510.00914,4509.75178,4509.90232,
2026-01-11 16:00:00,4509.81268,4510.00914,4509.75149,4509.89036,
2026-01-11 17:00:00,4509.81268,4510.00914,4509.75149,4509.87533,
2026-01-11 18:00:00,4509.81268,4510.00914,4509.75149,4509.85828,
2026-01-11 19:00:00,4509.81268,4510.04601,4509.71232,4509.83173,
2026-01-11 20:00:00,4509.80434,4510.00766,4509.31776,4509.80922,
2026-01-11 21:00:00,4509.80027,4510.09572,4509.6555,4509.85814,
2026-01-11 22:00:00,4509.8616,4510.56055,4509.57841,4509.90896,
2026-01-11 23:00:00,4509.22139,4543.82187,4509.22139,4539.60612,
2026-01-12 00:00:00,4539.55623,4599.1113,4538.13307,4589.75147,
2026-01-12 01:00:00,4590.1292,4592.52315,4571.86228,4572.78979,
2026-01-12 02:00:00,4572.75599,4581.09431,4563.92828,4577.21612,
2026-01-12 03:00:00,4577.44198,4580.3296,4568.77693,4570.76147,
2026-01-12 04:00:00,4570.69422,4572.06666,4563.03017,4568.52571,
2026-01-12 05:00:00,4568.53793,4584.6582,4566.48136,4580.37072,
2026-01-12 06:00:00,4580.32363,4580.34563,4569.86659,4578.23135,
2026-01-12 07:00:00,4578.16536,4589.33155,4575.20926,4588.62366,
2026-01-12 08:00:00,4588.1588,4598.14021,4579.32168,4596.71616,
2026-01-12 09:00:00,4596.61448,4600.50466,4588.87772,4588.87772,
2026-01-12 10:00:00,4588.65174,4595.31689,4586.20748,4594.7392,
2026-01-12 11:00:00,4594.64715,4594.7236,4582.07054,4583.62234,
2026-01-12 12:00:00,4583.41223,4590.67597,4578.45832,4590.18035,
2026-01-12 13:00:00,4590.17862,4619.36803,4590.08377,4616.41792,
2026-01-12 14:00:00,4616.41128,4616.47692,4585.01581,4603.06891,
2026-01-12 15:00:00,4602.98323,4627.03456,4601.71656,4621.94611,
2026-01-12 16:00:00,4621.88023,4631.59455,4610.39918,4616.7703,
2026-01-12 17:00:00,4616.75618,4619.85098,4611.00913,4617.12433,
2026-01-12 18:00:00,4617.10135,4618.04878,4600.17114,4610.17921,
2026-01-12 19:00:00,4610.04855,4619.01771,4609.51645,4611.33102,
2026-01-12 20:00:00,4611.36907,4611.4226,4593.21959,4593.45024,
2026-01-12 21:00:00,4593.4385,4598.07323,4590.48065,4597.59111,
2026-01-12 22:00:00,4597.59025,4598.27422,4596.19432,4596.45701,
2026-01-12 23:00:00,4596.31621,4604.6258,4579.51186,4597.86865,
2026-01-13 00:00:00,4597.8441,4598.50461,4584.90985,4589.2685,
2026-01-13 01:00:00,4589.54907,4595.36387,4575.67327,4579.76035,
2026-01-13 02:00:00,4579.68385,4594.86078,4579.68385,4593.31758,
2026-01-13 03:00:00,4593.23869,4598.47467,4592.83613,4593.96495,
2026-01-13 04:00:00,4593.80645,4599.71139,4593.80645,4596.8672,
2026-01-13 05:00:00,4596.98666,4601.2469,4585.6223,4593.00829,
2026-01-13 06:00:00,4592.78204,4592.99194,4574.39161,4581.15071,
2026-01-13 07:00:00,4581.14104,4585.95524,4577.71234,4581.83141,
2026-01-13 08:00:00,4581.75423,4595.90679,4580.67109,4592.92497,
2026-01-13 09:00:00,4592.97372,4595.18114,4586.0167,4586.84246,
2026-01-13 10:00:00,4586.7217,4588.27621,4581.58898,4585.93962,
2026-01-13 11:00:00,4586.21344,4591.37046,4583.83898,4588.271,
2026-01-13 12:00:00,4588.28715,4593.14728,4579.01754,4593.14728,
2026-01-13 13:00:00,4593.24748,4619.1606,4592.95417,4609.9123,
2026-01-13 14:00:00,4609.95156,4632.91936,4608.85237,4630.75329,
2026-01-13 15:00:00,4630.99772,4630.99772,4599.21992,4619.57623,
2026-01-13 16:00:00,4619.50673,4619.98414,4592.06041,4613.63026,
2026-01-13 17:00:00,4613.78061,4615.57179,4586.98887,4588.77684,
2026-01-13 18:00:00,4588.87662,4602.17054,4580.44554,4595.22248,
2026-01-13 19:00:00,4595.43714,4598.56065,4586.58917,4597.7796,
2026-01-13 20:00:00,4597.55208,4597.76294,4571.4012,4586.17071,
2026-01-13 21:00:00,4586.06368,4589.17839,4583.41539,4586.36421,
2026-01-13 22:00:00,4586.25246,4586.98489,4586.25246,4586.82343,
2026-01-13 23:00:00,4587.42052,4598.98327,4586.49422,4597.42364,
2026-01-14 00:00:00,4597.50371,4610.44702,4597.43426,4609.72539,
2026-01-14 01:00:00,4609.52686,4619.56724,4608.53564,4619.51182,
2026-01-14 02:00:00,4619.52682,4623.12566,4616.33386,4620.78041,
2026-01-14 03:00:00,4620.71676,4631.57109,4613.95342,4628.78429,
2026-01-14 04:00:00,4628.76165,4630.57662,4625.51891,4629.06653,
2026-01-14 05:00:00,4629.23464,4640.63347,4621.05586,4621.05586,
2026-01-14 06:00:00,4621.00045,4636.54658,4621.00045,4636.54658,
2026-01-14 07:00:00,4636.5542,4640.42498,4632.06265,4633.16171,
2026-01-14 08:00:00,4633.01843,4637.01463,4623.34092,4634.2386,
2026-01-14 09:00:00,4634.09764,4639.01586,4627.65233,4630.4674,
2026-01-14 10:00:00,4630.4022,4637.62646,4628.7307,4632.61316,
2026-01-14 11:00:00,4632.63267,4637.18533,4626.65432,4629.42976,
2026-01-14 12:00:00,4629.80922,4639.38287,4629.23461,4639.38287,
2026-01-14 13:00:00,4639.05805,4639.34818,4625.15163,4635.69678,
2026-01-14 14:00:00,4635.65293,4637.07112,4604.11871,4618.30195,
2026-01-14 15:00:00,4617.78783,4624.59797,4602.63168,4617.84888,
2026-01-14 16:00:00,4617.82918,4624.00274,4610.74782,4616.62432,
2026-01-14 17:00:00,4616.57509,4618.84296,4603.18714,4615.59275,
2026-01-14 18:00:00,4615.48567,4636.01214,4613.47738,4635.52978,
2026-01-14 19:00:00,4635.29948,4641.32613,4634.79236,4639.42556,
2026-01-14 20:00:00,4639.51866,4641.81025,4625.42311,4632.6863,
2026-01-14 21:00:00,4632.70371,4632.75498,4618.4159,4627.00838,
2026-01-14 22:00:00,4626.92885,4627.04433,4626.23243,4626.46495,
2026-01-14 23:00:00,4626.18259,4631.81732,4605.43514,4615.36146,
2026-01-15 00:00:00,4615.41015,4618.0348,4611.0456,4615.15167,
2026-01-15 01:00:00,4615.20518,4615.85296,4586.31507,4602.45939,
2026-01-15 02:00:00,4602.8469,4614.70136,4596.9809,4603.12706,
2026-01-15 03:00:00,4603.19002,4603.57178,4583.55618,4592.32058,
2026-01-15 04:00:00,4592.34412,4597.34607,4587.7563,4592.44078,
2026-01-15 05:00:00,4592.26922,4599.07206,4581.64955,4594.75029,
2026-01-15 06:00:00,4594.57982,4611.42306,4594.57982,4610.01991,
2026-01-15 07:00:00,4609.94802,4614.39904,4600.81771,4601.78438,
2026-01-15 08:00:00,4601.61312,4606.69375,4598.78737,4604.81047,
2026-01-15 09:00:00,4604.74903,4613.04835,4601.28334,4612.58764,
2026-01-15 10:00:00,4612.50613,4619.83086,4609.68935,4619.76704,
2026-01-15 11:00:00,4619.77513,4622.32143,4615.2248,4619.17249,
2026-01-15 12:00:00,4619.24646,4620.35641,4612.42618,4613.9309,
2026-01-15 13:00:00,4613.85834,4618.36118,4584.67593,4588.66528,
2026-01-15 14:00:00,4588.6389,4614.14182,4585.23053,4611.04459,
2026-01-15 15:00:00,4610.9334,4617.91737,4601.57909,4615.68546,
2026-01-15 16:00:00,4615.68066,4623.85265,4602.58275,4605.56057,
2026-01-15 17:00:00,4605.5613,4616.77396,4605.5613,4615.89007,
2026-01-15 18:00:00,4615.5645,4621.03876,4614.6951,4617.1505,
2026-01-15 19:00:00,4616.9739,4621.78522,4613.03057,4615.51073,
2026-01-15 20:00:00,4615.42757,4615.52248,4599.26038,4605.76867,
2026-01-15 21:00:00,4605.75831,4616.91059,4605.06429,4616.03719,
2026-01-15 22:00:00,4616.09768,4617.17219,4615.54828,4616.54363,
2026-01-15 23:00:00,4616.49326,4620.04425,4606.91212,4610.18987,
2026-01-16 00:00:00,4610.10755,4610.84419,4599.2472,4600.77302,
2026-01-16 01:00:00,4600.06632,4608.10683,4595.11548,4600.20112,
2026-01-16 02:00:00,4600.11368,4604.06005,4590.48532,4594.48279,
2026-01-16 03:00:00,4594.28745,4599.46124,4593.75505,4596.64022,
2026-01-16 04:00:00,4596.59473,4602.27777,4596.35316,4601.41447,
2026-01-16 05:00:00,4601.33667,4615.14936,4594.24971,4611.86609,
2026-01-16 06:00:00,4611.85032,4611.85032,4594.65775,4598.66846,
2026-01-16 07:00:00,4598.59938,4610.9226,4597.56872,4608.22345,
2026-01-16 08:00:00,4607.97438,4611.05723,4602.03654,4603.29994,
2026-01-16 09:00:00,4603.21044,4607.77731,4599.14227,4600.80808,
2026-01-16 10:00:00,4600.83263,4611.02214,4600.18134,4600.79121,
2026-01-16 11:00:00,4600.82055,4615.75964,4598.76454,4612.82481,
2026-01-16 12:00:00,4612.74575,4612.95219,4599.35306,4601.77076,
2026-01-16 13:00:00,4601.56457,4603.84015,4583.61608,4601.12518,
2026-01-16 14:00:00,4601.16661,4613.47618,4597.16926,4608.90256,
2026-01-16 15:00:00,4608.86979,4620.35762,4533.25987,4571.87435,
2026-01-16 16:00:00,4571.71865,4597.49552,4571.71865,4591.01407,
2026-01-16 17:00:00,4591.05427,4592.35624,4578.41635,4581.88172,
2026-01-16 18:00:00,4581.83611,4595.63204,4581.2616,4584.016,
2026-01-16 19:00:00,4583.82938,4592.86116,4580.78541,4590.58565,
2026-01-16 20:00:00,4590.53336,4595.60637,4579.84926,4582.52099,
2026-01-16 21:00:00,4582.63393,4597.8108,4582.49685,4595.32134,
2026-01-16 22:00:00,4595.26271,4595.45873,4595.18799,4595.32798,
2026-01-16 23:00:00,4595.25035,4595.46509,4595.18598,4595.35042,
2026-01-17 00:00:00,4595.26053,4595.46743,4595.19292,4595.35731,
2026-01-17 01:00:00,4595.2588,4595.46593,4595.19255,4595.36811,
2026-01-17 02:00:00,4595.26482,4595.46677,4595.19625,4595.36351,
2026-01-17 03:00:00,4595.26015,4595.46499,4595.19878,4595.35845,
2026-01-17 04:00:00,4595.25967,4595.46744,4595.19616,4595.34896,
2026-01-17 05:00:00,4595.26006,4595.46666,4595.19294,4595.3396,
2026-01-17 06:00:00,4595.26473,4595.46507,4595.19396,4595.32376,
2026-01-17 07:00:00,4595.26583,4595.46667,4595.19319,4595.30177,
2026-01-17 08:00:00,4595.26008,4595.46148,4595.19784,4595.28145,
2026-01-17 09:00:00,4595.25898,4595.46744,4595.19287,4595.26644,
2026-01-17 10:00:00,4595.26068,4595.48225,4595.19945,4595.27284,
2026-01-17 11:00:00,4595.28202,4595.48174,4595.20438,4595.2538,
2026-01-17 12:00:00,4595.27583,4595.4819,4595.21075,4595.24969,
2026-01-17 13:00:00,4595.27991,4595.48014,4595.21768,4595.24571,
2026-01-17 14:00:00,4595.27991,4595.48014,4595.21767,4595.24653,
2026-01-17 15:00:00,4595.27991,4595.48014,4595.21767,4595.2521,
2026-01-17 16:00:00,4595.27991,4595.48014,4595.21767,4595.26202,
2026-01-17 17:00:00,4595.27991,4595.48014,4595.21767,4595.2756,
2026-01-17 18:00:00,4595.27991,4595.47963,4595.21767,4595.29189,
2026-01-17 19:00:00,4595.27991,4595.48014,4595.21767,4595.30975,
2026-01-17 20:00:00,4595.27991,4595.48014,4595.21767,4595.32794,
2026-01-17 21:00:00,4595.27991,4595.48014,4595.21766,4595.34517,
2026-01-17 22:00:00,4595.27991,4595.48014,4595.2115,4595.35425,
2026-01-17 23:00:00,4595.27358,4595.47381,4595.21131,4595.36604,
2026-01-18 00:00:00,4595.27358,4595.47381,4595.21131,4595.37377,
2026-01-18 01:00:00,4595.27358,4595.47334,4595.21132,4595.37691,
2026-01-18 02:00:00,4595.27358,4595.47381,4595.21136,4595.37524,
2026-01-18 03:00:00,4595.27358,4595.47381,4595.21132,4595.36887,
2026-01-18 04:00:00,4595.27358,4595.47381,4595.21132,4595.35824,
2026-01-18 05:00:00,4595.27358,4595.47381,4595.21132,4595.34411,
2026-01-18 06:00:00,4595.27358,4595.47381,4595.21132,4595.32745,
2026-01-18 07:00:00,4595.27358,4595.47331,4595.21133,4595.30944,
2026-01-18 08:00:00,4595.27358,4595.47381,4595.21135,4595.29133,
2026-01-18 09:00:00,4595.27358,4595.47381,4595.21133,4595.27439,
2026-01-18 10:00:00,4595.27358,4595.47381,4595.21133,4595.2598,
2026-01-18 11:00:00,4595.27358,4595.47381,4595.21133,4595.24858,
2026-01-18 12:00:00,4595.27358,4595.47381,4595.21133,4595.24152,
2026-01-18 13:00:00,4595.27358,4595.47381,4595.21134,4595.23911,
2026-01-18 14:00:00,4595.27358,4595.47329,4595.21134,4595.24152,
2026-01-18 15:00:00,4595.27358,4595.47381,4595.21133,4595.24858,
2026-01-18 16:00:00,4595.27358,4595.47381,4595.21133,4595.2598,
2026-01-18 17:00:00,4595.27358,4595.47381,4595.21133,4595.27439,
2026-01-18 18:00:00,4595.27358,4595.47381,4595.21133,4595.29133,
2026-01-18 19:00:00,4595.27358,4595.67224,4595.07714,4595.28796,
2026-01-18 20:00:00,4595.25035,4595.4987,4595.18798,4595.29534,
2026-01-18 21:00:00,4595.24004,4595.86752,4594.83765,4595.49304,
2026-01-18 22:00:00,4595.4195,4595.53493,4595.07251,4595.39442,
2026-01-18 23:00:00,4588.36075,4686.1434,4588.36075,4673.97671,
2026-01-19 00:00:00,4673.6838,4682.37822,4663.74268,4676.89693,
2026-01-19 01:00:00,4676.97397,4677.10861,4657.24831,4658.71437,
2026-01-19 02:00:00,4658.99559,4664.15573,4654.35475,4661.79584,
2026-01-19 03:00:00,4661.33521,4669.30922,4658.20417,4658.84722,
2026-01-19 04:00:00,4658.78566,4665.46519,4658.74172,4664.47943,
2026-01-19 05:00:00,4664.45179,4674.39457,4663.54414,4670.71296,
2026-01-19 06:00:00,4670.67705,4678.53498,4667.6541,4678.36031,
2026-01-19 07:00:00,4678.44063,4678.69919,4661.9628,4665.45579,
2026-01-19 08:00:00,4665.36889,4673.88271,4662.12513,4663.6881,
2026-01-19 09:00:00,4663.6963,4673.1183,4663.43055,4668.29077,
2026-01-19 10:00:00,4668.21627,4669.37224,4661.82623,4664.23359,
2026-01-19 11:00:00,4664.18698,4667.47385,4659.94839,4662.30565,
2026-01-19 12:00:00,4662.54141,4673.13863,4659.69519,4671.97636,
2026-01-19 13:00:00,4671.9499,4672.62144,4665.12319,4665.67165,
2026-01-19 14:00:00,4665.60244,4670.26482,4662.39282,4667.48604,
2026-01-19 15:00:00,4667.5009,4676.41937,4664.88953,4675.20068,
2026-01-19 16:00:00,4675.10795,4675.41138,4670.85035,4672.53813,
2026-01-19 17:00:00,4672.49409,4678.97866,4669.39863,4676.28337,
2026-01-19 18:00:00,4676.22082,4680.90495,4673.79359,4676.26386,
2026-01-19 19:00:00,4676.20414,4676.31153,4668.18044,4670.82045,
2026-01-19 20:00:00,4670.79201,4671.38141,4670.63127,4671.0444,
2026-01-19 21:00:00,4671.00939,4671.29647,4670.4671,4671.03338,
2026-01-19 22:00:00,4670.97544,4671.32136,4670.68634,4671.32136,
2026-01-19 23:00:00,4671.49948,4678.06613,4664.81457,4666.00155,
2026-01-20 00:00:00,4665.93253,4667.84632,4660.31632,4661.88441,
2026-01-20 01:00:00,4661.67822,4675.71566,4661.67822,4669.57339,
2026-01-20 02:00:00,4669.32945,4674.93104,4665.38671,4668.24116,
2026-01-20 03:00:00,4668.28518,4682.13245,4666.78513,4680.37885,
2026-01-20 04:00:00,4680.47109,4697.1516,4680.10204,4695.79888,
2026-01-20 05:00:00,4695.66576,4717.28658,4695.11385,4715.50565,
2026-01-20 06:00:00,4715.23672,4716.00908,4706.63192,4713.0859,
2026-01-20 07:00:00,4713.09262,4721.80243,4712.99208,4715.61787,
2026-01-20 08:00:00,4715.48201,4730.77185,4714.93162,4730.46089,
2026-01-20 09:00:00,4730.52982,4737.01288,4721.94015,4734.00501,
2026-01-20 10:00:00,4733.52794,4734.74939,4723.45128,4726.75383,
2026-01-20 11:00:00,4726.80133,4735.06182,4721.15825,4732.31131,
2026-01-20 12:00:00,4732.19687,4732.65782,4724.81324,4728.10835,
2026-01-20 13:00:00,4727.98769,4735.08621,4715.64562,4735.06948,
2026-01-20 14:00:00,4735.06849,4749.88029,4729.13103,4738.89654,
2026-01-20 15:00:00,4739.04061,4746.82303,4723.12797,4735.97456,
2026-01-20 16:00:00,4735.91726,4754.93426,4729.10885,4754.68528,
2026-01-20 17:00:00,4754.38034,4760.75036,4747.28267,4760.10621,
2026-01-20 18:00:00,4760.05971,4765.48045,4753.54351,4759.55045,
2026-01-20 19:00:00,4759.5336,4767.45217,4756.98618,4760.79846,
2026-01-20 20:00:00,4760.69265,4761.49438,4747.79286,4756.5867,
2026-01-20 21:00:00,4756.31336,4763.72626,4756.31336,4763.54059,
2026-01-20 22:00:00,4763.43225,4764.07685,4763.10533,4763.34591,
2026-01-20 23:00:00,4763.25412,4779.5704,4757.36886,4776.21189,
2026-01-21 00:00:00,4776.08355,4786.81445,4771.00542,4785.0087,
2026-01-21 01:00:00,4785.03251,4841.50174,4784.4776,4834.73049,
2026-01-21 02:00:00,4835.00222,4840.07593,4817.60359,4836.32536,
2026-01-21 03:00:00,4836.44907,4847.6715,4825.23025,4845.05651,
2026-01-21 04:00:00,4845.04038,4869.53457,4839.718,4865.68197,
2026-01-21 05:00:00,4865.53841,4877.43597,4858.72977,4870.5635,
2026-01-21 06:00:00,4870.59754,4885.77139,4846.9902,4848.95901,
2026-01-21 07:00:00,4849.179,4857.29357,4831.05262,4855.44592,
2026-01-21 08:00:00,4855.33843,4869.55738,4853.0167,4853.5578,
2026-01-21 09:00:00,4853.26219,4876.12195,4853.26219,4860.00255,
2026-01-21 10:00:00,4859.69045,4866.42006,4859.4445,4864.66532,
2026-01-21 11:00:00,4864.77641,4873.21866,4856.93323,4865.12302,
2026-01-21 12:00:00,4865.15569,4870.63862,4856.89817,4865.33305,
2026-01-21 13:00:00,4865.33941,4880.1355,4858.70318,4877.92369,
2026-01-21 14:00:00,4877.82401,4879.87509,4836.98576,4853.77248,
2026-01-21 15:00:00,4853.37919,4867.88524,4819.83543,4850.1838,
2026-01-21 16:00:00,4849.89978,4852.34194,4823.38166,4834.95126,
2026-01-21 17:00:00,4835.08197,4835.08197,4801.88562,4825.86826,
2026-01-21 18:00:00,4825.72475,4849.39104,4821.68815,4849.39104,
2026-01-21 19:00:00,4849.29671,4853.65774,4759.61082,4780.28158,
2026-01-21 20:00:00,4780.26923,4827.21142,4775.0818,4825.52259,
2026-01-21 21:00:00,4825.77355,4840.2529,4815.66525,4831.79159,
2026-01-21 22:00:00,4831.72318,4832.34001,4830.99506,4831.28799,
2026-01-21 23:00:00,4831.08151,4832.68575,4777.72136,4780.9494,
2026-01-22 00:00:00,4780.61764,4798.69278,4780.36772,4797.15124,
2026-01-22 01:00:00,4797.53852,4807.90878,4775.24505,4799.85812,
2026-01-22 02:00:00,4799.81677,4799.89343,4778.09141,4791.38168,
2026-01-22 03:00:00,4791.74812,4797.10758,4783.05015,4796.12036,
2026-01-22 04:00:00,4795.93352,4800.37251,4793.64429,4797.24429,
2026-01-22 05:00:00,4797.23769,4820.60347,4795.1643,4819.81349,
2026-01-22 06:00:00,4819.41607,4828.9704,4816.19848,4826.37214,
2026-01-22 07:00:00,4826.41753,4837.92825,4825.92396,4833.94215,
2026-01-22 08:00:00,4833.58747,4835.74151,4822.02558,4831.28856,
2026-01-22 09:00:00,4831.24248,4837.02706,4815.16206,4822.916,
2026-01-22 10:00:00,4822.70687,4831.18794,4818.75122,4829.00142,
2026-01-22 11:00:00,4829.01107,4836.01921,4824.24577,4832.39065,
2026-01-22 12:00:00,4832.49187,4832.55442,4818.76347,4820.52423,
2026-01-22 13:00:00,4820.75989,4835.03851,4809.25849,4821.6242,
2026-01-22 14:00:00,4821.32062,4845.48283,4820.33856,4838.76984,
2026-01-22 15:00:00,4838.47332,4872.83234,4832.2787,4869.58509,
2026-01-22 16:00:00,4870.01339,4883.75923,4868.58218,4878.24128,
2026-01-22 17:00:00,4878.2069,4905.7844,4869.66302,4904.41121,
2026-01-22 18:00:00,4904.25047,4917.59864,4903.0284,4916.51546,
2026-01-22 19:00:00,4916.64617,4923.18891,4905.50666,4911.86931,
2026-01-22 20:00:00,4911.87195,4929.18264,4911.87195,4915.84659,
2026-01-22 21:00:00,4916.18626,4940.3299,4915.04713,4936.01347,
2026-01-22 22:00:00,4936.03043,4936.83676,4935.20734,4935.32326,
2026-01-22 23:00:00,4936.09538,4959.5326,4929.35444,4958.22997,
2026-01-23 00:00:00,4958.12665,4964.98556,4947.1642,4964.42046,
2026-01-23 01:00:00,4964.07621,4964.38497,4939.62662,4954.01881,
2026-01-23 02:00:00,4954.17077,4962.49976,4947.43333,4957.05104,
2026-01-23 03:00:00,4956.95741,4960.05695,4939.35647,4952.25927,
2026-01-23 04:00:00,4952.23596,4958.5105,4950.02331,4956.59038,
2026-01-23 05:00:00,4956.53806,4967.57375,4955.7664,4961.37787,
2026-01-23 06:00:00,4961.36651,4962.7817,4947.39771,4955.32642,
2026-01-23 07:00:00,4955.42796,4959.7922,4944.17205,4945.19236,
2026-01-23 08:00:00,4945.22884,4947.53921,4904.4714,4912.67455,
2026-01-23 09:00:00,4912.20095,4920.48341,4902.18615,4918.40719,
2026-01-23 10:00:00,4918.30687,4931.42464,4916.40532,4929.3897,
2026-01-23 11:00:00,4929.40567,4929.41652,4913.26109,4923.05946,
2026-01-23 12:00:00,4922.67972,4942.25504,4921.31441,4939.58046,
2026-01-23 13:00:00,4940.08507,4947.39807,4923.30317,4938.05618,
2026-01-23 14:00:00,4938.3006,4955.81658,4934.71151,4946.78392,
2026-01-23 15:00:00,4946.86837,4963.64596,4941.9666,4959.14469,
2026-01-23 16:00:00,4959.09924,4987.30105,4958.60674,4980.27606,
2026-01-23 17:00:00,4980.14443,4987.87186,4962.43912,4965.6455,
2026-01-23 18:00:00,4965.148,4985.73552,4959.93646,4966.8541,
2026-01-23 19:00:00,4966.98722,4990.21326,4966.85722,4984.67331,
2026-01-23 20:00:00,4984.87402,4985.32057,4972.26855,4982.94687,
2026-01-23 21:00:00,4982.95251,4986.59233,4979.12178,4982.76588,
2026-01-23 22:00:00,4982.71669,4982.83594,4982.33706,4982.42692,
2026-01-23 23:00:00,4982.4245,4982.6362,4982.33254,4982.40009,
2026-01-24 00:00:00,4982.41442,4982.6316,4982.34351,4982.39047,
2026-01-24 01:00:00,4982.41685,4982.63341,4982.34708,4982.38257,
2026-01-24 02:00:00,4982.41705,4982.63423,4982.33976,4982.38217,
2026-01-24 03:00:00,4982.41913,4982.63228,4982.34494,4982.37716,
2026-01-24 04:00:00,4982.41116,4982.62972,4982.34077,4982.38715,
2026-01-24 05:00:00,4982.41358,4982.62917,4982.3422,4982.39865,
2026-01-24 06:00:00,4982.41457,4982.63376,4982.34717,4982.41489,
2026-01-24 07:00:00,4982.41412,4982.62911,4982.33704,4982.42877,
2026-01-24 08:00:00,4982.40922,4982.62986,4982.34008,4982.44822,
2026-01-24 09:00:00,4982.40932,4982.62655,4982.33847,4982.47006,
2026-01-24 10:00:00,4982.41175,4982.63337,4982.33218,4982.49266,
2026-01-24 11:00:00,4982.41701,4982.63413,4982.34083,4982.49587,
2026-01-24 12:00:00,4982.40454,4982.64383,4982.34468,4982.52936,
2026-01-24 13:00:00,4982.42698,4982.64402,4982.35937,4982.53675,
2026-01-24 14:00:00,4982.42698,4982.64402,4982.35937,4982.53908,
2026-01-24 15:00:00,4982.42698,4982.64383,4982.35975,4982.53618,
2026-01-24 16:00:00,4982.42698,4982.64401,4982.35937,4982.52826,
2026-01-24 17:00:00,4982.42698,4982.64401,4982.35937,4982.51587,
2026-01-24 18:00:00,4982.42698,4982.64401,4982.35937,4982.49988,
2026-01-24 19:00:00,4982.42698,4982.64401,4982.35937,4982.4814,
2026-01-24 20:00:00,4982.42698,4982.64401,4982.35937,4982.46174,
2026-01-24 21:00:00,4982.42698,4982.64401,4982.35977,4982.44225,
2026-01-24 22:00:00,4982.42698,4982.64385,4982.35937,4982.42431,
2026-01-24 23:00:00,4982.42698,4982.64401,4982.35937,4982.40917,
2026-01-25 00:00:00,4982.42698,4982.644,4982.35937,4982.39789,
2026-01-25 01:00:00,4982.42698,4982.644,4982.35937,4982.39125,
2026-01-25 02:00:00,4982.42698,4982.644,4982.35937,4982.38973,
2026-01-25 03:00:00,4982.42698,4982.644,4982.35979,4982.39342,
2026-01-25 04:00:00,4982.42698,4982.64386,4982.35936,4982.40206,
2026-01-25 05:00:00,4982.42698,4982.644,4982.35936,4982.41507,
2026-01-25 06:00:00,4982.42698,4982.644,4982.35936,4982.43151,
2026-01-25 07:00:00,4982.42698,4982.64399,4982.35936,4982.45026,
2026-01-25 08:00:00,4982.42698,4982.64399,4982.35936,4982.46999,
2026-01-25 09:00:00,4982.42698,4982.64399,4982.35936,4982.48932,
2026-01-25 10:00:00,4982.42698,4982.64399,4982.35981,4982.50691,
2026-01-25 11:00:00,4982.42698,4982.64388,4982.35936,4982.52152,
2026-01-25 12:00:00,4982.42698,4982.64399,4982.35936,4982.53214,
2026-01-25 13:00:00,4982.42698,4982.64398,4982.35936,4982.53802,
2026-01-25 14:00:00,4982.42698,4982.64398,4982.35936,4982.53874,
2026-01-25 15:00:00,4982.42698,4982.64398,4982.35936,4982.53427,
2026-01-25 16:00:00,4982.42698,4982.64398,4982.35983,4982.52491,
2026-01-25 17:00:00,4982.42698,4982.64389,4982.35936,4982.51131,
2026-01-25 18:00:00,4982.42698,4982.64398,4982.35936,4982.49443,
2026-01-25 19:00:00,4982.42698,4984.37168,4981.87684,4982.45467,
2026-01-25 20:00:00,4982.40644,4982.66944,4982.31202,4982.42231,
2026-01-25 21:00:00,4982.39379,4987.46218,4981.50215,4982.4403,
2026-01-25 22:00:00,4982.43218,4984.34044,4979.13611,4984.26904,
2026-01-25 23:00:00,4987.35633,5039.18582,4984.24998,5039.16362,
2026-01-26 00:00:00,5039.11443,5052.03552,5032.39161,5040.97896,
2026-01-26 01:00:00,5040.73137,5084.81186,5030.10014,5072.15878,
2026-01-26 02:00:00,5072.154,5091.62984,5069.35565,5081.71534,
2026-01-26 03:00:00,5082.18622,5087.16923,5069.8794,5075.54527,
2026-01-26 04:00:00,5075.6593,5077.50961,5061.84924,5070.05198,
2026-01-26 05:00:00,5070.10478,5076.48058,5052.61166,5074.65009,
2026-01-26 06:00:00,5074.57835,5108.49956,5067.37305,5079.23497,
2026-01-26 07:00:00,5079.13017,5095.96175,5074.25092,5089.79523,
2026-01-26 08:00:00,5089.7835,5097.75166,5080.98506,5082.66828,
2026-01-26 09:00:00,5081.66607,5097.99316,5077.21542,5082.87252,
2026-01-26 10:00:00,5083.13304,5094.6332,5078.99304,5091.15788,
2026-01-26 11:00:00,5091.14377,5092.6228,5080.03963,5091.32139,
2026-01-26 12:00:00,5091.20092,5096.06594,5077.20476,5078.88826,
2026-01-26 13:00:00,5078.94077,5082.49099,5056.00428,5069.24453,
2026-01-26 14:00:00,5069.19316,5095.88715,5056.98222,5095.88715,
2026-01-26 15:00:00,5095.94452,5097.7299,5075.12225,5092.40917,
2026-01-26 16:00:00,5092.30835,5103.11988,5057.611,5089.59918,
2026-01-26 17:00:00,5089.49371,5104.90126,5081.0014,5101.22516,
2026-01-26 18:00:00,5101.24926,5101.65762,5061.33801,5071.3172,
2026-01-26 19:00:00,5070.65724,5071.28384,5013.25524,5029.16284,
2026-01-26 20:00:00,5029.23113,5059.35452,5028.68348,5055.63305,
2026-01-26 21:00:00,5055.54963,5058.30706,4999.05307,5009.71783,
2026-01-26 22:00:00,5009.59361,5011.81077,5009.59361,5011.28973,
2026-01-26 23:00:00,5012.6958,5061.68997,5010.51404,5046.14285,
2026-01-27 00:00:00,5046.60453,5053.07792,5017.52393,5032.17337,
2026-01-27 01:00:00,5032.08854,5074.39709,5022.26726,5060.24849,
2026-01-27 02:00:00,5060.35525,5079.25097,5051.47517,5073.00341,
2026-01-27 03:00:00,5073.05442,5080.08706,5063.23932,5077.45369,
2026-01-27 04:00:00,5077.3057,5077.41567,5061.08803,5067.56479,
2026-01-27 05:00:00,5067.47454,5085.10355,5058.67295,5083.28463,
2026-01-27 06:00:00,5083.31398,5093.78349,5077.64935,5087.08043,
2026-01-27 07:00:00,5086.97287,5102.59816,5082.3029,5087.91951,
2026-01-27 08:00:00,5088.04553,5088.04553,5074.60554,5080.4961,
2026-01-27 09:00:00,5080.43066,5099.37682,5078.85916,5097.80316,
2026-01-27 10:00:00,5097.53552,5097.76506,5082.39828,5086.45632,
2026-01-27 11:00:00,5086.42068,5091.67914,5068.50613,5077.44213,
2026-01-27 12:00:00,5077.51671,5089.9952,5073.1718,5085.28088,
2026-01-27 13:00:00,5084.79433,5092.69521,5068.77254,5079.00987,
2026-01-27 14:00:00,5079.49792,5081.14015,5051.13522,5053.11954,
2026-01-27 15:00:00,5053.17141,5086.58879,5051.56369,5085.97078,
2026-01-27 16:00:00,5085.52939,5102.02246,5084.80094,5088.28103,
2026-01-27 17:00:00,5087.99238,5092.6884,5077.42801,5081.87844,
2026-01-27 18:00:00,5081.6709,5094.47648,5077.81986,5089.81813,
2026-01-27 19:00:00,5089.15368,5099.21389,5081.45786,5099.19537,
2026-01-27 20:00:00,5099.1982,5182.67897,5098.86184,5179.44686,
2026-01-27 21:00:00,5179.32614,5191.00232,5171.98378,5179.36865,
2026-01-27 22:00:00,5179.41053,5181.38382,5173.88812,5176.0899,
2026-01-27 23:00:00,5176.07307,5181.72634,5160.63819,5171.86645,
2026-01-28 00:00:00,5171.76974,5178.97322,5159.49412,5173.37075,
2026-01-28 01:00:00,5173.42244,5222.7889,5171.48282,5208.69516,
2026-01-28 02:00:00,5208.44548,5233.06469,5197.33127,5232.31747,
2026-01-28 03:00:00,5232.19775,5246.42731,5224.33112,5234.88439,
2026-01-28 04:00:00,5234.83781,5249.03656,5232.88509,5246.64342,
2026-01-28 05:00:00,5246.53628,5266.53661,5240.68057,5262.32674,
2026-01-28 06:00:00,5262.26659,5268.55215,5249.74591,5267.1836,
2026-01-28 07:00:00,5267.19361,5291.33209,5262.96797,5290.66409,
2026-01-28 08:00:00,5290.96175,5312.93213,5283.299,5294.2256,
2026-01-28 09:00:00,5293.98986,5295.59076,5264.80903,5277.76216,
2026-01-28 10:00:00,5277.80234,5285.56396,5271.08272,5272.04521,
2026-01-28 11:00:00,5271.66225,5272.0439,5245.93183,5261.51413,
2026-01-28 12:00:00,5261.56075,5278.70229,5253.52645,5276.82547,
2026-01-28 13:00:00,5276.74616,5287.09315,5257.09366,5265.76216,
2026-01-28 14:00:00,5266.08871,5286.7929,5254.18301,5286.7929,
2026-01-28 15:00:00,5286.18384,5296.31763,5249.61746,5278.91001,
2026-01-28 16:00:00,5278.79385,5297.49521,5276.50085,5297.24279,
2026-01-28 17:00:00,5296.83483,5306.9695,5287.21029,5298.93556,
2026-01-28 18:00:00,5298.88428,5325.58875,5270.94374,5279.5804,
2026-01-28 19:00:00,5278.84608,5329.23026,5272.45906,5327.17903,
2026-01-28 20:00:00,5326.98804,5391.27588,5323.99575,5379.83843,
2026-01-28 21:00:00,5378.66251,5417.92458,5378.66251,5416.48558,
2026-01-28 22:00:00,5416.33463,5416.77225,5414.38579,5415.45492,
2026-01-28 23:00:00,5414.39606,5589.6163,5414.39606,5518.91913,
2026-01-29 00:00:00,5521.22799,5524.27401,5467.94679,5514.18369,
2026-01-29 01:00:00,5514.11312,5550.58673,5453.04102,5545.75233,
2026-01-29 02:00:00,5546.04606,5548.36226,5505.45185,5536.41677,
2026-01-29 03:00:00,5536.14063,5549.3974,5514.87479,5546.72951,
2026-01-29 04:00:00,5546.6838,5564.49837,5534.76881,5560.63778,
2026-01-29 05:00:00,5561.13672,5561.96958,5521.64986,5561.96958,
2026-01-29 06:00:00,5562.94534,5597.22988,5558.71375,5559.84977,
2026-01-29 07:00:00,5559.32689,5573.97154,5531.97646,5548.48862,
2026-01-29 08:00:00,5548.57289,5552.89107,5480.87849,5510.871,
2026-01-29 09:00:00,5510.73072,5528.92503,5501.4772,5514.38324,
2026-01-29 10:00:00,5514.12711,5524.66813,5481.81835,5485.90016,
2026-01-29 11:00:00,5485.83678,5527.52244,5474.50772,5522.88201,
2026-01-29 12:00:00,5523.07133,5542.89353,5519.51074,5535.69495,
2026-01-29 13:00:00,5535.85444,5539.17156,5504.78783,5510.97541,
2026-01-29 14:00:00,5510.12161,5547.5297,5499.71206,5504.22959,
2026-01-29 15:00:00,5504.30873,5504.30873,5122.5375,5185.84741,
2026-01-29 16:00:00,5186.17702,5311.54021,5179.3754,5253.75831,
2026-01-29 17:00:00,5251.75738,5373.55647,5251.75738,5331.70622,
2026-01-29 18:00:00,5330.4176,5363.69314,5316.66564,5341.30683,
2026-01-29 19:00:00,5342.27529,5342.27529,5293.19976,5310.53137,
2026-01-29 20:00:00,5308.49315,5401.81295,5286.87041,5395.53372,
2026-01-29 21:00:00,5395.23317,5430.02492,5373.90531,5375.13048,
2026-01-29 22:00:00,5375.30432,5381.28483,5375.1373,5380.23053,
2026-01-29 23:00:00,5377.60689,5445.19697,5377.60689,5438.94578,
2026-01-30 00:00:00,5439.18263,5451.71009,5400.86475,5404.85349,
2026-01-30 01:00:00,5405.6474,5405.6474,5297.74597,5303.60508,
2026-01-30 02:00:00,5303.78684,5314.78612,5128.9908,5218.05926,
2026-01-30 03:00:00,5218.67994,5229.32185,5153.86307,5197.61021,
2026-01-30 04:00:00,5197.23917,5231.13878,5197.23917,5214.99423,
2026-01-30 05:00:00,5215.46014,5240.75811,5177.44369,5184.98703,
2026-01-30 06:00:00,5184.9287,5201.17611,5151.4173,5153.29855,
2026-01-30 07:00:00,5152.79199,5187.06026,5126.99068,5179.87405,
2026-01-30 08:00:00,5180.2238,5180.2238,5065.28465,5110.72046,
2026-01-30 09:00:00,5109.71868,5126.86537,4951.91327,5016.30076,
2026-01-30 10:00:00,5016.9493,5124.79445,5008.19994,5113.23862,
2026-01-30 11:00:00,5113.07665,5147.76221,5085.9152,5134.17214,
2026-01-30 12:00:00,5133.21282,5141.49022,5065.15224,5068.50135,
2026-01-30 13:00:00,5068.70874,5092.6963,4984.69542,5017.17793,
2026-01-30 14:00:00,5016.19697,5114.47868,5016.19697,5032.56803,
2026-01-30 15:00:00,5032.53419,5070.33406,4989.10906,5051.45062,
2026-01-30 16:00:00,5050.97179,5051.41567,4958.47697,4980.3784,
2026-01-30 17:00:00,4980.33786,4981.70186,4806.83885,4832.13075,
2026-01-30 18:00:00,4828.48065,4903.54071,4706.06585,4872.34227,
2026-01-30 19:00:00,4870.6565,4945.23527,4848.20314,4940.66781,
2026-01-30 20:00:00,4943.36462,4943.36462,4829.73898,4847.17553,
2026-01-30 21:00:00,4846.39556,4888.73969,4833.91464,4866.25535,
2026-01-30 22:00:00,4866.57812,4870.58374,4865.27305,4865.47657,
2026-01-30 23:00:00,4865.37034,4865.58233,4865.28279,4865.4488,
2026-01-31 00:00:00,4865.35661,4865.56583,4865.2588,4865.45674,
2026-01-31 01:00:00,4865.36709,4865.60224,4865.2561,4865.43569,
2026-01-31 02:00:00,4865.37178,4865.56765,4865.28015,4865.36883,
2026-01-31 03:00:00,4865.32129,4865.56334,4865.25411,4865.38255,
2026-01-31 04:00:00,4865.3514,4865.56334,4865.27065,4865.36636,
2026-01-31 05:00:00,4865.35377,4865.61224,4865.29026,4865.35679,
2026-01-31 06:00:00,4865.36088,4865.59635,4865.29453,4865.33487,
2026-01-31 07:00:00,4865.35388,4865.57058,4865.27333,4865.32657,
2026-01-31 08:00:00,4865.35636,4865.59592,4865.29034,4865.31838,
2026-01-31 09:00:00,4865.35732,4865.58324,4865.26173,4865.34125,
2026-01-31 10:00:00,4865.37459,4865.59208,4865.26564,4865.32411,
2026-01-31 11:00:00,4865.35568,4865.57582,4865.26604,4865.3609,
2026-01-31 12:00:00,4865.38549,4865.60144,4865.2891,4865.34637,
2026-01-31 13:00:00,4865.35613,4865.56813,4865.29023,4865.36278,
2026-01-31 14:00:00,4865.35613,4865.56813,4865.29023,4865.38128,
2026-01-31 15:00:00,4865.35613,4865.56813,4865.29023,4865.40057,
2026-01-31 16:00:00,4865.35613,4865.56813,4865.29023,4865.4193,
2026-01-31 17:00:00,4865.35613,4865.56813,4865.29025,4865.43617,
2026-01-31 18:00:00,4865.35613,4865.56762,4865.29022,4865.45,
2026-01-31 19:00:00,4865.35613,4865.56813,4865.29022,4865.45982,
2026-01-31 20:00:00,4865.35613,4865.56813,4865.29022,4865.46493,
2026-01-31 21:00:00,4865.35613,4865.56813,4865.29022,4865.465,
2026-01-31 22:00:00,4865.35613,4865.56813,4865.29026,4865.46,
2026-01-31 23:00:00,4865.35613,4865.56813,4865.29026,4865.45029,
2026-02-01 00:00:00,4865.35613,4865.56764,4865.29021,4865.43655,
2026-02-01 01:00:00,4865.35613,4865.56813,4865.29021,4865.41974,
2026-02-01 02:00:00,4865.35613,4865.56813,4865.29021,4865.40104,
2026-02-01 03:00:00,4865.35613,4865.56813,4865.29021,4865.38174,
2026-02-01 04:00:00,4865.35613,4865.56813,4865.2902,4865.36321,
2026-02-01 05:00:00,4865.35613,4865.56813,4865.2902,4865.34673,
2026-02-01 06:00:00,4865.35613,4865.56813,4865.29028,4865.33347,
2026-02-01 07:00:00,4865.35613,4865.56766,4865.2902,4865.32433,
2026-02-01 08:00:00,4865.35613,4865.56813,4865.2902,4865.31997,
2026-02-01 09:00:00,4865.35613,4865.56813,4865.2902,4865.3207,
2026-02-01 10:00:00,4865.35613,4865.56813,4865.2902,4865.32644,
2026-02-01 11:00:00,4865.35613,4865.56813,4865.29019,4865.33682,
2026-02-01 12:00:00,4865.35613,4865.56813,4865.29029,4865.3511,
2026-02-01 13:00:00,4865.35613,4865.56768,4865.29019,4865.36828,
2026-02-01 14:00:00,4865.35613,4865.56813,4865.29019,4865.38716,
2026-02-01 15:00:00,4865.35613,4865.56813,4865.29019,4865.40642,
2026-02-01 16:00:00,4865.35613,4865.56813,4865.29019,4865.42472,
2026-02-01 17:00:00,4865.35613,4865.56813,4865.29018,4865.44078,
2026-02-01 18:00:00,4865.35613,4865.56813,4865.29018,4865.45347,
2026-02-01 19:00:00,4865.35613,4865.59398,4865.28403,4865.45954,
2026-02-01 20:00:00,4865.35405,4865.57082,4865.27457,4865.45602,
2026-02-01 21:00:00,4865.34629,4865.5819,4863.05427,4865.45226,
2026-02-01 22:00:00,4865.34386,4865.6258,4862.50693,4865.5502,
2026-02-01 23:00:00,4875.3627,4875.84344,4693.42718,4744.41692,
2026-02-02 00:00:00,4745.30624,4879.10052,4744.3942,4769.81585,
2026-02-02 01:00:00,4772.21565,4778.32006,4625.43033,4737.78673,
2026-02-02 02:00:00,4737.22795,4773.3476,4703.68088,4706.38966,
2026-02-02 03:00:00,4704.72923,4731.13596,4638.70251,4646.92504,
2026-02-02 04:00:00,4647.29916,4708.33078,4598.20716,4680.59911,
2026-02-02 05:00:00,4679.79911,4694.39975,4504.80601,4553.61534,
2026-02-02 06:00:00,4553.91723,4564.23887,4410.8453,4500.74852,
2026-02-02 07:00:00,4501.07596,4612.10009,4500.74957,4593.38239,
2026-02-02 08:00:00,4593.77757,4657.23508,4564.46448,4639.76657,
2026-02-02 09:00:00,4639.67584,4722.9906,4613.59231,4715.66,
2026-02-02 10:00:00,4715.3269,4728.91651,4661.10174,4707.61389,
2026-02-02 11:00:00,4707.12688,4778.18342,4702.42962,4763.52697,
2026-02-02 12:00:00,4764.8595,4812.44631,4747.49481,4791.56377,
2026-02-02 13:00:00,4790.02542,4805.59722,4671.56682,4707.00009,
2026-02-02 14:00:00,4708.20395,4785.13593,4683.2706,4715.7469,
2026-02-02 15:00:00,4715.59523,4734.80196,4625.53877,4625.53877,
2026-02-02 16:00:00,4626.56995,4699.97043,4605.20706,4663.81461,
2026-02-02 17:00:00,4663.8263,4712.75212,4654.43122,4677.38666,
2026-02-02 18:00:00,4675.76101,4677.3698,4624.70528,4658.45884,
2026-02-02 19:00:00,4657.78178,4709.99379,4633.3622,4687.13788,
2026-02-02 20:00:00,4685.64115,4696.55556,4652.08412,4653.11062,
2026-02-02 21:00:00,4652.5504,4683.5785,4647.23171,4660.06864,
2026-02-02 22:00:00,4660.11331,4661.09947,4660.00737,4660.53161,
2026-02-02 23:00:00,4660.64165,4774.42609,4660.56424,4772.4534,
2026-02-03 00:00:00,4772.338,4836.62705,4766.13466,4779.6815,
2026-02-03 01:00:00,4779.16621,4854.02918,4776.38358,4841.15412,
2026-02-03 02:00:00,4841.03036,4841.16482,4746.45067,4777.65014,
2026-02-03 03:00:00,4776.3703,4813.4036,4752.84352,4809.93917,
2026-02-03 04:00:00,4809.84593,4827.51204,4804.19234,4809.46683,
2026-02-03 05:00:00,4809.60876,4847.25516,4809.48306,4823.04835,
2026-02-03 06:00:00,4823.61649,4893.00332,4811.51813,4882.6832,
2026-02-03 07:00:00,4881.52095,4931.66835,4875.5333,4918.39003,
2026-02-03 08:00:00,4918.26387,4943.55226,4900.59388,4916.43413,
2026-02-03 09:00:00,4916.39478,4925.11397,4885.79942,4915.876,
2026-02-03 10:00:00,4915.87192,4928.66945,4906.17683,4906.17683,
2026-02-03 11:00:00,4907.10398,4916.84154,4879.83837,4914.32335,
2026-02-03 12:00:00,4913.69903,4936.94296,4897.05202,4914.96234,
2026-02-03 13:00:00,4914.9068,4948.74094,4908.32657,4933.07394,
2026-02-03 14:00:00,4934.01776,4934.01776,4895.01338,4917.68789,
2026-02-03 15:00:00,4917.4163,4947.50094,4909.9501,4932.85977,
2026-02-03 16:00:00,4932.79574,4993.13125,4932.79574,4957.14645,
2026-02-03 17:00:00,4956.82321,4968.42597,4912.86134,4935.79117,
2026-02-03 18:00:00,4934.6366,4949.69755,4879.90269,4909.0507,
2026-02-03 19:00:00,4908.15963,4944.96009,4879.40351,4926.47711,
2026-02-03 20:00:00,4926.18518,4960.90416,4906.67906,4943.24389,
2026-02-03 21:00:00,4943.18325,4961.81055,4932.24828,4946.3904,
2026-02-03 22:00:00,4946.24033,4947.33214,4945.68318,4945.86256,
2026-02-03 23:00:00,4946.60523,4972.2359,4911.51237,4947.88399,
2026-02-04 00:00:00,4948.25108,5015.70016,4947.87068,5014.75579,
2026-02-04 01:00:00,5014.07255,5055.24409,5006.08305,5044.59145,
2026-02-04 02:00:00,5044.30736,5068.66314,5036.08041,5042.50816,
2026-02-04 03:00:00,5041.78319,5074.17083,5038.73702,5069.54366,
2026-02-04 04:00:00,5069.45662,5080.39898,5059.29529,5080.21163,
2026-02-04 05:00:00,5080.12584,5089.55376,5072.56963,5079.72668,
2026-02-04 06:00:00,5079.43171,5080.11517,5053.10733,5076.25103,
2026-02-04 07:00:00,5076.11217,5090.97076,5063.74419,5087.86973,
2026-02-04 08:00:00,5087.83013,5090.59261,5071.28856,5083.61744,
2026-02-04 09:00:00,5083.91879,5086.69078,5046.39427,5060.04608,
2026-02-04 10:00:00,5059.96455,5063.96257,5044.05163,5049.4223,
2026-02-04 11:00:00,5049.36913,5052.29473,5017.15369,5048.52803,
2026-02-04 12:00:00,5048.59959,5065.25523,5038.87839,5041.48843,
2026-02-04 13:00:00,5041.15535,5061.91336,5021.45345,5056.77899,
2026-02-04 14:00:00,5056.71179,5056.78866,4961.67043,4986.37608,
2026-02-04 15:00:00,4986.24607,5001.94532,4905.3436,4921.82875,
2026-02-04 16:00:00,4921.82026,4933.11623,4863.23494,4903.1157,
2026-02-04 17:00:00,4902.90703,4925.2151,4892.91639,4900.55743,
2026-02-04 18:00:00,4899.00498,4932.52262,4877.26503,4928.65302,
2026-02-04 19:00:00,4928.86985,4959.18026,4920.29914,4941.50845,
2026-02-04 20:00:00,4941.44978,4949.61401,4918.70715,4938.81636,
2026-02-04 21:00:00,4938.58993,4970.13909,4938.58993,4965.28851,
2026-02-04 22:00:00,4965.19983,4965.38876,4963.86615,4964.19565,
2026-02-04 23:00:00,4963.91646,5024.78529,4963.91646,5010.78829,
2026-02-05 00:00:00,5011.17578,5019.80524,5001.50105,5006.67215,
2026-02-05 01:00:00,5006.83927,5009.54741,4943.19989,4960.89342,
2026-02-05 02:00:00,4960.18993,4960.86861,4815.45153,4816.98238,
2026-02-05 03:00:00,4813.69222,4881.1828,4799.80156,4876.85635,
2026-02-05 04:00:00,4877.99108,4889.62934,4866.80513,4869.69473,
2026-02-05 05:00:00,4869.79835,4905.43282,4836.93992,4891.70618,
2026-02-05 06:00:00,4891.56338,4930.75969,4883.61201,4920.01497,
2026-02-05 07:00:00,4920.28761,4936.03288,4894.40945,4917.16143,
2026-02-05 08:00:00,4916.92828,4944.17513,4905.03309,4914.82628,
2026-02-05 09:00:00,4914.65639,4914.85389,4853.31817,4858.1724,
2026-02-05 10:00:00,4857.55425,4891.35395,4847.54738,4876.85508,
2026-02-05 11:00:00,4876.84516,4893.0484,4865.43793,4868.41526,
2026-02-05 12:00:00,4868.36366,4876.33907,4813.24716,4846.19446,
2026-02-05 13:00:00,4845.04987,4866.17269,4798.77728,4831.18989,
2026-02-05 14:00:00,4831.05684,4866.4074,4805.97137,4847.8856,
2026-02-05 15:00:00,4847.52193,4851.21081,4802.42505,4812.86473,
2026-02-05 16:00:00,4813.42243,4913.09643,4812.71355,4893.1113,
2026-02-05 17:00:00,4893.01715,4893.14459,4860.48229,4867.77479,
2026-02-05 18:00:00,4867.42394,4874.30049,4850.58836,4855.41192,
2026-02-05 19:00:00,4854.83581,4867.19744,4827.57997,4831.82164,
2026-02-05 20:00:00,4830.27158,4844.7768,4796.89474,4810.62553,
2026-02-05 21:00:00,4810.54734,4824.88263,4758.75707,4778.93454,
2026-02-05 22:00:00,4779.19919,4779.51181,4775.14475,4779.51181,
2026-02-05 23:00:00,4779.74338,4785.03373,4702.30329,4704.34443,
2026-02-06 00:00:00,4704.49039,4762.467,4654.91557,4762.467,
2026-02-06 01:00:00,4761.45522,4778.43775,4703.18133,4770.93838,
2026-02-06 02:00:00,4770.80784,4841.76707,4762.70246,4817.29528,
2026-02-06 03:00:00,4817.54587,4839.98832,4799.8981,4825.17997,
2026-02-06 04:00:00,4825.17513,4831.03432,4809.80046,4814.41074,
2026-02-06 05:00:00,4814.82064,4894.9484,4809.20533,4894.9484,
2026-02-06 06:00:00,4894.1679,4899.48713,4827.65729,4842.56512,
2026-02-06 07:00:00,4842.5025,4860.67879,4840.87988,4843.3913,
2026-02-06 08:00:00,4843.04664,4883.22972,4824.43303,4860.76496,
2026-02-06 09:00:00,4861.46291,4870.35703,4836.15404,4867.91053,
2026-02-06 10:00:00,4867.87994,4879.90459,4851.44727,4877.91898,
2026-02-06 11:00:00,4877.57977,4894.84706,4867.96495,4892.7357,
2026-02-06 12:00:00,4893.66083,4903.62301,4874.71489,4900.54157,
2026-02-06 13:00:00,4899.87103,4936.21803,4899.87103,4926.62421,
2026-02-06 14:00:00,4927.1681,4947.33007,4900.09317,4946.44187,
2026-02-06 15:00:00,4946.06309,4960.15145,4933.32671,4941.48424,
2026-02-06 16:00:00,4941.46203,4951.87026,4927.49088,4951.25773,
2026-02-06 17:00:00,4951.10979,4968.31494,4948.90245,4961.75035,
2026-02-06 18:00:00,4961.80188,4972.30477,4949.9841,4961.6587,
2026-02-06 19:00:00,4961.83787,4963.49455,4950.50948,4957.75097,
2026-02-06 20:00:00,4957.64609,4958.07145,4938.91135,4952.88068,
2026-02-06 21:00:00,4952.95371,4964.08055,4943.99049,4962.63337,
2026-02-06 22:00:00,4962.78105,4962.78105,4958.6737,4959.07151,
2026-02-06 23:00:00,4959.02605,4959.25347,4958.96129,4959.05485,
2026-02-07 00:00:00,4959.02806,4959.26106,4958.95637,4959.0279,
2026-02-07 01:00:00,4959.02113,4959.2473,4958.95147,4959.01651,
2026-02-07 02:00:00,4959.02611,4959.24704,4958.96199,4959.00544,
2026-02-07 03:00:00,4959.02866,4959.25454,4958.95736,4959.01339,
2026-02-07 04:00:00,4959.04463,4959.24918,4958.96231,4958.99166,
2026-02-07 05:00:00,4959.02888,4959.24653,4958.96066,4958.99237,
2026-02-07 06:00:00,4959.02895,4959.24645,4958.95427,4958.99584,
2026-02-07 07:00:00,4959.02701,4959.24645,4958.95148,4959.01417,
2026-02-07 08:00:00,4959.03441,4959.25404,4958.95254,4959.01655,
2026-02-07 09:00:00,4959.02067,4959.23745,4958.95148,4959.03185,
2026-02-07 10:00:00,4959.01867,4959.23898,4958.95152,4959.05342,
2026-02-07 11:00:00,4959.02082,4959.23668,4958.95149,4959.07286,
2026-02-07 12:00:00,4959.02113,4959.23978,4958.95152,4959.08934,
2026-02-07 13:00:00,4959.01867,4959.23475,4958.95149,4959.10558,
2026-02-07 14:00:00,4959.01867,4959.23475,4958.95149,4959.11834,
2026-02-07 15:00:00,4959.01867,4959.23475,4958.95149,4959.12674,
2026-02-07 16:00:00,4959.01867,4959.23421,4958.9515,4959.13018,
2026-02-07 17:00:00,4959.01867,4959.23475,4958.95151,4959.12842,
2026-02-07 18:00:00,4959.01867,4959.23475,4958.9515,4959.12159,
2026-02-07 19:00:00,4959.01867,4959.23475,4958.9515,4959.11017,
2026-02-07 20:00:00,4959.01867,4959.23475,4958.9515,4959.09495,
2026-02-07 21:00:00,4959.01867,4959.23475,4958.95151,4959.077,
2026-02-07 22:00:00,4959.01867,4992.12616,4958.9515,4990.77871,
2026-02-07 23:00:00,4990.22389,4999.061757,4979.0039491,4991.66283,
2026-02-08 00:00:00,4992.19799,5001.36338,4985.17216,4995.27762,
2026-02-08 01:00:00,4993.26977,5002.30995,4992.59155,4999.35827,
2026-02-08 02:00:00,5001.55352,5001.55352,4987.97285,4995.66694,
2026-02-08 03:00:00,4997.45011,5003.80416,4993.16757,4998.68846,
2026-02-08 04:00:00,4998.6826,5013.22065,4995.45828,5012.017671,
2026-02-08 05:00:00,5009.040555,5028.17538,5004.82244,5026.022441,
2026-02-08 06:00:00,5023.34793,5027.058927,5008.70486,5023.52347,
2026-02-08 07:00:00,5025.25167,5025.49443,5001.38593,5003.50069,
2026-02-08 08:00:00,5006.061828,5021.81515,5001.97772,5017.89635,
2026-02-08 09:00:00,5017.69717,5018.061113,5001.87461,5007.097061,
2026-02-08 10:00:00,5007.63027,5009.49915,4991.31742,4996.98041,
2026-02-08 11:00:00,4994.91829,5008.4462,4993.95231,5000.041958,
2026-02-08 12:00:00,5002.5653,5013.64245,4999.39986,5007.8306,
2026-02-08 13:00:00,5010.15207,5013.054465,5001.77377,5007.62896,
2026-02-08 14:00:00,5004.11158,5008.84223,4997.20358,5004.41715,
2026-02-08 15:00:00,5004.89834,5010.48011,4996.90679,4999.83102,
2026-02-08 16:00:00,5000.36919,5008.98445,4998.41906,5004.13138,
2026-02-08 17:00:00,5004.47815,5008.55763,5000.073077,5004.51338,
2026-02-08 18:00:00,5007.33542,5009.35075,4999.65614,5004.77471,
2026-02-08 19:00:00,5007.14755,5018.11517,5000.79977,5011.35623,
2026-02-08 20:00:00,5010.62241,5028.10029,5009.34845,5021.054162,
2026-02-08 21:00:00,5018.068604,5026.60118,5014.17414,5024.11018,
2026-02-08 22:00:00,5021.87899,5041.78908,5015.38701,5020.003382,
2026-02-08 23:00:00,5017.95119,5050.78499,4981.15621,5042.50011,
2026-02-09 00:00:00,5045.92925,5054.085029,5022.61246,5029.1983,
2026-02-09 01:00:00,5031.63444,5048.95481,4983.93364,4988.088012,
2026-02-09 02:00:00,4987.86792,5022.084516,4971.92857,5010.21034,
2026-02-09 03:00:00,5011.024105,5035.15268,5010.63036,5024.52719,
2026-02-09 04:00:00,5022.27938,5034.13669,5014.59515,5021.52923,
2026-02-09 05:00:00,5019.22435,5045.89297,5016.91647,5044.7018,
2026-02-09 06:00:00,5042.30071,5052.34396,5024.34397,5040.34973,
2026-02-09 07:00:00,5040.76695,5041.7054,5004.57322,5012.88693,
2026-02-09 08:00:00,5010.36379,5042.79064,5007.083095,5035.91237,
2026-02-09 09:00:00,5033.42762,5044.38143,5013.11706,5017.34946,
2026-02-09 10:00:00,5019.38501,5023.89615,4992.049086,5001.81481,
2026-02-09 11:00:00,5004.68986,5025.52862,4996.94026,5020.57344,
2026-02-09 12:00:00,5021.18551,5031.28714,5016.30468,5022.40145,
2026-02-09 13:00:00,5024.28141,5036.64116,5006.3261,5018.71231,
2026-02-09 14:00:00,5019.18433,5049.097374,5012.42494,5047.82943,
2026-02-09 15:00:00,5044.99254,5071.5227,5029.28911,5067.39375,
2026-02-09 16:00:00,5069.46008,5093.76098,5066.64271,5084.46202,
2026-02-09 17:00:00,5084.084085,5089.62806,5052.95556,5060.19886,
2026-02-09 18:00:00,5059.51789,5076.9125,5055.79967,5076.024379,
2026-02-09 19:00:00,5076.049654,5083.29,5069.21966,5074.62168,
2026-02-09 20:00:00,5074.60676,5083.62011,5073.93274,5080.36988,
2026-02-09 21:00:00,5080.67076,5084.15262,5051.7751,5058.4419,
2026-02-09 22:00:00,5058.39381,5058.97212,5058.39381,5058.65445,
2026-02-09 23:00:00,5058.37479,5072.11515,5002.86032,5032.02045,
2026-02-10 00:00:00,5032.07752,5047.44394,5010.78607,5018.46407,
2026-02-10 01:00:00,5018.7061,5036.03367,5015.94636,5029.50933,
2026-02-10 02:00:00,5030.16674,5053.32037,5029.41547,5040.10242,
2026-02-10 03:00:00,5040.66375,5040.66375,5016.34007,5028.42142,
2026-02-10 04:00:00,5028.13489,5033.39381,5018.43022,5031.5395,
2026-02-10 05:00:00,5031.63125,5042.40718,5013.80091,5039.50037,
2026-02-10 06:00:00,5039.56562,5045.66521,5018.99805,5024.32277,
2026-02-10 07:00:00,5023.9739,5034.8221,5021.15935,5033.87301,
2026-02-10 08:00:00,5034.14024,5053.87685,5029.74037,5041.36486,
2026-02-10 09:00:00,5041.38423,5059.53972,5041.2793,5046.26216,
2026-02-10 10:00:00,5046.52574,5058.23757,5038.69662,5046.6968,
2026-02-10 11:00:00,5046.60016,5056.66351,5045.07396,5055.59999,
2026-02-10 12:00:00,5055.39676,5058.03967,5022.99583,5033.12738,
2026-02-10 13:00:00,5033.10049,5056.86722,5028.62338,5050.62379,
2026-02-10 14:00:00,5050.34713,5077.46195,5031.15697,5040.93586,
2026-02-10 15:00:00,5041.08085,5045.45517,5006.86194,5022.52871,
2026-02-10 16:00:00,5022.75045,5025.6954,5011.45866,5022.904,
2026-02-10 17:00:00,5023.207,5038.48034,5020.52627,5027.41625,
2026-02-10 18:00:00,5027.2778,5027.44218,5004.65571,5014.02123,
2026-02-10 19:00:00,5013.82711,5030.33805,5009.82908,5028.8494,
2026-02-10 20:00:00,5028.88591,5039.96514,5021.08147,5032.08565,
2026-02-10 21:00:00,5031.93243,5032.07726,5021.458,5025.31678,
2026-02-10 22:00:00,5025.22729,5025.91158,5025.12537,5025.36838,
2026-02-10 23:00:00,5025.56254,5052.28292,5025.35567,5041.73823,
2026-02-11 00:00:00,5041.67789,5048.40718,5029.93115,5038.14875,
2026-02-11 01:00:00,5038.45625,5052.32949,5033.69881,5052.32949,
2026-02-11 02:00:00,5052.23531,5057.52342,5032.57341,5053.78357,
2026-02-11 03:00:00,5053.68178,5060.10814,5046.08367,5054.48655,
2026-02-11 04:00:00,5054.20162,5060.66033,5046.74749,5048.11511,
2026-02-11 05:00:00,5047.94623,5063.2675,5043.86891,5052.62253,
2026-02-11 06:00:00,5052.59339,5066.50162,5050.0466,5063.30739,
2026-02-11 07:00:00,5063.31511,5067.91853,5051.32777,5055.70439,
2026-02-11 08:00:00,5055.46001,5060.44802,5047.34547,5054.0798,
2026-02-11 09:00:00,5054.17507,5070.37566,5045.8521,5062.60408,
2026-02-11 10:00:00,5062.30715,5101.21988,5062.30715,5093.08352,
2026-02-11 11:00:00,5092.98508,5115.08244,5083.74681,5111.71968,
2026-02-11 12:00:00,5111.41935,5115.80964,5050.55759,5082.07481,
2026-02-11 13:00:00,5081.74356,5090.07838,5040.97135,5068.52452,
2026-02-11 14:00:00,5069.14117,5079.44312,5040.39684,5061.72111,
2026-02-11 15:00:00,5061.88173,5079.51992,5042.75429,5060.77242,
2026-02-11 16:00:00,5060.81697,5076.84426,5051.10471,5074.78264,
2026-02-11 17:00:00,5074.8887,5096.46176,5070.31046,5091.21624,
2026-02-11 18:00:00,5091.05412,5092.43483,5066.85375,5081.70549,
2026-02-11 19:00:00,5081.67258,5094.06387,5080.6557,5080.6557,
2026-02-11 20:00:00,5080.93854,5089.64846,5078.27525,5087.55535,
2026-02-11 21:00:00,5087.54519,5092.63256,5066.75768,5084.05927,
2026-02-11 22:00:00,5084.08168,5085.12357,5084.08168,5084.69835,
2026-02-11 23:00:00,5084.68757,5101.36263,5061.31567,5063.99813,
2026-02-12 00:00:00,5064.04615,5065.33375,5051.65385,5063.74155,
2026-02-12 01:00:00,5064.10377,5064.10377,5048.94191,5062.18536,
2026-02-12 02:00:00,5062.62195,5071.03323,5055.82132,5065.51794,
2026-02-12 03:00:00,5065.37169,5075.2475,5055.70615,5057.48865,
2026-02-12 04:00:00,5057.50246,5070.08576,5051.46877,5069.61896,
2026-02-12 05:00:00,5069.74641,5077.15099,5065.89986,5073.09087,
2026-02-12 06:00:00,5072.80221,5075.50832,5048.74311,5060.0463,
2026-02-12 07:00:00,5059.93995,5065.31779,5054.46879,5064.51359,
2026-02-12 08:00:00,5064.52448,5073.72986,5054.14343,5069.20633,
2026-02-12 09:00:00,5069.03002,5082.67533,5065.83398,5073.73164,
2026-02-12 10:00:00,5073.55628,5075.53826,5056.80611,5060.93479,
2026-02-12 11:00:00,5061.0137,5068.06049,5059.94853,5064.23255,
2026-02-12 12:00:00,5064.10969,5068.5256,5049.90177,5053.38309,
2026-02-12 13:00:00,5053.36257,5082.39778,5052.5542,5076.38589,
2026-02-12 14:00:00,5076.26474,5076.41285,5041.50366,5042.11551,
2026-02-12 15:00:00,5042.38936,5074.04509,5042.10073,5067.2993,
2026-02-12 16:00:00,5066.35096,5067.26712,4891.22479,4951.57085,
2026-02-12 17:00:00,4951.51807,4978.49988,4943.28422,4943.62055,
2026-02-12 18:00:00,4942.99972,4949.77992,4910.71615,4936.34789,
2026-02-12 19:00:00,4936.31882,4956.84004,4930.77851,4945.1794,
2026-02-12 20:00:00,4944.9452,4947.45349,4913.6585,4915.94965,
2026-02-12 21:00:00,4915.96923,4926.16821,4913.6361,4922.01168,
2026-02-12 22:00:00,4921.91507,4928.59315,4921.60581,4926.42995,
2026-02-12 23:00:00,4925.54295,4926.84501,4892.56375,4918.33888,
2026-02-13 00:00:00,4918.39136,4949.28733,4916.42402,4932.33253,
2026-02-13 01:00:00,4931.83477,4987.68702,4931.83477,4978.97325,
2026-02-13 02:00:00,4978.84732,4989.32637,4972.6736,4987.09747,
2026-02-13 03:00:00,4987.10668,4987.26751,4974.17454,4982.57158,
2026-02-13 04:00:00,4982.63728,4997.13621,4973.85287,4975.33775,
2026-02-13 05:00:00,4975.53194,4985.69143,4947.15671,4948.18221,
2026-02-13 06:00:00,4947.90958,4970.14156,4947.03274,4967.14602,
2026-02-13 07:00:00,4967.45221,4982.24037,4954.24303,4974.73838,
2026-02-13 08:00:00,4974.81152,4988.60001,4973.85792,4982.43991,
2026-02-13 09:00:00,4982.45668,4982.55136,4964.06442,4972.28628,
2026-02-13 10:00:00,4972.75502,4979.00316,4948.70709,4950.97338,
2026-02-13 11:00:00,4950.76047,4955.02517,4934.6717,4952.61446,
2026-02-13 12:00:00,4952.90164,4976.18315,4952.32997,4968.12296,
2026-02-13 13:00:00,4967.93151,4995.89257,4957.52942,4986.17314,
2026-02-13 14:00:00,4986.14955,5009.24608,4972.14082,4996.18228,
2026-02-13 15:00:00,4996.08134,5022.76908,4976.64293,4977.9606,
2026-02-13 16:00:00,4977.93562,5030.01494,4977.93562,5014.62254,
2026-02-13 17:00:00,5014.94902,5025.69047,5007.82512,5019.98551,
2026-02-13 18:00:00,5019.58748,5034.27863,5019.43823,5031.39702,
2026-02-13 19:00:00,5031.42894,5045.31285,5029.89519,5029.89519,
2026-02-13 20:00:00,5029.60512,5034.49758,5023.95409,5032.92036,
2026-02-13 21:00:00,5032.73547,5044.24291,5029.90745,5042.63303,
2026-02-13 22:00:00,5042.49259,5043.34556,5042.49259,5043.23404,
2026-02-13 23:00:00,5043.12629,5043.3381,5043.01781,5043.20897,
2026-02-14 00:00:00,5043.09616,5043.32762,5043.02176,5043.20806,
2026-02-14 01:00:00,5043.09715,5043.33273,5043.02576,5043.2073,
2026-02-14 02:00:00,5043.10186,5043.32789,5043.02992,5043.19146,
2026-02-14 03:00:00,5043.09476,5043.32526,5043.03188,5043.19573,
2026-02-14 04:00:00,5043.11358,5043.33362,5043.02546,5043.17249,
2026-02-14 05:00:00,5043.10765,5043.34014,5043.03306,5043.1344,
2026-02-14 06:00:00,5043.09133,5043.3333,5043.02686,5043.13572,
2026-02-14 07:00:00,5043.11103,5043.328,5043.03031,5043.10816,
2026-02-14 08:00:00,5043.10365,5043.33325,5043.02452,5043.08596,
2026-02-14 09:00:00,5043.09846,5043.33075,5043.02482,5043.08645,
2026-02-14 10:00:00,5043.11103,5043.32784,5043.03263,5043.07482,
2026-02-14 11:00:00,5043.10965,5043.33642,5043.03745,5043.07084,
2026-02-14 12:00:00,5043.10849,5043.31644,5043.02434,5043.05461,
2026-02-14 13:00:00,5043.09069,5043.31033,5043.02224,5043.06143,
2026-02-14 14:00:00,5043.09069,5043.31033,5043.02224,5043.07293,
2026-02-14 15:00:00,5043.09069,5043.31033,5043.02225,5043.08832,
2026-02-14 16:00:00,5043.09069,5043.31024,5043.02225,5043.10653,
2026-02-14 17:00:00,5043.09069,5043.31033,5043.02272,5043.12626,
2026-02-14 18:00:00,5043.09069,5043.31033,5043.02225,5043.14616,
2026-02-14 19:00:00,5043.09069,5043.31034,5043.02225,5043.16482,
2026-02-14 20:00:00,5043.09069,5043.31034,5043.02225,5043.18094,
2026-02-14 21:00:00,5043.09069,5043.31034,5043.02225,5043.1934,
2026-02-14 22:00:00,5043.09069,5043.31196,5043.01514,5043.20132,
2026-02-14 23:00:00,5043.09069,5043.31022,5043.02225,5043.20415,
2026-02-15 00:00:00,5043.09069,5043.31034,5043.02269,5043.2017,
2026-02-15 01:00:00,5043.09069,5043.31034,5043.02225,5043.19412,
2026-02-15 02:00:00,5043.09069,5043.31035,5043.02225,5043.18196,
2026-02-15 03:00:00,5043.09069,5043.31035,5043.02225,5043.16607,
2026-02-15 04:00:00,5043.09069,5043.31035,5043.02225,5043.14754,
2026-02-15 05:00:00,5043.09069,5043.31021,5043.02225,5043.12769,
2026-02-15 06:00:00,5043.09069,5043.31035,5043.02267,5043.10789,
2026-02-15 07:00:00,5043.09069,5043.31035,5043.02225,5043.08954,
2026-02-15 08:00:00,5043.09069,5043.31036,5043.02225,5043.07391,
2026-02-15 09:00:00,5043.09069,5043.31036,5043.02225,5043.0621,
2026-02-15 10:00:00,5043.09069,5043.31036,5043.02225,5043.05493,
2026-02-15 11:00:00,5043.09069,5043.31036,5043.02225,5043.0529,
2026-02-15 12:00:00,5043.09069,5043.31019,5043.02265,5043.05616,
2026-02-15 13:00:00,5043.09069,5043.31036,5043.02225,5043.06448,
2026-02-15 14:00:00,5043.09069,5043.31036,5043.02226,5043.07728,
2026-02-15 15:00:00,5043.09069,5043.31037,5043.02226,5043.09365,
2026-02-15 16:00:00,5043.09069,5043.31037,5043.02226,5043.11247,
2026-02-15 17:00:00,5043.09069,5043.31037,5043.02226,5043.1324,
2026-02-15 18:00:00,5043.09069,5043.31018,5043.02226,5043.15206,
2026-02-15 19:00:00,5043.09069,5043.34381,5043.00674,5043.2085,
2026-02-15 20:00:00,5043.13127,5043.33356,5043.04313,5043.20222,
2026-02-15 21:00:00,5043.10849,5043.33617,5042.62295,5043.21073,
2026-02-15 22:00:00,5043.10572,5043.38757,5042.66991,5043.22779,
2026-02-15 23:00:00,5044.13251,5044.13251,5015.42589,5020.55422,
2026-02-16 00:00:00,5020.81773,5021.30317,5007.09669,5015.56809,
2026-02-16 01:00:00,5015.60234,5031.32799,5008.25342,5028.48334,
2026-02-16 02:00:00,5028.35285,5031.07731,4992.03722,4994.69415,
2026-02-16 03:00:00,4994.77649,4999.50457,4985.76554,4988.80768,
2026-02-16 04:00:00,4988.83577,4991.29735,4973.32522,4976.69895,
2026-02-16 05:00:00,4976.64217,4990.2218,4968.76904,4990.19826,
2026-02-16 06:00:00,4990.28433,5001.91569,4986.0667,4995.1455,
2026-02-16 07:00:00,4995.31477,5009.74092,4990.56211,5007.62982,
2026-02-16 08:00:00,5007.61871,5013.90874,4996.88136,5009.66361,
2026-02-16 09:00:00,5009.63914,5016.57435,5007.92876,5013.8435,
2026-02-16 10:00:00,5013.78323,5017.80731,5001.597,5006.47787,
2026-02-16 11:00:00,5006.42258,5007.3909,4999.00715,5004.47328,
2026-02-16 12:00:00,5004.45811,5006.47547,4993.86292,5000.84001,
2026-02-16 13:00:00,5000.45393,5003.27979,4990.95908,4997.17267,
2026-02-16 14:00:00,4997.07203,4999.08396,4983.01165,4987.74485,
2026-02-16 15:00:00,4987.54403,4987.71028,4971.61455,4980.40031,
2026-02-16 16:00:00,4980.37523,4990.10459,4974.35797,4988.38924,
2026-02-16 17:00:00,4988.42906,4995.57381,4988.4128,4991.48867,
2026-02-16 18:00:00,4991.37037,4997.95104,4989.04425,4994.99913,
2026-02-16 19:00:00,4995.03603,4996.63168,4990.41982,4992.462,
2026-02-16 20:00:00,4992.35719,4992.87902,4992.28521,4992.52273,
2026-02-16 21:00:00,4992.41633,4992.69361,4992.10763,4992.10763,
2026-02-16 22:00:00,4991.93783,4992.71707,4991.93783,4992.53255,
2026-02-16 23:00:00,4992.60096,4999.41567,4987.4217,4989.93804,
2026-02-17 00:00:00,4990.00297,4990.71552,4934.79618,4934.79618,
2026-02-17 01:00:00,4935.51231,4966.57753,4927.47874,4957.99868,
2026-02-17 02:00:00,4957.95741,4970.52441,4956.01187,4966.969,
2026-02-17 03:00:00,4966.8075,4968.90081,4951.08006,4957.40951,
2026-02-17 04:00:00,4957.76156,4960.09834,4946.72375,4953.00082,
2026-02-17 05:00:00,4953.04041,4953.34384,4873.71174,4888.84897,
2026-02-17 06:00:00,4889.13057,4913.26635,4888.8216,4910.46532,
2026-02-17 07:00:00,4910.35346,4921.77326,4904.07912,4916.56841,
2026-02-17 08:00:00,4916.46051,4930.95379,4916.46051,4922.41903,
2026-02-17 09:00:00,4922.3184,4929.97781,4916.24437,4926.47558,
2026-02-17 10:00:00,4926.53957,4944.18333,4910.56534,4913.23267,
2026-02-17 11:00:00,4913.14525,4931.10433,4913.14525,4926.38413,
2026-02-17 12:00:00,4926.98669,4943.24879,4926.35596,4932.22524,
2026-02-17 13:00:00,4932.23722,4932.48324,4875.94287,4875.94287,
2026-02-17 14:00:00,4875.76339,4902.04343,4853.81988,4867.34563,
2026-02-17 15:00:00,4866.17791,4880.96783,4854.3119,4877.36571,
2026-02-17 16:00:00,4877.40339,4890.77287,4869.77347,4869.82172,
2026-02-17 17:00:00,4870.54817,4870.94551,4853.25576,4864.35627,
2026-02-17 18:00:00,4864.13885,4905.88474,4863.38881,4899.50632,
2026-02-17 19:00:00,4899.48962,4900.79963,4879.32112,4881.25215,
2026-02-17 20:00:00,4881.2785,4883.85365,4874.35549,4877.91023,
2026-02-17 21:00:00,4877.64509,4887.06553,4875.6528,4878.23383,
2026-02-17 22:00:00,4878.10323,4879.97874,4878.10323,4879.48056,
2026-02-17 23:00:00,4879.52464,4883.17772,4856.71848,4859.30316,
2026-02-18 00:00:00,4858.92064,4881.17906,4858.92064,4874.60862,
2026-02-18 01:00:00,4874.98982,4892.62381,4874.59825,4889.45668,
2026-02-18 02:00:00,4889.40249,4907.47588,4889.01707,4904.38601,
2026-02-18 03:00:00,4904.14461,4921.42348,4904.14461,4921.02619,
2026-02-18 04:00:00,4920.99417,4939.83297,4919.13451,4933.93156,
2026-02-18 05:00:00,4934.04372,4939.58027,4930.5465,4934.09616,
2026-02-18 06:00:00,4934.05148,4936.60777,4925.62901,4931.74418,
2026-02-18 07:00:00,4931.75803,4940.47034,4929.45756,4929.76913,
2026-02-18 08:00:00,4929.66584,4932.21961,4919.23969,4919.23969,
2026-02-18 09:00:00,4919.22917,4924.90878,4914.19403,4918.47352,
2026-02-18 10:00:00,4918.38011,4924.4506,4911.12754,4914.87526,
2026-02-18 11:00:00,4914.78479,4917.25266,4907.00007,4912.89716,
2026-02-18 12:00:00,4912.73238,4943.49897,4912.73238,4943.49897,
2026-02-18 13:00:00,4942.9152,4968.30926,4942.9152,4953.50821,
2026-02-18 14:00:00,4953.62231,4993.25098,4952.55352,4993.0196,
2026-02-18 15:00:00,4992.95901,5005.66034,4992.73409,4997.04707,
2026-02-18 16:00:00,4996.87667,5008.54216,4992.43592,5000.96147,
2026-02-18 17:00:00,5000.9976,5001.57161,4991.95456,4998.56057,
2026-02-18 18:00:00,4998.59906,5002.4323,4981.50602,4986.21049,
2026-02-18 19:00:00,4986.10441,4995.30436,4972.33491,4980.67537,
2026-02-18 20:00:00,4980.59213,4986.13485,4976.40147,4984.89946,
2026-02-18 21:00:00,4984.95709,4985.86267,4975.94783,4976.90236,
2026-02-18 22:00:00,4976.82052,4977.94432,4976.37488,4977.25685,
2026-02-18 23:00:00,4977.19085,4987.63848,4968.39495,4975.69606,
2026-02-19 00:00:00,4975.99581,4975.99581,4960.9654,4961.397,
2026-02-19 01:00:00,4961.2797,4974.9127,4961.2797,4973.1076,
2026-02-19 02:00:00,4973.04813,4977.49616,4964.7266,4968.28802,
2026-02-19 03:00:00,4968.28459,4982.60964,4966.60623,4982.39445,
2026-02-19 04:00:00,4982.46425,4984.989,4976.71778,4984.30059,
2026-02-19 05:00:00,4984.42111,4997.64895,4984.31345,4997.59072,
2026-02-19 06:00:00,4997.65668,5019.24548,4997.596,5018.51096,
2026-02-19 07:00:00,5018.28699,5021.39962,5009.86802,5010.91346,
2026-02-19 08:00:00,5010.78899,5022.36806,5007.67006,5017.30329,
2026-02-19 09:00:00,5017.23382,5020.52321,4995.71029,4996.55112,
2026-02-19 10:00:00,4996.64766,4996.65802,4983.60079,4992.95479,
2026-02-19 11:00:00,4992.93264,4996.40192,4979.87826,4985.30901,
2026-02-19 12:00:00,4985.23611,4992.35142,4979.27753,4985.33911,
2026-02-19 13:00:00,4985.39138,4997.52621,4975.92188,4997.39575,
2026-02-19 14:00:00,4997.44786,5008.60257,4971.64534,5007.61573,
2026-02-19 15:00:00,5007.48383,5020.85328,5000.08634,5011.25993,
2026-02-19 16:00:00,5011.45948,5014.86401,4994.8194,4995.93107,
2026-02-19 17:00:00,4995.97717,5000.95135,4984.68599,4984.93806,
2026-02-19 18:00:00,4984.9515,4988.58088,4976.2179,4981.50855,
2026-02-19 19:00:00,4981.56811,4989.99562,4979.18167,4987.51618,
2026-02-19 20:00:00,4987.7054,5003.43237,4987.41025,5001.97148,
2026-02-19 21:00:00,5002.03888,5003.84844,4994.14789,4996.15684,
2026-02-19 22:00:00,4996.19979,4996.53102,4995.47095,4995.74245,
2026-02-19 23:00:00,4996.81492,5009.21412,4987.95137,4987.95137,
2026-02-20 00:00:00,4988.28943,5006.13634,4987.42457,5005.40128,
2026-02-20 01:00:00,5006.02728,5015.5066,4994.83779,4997.08319,
2026-02-20 02:00:00,4997.04893,5008.47031,4994.05965,4996.10905,
2026-02-20 03:00:00,4996.08913,4999.03089,4982.65819,4989.65941,
2026-02-20 04:00:00,4989.95837,5001.48266,4986.59719,4999.5509,
2026-02-20 05:00:00,4999.38479,5011.91168,4998.50366,5011.1817,
2026-02-20 06:00:00,5011.08467,5029.55572,5011.08467,5022.03081,
2026-02-20 07:00:00,5022.08671,5027.22081,5007.15693,5007.15693,
2026-02-20 08:00:00,5007.0483,5030.52022,5006.54025,5029.29921,
2026-02-20 09:00:00,5029.3242,5041.00797,5028.21311,5028.91755,
2026-02-20 10:00:00,5028.91569,5038.40557,5022.52165,5034.54871,
2026-02-20 11:00:00,5034.44339,5034.61895,5016.90557,5017.69987,
2026-02-20 12:00:00,5017.76266,5026.10461,5008.42055,5026.10461,
2026-02-20 13:00:00,5026.08423,5047.83958,5016.51146,5044.34853,
2026-02-20 14:00:00,5044.37546,5058.91931,5039.57166,5051.90919,
2026-02-20 15:00:00,5051.61891,5061.87711,4980.29089,5041.69832,
2026-02-20 16:00:00,5041.60254,5066.86473,5041.44954,5066.10164,
2026-02-20 17:00:00,5066.00146,5075.97131,5054.58095,5074.07176,
2026-02-20 18:00:00,5074.12503,5074.17496,5058.80171,5071.36276,
2026-02-20 19:00:00,5071.17315,5079.5811,5070.01631,5079.40187,
2026-02-20 20:00:00,5079.37865,5097.55374,5076.80371,5097.37522,
2026-02-20 21:00:00,5097.39944,5105.22068,5091.68474,5103.73513,
2026-02-20 22:00:00,5103.50244,5103.73699,5098.13128,5098.58331,
2026-02-20 23:00:00,5098.52647,5098.73725,5098.43033,5098.54982,
2026-02-21 00:00:00,5098.5126,5098.74301,5098.43025,5098.5211,
2026-02-21 01:00:00,5098.50568,5098.72488,5098.43029,5098.4943,
2026-02-21 02:00:00,5098.49788,5098.72996,5098.43481,5098.49004,
2026-02-21 03:00:00,5098.50839,5098.73304,5098.42702,5098.47025,
2026-02-21 04:00:00,5098.50024,5098.73281,5098.43156,5098.46912,
2026-02-21 05:00:00,5098.50638,5098.74308,5098.44166,5098.48311,
2026-02-21 06:00:00,5098.52171,5098.73425,5098.43952,5098.4766,
2026-02-21 07:00:00,5098.51137,5098.73708,5098.43728,5098.48756,
2026-02-21 08:00:00,5098.51504,5098.74892,5098.44409,5098.4984,
2026-02-21 09:00:00,5098.5124,5098.73695,5098.43649,5098.51742,
2026-02-21 10:00:00,5098.51486,5098.74629,5098.44671,5098.53413,
2026-02-21 11:00:00,5098.51201,5098.73936,5098.44223,5098.55431,
2026-02-21 12:00:00,5098.5117,5098.73758,5098.43907,5098.5771,
2026-02-21 13:00:00,5098.51348,5098.73553,5098.44477,5098.59512,
2026-02-21 14:00:00,5098.51348,5098.73545,5098.44428,5098.61011,
2026-02-21 15:00:00,5098.51348,5098.73553,5098.44428,5098.62101,
2026-02-21 16:00:00,5098.51348,5098.73552,5098.44428,5098.62707,
2026-02-21 17:00:00,5098.51348,5098.73552,5098.44428,5098.62786,
2026-02-21 18:00:00,5098.51348,5098.73552,5098.44428,5098.62333,
2026-02-21 19:00:00,5098.51348,5098.73552,5098.44479,5098.61379,
2026-02-21 20:00:00,5098.51348,5098.73546,5098.44428,5098.59991,
2026-02-21 21:00:00,5098.51348,5098.73552,5098.44428,5098.58266,
2026-02-21 22:00:00,5098.51348,5098.73551,5098.44428,5098.56325,
2026-02-21 23:00:00,5098.51348,5098.73551,5098.44428,5098.54303,
2026-02-22 00:00:00,5098.51348,5098.73551,5098.44428,5098.52342,
2026-02-22 01:00:00,5098.51348,5098.73551,5098.44428,5098.50579,
2026-02-22 02:00:00,5098.51348,5098.73551,5098.44482,5098.49137,
2026-02-22 03:00:00,5098.51348,5098.73548,5098.44428,5098.48117,
2026-02-22 04:00:00,5098.51348,5098.7355,5098.44428,5098.4759,
2026-02-22 05:00:00,5098.51348,5098.7355,5098.44428,5098.47592,
2026-02-22 06:00:00,5098.51348,5098.7355,5098.44428,5098.48125,
2026-02-22 07:00:00,5098.51348,5098.7355,5098.44428,5098.49151,
2026-02-22 08:00:00,5098.51348,5098.73549,5098.44484,5098.50597,
2026-02-22 09:00:00,5098.51348,5098.73549,5098.44428,5098.52363,
2026-02-22 10:00:00,5098.51348,5098.73549,5098.44428,5098.54326,
2026-02-22 11:00:00,5098.51348,5098.73549,5098.44428,5098.56347,
2026-02-22 12:00:00,5098.51348,5098.7355,5098.44428,5098.58287,
2026-02-22 13:00:00,5098.51348,5098.7355,5098.44428,5098.60008,
2026-02-22 14:00:00,5098.51348,5098.73548,5098.44428,5098.61392,
2026-02-22 15:00:00,5098.51348,5098.7355,5098.44483,5098.62341,
2026-02-22 16:00:00,5098.51348,5098.7355,5098.44428,5098.62788,
2026-02-22 17:00:00,5098.51348,5098.73551,5098.44428,5098.62703,
2026-02-22 18:00:00,5098.51348,5098.73551,5098.44428,5098.62092,
2026-02-22 19:00:00,5098.51348,5098.7344,5098.43388,5098.59632,
2026-02-22 20:00:00,5098.50048,5098.73192,5098.43207,5098.58665,
2026-02-22 21:00:00,5098.50568,5099.40977,5098.42635,5098.57113,
2026-02-22 22:00:00,5098.50828,5104.73787,5098.189,5104.31357,
2026-02-22 23:00:00,5103.99262,5170.04831,5103.99262,5166.85758,
2026-02-23 00:00:00,5165.30204,5166.81945,5132.23054,5145.48265,
2026-02-23 01:00:00,5145.51322,5166.97718,5141.79971,5158.26507,
2026-02-23 02:00:00,5158.2578,5175.85234,5157.97426,5172.6515,
2026-02-23 03:00:00,5172.66969,5176.33935,5153.97293,5167.47706,
2026-02-23 04:00:00,5167.52703,5168.18709,5158.22329,5160.40566,
2026-02-23 05:00:00,5160.42202,5160.95319,5153.13968,5158.2142,
2026-02-23 06:00:00,5158.12614,5161.81537,5146.12524,5146.12524,
2026-02-23 07:00:00,5146.23542,5153.29436,5123.74958,5137.11453,
2026-02-23 08:00:00,5137.10186,5141.83333,5120.90226,5140.68979,
2026-02-23 09:00:00,5140.5656,5149.46011,5139.36525,5147.87166,
2026-02-23 10:00:00,5148.1164,5163.21409,5146.65906,5162.79585,
2026-02-23 11:00:00,5162.84607,5163.18815,5147.159,5150.72559,
2026-02-23 12:00:00,5150.61055,5165.43343,5145.58881,5163.9387,
2026-02-23 13:00:00,5163.82581,5165.37118,5145.11994,5146.43156,
2026-02-23 14:00:00,5146.20215,5199.13453,5145.24804,5190.08386,
2026-02-23 15:00:00,5189.76368,5205.1531,5177.88702,5197.36227,
2026-02-23 16:00:00,5196.81954,5217.26755,5180.70973,5209.98711,
2026-02-23 17:00:00,5209.82961,5213.42793,5193.27466,5207.19401,
2026-02-23 18:00:00,5207.40259,5214.91754,5199.39262,5209.20112,
2026-02-23 19:00:00,5208.98325,5219.46186,5206.97411,5215.65797,
2026-02-23 20:00:00,5215.69065,5237.62294,5215.69065,5236.91932,
2026-02-23 21:00:00,5236.9124,5236.96571,5227.53287,5227.67983,
2026-02-23 22:00:00,5227.80114,5230.15215,5227.45301,5229.22759,
2026-02-23 23:00:00,5229.50757,5250.6274,5224.96873,5237.20446,
2026-02-24 00:00:00,5237.0091,5237.81437,5220.49798,5223.0541,
2026-02-24 01:00:00,5221.74764,5223.02112,5145.57714,5173.54352,
2026-02-24 02:00:00,5173.61147,5191.7775,5165.38337,5189.22753,
2026-02-24 03:00:00,5189.22069,5191.42662,5170.9442,5171.93234,
2026-02-24 04:00:00,5172.25018,5173.72161,5162.2121,5168.49653,
2026-02-24 05:00:00,5168.41761,5186.10726,5164.68812,5182.36519,
2026-02-24 06:00:00,5182.33124,5184.07467,5155.80841,5174.30501,
2026-02-24 07:00:00,5174.35432,5183.94387,5165.14075,5180.64122,
2026-02-24 08:00:00,5180.67816,5182.59057,5165.45203,5174.37949,
2026-02-24 09:00:00,5174.26978,5180.27747,5167.16869,5172.70589,
2026-02-24 10:00:00,5172.67749,5180.44292,5165.02942,5172.59176,
2026-02-24 11:00:00,5172.55081,5177.92502,5171.90584,5173.90109,
2026-02-24 12:00:00,5174.02589,5174.02589,5150.16031,5151.78635,
2026-02-24 13:00:00,5151.61432,5161.16981,5117.72303,5120.49352,
2026-02-24 14:00:00,5120.32823,5137.94915,5100.79752,5129.07564,
2026-02-24 15:00:00,5129.074,5154.59484,5120.40901,5149.59855,
2026-02-24 16:00:00,5149.66081,5151.27328,5130.05124,5140.4777,
2026-02-24 17:00:00,5140.32195,5162.92496,5140.32195,5162.86707,
2026-02-24 18:00:00,5163.0885,5169.18285,5154.01315,5160.62699,
2026-02-24 19:00:00,5160.59309,5160.68858,5146.23385,5154.62888,
2026-02-24 20:00:00,5154.62929,5173.714,5147.27239,5164.08745,
2026-02-24 21:00:00,5164.01511,5164.50432,5142.83804,5143.59515,
2026-02-24 22:00:00,5143.54786,5144.41214,5142.82601,5144.10792,
2026-02-24 23:00:00,5144.16329,5152.83984,5123.07465,5147.41723,
2026-02-25 00:00:00,5147.31284,5155.49131,5139.28993,5154.40462,
2026-02-25 01:00:00,5154.51038,5188.32805,5147.544,5176.49816,
2026-02-25 02:00:00,5176.53336,5192.58,5172.66026,5180.7741,
2026-02-25 03:00:00,5180.46582,5194.01802,5179.44241,5182.98159,
2026-02-25 04:00:00,5182.89515,5184.74879,5174.07407,5183.10986,
2026-02-25 05:00:00,5182.94485,5212.60354,5182.94485,5202.27027,
2026-02-25 06:00:00,5202.28896,5202.34909,5185.28637,5194.32176,
2026-02-25 07:00:00,5194.30624,5194.55909,5182.44475,5184.5777,
2026-02-25 08:00:00,5184.95926,5196.49385,5184.55755,5185.54158,
2026-02-25 09:00:00,5185.79067,5193.72227,5179.51274,5193.0629,
2026-02-25 10:00:00,5193.03682,5194.33299,5171.19992,5175.47495,
2026-02-25 11:00:00,5175.39199,5181.23856,5151.8821,5181.23856,
2026-02-25 12:00:00,5181.16306,5187.27035,5178.09587,5182.07883,
2026-02-25 13:00:00,5182.12054,5190.98493,5182.08742,5186.62231,
2026-02-25 14:00:00,5186.70931,5191.77997,5162.71665,5190.83524,
2026-02-25 15:00:00,5190.54897,5201.21081,5175.02058,5194.99566,
2026-02-25 16:00:00,5194.9467,5212.87151,5190.80526,5212.3414,
2026-02-25 17:00:00,5212.32205,5218.1188,5205.58935,5206.64472,
2026-02-25 18:00:00,5206.70755,5208.54076,5201.06176,5202.0407,
2026-02-25 19:00:00,5202.08588,5207.76098,5193.407,5205.26524,
2026-02-25 20:00:00,5205.15431,5205.65282,5149.345,5151.65716,
2026-02-25 21:00:00,5150.91004,5172.42161,5150.91004,5164.81572,
2026-02-25 22:00:00,5164.90948,5165.53878,5164.543,5165.06593,
2026-02-25 23:00:00,5165.04147,5180.74329,5163.25372,5165.51648,
2026-02-26 00:00:00,5166.00789,5190.81179,5157.27328,5187.94491,
2026-02-26 01:00:00,5188.50526,5199.44857,5179.60623,5192.62515,
2026-02-26 02:00:00,5192.66589,5193.81816,5174.27544,5184.58721,
2026-02-26 03:00:00,5184.57332,5194.20164,5184.27657,5192.70326,
2026-02-26 04:00:00,5192.78072,5197.20263,5190.60439,5192.85063,
2026-02-26 05:00:00,5192.93083,5204.53403,5190.46258,5198.26417,
2026-02-26 06:00:00,5198.19644,5201.31907,5191.57735,5191.83456,
2026-02-26 07:00:00,5192.01754,5194.29016,5179.84749,5187.24655,
2026-02-26 08:00:00,5187.09091,5190.15331,5170.51169,5179.3998,
2026-02-26 09:00:00,5179.3751,5188.73714,5174.89588,5186.79722,
2026-02-26 10:00:00,5186.78465,5190.44804,5166.56278,5169.45331,
2026-02-26 11:00:00,5169.00291,5177.67485,5162.63145,5165.04247,
2026-02-26 12:00:00,5164.8848,5187.80814,5157.8961,5182.75589,
2026-02-26 13:00:00,5182.57687,5184.19848,5165.56114,5170.03868,
2026-02-26 14:00:00,5170.69166,5175.5985,5149.48391,5167.20506,
2026-02-26 15:00:00,5167.05817,5193.99393,5127.32727,5185.15142,
2026-02-26 16:00:00,5185.01731,5185.959,5174.28664,5179.2685,
2026-02-26 17:00:00,5179.02242,5190.40758,5163.03153,5166.511,
2026-02-26 18:00:00,5166.24793,5185.5447,5157.25665,5180.14237,
2026-02-26 19:00:00,5180.00198,5193.62745,5180.00198,5187.84755,
2026-02-26 20:00:00,5187.77974,5200.87671,5187.75891,5196.51678,
2026-02-26 21:00:00,5196.3414,5200.27829,5183.60972,5184.81729,
2026-02-26 22:00:00,5184.67058,5184.88597,5180.88201,5181.09474,
2026-02-26 23:00:00,5180.43546,5188.22245,5178.96406,5184.0266,
2026-02-27 00:00:00,5184.01361,5193.17821,5172.15554,5175.24172,
2026-02-27 01:00:00,5175.06078,5193.44412,5166.01681,5193.0229,
2026-02-27 02:00:00,5192.58012,5198.79784,5172.7047,5183.39029,
2026-02-27 03:00:00,5183.27479,5190.85271,5182.14388,5185.45614,
2026-02-27 04:00:00,5185.42091,5188.95427,5182.82056,5183.04528,
2026-02-27 05:00:00,5183.03038,5200.04491,5181.40244,5199.04643,
2026-02-27 06:00:00,5198.94166,5199.03932,5185.9591,5186.1118,
2026-02-27 07:00:00,5186.11095,5188.63082,5177.37049,5177.81998,
2026-02-27 08:00:00,5177.70987,5181.57909,5174.32815,5178.65588,
2026-02-27 09:00:00,5178.58412,5182.64991,5173.72498,5175.57495,
2026-02-27 10:00:00,5175.64882,5180.23425,5168.6627,5177.75723,
2026-02-27 11:00:00,5177.74329,5185.59252,5172.84557,5185.42855,
2026-02-27 12:00:00,5185.3336,5190.45012,5184.20688,5188.36492,
2026-02-27 13:00:00,5188.4411,5238.8729,5188.36109,5223.64033,
2026-02-27 14:00:00,5223.56321,5234.60816,5215.98332,5224.81055,
2026-02-27 15:00:00,5224.72582,5244.55547,5217.38983,5242.16654,
2026-02-27 16:00:00,5241.52505,5256.86705,5220.54363,5230.59131,
2026-02-27 17:00:00,5230.59102,5236.8829,5226.37342,5234.20513,
2026-02-27 18:00:00,5234.2711,5246.76514,5223.55571,5245.28677,
2026-02-27 19:00:00,5245.36723,5251.04073,5237.69333,5251.01854,
2026-02-27 20:00:00,5250.99881,5264.72865,5249.91264,5263.55662,
2026-02-27 21:00:00,5263.48249,5280.2302,5257.01599,5278.63621,
2026-02-27 22:00:00,5278.57103,5278.60311,5277.81595,5277.92824,
2026-02-27 23:00:00,5277.88597,5278.12485,5277.80983,5277.94651,
2026-02-28 00:00:00,5277.88302,5278.1243,5277.80403,5277.96306,
2026-02-28 01:00:00,5277.88035,5278.12165,5277.80888,5277.97852,
2026-02-28 02:00:00,5277.8804,5278.12647,5277.80326,5278.00118,
2026-02-28 03:00:00,5277.89231,5278.12369,5277.80912,5278.01119,
2026-02-28 04:00:00,5277.89433,5278.12207,5277.80612,5278.0102,
2026-02-28 05:00:00,5277.89108,5278.12191,5277.81168,5277.99501,
2026-02-28 06:00:00,5277.88094,5278.12205,5277.8119,5278.0003,
2026-02-28 07:00:00,5277.89433,5278.12424,5277.81261,5277.97471,
2026-02-28 08:00:00,5277.88319,5278.11886,5277.81181,5277.95405,
2026-02-28 09:00:00,5277.87942,5278.11611,5277.80345,5277.93435,
2026-02-28 10:00:00,5277.8808,5278.11087,5277.80734,5277.92268,
2026-02-28 11:00:00,5277.88876,5278.1209,5277.80701,5277.90197,
2026-02-28 12:00:00,5277.88891,5278.1237,5277.81452,5277.88945,
2026-02-28 13:00:00,5277.89433,5278.1243,5277.82284,5277.87384,
2026-02-28 14:00:00,5277.89433,5278.1243,5277.82284,5277.86242,
2026-02-28 15:00:00,5277.89433,5278.1243,5277.82283,5277.85601,
2026-02-28 16:00:00,5277.89433,5278.1243,5277.82283,5277.85504,
2026-02-28 17:00:00,5277.89433,5278.1243,5277.82286,5277.85959,
2026-02-28 18:00:00,5277.89433,5278.12375,5277.82283,5277.86933,
2026-02-28 19:00:00,5277.89433,5278.1243,5277.82283,5277.88359,
2026-02-28 20:00:00,5277.89433,5278.1243,5277.82282,5277.90136,
2026-02-28 21:00:00,5277.89433,5278.1243,5277.82282,5277.92142,
2026-02-28 22:00:00,5277.89433,5278.1243,5277.82282,5277.93977,
2026-02-28 23:00:00,5277.89155,5278.12152,5277.82005,5277.9601,
2026-03-01 00:00:00,5277.89155,5278.12152,5277.82007,5277.97839,
2026-03-01 01:00:00,5277.89155,5278.12095,5277.82005,5277.99339,
2026-03-01 02:00:00,5277.89155,5278.12152,5277.82005,5278.00403,
2026-03-01 03:00:00,5277.89155,5278.12152,5277.82004,5278.00957,
2026-03-01 04:00:00,5277.89155,5278.12152,5277.82004,5278.00963,
2026-03-01 05:00:00,5277.89155,5278.12152,5277.82004,5278.00421,
2026-03-01 06:00:00,5277.89155,5278.12152,5277.82008,5277.99367,
2026-03-01 07:00:00,5277.89155,5278.12098,5277.82004,5277.97876,
2026-03-01 08:00:00,5277.89155,5278.12152,5277.82003,5277.96052,
2026-03-01 09:00:00,5277.89155,5278.12152,5277.82003,5277.94023,
2026-03-01 10:00:00,5277.89155,5278.12152,5277.82003,5277.9193,
2026-03-01 11:00:00,5277.89155,5278.12152,5277.82003,5277.8992,
2026-03-01 12:00:00,5277.89155,5278.12152,5277.82003,5277.88133,
2026-03-01 13:00:00,5277.89155,5278.12152,5277.8201,5277.86694,
2026-03-01 14:00:00,5277.89155,5278.121,5277.82002,5277.85704,
2026-03-01 15:00:00,5277.89155,5278.12152,5277.82002,5277.85232,
2026-03-01 16:00:00,5277.89155,5278.12152,5277.82002,5277.85311,
2026-03-01 17:00:00,5277.89155,5278.12151,5277.82002,5277.85935,
2026-03-01 18:00:00,5277.89155,5278.12151,5277.82002,5277.87061,
2026-03-01 19:00:00,5277.89155,5278.12724,5277.68405,5277.8835,
2026-03-01 20:00:00,5277.88876,5281.26776,5277.79996,5277.90433,
2026-03-01 21:00:00,5277.89155,5278.1269,5277.81567,5277.92054,
2026-03-01 22:00:00,5277.88597,5278.35864,5277.51333,5278.15143,
2026-03-01 23:00:00,5282.00518,5388.62651,5278.15756,5386.65879,
2026-03-02 00:00:00,5387.25127,5387.25127,5342.68784,5350.41573,
2026-03-02 01:00:00,5351.08213,5351.08213,5305.31064,5326.698,
2026-03-02 02:00:00,5326.44397,5351.48291,5320.52831,5347.64103,
2026-03-02 03:00:00,5347.6263,5366.95251,5346.23985,5366.04365,
2026-03-02 04:00:00,5365.91956,5366.5861,5348.87739,5356.04688,
2026-03-02 05:00:00,5355.96544,5366.28782,5343.043,5365.03553,
2026-03-02 06:00:00,5364.89564,5388.76259,5363.85082,5386.71519,
2026-03-02 07:00:00,5386.90019,5417.76449,5386.02237,5406.78938,
2026-03-02 08:00:00,5406.67182,5417.59559,5393.53539,5394.56775,
2026-03-02 09:00:00,5394.54811,5399.56667,5389.07909,5392.09918,
2026-03-02 10:00:00,5392.09921,5399.88296,5381.27273,5386.50125,
2026-03-02 11:00:00,5386.99334,5398.75945,5378.72487,5383.46468,
2026-03-02 12:00:00,5383.32243,5398.46338,5382.07501,5395.24215,
2026-03-02 13:00:00,5395.45834,5417.2044,5386.46042,5394.55348,
2026-03-02 14:00:00,5394.77794,5394.77794,5295.67361,5333.01624,
2026-03-02 15:00:00,5332.88405,5346.55254,5307.27095,5315.25595,
2026-03-02 16:00:00,5313.43102,5315.23855,5267.50196,5294.02013,
2026-03-02 17:00:00,5293.86044,5319.52659,5290.48875,5308.20196,
2026-03-02 18:00:00,5308.36524,5315.48044,5291.00078,5314.33145,
2026-03-02 19:00:00,5314.46439,5342.30957,5314.20214,5330.94854,
2026-03-02 20:00:00,5330.72524,5346.32049,5329.99133,5333.39028,
2026-03-02 21:00:00,5333.64743,5340.87149,5321.92244,5322.13417,
2026-03-02 22:00:00,5322.13491,5323.33711,5321.49959,5322.94716,
2026-03-02 23:00:00,5324.13461,5347.99613,5322.92038,5346.1562,
2026-03-03 00:00:00,5346.25425,5361.31747,5339.24022,5350.68178,
2026-03-03 01:00:00,5350.57617,5378.90889,5337.44116,5341.16419,
2026-03-03 02:00:00,5341.31779,5370.42741,5337.12835,5367.24439,
2026-03-03 03:00:00,5367.42503,5372.82978,5359.87875,5366.85746,
2026-03-03 04:00:00,5366.76661,5374.93233,5359.34672,5364.37995,
2026-03-03 05:00:00,5364.72945,5366.88683,5306.9278,5317.81092,
2026-03-03 06:00:00,5317.94167,5321.98571,5286.35834,5311.4419,
2026-03-03 07:00:00,5311.50055,5330.03108,5307.10863,5327.1419,
2026-03-03 08:00:00,5327.10566,5335.79115,5294.11778,5296.67949,
2026-03-03 09:00:00,5296.15373,5303.90868,5233.98611,5274.22681,
2026-03-03 10:00:00,5274.25482,5290.06773,5238.64641,5245.32573,
2026-03-03 11:00:00,5246.25849,5261.45017,5073.56798,5149.6461,
2026-03-03 12:00:00,5150.04404,5224.44678,5140.39913,5222.57387,
2026-03-03 13:00:00,5222.77859,5222.77859,5126.54749,5156.44383,
2026-03-03 14:00:00,5156.42905,5171.17417,5011.3677,5056.69433,
2026-03-03 15:00:00,5056.67571,5085.61446,4986.15049,5081.57056,
2026-03-03 16:00:00,5080.70449,5140.04873,5080.70449,5107.77837,
2026-03-03 17:00:00,5107.72846,5107.86412,5069.63193,5080.26745,
2026-03-03 18:00:00,5080.28248,5141.69979,5080.28248,5136.44632,
2026-03-03 19:00:00,5136.4011,5146.21165,5102.15307,5113.42789,
2026-03-03 20:00:00,5113.69812,5129.74524,5089.48136,5097.6272,
2026-03-03 21:00:00,5097.5075,5109.36218,5083.87185,5088.51267,
2026-03-03 22:00:00,5088.49021,5088.73517,5087.43523,5088.51594,
2026-03-03 23:00:00,5086.09019,5131.80567,5086.09019,5124.36911,
2026-03-04 00:00:00,5124.13218,5140.20384,5105.47997,5138.03982,
2026-03-04 01:00:00,5138.7654,5175.684,5137.73514,5173.52464,
2026-03-04 02:00:00,5173.42245,5189.02609,5157.65884,5157.65884,
2026-03-04 03:00:00,5157.58254,5176.09395,5143.86391,5175.06952,
2026-03-04 04:00:00,5174.93761,5177.9999,5155.52768,5156.76903,
2026-03-04 05:00:00,5156.62131,5166.50707,5151.28362,5160.98542,
2026-03-04 06:00:00,5161.43221,5161.43221,5131.27031,5156.98699,
2026-03-04 07:00:00,5157.16819,5174.99473,5157.00809,5170.26469,
2026-03-04 08:00:00,5170.05941,5180.75292,5149.14733,5168.63139,
2026-03-04 09:00:00,5168.65836,5184.98493,5158.61342,5180.21072,
2026-03-04 10:00:00,5180.35604,5200.58209,5180.02116,5191.13952,
2026-03-04 11:00:00,5191.07335,5200.25861,5188.75393,5193.16955,
2026-03-04 12:00:00,5193.11685,5203.82419,5159.06351,5170.42099,
2026-03-04 13:00:00,5170.24946,5197.21964,5170.24946,5173.82068,
2026-03-04 14:00:00,5173.7347,5181.49041,5139.72908,5148.50195,
2026-03-04 15:00:00,5148.49559,5169.15497,5134.58475,5152.33672,
2026-03-04 16:00:00,5152.21917,5162.63362,5138.42724,5149.77841,
2026-03-04 17:00:00,5149.8786,5154.32213,5124.38122,5141.74509,
2026-03-04 18:00:00,5141.66882,5141.93145,5111.92671,5132.79656,
2026-03-04 19:00:00,5132.80178,5138.70028,5125.16592,5136.55908,
2026-03-04 20:00:00,5136.26707,5145.61087,5122.05259,5134.42595,
2026-03-04 21:00:00,5134.17191,5142.18062,5130.04796,5140.82678,
2026-03-04 22:00:00,5140.83943,5141.45213,5140.68297,5140.97506,
2026-03-04 23:00:00,5141.98382,5165.1965,5140.94784,5165.1965,
2026-03-05 00:00:00,5165.28941,5180.00175,5161.10484,5169.85495,
2026-03-05 01:00:00,5170.24575,5185.23507,5169.8333,5174.10185,
2026-03-05 02:00:00,5174.01612,5192.18425,5171.02341,5192.18425,
2026-03-05 03:00:00,5192.05263,5194.57816,5178.96408,5179.04809,
2026-03-05 04:00:00,5179.01361,5185.39697,5167.67689,5171.21271,
2026-03-05 05:00:00,5171.15364,5176.2787,5148.79372,5151.64596,
2026-03-05 06:00:00,5151.18353,5167.46974,5125.93942,5165.70263,
2026-03-05 07:00:00,5166.04114,5173.30564,5158.69406,5161.31487,
2026-03-05 08:00:00,5161.34019,5170.22628,5138.41075,5166.50123,
2026-03-05 09:00:00,5166.53104,5181.26553,5156.74887,5162.49854,
2026-03-05 10:00:00,5162.56897,5166.84004,5148.62993,5166.34806,
2026-03-05 11:00:00,5166.35042,5167.43892,5158.37095,5163.34007,
2026-03-05 12:00:00,5163.35575,5171.66924,5161.66418,5163.33833,
2026-03-05 13:00:00,5163.96598,5163.96598,5095.88087,5115.69927,
2026-03-05 14:00:00,5116.38475,5135.72957,5091.41476,5107.1482,
2026-03-05 15:00:00,5107.58348,5115.19569,5069.19661,5098.64953,
2026-03-05 16:00:00,5098.92804,5104.17268,5057.52436,5076.20482,
2026-03-05 17:00:00,5076.25358,5089.13418,5055.81364,5063.18915,
2026-03-05 18:00:00,5063.16231,5083.9962,5054.59315,5069.89648,
2026-03-05 19:00:00,5069.86418,5079.63914,5058.53077,5065.44602,
2026-03-05 20:00:00,5065.45447,5092.71754,5064.01522,5077.18599,
2026-03-05 21:00:00,5077.30584,5084.67132,5072.04811,5082.31269,
2026-03-05 22:00:00,5082.33349,5084.66499,5082.30724,5084.37748,
2026-03-05 23:00:00,5083.84096,5100.27341,5081.87279,5086.79394,
2026-03-06 00:00:00,5085.43499,5093.31337,5073.11775,5085.13758,
2026-03-06 01:00:00,5085.91364,5144.5519,5072.38392,5135.83004,
2026-03-06 02:00:00,5135.84254,5136.98114,5120.68614,5126.38736,
2026-03-06 03:00:00,5126.22135,5141.07066,5126.22135,5131.46607,
2026-03-06 04:00:00,5131.493,5137.00321,5125.38867,5128.43272,
2026-03-06 05:00:00,5128.54838,5129.58943,5116.094,5116.094,
2026-03-06 06:00:00,5116.13046,5122.65503,5111.16713,5116.43862,
2026-03-06 07:00:00,5116.43376,5121.05831,5107.46076,5119.45376,
2026-03-06 08:00:00,5119.48094,5123.65417,5098.763,5108.87591,
2026-03-06 09:00:00,5108.88238,5108.93322,5080.96081,5085.45551,
2026-03-06 10:00:00,5085.34652,5092.33157,5077.25753,5089.75954,
2026-03-06 11:00:00,5089.56599,5097.1197,5054.73982,5075.99875,
2026-03-06 12:00:00,5075.78623,5097.33497,5075.78623,5084.61862,
2026-03-06 13:00:00,5084.01805,5130.42626,5065.81964,5085.81421,
2026-03-06 14:00:00,5086.22674,5119.02503,5077.68832,5119.02503,
2026-03-06 15:00:00,5118.49146,5171.76359,5118.49146,5145.89214,
2026-03-06 16:00:00,5145.72478,5150.22483,5125.39567,5140.68895,
2026-03-06 17:00:00,5140.53596,5151.38147,5130.79324,5140.06109,
2026-03-06 18:00:00,5140.03223,5166.73737,5139.66628,5162.97122,
2026-03-06 19:00:00,5163.15848,5174.13733,5155.82215,5161.43884,
2026-03-06 20:00:00,5161.28762,5161.44099,5151.19721,5153.29087,
2026-03-06 21:00:00,5153.23437,5173.49951,5153.06427,5171.6658,
2026-03-06 22:00:00,5171.65658,5171.65802,5170.91069,5171.14968,
2026-03-06 23:00:00,5171.06664,5171.29702,5170.99145,5171.16228,
2026-03-07 00:00:00,5171.0641,5171.29647,5170.99653,5171.17591,
2026-03-07 01:00:00,5171.06638,5171.29969,5170.99646,5171.18454,
2026-03-07 02:00:00,5171.06932,5171.29875,5170.99385,5171.18532,
2026-03-07 03:00:00,5171.07024,5171.29725,5171.00168,5171.18345,
2026-03-07 04:00:00,5171.07251,5171.2972,5170.99433,5171.16822,
2026-03-07 05:00:00,5171.06664,5171.29707,5170.99646,5171.15393,
2026-03-07 06:00:00,5171.06716,5171.2944,5170.99926,5171.13942,
2026-03-07 07:00:00,5171.07023,5171.29733,5170.99713,5171.12261,
2026-03-07 08:00:00,5171.07273,5171.29613,5170.99966,5171.1019,
2026-03-07 09:00:00,5171.07199,5171.29609,5170.99615,5171.07934,
2026-03-07 10:00:00,5171.06919,5171.29879,5170.99418,5171.0618,
2026-03-07 11:00:00,5171.06933,5171.296,5170.99562,5171.04965,
2026-03-07 12:00:00,5171.07243,5171.29873,5170.99105,5171.04203,
2026-03-07 13:00:00,5171.07466,5171.29985,5171.00448,5171.03659,
2026-03-07 14:00:00,5171.07466,5171.29986,5171.00448,5171.03653,
2026-03-07 15:00:00,5171.07466,5171.29986,5171.00448,5171.04185,
2026-03-07 16:00:00,5171.07466,5171.29981,5171.00448,5171.05217,
2026-03-07 17:00:00,5171.07466,5171.29986,5171.00501,5171.06677,
2026-03-07 18:00:00,5171.07466,5171.29986,5171.00448,5171.08464,
2026-03-07 19:00:00,5171.07466,5171.29986,5171.00448,5171.10452,
2026-03-07 20:00:00,5171.07466,5171.29987,5171.00448,5171.12503,
2026-03-07 21:00:00,5171.07466,5171.29987,5171.00448,5171.14473,
2026-03-07 22:00:00,5171.07466,5171.2998,5171.00448,5171.15972,
2026-03-07 23:00:00,5171.07199,5171.29714,5171.00181,5171.17378,
2026-03-08 00:00:00,5171.07199,5171.29718,5171.00234,5171.18343,
2026-03-08 01:00:00,5171.07199,5171.29719,5171.00181,5171.18801,
2026-03-08 02:00:00,5171.07199,5171.29719,5171.00181,5171.18718,
2026-03-08 03:00:00,5171.07199,5171.29719,5171.00181,5171.18101,
2026-03-08 04:00:00,5171.07199,5171.29719,5171.00181,5171.16994,
2026-03-08 05:00:00,5171.07199,5171.29713,5171.00181,5171.15472,
2026-03-08 06:00:00,5171.07199,5171.29719,5171.00232,5171.13644,
2026-03-08 07:00:00,5171.07199,5171.2972,5171.00181,5171.11635,
2026-03-08 08:00:00,5171.07199,5171.2972,5171.00181,5171.09588,
2026-03-08 09:00:00,5171.07199,5171.2972,5171.00181,5171.07645,
2026-03-08 10:00:00,5171.07199,5171.2972,5171.00181,5171.05942,
2026-03-08 11:00:00,5171.07199,5171.2972,5171.00181,5171.04598,
2026-03-08 12:00:00,5171.07199,5171.29711,5171.00181,5171.03707,
2026-03-08 13:00:00,5171.07199,5171.29721,5171.00229,5171.03331,
2026-03-08 14:00:00,5171.07199,5171.29721,5171.00181,5171.03497,
2026-03-08 15:00:00,5171.07199,5171.29721,5171.00181,5171.04192,
2026-03-08 16:00:00,5171.07199,5171.29721,5171.00181,5171.05369,
2026-03-08 17:00:00,5171.07199,5171.29721,5171.00181,5171.06945,
2026-03-08 18:00:00,5171.07199,5171.2971,5171.00181,5171.0881,
2026-03-08 19:00:00,5171.07199,5171.28926,5167.45393,5171.09086,
2026-03-08 20:00:00,5171.05327,5171.28234,5170.1315,5171.11617,
2026-03-08 21:00:00,5171.05862,5171.48727,5170.88523,5171.17822,
2026-03-08 22:00:00,5173.68479,5204.69053,5097.45084,5130.03382,
2026-03-08 23:00:00,5129.53349,5134.03461,5041.20332,5075.04294,
2026-03-09 00:00:00,5074.94113,5075.08723,5029.65886,5047.85806,
2026-03-09 01:00:00,5051.03887,5086.08175,5014.43471,5072.06976,
2026-03-09 02:00:00,5071.09264,5096.69279,5059.05774,5096.42455,
2026-03-09 03:00:00,5096.34619,5101.87878,5080.98184,5091.7874,
2026-03-09 04:00:00,5091.75287,5097.98572,5086.26148,5089.7525,
2026-03-09 05:00:00,5089.48719,5141.07971,5080.36932,5124.40387,
2026-03-09 06:00:00,5124.09154,5132.6949,5099.15525,5100.6407,
2026-03-09 07:00:00,5101.4857,5106.57692,5091.26687,5098.78489,
2026-03-09 08:00:00,5098.80043,5111.17249,5088.475,5098.00699,
2026-03-09 09:00:00,5098.21315,5133.80454,5095.43773,5104.37229,
2026-03-09 10:00:00,5104.64236,5110.68197,5087.37477,5090.625,
2026-03-09 11:00:00,5090.47116,5096.53098,5080.17194,5089.3973,
2026-03-09 12:00:00,5089.30828,5111.5297,5089.30828,5095.67267,
2026-03-09 13:00:00,5095.49431,5111.36747,5069.69881,5073.45454,
2026-03-09 14:00:00,5073.50343,5113.40364,5060.43894,5091.94463,
2026-03-09 15:00:00,5091.80447,5102.54131,5080.85866,5100.92943,
2026-03-09 16:00:00,5101.10546,5110.14382,5095.41456,5105.30443,
2026-03-09 17:00:00,5105.25686,5105.65506,5089.07599,5097.18622,
2026-03-09 18:00:00,5097.12786,5125.635,5092.68072,5124.22686,
2026-03-09 19:00:00,5124.04761,5142.25135,5119.96733,5142.17754,
2026-03-09 20:00:00,5141.93524,5149.39028,5135.67938,5138.19107,
2026-03-09 21:00:00,5138.04418,5139.92718,5136.18377,5137.05656,
2026-03-09 22:00:00,5139.06538,5158.55151,5122.45155,5150.62038,
2026-03-09 23:00:00,5151.11944,5156.85521,5137.80637,5140.15766,
2026-03-10 00:00:00,5140.28599,5140.28599,5125.67704,5130.32658,
2026-03-10 01:00:00,5130.15272,5185.061,5128.31869,5183.00703,
2026-03-10 02:00:00,5183.17369,5186.73473,5165.62216,5165.62216,
2026-03-10 03:00:00,5165.74005,5173.47079,5156.50458,5158.18534,
2026-03-10 04:00:00,5158.02822,5166.38483,5155.26987,5163.86854,
2026-03-10 05:00:00,5163.66505,5178.96082,5163.66505,5177.5671,
2026-03-10 06:00:00,5177.4094,5180.6948,5173.21349,5174.81033,
2026-03-10 07:00:00,5174.80326,5179.71572,5158.65193,5179.32274,
2026-03-10 08:00:00,5179.63159,5193.4709,5176.26604,5184.708,
2026-03-10 09:00:00,5184.54315,5189.46692,5181.86089,5184.51244,
2026-03-10 10:00:00,5184.11171,5184.48724,5157.29102,5177.09791,
2026-03-10 11:00:00,5177.10974,5190.88243,5171.45385,5174.13435,
2026-03-10 12:00:00,5174.02072,5189.98785,5163.9106,5183.9191,
2026-03-10 13:00:00,5183.83452,5228.44166,5183.83452,5213.81429,
2026-03-10 14:00:00,5213.84268,5214.25506,5189.19882,5210.44396,
2026-03-10 15:00:00,5210.29196,5237.80436,5206.85312,5228.67579,
2026-03-10 16:00:00,5228.58812,5235.56003,5222.92223,5227.49477,
2026-03-10 17:00:00,5227.63133,5235.06144,5224.98148,5228.50718,
2026-03-10 18:00:00,5228.8561,5228.8561,5171.62924,5193.35804,
2026-03-10 19:00:00,5193.83978,5207.48313,5181.58401,5197.99865,
2026-03-10 20:00:00,5198.01685,5199.49506,5191.58411,5192.27976,
2026-03-10 21:00:00,5192.13145,5193.37153,5191.58784,5192.93336,
2026-03-10 22:00:00,5192.82553,5197.60712,5183.49359,5188.98119,
2026-03-10 23:00:00,5188.81158,5197.20698,5188.31919,5196.7989,
2026-03-11 00:00:00,5196.80909,5218.41032,5186.63268,5217.05966,
2026-03-11 01:00:00,5217.10405,5223.2619,5209.37892,5210.35738,
2026-03-11 02:00:00,5210.59004,5221.77048,5195.9874,5216.74062,
2026-03-11 03:00:00,5216.92339,5220.4143,5199.47549,5203.40712,
2026-03-11 04:00:00,5203.32107,5208.24078,5200.62134,5204.87046,
2026-03-11 05:00:00,5204.76722,5209.33025,5193.98172,5199.69745,
2026-03-11 06:00:00,5199.60279,5210.12923,5193.48106,5198.6529,
2026-03-11 07:00:00,5198.91368,5202.60508,5185.61698,5195.05454,
2026-03-11 08:00:00,5195.09948,5197.89766,5180.67599,5187.66095,
2026-03-11 09:00:00,5187.65968,5196.64742,5181.51115,5188.35176,
2026-03-11 10:00:00,5188.2814,5194.35719,5179.0189,5186.96238,
2026-03-11 11:00:00,5186.93877,5192.65011,5179.19519,5180.16232,
2026-03-11 12:00:00,5180.09988,5195.18839,5171.66529,5173.08809,
2026-03-11 13:00:00,5172.95226,5184.48242,5158.04347,5172.00788,
2026-03-11 14:00:00,5171.93087,5195.14913,5171.93087,5189.34724,
2026-03-11 15:00:00,5189.36893,5190.69488,5166.11552,5170.76361,
2026-03-11 16:00:00,5170.73869,5176.98094,5164.97333,5176.04349,
2026-03-11 17:00:00,5175.93877,5180.23423,5158.72477,5169.39719,
2026-03-11 18:00:00,5169.35559,5178.24117,5169.35559,5172.50087,
2026-03-11 19:00:00,5172.4678,5183.864,5170.27741,5183.31222,
2026-03-11 20:00:00,5183.22388,5183.36366,5174.96801,5176.2569,
2026-03-11 21:00:00,5176.11875,5177.57407,5176.11875,5177.36814,
2026-03-11 22:00:00,5177.67348,5183.76903,5133.22512,5139.82236,
2026-03-11 23:00:00,5139.86805,5156.90907,5133.77936,5135.13191,
2026-03-12 00:00:00,5135.72582,5160.99489,5125.12604,5153.51232,
2026-03-12 01:00:00,5153.32617,5171.97678,5153.32617,5168.28792,
2026-03-12 02:00:00,5168.26555,5175.50881,5146.08043,5151.76435,
2026-03-12 03:00:00,5151.48712,5155.41687,5146.97409,5153.19304,
2026-03-12 04:00:00,5153.16456,5154.20032,5141.68072,5142.70398,
2026-03-12 05:00:00,5142.724,5158.569,5138.11143,5155.74685,
2026-03-12 06:00:00,5155.81806,5170.633,5147.93259,5166.90423,
2026-03-12 07:00:00,5166.9923,5183.50698,5164.65473,5180.93707,
2026-03-12 08:00:00,5180.84795,5186.50469,5176.26032,5178.478,
2026-03-12 09:00:00,5178.24856,5189.79746,5174.42649,5189.21824,
2026-03-12 10:00:00,5189.26285,5191.16983,5178.28922,5182.2137,
2026-03-12 11:00:00,5182.27187,5183.1063,5174.40366,5179.52333,
2026-03-12 12:00:00,5179.44594,5184.55068,5165.69947,5180.49334,
2026-03-12 13:00:00,5180.3778,5185.61521,5146.84603,5150.8318,
2026-03-12 14:00:00,5150.82556,5162.4707,5139.54255,5140.74112,
2026-03-12 15:00:00,5140.73423,5144.4609,5116.75523,5130.51947,
2026-03-12 16:00:00,5130.41693,5139.1876,5123.16529,5123.43588,
2026-03-12 17:00:00,5123.14251,5129.27022,5104.28087,5104.29695,
2026-03-12 18:00:00,5104.05334,5111.88687,5091.47558,5096.70083,
2026-03-12 19:00:00,5097.33212,5097.33212,5081.35272,5083.42129,
2026-03-12 20:00:00,5083.57604,5090.0323,5058.12993,5079.16964,
2026-03-12 21:00:00,5079.20142,5080.4153,5078.98712,5080.05276,
2026-03-12 22:00:00,5079.80126,5095.61455,5076.15693,5095.04972,
2026-03-12 23:00:00,5095.06753,5100.91875,5088.86268,5099.39292,
2026-03-13 00:00:00,5099.09052,5114.62065,5098.0565,5113.01238,
2026-03-13 01:00:00,5113.81812,5121.88801,5110.4263,5121.26772,
2026-03-13 02:00:00,5120.07816,5127.98504,5110.48281,5112.01339,
2026-03-13 03:00:00,5111.91493,5117.46413,5107.58929,5116.28337,
2026-03-13 04:00:00,5116.22301,5117.31723,5102.33351,5104.21328,
2026-03-13 05:00:00,5104.18201,5111.67385,5098.73211,5104.01603,
2026-03-13 06:00:00,5103.96809,5107.07222,5085.68602,5088.26019,
2026-03-13 07:00:00,5087.97248,5094.25111,5072.30721,5084.81543,
2026-03-13 08:00:00,5084.84807,5088.6997,5059.76661,5087.48683,
2026-03-13 09:00:00,5087.46004,5095.97425,5081.52288,5090.14717,
2026-03-13 10:00:00,5089.98023,5097.00697,5082.14416,5095.178,
2026-03-13 11:00:00,5095.14683,5106.28999,5086.28089,5106.28999,
2026-03-13 12:00:00,5106.51081,5123.76336,5105.30363,5117.38999,
2026-03-13 13:00:00,5117.22761,5120.74362,5093.25249,5098.00094274,
2026-03-13 14:00:00,5098.034596,5106.92923,5038.64836,5045.69349,
2026-03-13 15:00:00,5045.90494,5074.25493,5032.13873,5037.24535,
2026-03-13 16:00:00,5040.24159,5055.79141,5024.54769,5051.56007,
2026-03-13 17:00:00,5048.83893,5070.27427,5040.94592,5045.11154,
2026-03-13 18:00:00,5046.019227,5053.70976,5036.09891,5046.50241,
2026-03-13 19:00:00,5047.55141,5052.29214,5003.47363,5020.31894,
2026-03-13 20:00:00,5022.68373,5028.6784,5014.73052,5020.95025,
2026-03-13 21:00:00,5019.2765,5023.43513,5010.37858,5022.23379,
2026-03-13 22:00:00,5019.93262,5028.33165,5016.24565,5019.80139,
2026-03-13 23:00:00,5019.68973,5019.91087,5019.61347,5019.79778,
2026-03-14 00:00:00,5019.69225,5019.90962,5019.60902,5019.78687,
2026-03-14 01:00:00,5019.69426,5019.91086,5019.61163,5019.77197,
2026-03-14 02:00:00,5019.69225,5019.9108,5019.61948,5019.75413,
2026-03-14 03:00:00,5019.69225,5019.91081,5019.62412,5019.7346,
2026-03-14 04:00:00,5019.69225,5019.91086,5019.61923,5019.70626,
2026-03-14 05:00:00,5019.68429,5019.91086,5019.62412,5019.69594,
2026-03-14 06:00:00,5019.69225,5019.91085,5019.62412,5019.67952,
2026-03-14 07:00:00,5019.69225,5019.91085,5019.61861,5019.66661,
2026-03-14 08:00:00,5019.69225,5019.91085,5019.62412,5019.65813,
2026-03-14 09:00:00,5019.69225,5019.91085,5019.61986,5019.65467,
2026-03-14 10:00:00,5019.69225,5019.91082,5019.62412,5019.65647,
2026-03-14 11:00:00,5019.69225,5019.91098,5019.6192,5019.6634,
2026-03-14 12:00:00,5019.69225,5019.91084,5019.61903,5019.67259,
2026-03-14 13:00:00,5019.68973,5019.90834,5019.6216,5019.68804,
2026-03-14 14:00:00,5019.68973,5019.90833,5019.6216,5019.70624,
2026-03-14 15:00:00,5019.68973,5019.90833,5019.62213,5019.72592,
2026-03-14 16:00:00,5019.68973,5019.9083,5019.6216,5019.7457,
2026-03-14 17:00:00,5019.68973,5019.90833,5019.6216,5019.7642,
2026-03-14 18:00:00,5019.68973,5019.90833,5019.6216,5019.78013,
2026-03-14 19:00:00,5019.68973,5019.90833,5019.6216,5019.79237,
2026-03-14 20:00:00,5019.68973,5019.90832,5019.6216,5019.80006,
2026-03-14 21:00:00,5019.68973,5019.90832,5019.6216,5019.80268,
2026-03-14 22:00:00,5019.68973,5019.91032,5019.61458,5019.80003,
2026-03-14 23:00:00,5019.68973,5019.91562,5019.6216,5019.7923,
2026-03-15 00:00:00,5019.68973,5019.90832,5019.6216,5019.78003,
2026-03-15 01:00:00,5019.68973,5019.90832,5019.6216,5019.76409,
2026-03-15 02:00:00,5019.68973,5019.90832,5019.6216,5019.74557,
2026-03-15 03:00:00,5019.68973,5019.90831,5019.6216,5019.72579,
2026-03-15 04:00:00,5019.68973,5019.90832,5019.62215,5019.70611,
2026-03-15 05:00:00,5019.68973,5019.90832,5019.6216,5019.68793,
2026-03-15 06:00:00,5019.68973,5019.90833,5019.6216,5019.6725,
2026-03-15 07:00:00,5019.68973,5019.90833,5019.6216,5019.66091,
2026-03-15 08:00:00,5019.68973,5019.90833,5019.6216,5019.65396,
2026-03-15 09:00:00,5019.68973,5019.90833,5019.6216,5019.65215,
2026-03-15 10:00:00,5019.68973,5019.90829,5019.62213,5019.6556,
2026-03-15 11:00:00,5019.68973,5019.90833,5019.6216,5019.66406,
2026-03-15 12:00:00,5019.68973,5019.90834,5019.6216,5019.67696,
2026-03-15 13:00:00,5019.68973,5019.90834,5019.62161,5019.69337,
2026-03-15 14:00:00,5019.68973,5019.90834,5019.62161,5019.71217,
2026-03-15 15:00:00,5019.68973,5019.90834,5019.62161,5019.73203,
2026-03-15 16:00:00,5019.68973,5019.90828,5019.62161,5019.75156,
2026-03-15 17:00:00,5019.68973,5019.90834,5019.6221,5019.7694,
2026-03-15 18:00:00,5019.68973,5019.90835,5019.62161,5019.78431,
2026-03-15 19:00:00,5019.68973,5032.13817,5018.9006,5019.79532,
2026-03-15 20:00:00,5019.68973,5020.03627,5019.51927,5019.79638,
2026-03-15 21:00:00,5019.68434,5020.00527,5019.24775,5019.56154,
2026-03-15 22:00:00,5016.36983,5027.96979,5001.30247,5025.61706,
2026-03-15 23:00:00,5025.6468,5025.96322,4966.61001,4994.56651,
2026-03-16 00:00:00,4993.1961,5029.71881,4993.1961,5026.7119,
2026-03-16 01:00:00,5026.97795,5026.97795,4985.62786,5014.21087,
2026-03-16 02:00:00,5014.65222,5019.69712,4999.58283,5003.84048,
2026-03-16 03:00:00,5003.8567,5021.31709,4998.47552,5019.09049,
2026-03-16 04:00:00,5019.05363,5025.69416,5013.06807,5013.10399,
2026-03-16 05:00:00,5012.99635,5020.44938,5004.27036,5017.66514,
2026-03-16 06:00:00,5017.65016,5036.81037,5006.67777,5013.49378,
2026-03-16 07:00:00,5013.14437,5015.92811,4993.53592,4994.70081,
2026-03-16 08:00:00,4994.23468,5002.78743,4985.53616,4991.15287,
2026-03-16 09:00:00,4991.01482,4991.25212,4972.27449,4975.72037,
2026-03-16 10:00:00,4975.4831,5000.22874,4971.0511,4998.94805,
2026-03-16 11:00:00,4998.97017,5021.78714,4994.18111,4996.94092,
2026-03-16 12:00:00,4996.85666,5023.95505,4996.39057,5020.15733,
2026-03-16 13:00:00,5020.03335,5033.90991,5015.36563,5028.98183,
2026-03-16 14:00:00,5028.75398,5035.8852,4993.13989,4996.07302,
2026-03-16 15:00:00,4995.59951,5004.59828,4983.55576,4986.11428,
2026-03-16 16:00:00,4986.00372,4998.12857,4975.37054,4990.56074,
2026-03-16 17:00:00,4990.33484,5002.79234,4983.96638,4990.32881,
2026-03-16 18:00:00,4990.04334,5017.36813,4990.04334,5012.97024,
2026-03-16 19:00:00,5013.22347,5025.0575,5007.92412,5012.64443,
2026-03-16 20:00:00,5012.46151,5022.46755,5005.51085,5006.45592,
2026-03-16 21:00:00,5006.47805,5006.89501,5005.08676,5006.72338,
2026-03-16 22:00:00,5006.64823,5015.05586,4998.18229,5001.76115,
2026-03-16 23:00:00,5001.75194,5015.7267,5001.75194,5012.82851,
2026-03-17 00:00:00,5012.69687,5013.09463,4999.19858,5004.39071,
2026-03-17 01:00:00,5005.01467,5027.75754,4998.03231,5027.39076,
2026-03-17 02:00:00,5027.328,5029.00198,5020.64777,5023.39323,
2026-03-17 03:00:00,5023.50774,5032.45446,5021.35797,5027.34567,
2026-03-17 04:00:00,5027.2876,5041.96576,5026.52464,5038.4171,
2026-03-17 05:00:00,5038.4264,5042.92294,5020.00969,5022.29327,
2026-03-17 06:00:00,5022.38486,5022.40501,5002.28554,5010.35864,
2026-03-17 07:00:00,5010.24087,5027.50751,5009.94542,5021.84267,
2026-03-17 08:00:00,5021.74367,5029.37271,5019.78211,5023.29076,
2026-03-17 09:00:00,5023.55313,5027.1215,5010.42844,5011.59264,
2026-03-17 10:00:00,5011.82385,5015.19324,4993.89012,5001.02092,
2026-03-17 11:00:00,5000.9047,5010.69321,4998.41792,5003.73345,
2026-03-17 12:00:00,5003.56301,5022.36196,5000.13577,5012.00544,
2026-03-17 13:00:00,5011.96538,5030.6624,5009.48083,5016.21322,
2026-03-17 14:00:00,5016.21776,5019.82483,5005.43166,5009.07417,
2026-03-17 15:00:00,5008.83262,5017.00302,4978.14194,4997.52267,
2026-03-17 16:00:00,4997.42475,5004.65427,4991.43474,5002.79441,
2026-03-17 17:00:00,5002.75032,5008.21278,4996.03434,5002.00054,
2026-03-17 18:00:00,5002.11322,5008.45844,5000.58539,5003.92323,
2026-03-17 19:00:00,5003.73362,5005.44919,4997.60203,4998.9783,
2026-03-17 20:00:00,4998.63708,5007.10662,4998.63708,5005.92663,
2026-03-17 21:00:00,5005.90211,5006.37925,5005.63696,5006.05792,
2026-03-17 22:00:00,5006.0371,5006.12024,4994.04978,5000.21686,
2026-03-17 23:00:00,5000.00394,5003.66476,4999.17063,5002.8235,
2026-03-18 00:00:00,5002.73999,5013.20038,5000.89034,5004.60712,
2026-03-18 01:00:00,5004.49508,5016.82098,4994.25513,4999.2136,
2026-03-18 02:00:00,4999.23758,5006.62818,4991.43068,4991.47339,
2026-03-18 03:00:00,4991.52647,4997.03576,4989.01333,4991.41449,
2026-03-18 04:00:00,4991.3622,4993.06418,4982.24724,4986.16739,
2026-03-18 05:00:00,4986.30455,5004.16289,4984.94481,4997.1459,
2026-03-18 06:00:00,4997.2971,5015.12179,4997.13249,5009.2387,
2026-03-18 07:00:00,5009.06351,5013.49042,4991.06526,4995.17297,
2026-03-18 08:00:00,4995.11713,4997.51837,4982.22664,4987.93216,
2026-03-18 09:00:00,4987.87152,4995.98537,4985.36766,4992.68811,
2026-03-18 10:00:00,4992.735,4992.78908,4962.01737,4967.25509,
2026-03-18 11:00:00,4967.47967,4973.54425,4928.58183,4928.58183,
2026-03-18 12:00:00,4928.50457,4929.8969,4872.50833,4885.72339,
2026-03-18 13:00:00,4885.7296,4885.8325,4837.58291,4863.21022,
2026-03-18 14:00:00,4862.61227,4894.26272,4856.51982,4868.16714,
2026-03-18 15:00:00,4868.36291,4878.1995,4861.12321,4865.22754,
2026-03-18 16:00:00,4864.95622,4890.56273,4861.42638,4889.39922,
2026-03-18 17:00:00,4889.54451,4899.65344,4883.43636,4890.70648,
2026-03-18 18:00:00,4890.50272,4895.11616,4856.72449,4856.72449,
2026-03-18 19:00:00,4858.32936,4863.23484,4839.88812,4841.92773,
2026-03-18 20:00:00,4842.10656,4846.58236,4807.72183,4818.75011,
2026-03-18 21:00:00,4818.63976,4819.16733,4818.20731,4819.08113,
2026-03-18 22:00:00,4819.85606,4836.11162,4806.58147,4831.51365,
2026-03-18 23:00:00,4831.51476,4841.30749,4828.36353,4836.74246,
2026-03-19 00:00:00,4836.63541,4850.06902,4836.63541,4841.87175,
2026-03-19 01:00:00,4841.48157,4865.26941,4833.81999,4852.34203,
2026-03-19 02:00:00,4852.63284,4862.15639,4841.96077,4857.95352,
2026-03-19 03:00:00,4857.90674,4868.11576,4851.31988,4851.70851,
2026-03-19 04:00:00,4851.75686,4853.62547,4844.63766,4850.10962,
2026-03-19 05:00:00,4850.12156,4853.63582,4828.57653,4828.62849,
2026-03-19 06:00:00,4828.86987,4839.97441,4752.35083,4767.685,
2026-03-19 07:00:00,4767.53964,4783.39991,4733.0501,4733.0501,
2026-03-19 08:00:00,4733.01708,4738.50594,4683.25491,4707.0632,
2026-03-19 09:00:00,4707.63186,4723.4173,4689.06707,4707.89167,
2026-03-19 10:00:00,4707.82942,4716.948,4669.28928,4675.61492,
2026-03-19 11:00:00,4676.31777,4695.56356,4652.75093,4653.50515,
2026-03-19 12:00:00,4653.76852,4653.76852,4526.06731,4574.73414,
2026-03-19 13:00:00,4574.29594,4581.21769,4514.89843,4565.90867,
2026-03-19 14:00:00,4565.78702,4645.81368,4565.78702,4611.67081,
2026-03-19 15:00:00,4611.01079,4633.32012,4570.92572,4577.69052,
2026-03-19 16:00:00,4578.67185,4622.31338,4566.36085,4591.51338,
2026-03-19 17:00:00,4591.59017,4616.06204,4570.03456,4604.82113,
2026-03-19 18:00:00,4605.27263,4626.94544,4598.98983,4607.40242,
2026-03-19 19:00:00,4607.2812,4663.84372,4605.56164,4637.62973,
2026-03-19 20:00:00,4637.58944,4660.68676,4637.55006,4650.55144,
2026-03-19 21:00:00,4650.49729,4652.26131,4647.50656,4649.77036,
2026-03-19 22:00:00,4648.59581,4675.6063,4638.17043,4638.48663,
2026-03-19 23:00:00,4637.81323,4647.2,4636.34182,4643.09895,
2026-03-20 00:00:00,4642.90775,4665.67222,4642.90775,4649.69321,
2026-03-20 01:00:00,4649.00596,4701.1566,4644.65879,4677.89542,
2026-03-20 02:00:00,4677.81021,4704.62257,4673.48433,4698.65331,
2026-03-20 03:00:00,4698.35125,4736.02113,4696.1348,4725.27668,
2026-03-20 04:00:00,4724.98269,4727.77293,4715.93558,4720.93375,
2026-03-20 05:00:00,4720.84937,4723.41934,4685.03767,4688.31564,
2026-03-20 06:00:00,4688.05828,4698.86197,4660.83949,4669.0114,
2026-03-20 07:00:00,4668.86823,4707.70688,4668.86823,4706.42928,
2026-03-20 08:00:00,4706.11131,4733.80964,4687.13146,4692.15722,
2026-03-20 09:00:00,4692.27324,4699.12876,4663.20423,4665.7111,
2026-03-20 10:00:00,4666.04169,4669.30617,4637.02393,4644.16501,
2026-03-20 11:00:00,4644.10037,4673.80904,4639.57256,4671.36593,
2026-03-20 12:00:00,4671.91403,4695.99156,4661.86041,4679.5511,
2026-03-20 13:00:00,4679.64822,4679.64822,4615.0481,4615.0481,
2026-03-20 14:00:00,4614.93329,4619.24031,4552.928,4562.83666,
2026-03-20 15:00:00,4562.26562,4577.23504,4544.73297,4554.81739,
2026-03-20 16:00:00,4554.71506,4615.00986,4554.34975,4583.98384,
2026-03-20 17:00:00,4583.7274,4597.2854,4557.365,4572.79845,
2026-03-20 18:00:00,4573.32547,4578.16887,4475.36646,4495.74023,
2026-03-20 19:00:00,4497.87178,4518.9729,4486.44924,4500.6531,
2026-03-20 20:00:00,4500.48478,4513.49018,4490.7061,4494.78788,
2026-03-20 21:00:00,4494.7615,4497.78467,4494.7615,4497.50016,
2026-03-20 22:00:00,4497.44466,4497.64338,4497.38131,4497.48107,
2026-03-20 23:00:00,4497.4423,4497.64224,4497.37735,4497.4696,
2026-03-21 00:00:00,4497.44854,4497.6435,4497.37722,4497.44611,
2026-03-21 01:00:00,4497.44243,4497.63815,4497.37903,4497.43131,
2026-03-21 02:00:00,4497.44226,4497.64428,4497.3833,4497.42391,
2026-03-21 03:00:00,4497.44621,4497.64611,4497.38365,4497.4203,
2026-03-21 04:00:00,4497.45063,4497.64636,4497.38396,4497.41273,
2026-03-21 05:00:00,4497.44666,4497.64632,4497.37756,4497.41406,
2026-03-21 06:00:00,4497.44635,4497.64412,4497.38156,4497.4162,
2026-03-21 07:00:00,4497.4415,4497.64077,4497.37723,4497.43215,
2026-03-21 08:00:00,4497.44757,4497.64294,4497.38135,4497.44208,
2026-03-21 09:00:00,4497.44321,4497.64,4497.37783,4497.46006,
2026-03-21 10:00:00,4497.44635,4497.64227,4497.37897,4497.47764,
2026-03-21 11:00:00,4497.4461,4497.64226,4497.37787,4497.49175,
2026-03-21 12:00:00,4497.44246,4497.64206,4497.37723,4497.50625,
2026-03-21 13:00:00,4497.44028,4497.63618,4497.37925,4497.52065,
2026-03-21 14:00:00,4497.44028,4497.63618,4497.37925,4497.5318,
2026-03-21 15:00:00,4497.44028,4497.63618,4497.37925,4497.5389,
2026-03-21 16:00:00,4497.44028,4497.63605,4497.37925,4497.54147,
2026-03-21 17:00:00,4497.44028,4497.63618,4497.37962,4497.53932,
2026-03-21 18:00:00,4497.44028,4497.63618,4497.37925,4497.53261,
2026-03-21 19:00:00,4497.44028,4497.63618,4497.37925,4497.5218,
2026-03-21 20:00:00,4497.44028,4497.63619,4497.37925,4497.50765,
2026-03-21 21:00:00,4497.44028,4497.63619,4497.37925,4497.49114,
2026-03-21 22:00:00,4497.44028,4497.63603,4497.3796,4497.4756,
2026-03-21 23:00:00,4497.4423,4497.63822,4497.3816,4497.45794,
2026-03-22 00:00:00,4497.4423,4497.63822,4497.38128,4497.44154,
2026-03-22 01:00:00,4497.4423,4497.63822,4497.38128,4497.42755,
2026-03-22 02:00:00,4497.4423,4497.63822,4497.38128,4497.41695,
2026-03-22 03:00:00,4497.4423,4497.63822,4497.38128,4497.41048,
2026-03-22 04:00:00,4497.4423,4497.63823,4497.38128,4497.4086,
2026-03-22 05:00:00,4497.4423,4497.63802,4497.38159,4497.41143,
2026-03-22 06:00:00,4497.4423,4497.63823,4497.38128,4497.41877,
2026-03-22 07:00:00,4497.4423,4497.63823,4497.38129,4497.43012,
2026-03-22 08:00:00,4497.4423,4497.63823,4497.38129,4497.44468,
2026-03-22 09:00:00,4497.4423,4497.63823,4497.38129,4497.46143,
2026-03-22 10:00:00,4497.4423,4497.63823,4497.38129,4497.47921,
2026-03-22 11:00:00,4497.4423,4497.63801,4497.38129,4497.49676,
2026-03-22 12:00:00,4497.4423,4497.63823,4497.38157,4497.51286,
2026-03-22 13:00:00,4497.4423,4497.63823,4497.38129,4497.52638,
2026-03-22 14:00:00,4497.4423,4497.63823,4497.38129,4497.53639,
2026-03-22 15:00:00,4497.4423,4497.63824,4497.38129,4497.54218,
2026-03-22 16:00:00,4497.4423,4497.63824,4497.38129,4497.54334,
2026-03-22 17:00:00,4497.4423,4497.63799,4497.38129,4497.5398,
2026-03-22 18:00:00,4497.4423,4497.63824,4497.38155,4497.5318,
2026-03-22 19:00:00,4497.4423,4497.6526,4497.38103,4497.51799,
2026-03-22 20:00:00,4497.4395,4497.64346,4497.37289,4497.48042,
2026-03-22 21:00:00,4497.41593,4498.05938,4491.68383,4491.87103,
2026-03-22 22:00:00,4492.14176,4532.22948,4467.97132,4493.61914,
2026-03-22 23:00:00,4493.46672,4513.98289,4453.15934,4466.30836,
2026-03-23 00:00:00,4466.95648,4474.1529,4314.48259,4362.27311,
2026-03-23 01:00:00,4363.73395,4452.63754,4335.17451,4389.31498,
2026-03-23 02:00:00,4389.39992,4418.61088,4357.73774,4363.36358,
2026-03-23 03:00:00,4363.52942,4375.15607,4332.18072,4353.1224,
2026-03-23 04:00:00,4351.3312,4377.53655,4347.9893,4363.38703,
2026-03-23 05:00:00,4362.65562,4382.12082,4305.26908,4311.7518,
2026-03-23 06:00:00,4311.15487,4312.01759,4175.44323,4213.6382,
2026-03-23 07:00:00,4213.80479,4225.58989,4104.81533,4198.4286,
2026-03-23 08:00:00,4196.99652,4269.06395,4196.99652,4249.0299,
2026-03-23 09:00:00,4249.62702,4304.21564,4223.45955,4253.80156,
2026-03-23 10:00:00,4253.87653,4276.78483,4245.57771,4267.72379,
2026-03-23 11:00:00,4268.17589,4448.85164,4267.66815,4374.58054,
2026-03-23 12:00:00,4374.42625,4486.99134,4334.90805,4486.99134,
2026-03-23 13:00:00,4488.72355,4488.72355,4408.44296,4452.15645,
2026-03-23 14:00:00,4453.72711,4509.82105,4452.13133,4467.41317,
2026-03-23 15:00:00,4468.60643,4482.76556,4359.0781,4359.0781,
2026-03-23 16:00:00,4360.82771,4389.97302,4355.75488,4374.31013,
2026-03-23 17:00:00,4375.48397,4435.01952,4373.8951,4425.83513,
2026-03-23 18:00:00,4425.60169,4466.67996,4409.86438,4451.5041,
2026-03-23 19:00:00,4451.30784,4451.50227,4396.11004,4400.00688,
2026-03-23 20:00:00,4399.37578,4412.28165,4381.46293,4407.20499,
2026-03-23 21:00:00,4407.22859,4408.02376,4407.1765,4407.87473,
2026-03-23 22:00:00,4407.23995,4431.62426,4360.13731,4426.79534,
2026-03-23 23:00:00,4426.76897,4448.78875,4424.19984,4439.02525,
2026-03-24 00:00:00,4438.56771,4444.25928,4336.58155,4370.73818,
2026-03-24 01:00:00,4371.13,4371.61617,4316.32707,4325.94681,
2026-03-24 02:00:00,4324.92406,4377.55399,4310.39454,4364.29344,
2026-03-24 03:00:00,4364.25469,4368.57188,4337.99537,4347.01184,
2026-03-24 04:00:00,4346.94243,4356.53985,4326.99265,4334.07902,
2026-03-24 05:00:00,4333.79427,4368.97766,4318.79209,4346.68592,
2026-03-24 06:00:00,4346.72923,4403.03292,4346.69217,4401.09378,
2026-03-24 07:00:00,4399.91165,4430.26501,4399.24721,4419.04027,
2026-03-24 08:00:00,4417.87201,4420.13532,4391.18182,4409.02262,
2026-03-24 09:00:00,4408.44553,4429.67365,4396.44018,4429.67365,
2026-03-24 10:00:00,4430.02343,4440.15932,4416.54989,4438.07118,
2026-03-24 11:00:00,4437.98077,4439.72973,4383.01501,4407.54269,
2026-03-24 12:00:00,4408.07937,4425.48753,4365.57335,4381.02506,
2026-03-24 13:00:00,4381.31085,4386.98172,4355.22999,4376.13809,
2026-03-24 14:00:00,4375.94431,4430.71335,4375.49938,4430.71335,
2026-03-24 15:00:00,4429.4934,4435.21262,4402.2775,4421.8445,
2026-03-24 16:00:00,4421.92186,4429.16016,4405.73265,4420.95074,
2026-03-24 17:00:00,4420.74026,4425.32331,4374.98042,4388.12846,
2026-03-24 18:00:00,4388.18079,4420.25483,4384.75118,4387.17239,
2026-03-24 19:00:00,4386.38171,4410.68862,4386.38171,4399.4287,
2026-03-24 20:00:00,4399.59355,4481.40345,4396.84803,4474.51182,
2026-03-24 21:00:00,4474.54883,4474.77488,4474.25123,4474.60057,
2026-03-24 22:00:00,4474.54421,4487.7283,4457.01456,4482.44907,
2026-03-24 23:00:00,4482.48278,4549.02089,4475.02625,4544.89644,
2026-03-25 00:00:00,4545.08551,4571.38654,4534.67652,4563.65419,
2026-03-25 01:00:00,4563.8568,4600.29708,4556.04369,4596.65435,
2026-03-25 02:00:00,4597.17624,4602.63009,4581.81562,4582.8528,
2026-03-25 03:00:00,4583.14684,4586.16903,4568.76452,4569.28584,
2026-03-25 04:00:00,4569.36714,4575.09411,4566.7968,4572.61504,
2026-03-25 05:00:00,4572.52847,4573.96469,4551.23236,4557.60212,
2026-03-25 06:00:00,4557.58979,4557.64711,4535.63816,4544.92159,
2026-03-25 07:00:00,4544.91142,4563.67062,4537.54451,4539.01629,
2026-03-25 08:00:00,4538.9004,4568.25588,4538.58001,4556.29475,
2026-03-25 09:00:00,4556.20645,4566.58026,4532.34288,4550.44623,
2026-03-25 10:00:00,4550.08961,4563.61008,4550.08961,4559.20445,
2026-03-25 11:00:00,4559.25414,4584.98184,4557.56206,4577.55051,
2026-03-25 12:00:00,4578.13136,4586.24188,4531.60194,4547.12145,
2026-03-25 13:00:00,4547.07277,4575.87674,4541.65645,4546.17188,
2026-03-25 14:00:00,4546.00667,4577.40473,4537.65723,4566.39516,
2026-03-25 15:00:00,4566.42745,4566.48787,4528.40787,4560.76341,
2026-03-25 16:00:00,4560.8839,4563.01731,4546.31736,4555.98941,
2026-03-25 17:00:00,4555.94816,4563.06327,4544.06952,4551.39396,
2026-03-25 18:00:00,4551.2172,4562.69588,4533.30468,4538.46512,
2026-03-25 19:00:00,4538.37704,4538.44149,4490.76269,4531.47513,
2026-03-25 20:00:00,4531.38161,4540.74886,4499.66907,4506.29133,
2026-03-25 21:00:00,4506.22471,4506.88035,4506.02637,4506.62534,
2026-03-25 22:00:00,4507.85593,4536.41685,4506.53447,4517.9929,
2026-03-25 23:00:00,4518.12736,4518.12736,4489.0392,4498.38644,
2026-03-26 00:00:00,4498.24254,4537.8741,4498.24254,4535.01286,
2026-03-26 01:00:00,4534.73179,4546.06827,4524.47849,4534.08475,
2026-03-26 02:00:00,4534.21492,4535.65917,4507.35989,4508.17201,
2026-03-26 03:00:00,4508.12837,4518.15433,4503.22023,4515.73227,
2026-03-26 04:00:00,4515.74698,4524.04796,4512.5317,4520.891,
2026-03-26 05:00:00,4520.81582,4521.45673,4445.38272,4445.38272,
2026-03-26 06:00:00,4445.47305,4458.34655,4418.00769,4455.44522,
2026-03-26 07:00:00,4455.14853,4463.44176,4442.06208,4454.45692,
2026-03-26 08:00:00,4454.3765,4459.7403,4416.64183,4430.24369,
2026-03-26 09:00:00,4430.77575,4433.45334,4416.74086,4421.67604,
2026-03-26 10:00:00,4421.90552,4446.8286,4415.7574,4441.42254,
2026-03-26 11:00:00,4441.05442,4452.3158,4421.96342,4422.61293,
2026-03-26 12:00:00,4422.77131,4444.33539,4420.96394,4431.23755,
2026-03-26 13:00:00,4430.96102,4461.9397,4428.26239,4444.83462,
2026-03-26 14:00:00,4445.69823,4483.21906,4438.32755,4464.40666,
2026-03-26 15:00:00,4464.30741,4466.62963,4435.36777,4437.44462,
2026-03-26 16:00:00,4437.4349,4441.5877,4358.34529,4389.60148,
2026-03-26 17:00:00,4389.56172,4401.20329,4377.42045,4382.08969,
2026-03-26 18:00:00,4381.99254,4397.18152,4371.36544,4394.00289,
2026-03-26 19:00:00,4393.6378,4398.65298,4359.46535,4362.63551,
2026-03-26 20:00:00,4362.52539,4417.81991,4352.84304,4377.53433,
2026-03-26 21:00:00,4377.24518,4380.39646,4377.24518,4380.0676,
2026-03-26 22:00:00,4379.02683,4415.4012,4379.02683,4407.6903,
2026-03-26 23:00:00,4407.4672,4412.21296,4392.18611,4405.11254,
2026-03-27 00:00:00,4405.50569,4410.83046,4378.8413,4379.31558,
2026-03-27 01:00:00,4379.90558,4420.16175,4379.29937,4417.83372,
2026-03-27 02:00:00,4418.05005,4440.1411,4417.74165,4431.61329,
2026-03-27 03:00:00,4431.68322,4442.23073,4421.2939,4437.12173,
2026-03-27 04:00:00,4436.91234,4449.26601,4431.8961,4449.00342,
2026-03-27 05:00:00,4448.73589,4474.51937,4440.16754,4455.542,
2026-03-27 06:00:00,4455.23756,4472.06805,4454.13299,4459.88284,
2026-03-27 07:00:00,4459.96073,4460.90274,4444.76264,4446.78937,
2026-03-27 08:00:00,4446.81999,4447.99283,4425.64262,4425.64262,
2026-03-27 09:00:00,4425.65219,4437.61328,4421.04496,4428.16452,
2026-03-27 10:00:00,4428.24024,4433.61078,4409.75535,4414.8116,
2026-03-27 11:00:00,4414.84743,4425.37501,4406.69004,4416.74924,
2026-03-27 12:00:00,4415.9681,4445.20396,4415.06055,4438.57923,
2026-03-27 13:00:00,4438.24067,4442.5062,4413.46109,4429.82188,
2026-03-27 14:00:00,4429.75924,4512.00577,4429.28644,4512.00577,
2026-03-27 15:00:00,4512.44683,4550.97345,4505.83742,4524.83184,
2026-03-27 16:00:00,4524.86448,4533.14479,4505.95337,4514.43734,
2026-03-27 17:00:00,4514.44992,4518.03913,4485.99521,4487.64827,
2026-03-27 18:00:00,4487.79829,4527.96265,4487.52468,4517.28068,
2026-03-27 19:00:00,4517.2086,4525.01845,4501.41416,4514.84071,
2026-03-27 20:00:00,4514.75649,4514.81293,4492.13517,4494.17866,
2026-03-27 21:00:00,4493.40848,4510.53608,4493.40848,4507.69821,
2026-03-27 22:00:00,4507.70101,4507.89695,4507.6366,4507.70796,
2026-03-27 23:00:00,4507.69644,4507.89837,4507.63226,4507.73142,
2026-03-28 00:00:00,4507.70202,4507.90671,4507.63739,4507.75483,
2026-03-28 01:00:00,4507.70881,4507.90634,4507.64679,4507.7736,
2026-03-28 02:00:00,4507.71059,4507.90677,4507.64866,4507.78857,
2026-03-28 03:00:00,4507.71066,4507.90758,4507.64541,4507.79279,
2026-03-28 04:00:00,4507.70283,4507.90706,4507.63823,4507.80849,
2026-03-28 05:00:00,4507.71066,4507.90236,4507.63864,4507.80791,
2026-03-28 06:00:00,4507.70692,4507.90678,4507.64022,4507.81071,
2026-03-28 07:00:00,4507.71104,4507.90634,4507.63942,4507.80489,
2026-03-28 08:00:00,4507.71268,4507.90562,4507.64097,4507.79482,
2026-03-28 09:00:00,4507.71066,4507.90488,4507.63428,4507.77694,
2026-03-28 10:00:00,4507.7066,4507.90282,4507.63546,4507.76291,
2026-03-28 11:00:00,4507.70863,4507.90883,4507.64749,4507.74083,
2026-03-28 12:00:00,4507.70506,4507.90829,4507.64163,4507.73183,
2026-03-28 13:00:00,4507.7127,4507.90907,4507.65154,4507.71505,
2026-03-28 14:00:00,4507.7127,4507.90907,4507.65154,4507.70046,
2026-03-28 15:00:00,4507.7127,4507.90907,4507.65154,4507.68909,
2026-03-28 16:00:00,4507.7127,4507.90907,4507.65154,4507.68174,
2026-03-28 17:00:00,4507.7127,4507.90907,4507.65184,4507.67891,
2026-03-28 18:00:00,4507.7127,4507.90886,4507.65154,4507.68081,
2026-03-28 19:00:00,4507.7127,4507.90906,4507.65154,4507.6873,
2026-03-28 20:00:00,4507.7127,4507.90906,4507.65154,4507.69793,
2026-03-28 21:00:00,4507.7127,4507.90906,4507.65153,4507.71196,
2026-03-28 22:00:00,4507.7127,4507.90906,4507.65185,4507.68246,
2026-03-28 23:00:00,4507.7127,4507.90906,4507.65185,4507.74611,
2026-03-29 00:00:00,4507.7127,4507.90888,4507.65153,4507.76384,
2026-03-29 01:00:00,4507.7127,4507.90906,4507.65153,4507.78036,
2026-03-29 02:00:00,4507.7127,4507.90906,4507.65153,4507.79452,
2026-03-29 03:00:00,4507.7127,4507.90906,4507.65153,4507.80532,
2026-03-29 04:00:00,4507.7127,4507.90905,4507.65153,4507.812,
2026-03-29 05:00:00,4507.7127,4507.90905,4507.65153,4507.81411,
2026-03-29 06:00:00,4507.7127,4507.90889,4507.65187,4507.81149,
2026-03-29 07:00:00,4507.7127,4507.90905,4507.65153,4507.80433,
2026-03-29 08:00:00,4507.7127,4507.90905,4507.65153,4507.79313,
2026-03-29 09:00:00,4507.7127,4507.90905,4507.65153,4507.77866,
2026-03-29 10:00:00,4507.7127,4507.90905,4507.65153,4507.76195,
2026-03-29 11:00:00,4507.7127,4507.90905,4507.65153,4507.74416,
2026-03-29 12:00:00,4507.7127,4507.90904,4507.65189,4507.72653,
2026-03-29 13:00:00,4507.7127,4507.90891,4507.65153,4507.7103,
2026-03-29 14:00:00,4507.7127,4507.90904,4507.65153,4507.6966,
2026-03-29 15:00:00,4507.7127,4507.90904,4507.65152,4507.68639,
2026-03-29 16:00:00,4507.7127,4507.90904,4507.65152,4507.68038,
2026-03-29 17:00:00,4507.7127,4507.90904,4507.65152,4507.67899,
2026-03-29 18:00:00,4507.7127,4507.89926,4507.63074,4507.67238,
2026-03-29 19:00:00,4507.70215,4507.90824,4507.64066,4507.67826,
2026-03-29 20:00:00,4507.70172,4508.12111,4507.55015,4507.68007,
2026-03-29 21:00:00,4507.69192,4508.29031,4493.14313,4493.74152,
2026-03-29 22:00:00,4495.28766,4513.34994,4469.93202,4483.59519,
2026-03-29 23:00:00,4482.97301,4492.08089,4443.98757,4448.37083,
2026-03-30 00:00:00,4446.69772,4464.61683,4420.32741,4432.35076,
2026-03-30 01:00:00,4433.82387,4478.3707,4431.68403,4469.06875,
2026-03-30 02:00:00,4469.0462,4496.24059,4460.11279,4482.67587,
2026-03-30 03:00:00,4482.60087,4516.0865,4482.18755,4496.60501,
2026-03-30 04:00:00,4496.75146,4499.01546,4486.72112,4497.15176,
2026-03-30 05:00:00,4497.2793,4527.85832,4497.11912,4522.54346,
2026-03-30 06:00:00,4523.105,4552.27562,4516.12936,4532.80792,
2026-03-30 07:00:00,4532.76285,4535.73231,4516.0997,4526.77722,
2026-03-30 08:00:00,4526.75986,4540.83032,4526.11816,4539.82951,
2026-03-30 09:00:00,4539.93187,4539.93187,4524.08597,4531.80536,
2026-03-30 10:00:00,4531.75991,4538.61962,4528.08455,4532.34626,
2026-03-30 11:00:00,4532.36492,4577.29626,4526.49033,4557.71054,
2026-03-30 12:00:00,4557.57596,4577.33468,4548.22435,4570.37325,
2026-03-30 13:00:00,4571.09393,4579.18712,4523.49173,4523.49173,
2026-03-30 14:00:00,4523.4331,4543.17052,4512.59511,4539.4581,
2026-03-30 15:00:00,4539.18361,4556.89238,4523.94962,4548.74607,
2026-03-30 16:00:00,4548.73694,4548.83592,4535.55768,4538.34321,
2026-03-30 17:00:00,4538.06328,4540.82983,4511.57215,4513.50548,
2026-03-30 18:00:00,4512.7946,4523.67816,4498.99942,4501.10489,
2026-03-30 19:00:00,4501.37224,4520.7502,4493.24474,4513.40774,
2026-03-30 20:00:00,4513.5833,4515.99034,4499.93447,4510.8908,
2026-03-30 21:00:00,4510.73835,4511.60016,4510.73835,4511.43424,
2026-03-30 22:00:00,4511.76606,4519.12442,4506.16182,4514.64405,
2026-03-30 23:00:00,4513.50184,4520.18793,4496.30462,4511.55784,
2026-03-31 00:00:00,4511.46592,4547.39809,4486.81893,4545.86061,
2026-03-31 01:00:00,4546.01592,4620.74017,4532.21713,4604.18957,
2026-03-31 02:00:00,4604.22124,4604.23687,4566.83335,4570.41462,
2026-03-31 03:00:00,4570.64285,4578.45011,4549.58428,4556.83736,
2026-03-31 04:00:00,4556.67617,4567.12655,4556.45934,4566.16332,
2026-03-31 05:00:00,4566.30527,4581.53909,4552.27511,4568.3607,
2026-03-31 06:00:00,4568.03002,4568.34425,4554.97675,4557.72802,
2026-03-31 07:00:00,4557.6106,4569.31361,4545.50884,4564.32377,
2026-03-31 08:00:00,4564.10401,4575.21635,4562.04644,4569.09877,
2026-03-31 09:00:00,4568.80671,4571.12397,4549.20936,4554.56787,
2026-03-31 10:00:00,4554.62603,4562.16721,4536.16837,4547.15469,
2026-03-31 11:00:00,4547.36048,4591.88006,4542.86051,4581.57957,
2026-03-31 12:00:00,4581.52634,4594.86964,4570.36116,4575.98198,
2026-03-31 13:00:00,4575.81647,4607.51966,4568.79547,4607.3167,
2026-03-31 14:00:00,4606.81106,4627.84943,4593.18123,4600.54376,
2026-03-31 15:00:00,4600.38305,4623.66025,4600.12624,4611.40288,
2026-03-31 16:00:00,4611.50764,4649.66935,4607.85211,4640.78926,
2026-03-31 17:00:00,4640.50749,4665.94495,4639.22806,4655.44479,
2026-03-31 18:00:00,4655.27449,4671.84089,4655.27449,4667.96492,
2026-03-31 19:00:00,4668.51642,4684.74132,4664.14327,4683.73771,
2026-03-31 20:00:00,4683.78257,4684.65359,4666.74447,4668.12263,
2026-03-31 21:00:00,4667.90257,4672.29771,4667.90257,4671.99052,
2026-03-31 22:00:00,4672.92247,4693.85419,4657.92829,4681.25104,
2026-03-31 23:00:00,4681.35886,4699.30417,4673.75551,4698.71852,
2026-04-01 00:00:00,4699.00259,4721.64809,4694.05545,4710.95346,
2026-04-01 01:00:00,4711.85826,4722.70035,4683.16273,4689.81592,
2026-04-01 02:00:00,4690.18628,4701.17195,4678.2727,4685.46177,
2026-04-01 03:00:00,4685.40553,4692.75927,4679.37447,4681.9154,
2026-04-01 04:00:00,4681.90212,4681.98813,4668.31444,4675.99342,
2026-04-01 05:00:00,4675.81717,4703.93961,4675.26216,4685.53979,
2026-04-01 06:00:00,4685.43504,4732.63739,4683.24924,4731.33132,
2026-04-01 07:00:00,4731.13753,4746.44998,4709.4483,4712.4766,
2026-04-01 08:00:00,4712.45117,4739.30018,4712.45117,4729.98868,
2026-04-01 09:00:00,4730.33128,4730.33128,4713.84554,4722.88831,
2026-04-01 10:00:00,4722.77565,4738.13189,4716.38208,4731.38125,
2026-04-01 11:00:00,4731.29059,4762.15991,4730.17569,4755.65238,
2026-04-01 12:00:00,4755.93031,4755.93031,4724.3409,4725.99643,
2026-04-01 13:00:00,4725.93425,4748.87141,4718.22417,4737.82246,
2026-04-01 14:00:00,4738.19057,4766.73004,4729.91016,4762.65678,
2026-04-01 15:00:00,4762.8843,4788.39096,4759.14045,4786.85294,
2026-04-01 16:00:00,4786.75,4790.83546,4775.38349,4787.61724,
2026-04-01 17:00:00,4787.65165,4792.52135,4775.4713,4775.4713,
2026-04-01 18:00:00,4775.67856,4775.67856,4741.18272,4753.50775,
2026-04-01 19:00:00,4753.45455,4776.30828,4752.99073,4768.03194,
2026-04-01 20:00:00,4767.94778,4770.97448,4756.65865,4758.2884,
2026-04-01 21:00:00,4758.21991,4758.99712,4758.053,4758.76641,
2026-04-01 22:00:00,4758.99594,4780.78357,4752.50154,4776.32823,
2026-04-01 23:00:00,4776.25971,4798.53894,4774.46713,4784.9878,
2026-04-02 00:00:00,4785.28567,4797.88609,4775.52431,4787.26434,
2026-04-02 01:00:00,4785.98037,4787.23646,4662.52874,4695.74723,
2026-04-02 02:00:00,4695.84266,4704.40221,4657.70957,4687.60554,
2026-04-02 03:00:00,4687.584,4699.58253,4676.59002,4678.8651,
2026-04-02 04:00:00,4678.78972,4680.27704,4657.91617,4671.59871,
2026-04-02 05:00:00,4671.94677,4681.03886,4578.52185,4594.05894,
2026-04-02 06:00:00,4594.02337,4606.87959,4555.06888,4598.32264,
2026-04-02 07:00:00,4598.414,4649.81786,4598.12397,4643.68308,
2026-04-02 08:00:00,4643.36053,4647.48296,4618.69914,4619.55176,
2026-04-02 09:00:00,4619.44007,4632.5216,4615.02701,4622.29516,
2026-04-02 10:00:00,4622.4649,4637.2342,4609.79172,4623.77855,
2026-04-02 11:00:00,4624.00547,4629.93256,4595.39299,4600.37948,
2026-04-02 12:00:00,4600.24884,4629.44996,4593.0205,4603.02932,
2026-04-02 13:00:00,4602.50421,4649.81771,4578.73482,4645.49248,
2026-04-02 14:00:00,4645.17082,4696.34804,4633.45227,4688.19613,
2026-04-02 15:00:00,4688.48348,4688.48348,4654.61969,4660.36245,
2026-04-02 16:00:00,4660.23953,4669.94605,4646.68115,4661.93525,
2026-04-02 17:00:00,4661.73585,4667.05529,4645.79477,4648.60403,
2026-04-02 18:00:00,4648.86705,4672.71606,4648.59295,4670.34454,
2026-04-02 19:00:00,4670.46508,4681.46509,4662.05992,4675.33535,
2026-04-02 20:00:00,4675.27835,4676.962,4665.06785,4676.80514,
2026-04-02 21:00:00,4676.78195,4677.0164,4676.11349,4676.50561,
2026-04-02 22:00:00,4676.41981,4676.72301,4676.2618,4676.41608,
2026-04-02 23:00:00,4676.31378,4676.71992,4676.31378,4676.46016,
2026-04-03 00:00:00,4676.3505,4676.70686,4676.18102,4676.63,
2026-04-03 01:00:00,4676.53357,4676.7721,4676.19846,4676.52455,
2026-04-03 02:00:00,4676.42828,4676.67782,4676.02318,4676.55441,
2026-04-03 03:00:00,4676.46178,4676.65946,4676.26338,4676.49595,
2026-04-03 04:00:00,4676.4275,4676.66337,4676.17489,4676.49883,
2026-04-03 05:00:00,4676.42397,4676.65176,4676.16842,4676.49398,
2026-04-03 06:00:00,4676.44646,4676.71748,4676.27769,4676.46629,
2026-04-03 07:00:00,4676.44215,4676.73226,4676.0826,4676.44268,
2026-04-03 08:00:00,4676.42842,4676.71113,4676.14631,4676.28462,
2026-04-03 09:00:00,4676.28655,4676.65294,4676.07847,4676.46882,
2026-04-03 10:00:00,4676.47284,4676.80611,4676.15057,4676.31354,
2026-04-03 11:00:00,4676.35645,4676.75934,4676.06572,4676.27673,
2026-04-03 12:00:00,4676.29205,4676.7003,4676.08868,4676.51391,
2026-04-03 13:00:00,4676.53466,4676.77876,4676.15966,4676.44286,
2026-04-03 14:00:00,4676.49299,4676.76008,4675.89571,4676.43192,
2026-04-03 15:00:00,4676.42183,4676.82277,4676.15439,4676.22859,
2026-04-03 16:00:00,4676.23996,4676.75903,4676.16557,4676.45108,
2026-04-03 17:00:00,4676.45874,4676.85005,4676.11692,4676.46338,
2026-04-03 18:00:00,4676.44229,4676.70506,4676.10944,4676.36085,
2026-04-03 19:00:00,4676.30037,4676.6246,4676.11993,4676.48581,
2026-04-03 20:00:00,4676.42625,4676.82173,4676.0693,4676.49845,
2026-04-03 21:00:00,4676.42199,4676.6317,4676.01177,4676.48636,
2026-04-03 22:00:00,4676.39575,4676.62962,4676.3536,4676.52548,
2026-04-03 23:00:00,4676.42659,4676.63298,4676.36293,4676.53505,
2026-04-04 00:00:00,4676.43074,4676.63445,4676.36729,4676.53559,
2026-04-04 01:00:00,4676.43074,4676.63445,4676.36679,4676.52901,
2026-04-04 02:00:00,4676.42856,4676.63357,4676.36582,4676.52006,
2026-04-04 03:00:00,4676.42856,4676.63357,4676.3651,4676.50948,
2026-04-04 04:00:00,4676.43074,4676.63445,4676.36729,4676.49356,
2026-04-04 05:00:00,4676.43074,4676.63428,4676.36291,4676.47337,
2026-04-04 06:00:00,4676.42856,4676.63444,4676.36511,4676.45467,
2026-04-04 07:00:00,4676.42876,4676.63226,4676.36464,4676.43442,
2026-04-04 08:00:00,4676.42647,4676.63226,4676.36314,4676.42302,
2026-04-04 09:00:00,4676.43074,4676.63226,4676.36242,4676.40776,
2026-04-04 10:00:00,4676.42856,4676.63138,4676.36073,4676.3986,
2026-04-04 11:00:00,4676.42856,4676.63444,4676.3651,4676.39398,
2026-04-04 12:00:00,4676.42856,4676.63226,4676.3651,4676.39423,
2026-04-04 13:00:00,4676.42856,4676.63226,4676.3651,4676.39933,
2026-04-04 14:00:00,4676.42856,4676.63226,4676.3651,4676.40893,
2026-04-04 16:00:00,4676.42856,4676.63211,4676.3651,4676.43866,
2026-04-04 17:00:00,4676.42856,4676.63225,4676.3651,4676.45671,
2026-04-04 18:00:00,4676.42856,4676.63225,4676.36509,4676.47525,
2026-04-04 19:00:00,4676.42856,4676.63225,4676.36509,4676.49298,
2026-04-04 20:00:00,4676.42856,4676.63225,4676.36509,4676.50865,
2026-04-04 21:00:00,4676.42856,4676.63225,4676.36509,4676.52117,
2026-04-04 22:00:00,4676.42856,4676.63224,4676.36549,4676.52967,
2026-04-04 23:00:00,4676.42856,4676.63212,4676.36509,4676.53356,
2026-04-05 00:00:00,4676.42856,4676.63224,4676.36509,4676.53256,
2026-04-05 01:00:00,4676.42856,4676.63224,4676.36509,4676.52673,
2026-04-05 02:00:00,4676.42856,4676.63224,4676.36509,4676.5165,
2026-04-05 03:00:00,4676.42856,4676.63224,4676.36509,4676.50257,
2026-04-05 04:00:00,4676.42856,4676.63224,4676.36551,4676.48592,
2026-04-05 05:00:00,4676.42856,4676.63214,4676.36509,4676.4677,
2026-04-05 06:00:00,4676.42856,4676.63223,4676.36509,4676.44921,
2026-04-05 07:00:00,4676.42856,4676.63223,4676.36509,4676.43172,
2026-04-05 08:00:00,4676.42856,4676.63223,4676.36509,4676.41646,
2026-04-05 09:00:00,4676.42856,4676.63223,4676.36509,4676.4045,
2026-04-05 10:00:00,4676.42856,4676.63223,4676.36509,4676.39668,
2026-04-05 11:00:00,4676.42856,4676.63223,4676.36553,4676.39353,
2026-04-05 12:00:00,4676.42856,4676.63215,4676.36509,4676.39529,
2026-04-05 13:00:00,4676.42856,4676.63222,4676.36509,4676.40182,
2026-04-05 14:00:00,4676.42856,4676.63222,4676.36509,4676.41267,
2026-04-05 15:00:00,4676.42856,4676.63222,4676.36509,4676.42709,
2026-04-05 16:00:00,4676.42856,4676.63222,4676.36509,4676.44406,
2026-04-05 17:00:00,4676.42856,4676.63222,4676.36555,4676.4624,
2026-04-05 18:00:00,4676.42856,4676.63061,4676.35484,4676.47048,
2026-04-05 19:00:00,4676.41762,4676.62351,4676.34757,4676.47657,
2026-04-05 20:00:00,4676.40672,4676.62205,4676.3545,4676.50455,
2026-04-05 21:00:00,4676.41981,4677.90691,4675.17813,4676.6105,
2026-04-05 22:00:00,4672.96579,4676.60972,4618.77136,4645.25008,
2026-04-05 23:00:00,4645.64798,4650.14604,4605.23189,4611.63163,
2026-04-06 00:00:00,4611.27679,4627.98691,4598.01008,4622.81581,
2026-04-06 01:00:00,4622.45254,4642.01102,4621.04578,4626.05678,
2026-04-06 02:00:00,4625.98076,4670.08563,4625.85557,4649.02005,
2026-04-06 03:00:00,4649.0829,4649.0829,4625.00124,4640.72854,
2026-04-06 04:00:00,4640.71134,4659.49956,4640.71134,4659.08867,
2026-04-06 05:00:00,4659.03433,4677.68143,4653.55767,4654.65049,
2026-04-06 06:00:00,4654.9042,4666.10612,4645.96776,4664.22735,
2026-04-06 07:00:00,4663.98795,4686.83755,4645.75503,4685.53983,
2026-04-06 08:00:00,4685.80809,4697.65787,4682.34854,4696.89539,
2026-04-06 09:00:00,4696.70941,4705.73244,4690.82342,4693.89596,
2026-04-06 10:00:00,4693.78952,4697.45773,4686.57628,4689.99521,
2026-04-06 11:00:00,4689.89014,4695.87681,4678.06979,4678.06979,
2026-04-06 12:00:00,4677.72751,4686.42112,4662.03022,4675.25959,
2026-04-06 13:00:00,4675.44663,4683.83495,4662.20477,4679.88576,
2026-04-06 14:00:00,4679.80315,4699.48222,4664.66371,4684.83697,
2026-04-06 15:00:00,4684.41163,4684.83123,4652.70598,4667.64435,
2026-04-06 16:00:00,4667.70266,4672.79419,4658.98575,4659.58661,
2026-04-06 17:00:00,4659.55457,4661.14139,4649.07549,4654.59175,
2026-04-06 18:00:00,4654.53402,4664.05092,4649.58468,4658.49652,
2026-04-06 19:00:00,4658.35862,4659.24886,4644.58843,4655.24746,
2026-04-06 20:00:00,4655.16601,4658.66465,4649.53561,4649.76527,
2026-04-06 21:00:00,4649.66027,4651.14425,4649.63501,4651.01637,
2026-04-06 22:00:00,4650.19211,4669.55525,4650.19211,4658.31112,
2026-04-06 23:00:00,4658.24763,4661.10653,4651.61957,4659.19638,
2026-04-07 00:00:00,4659.1635,4661.63352,4650.54579,4655.58712,
2026-04-07 01:00:00,4654.17559,4662.04737,4620.10067,4625.79459,
2026-04-07 02:00:00,4625.63001,4653.47175,4620.33377,4650.10431,
2026-04-07 03:00:00,4650.12057,4653.19215,4641.13084,4649.3364,
2026-04-07 04:00:00,4649.33785,4662.51561,4646.02704,4660.53754,
2026-04-07 05:00:00,4660.58305,4660.87568,4626.72351,4642.44041,
2026-04-07 06:00:00,4642.59312,4656.27792,4639.43862,4653.78526,
2026-04-07 07:00:00,4653.79038,4654.78943,4635.82055,4645.57381,
2026-04-07 08:00:00,4645.61213,4688.81099,4645.53679,4684.48364,
2026-04-07 09:00:00,4684.48379,4694.57777,4659.80221,4672.13458,
2026-04-07 10:00:00,4672.10521,4678.9344,4651.65381,4652.70765,
2026-04-07 11:00:00,4652.62106,4662.5821,4633.7223,4661.05114,
2026-04-07 12:00:00,4661.04299,4668.20625,4645.60693,4652.56392,
2026-04-07 13:00:00,4652.40995,4663.30484,4639.43428,4647.11469,
2026-04-07 14:00:00,4648.05245,4658.50051,4604.80231,4633.7147,
2026-04-07 15:00:00,4633.48585,4657.74361,4627.37039,4655.12863,
2026-04-07 16:00:00,4655.09358,4665.96505,4654.19691,4657.83746,
2026-04-07 17:00:00,4657.86471,4685.40448,4655.18069,4675.74802,
2026-04-07 18:00:00,4676.09183,4685.72214,4658.03491,4662.5601,
2026-04-07 19:00:00,4662.57706,4714.17329,4661.20292,4700.79665,
2026-04-07 20:00:00,4700.79773,4719.86105,4699.37922,4706.39311,
2026-04-07 21:00:00,4706.29881,4706.97797,4705.27016,4706.01064,
2026-04-07 22:00:00,4702.01739,4815.41507,4702.01739,4813.31128,
2026-04-07 23:00:00,4813.10906,4837.32877,4805.39638,4833.24031,
2026-04-08 00:00:00,4833.15286,4855.11363,4810.90171,4817.41579,
2026-04-08 01:00:00,4816.73737,4821.94387,4789.16914,4810.70229,
2026-04-08 02:00:00,4810.78226,4820.447,4800.58896,4802.64484,
2026-04-08 03:00:00,4802.6078,4805.41651,4794.91258,4797.95554,
2026-04-08 04:00:00,4798.06812,4806.88948,4790.64564,4803.13059,
2026-04-08 05:00:00,4803.10798,4842.80131,4801.974,4826.37217,
2026-04-08 06:00:00,4827.17901,4838.05912,4820.52838,4821.84582,
2026-04-08 07:00:00,4821.21453,4821.83326,4807.53583,4814.67653,
2026-04-08 08:00:00,4814.28373,4818.88281,4790.65365,4794.58061,
2026-04-08 09:00:00,4794.52006,4808.25787,4776.84788,4781.86967,
2026-04-08 10:00:00,4782.0011,4795.10766,4774.94661,4784.27956,
2026-04-08 11:00:00,4783.94777,4802.58602,4778.012,4799.55164,
2026-04-08 12:00:00,4799.57396,4805.54972,4773.54652,4800.01554,
2026-04-08 13:00:00,4800.35756,4806.40512,4769.81315,4779.21502,
2026-04-08 14:00:00,4779.06389,4791.09869,4736.34574,4739.77664,
2026-04-08 15:00:00,4739.8018,4763.18485,4734.44914,4756.44149,
2026-04-08 16:00:00,4756.33173,4764.38353,4747.60447,4760.64046,
2026-04-08 17:00:00,4760.60497,4763.85032,4732.06727,4734.03445,
2026-04-08 18:00:00,4734.00711,4745.01424,4705.22379,4705.89345,
2026-04-08 19:00:00,4705.42073,4732.10819,4700.18732,4730.99699,
2026-04-08 20:00:00,4731.06909,4731.15944,4717.04932,4719.47769,
2026-04-08 21:00:00,4719.63631,4730.89459,4719.42989,4730.5615,
2026-04-08 22:00:00,4730.39222,4730.59274,4704.32583,4718.04181,
2026-04-08 23:00:00,4717.82306,4720.47397,4705.59804,4716.09671,
2026-04-09 00:00:00,4715.54609,4720.28364,4699.47827,4707.78478,
2026-04-09 01:00:00,4708.27994,4727.94217,4696.30581,4727.51554,
2026-04-09 02:00:00,4727.52838,4732.62557,4719.61829,4720.38815,
2026-04-09 03:00:00,4720.34214,4720.43051,4706.15657,4712.1969,
2026-04-09 04:00:00,4712.19247,4724.6191,4710.65044,4721.98897,
2026-04-09 05:00:00,4721.92193,4726.52588,4706.90044,4712.64239,
2026-04-09 06:00:00,4712.19419,4724.06395,4706.79302,4712.33834,
2026-04-09 07:00:00,4712.31669,4730.36359,4703.76501,4722.85563,
2026-04-09 08:00:00,4723.14784,4733.30457,4720.3377,4727.31639,
2026-04-09 09:00:00,4726.91359,4733.19288,4724.65588,4729.31203,
2026-04-09 10:00:00,4729.20921,4746.11959,4724.31346,4741.39598,
2026-04-09 11:00:00,4741.20675,4759.04718,4738.44048,4756.99382,
2026-04-09 12:00:00,4756.92214,4758.1138,4735.9278,4745.53888,
2026-04-09 13:00:00,4745.80985,4776.4953,4739.1071,4763.6644,
2026-04-09 14:00:00,4763.70187,4776.63577,4751.15335,4767.42052,
2026-04-09 15:00:00,4767.30011,4796.01821,4761.61507,4792.09287,
2026-04-09 16:00:00,4791.81008,4800.71915,4786.10433,4789.00695,
2026-04-09 17:00:00,4788.99439,4800.60957,4787.43213,4798.59362,
2026-04-09 18:00:00,4798.39171,4798.56239,4768.4412,4773.64408,
2026-04-09 19:00:00,4773.51431,4782.82826,4767.1823,4769.53624,
2026-04-09 20:00:00,4769.44659,4772.49691,4761.31903,4766.56409,
2026-04-09 21:00:00,4766.49515,4766.61102,4765.75386,4765.85743,
2026-04-09 22:00:00,4764.81743,4778.11638,4759.28834,4763.73222,
2026-04-09 23:00:00,4763.77477,4763.79898,4757.28943,4763.29787,
2026-04-10 00:00:00,4762.76143,4763.26569,4748.58754,4762.02855,
2026-04-10 01:00:00,4761.69685,4775.78376,4758.32973,4764.54287,
2026-04-10 02:00:00,4764.54093,4764.62622,4739.80323,4753.36411,
2026-04-10 03:00:00,4753.34255,4771.76851,4753.30355,4765.98769,
2026-04-10 04:00:00,4766.04129,4770.7303,4758.2847,4758.72265,
2026-04-10 05:00:00,4758.64119,4768.85311,4758.38746,4766.8419,
2026-04-10 06:00:00,4765.94817,4766.89866,4745.17751,4747.26974,
2026-04-10 07:00:00,4747.33313,4757.08721,4743.6087,4749.13078,
2026-04-10 08:00:00,4749.35661,4754.2219,4732.48466,4741.11846,
2026-04-10 09:00:00,4740.91213,4761.15177,4740.68455,4752.43339,
2026-04-10 10:00:00,4752.35901,4760.65626,4742.51398,4757.69868,
2026-04-10 11:00:00,4757.73598,4770.22676,4753.93351,4767.57717,
2026-04-10 12:00:00,4767.57113,4781.93504,4759.96368,4770.69103,
2026-04-10 13:00:00,4770.76204,4779.44245,4767.84956,4775.60716,
2026-04-10 14:00:00,4775.86203,4795.33901,4770.10681,4774.38774,
2026-04-10 15:00:00,4774.30823,4787.73315,4761.49463,4762.77935,
2026-04-10 16:00:00,4762.89562,4765.19931,4749.58847,4763.6454,
2026-04-10 17:00:00,4763.65362,4768.24995,4758.71099,4760.10627,
2026-04-10 18:00:00,4760.14661,4772.71396,4752.53388,4766.04347,
2026-04-10 19:00:00,4765.91519,4770.14617,4758.19311,4759.56888,
2026-04-10 20:00:00,4759.5363,4759.63827,4740.55067,4749.58009,
2026-04-10 21:00:00,4749.54972,4750.78067,4749.02268,4750.5023,
2026-04-10 22:00:00,4750.44488,4750.6445,4750.36815,4750.47892,
2026-04-10 23:00:00,4750.44037,4750.65553,4750.36815,4750.46755,
2026-04-11 00:00:00,4750.44696,4750.65634,4750.36815,4750.44984,
2026-04-11 01:00:00,4750.44707,4750.65531,4750.36815,4750.43443,
2026-04-11 02:00:00,4750.44719,4750.6631,4750.36815,4750.42248,
2026-04-11 03:00:00,4750.44731,4750.65533,4750.36815,4750.41694,
2026-04-11 04:00:00,4750.44967,4750.65629,4750.36815,4750.41154,
2026-04-11 05:00:00,4750.44821,4750.65941,4750.36815,4750.41562,
2026-04-11 06:00:00,4750.44981,4750.6549,4750.36815,4750.42025,
2026-04-11 07:00:00,4750.44758,4750.66996,4750.36815,4750.44224,
2026-04-11 08:00:00,4750.45887,4750.66651,4750.36815,4750.43978,
2026-04-11 09:00:00,4750.44078,4750.65638,4750.36815,4750.45713,
2026-04-11 10:00:00,4750.44037,4750.65254,4750.36815,4750.47983,
2026-04-11 11:00:00,4750.44595,4750.66428,4750.36815,4750.51145,
2026-04-11 12:00:00,4750.45842,4750.6653,4750.39395,4750.52895,
2026-04-11 13:00:00,4750.45842,4750.66529,4750.39394,4750.54401,
2026-04-11 14:00:00,4750.45842,4750.66529,4750.39394,4750.55558,
2026-04-11 15:00:00,4750.45842,4750.66529,4750.39394,4750.56285,
2026-04-11 16:00:00,4750.45842,4750.66529,4750.39394,4750.5653,
2026-04-11 17:00:00,4750.45842,4750.66527,4750.39446,4750.56278,
2026-04-11 18:00:00,4750.45842,4750.66529,4750.39394,4750.55545,
2026-04-11 19:00:00,4750.45842,4750.66528,4750.39394,4750.54383,
2026-04-11 20:00:00,4750.45842,4750.66528,4750.39394,4750.52873,
2026-04-11 21:00:00,4750.45842,4750.66528,4750.36815,4750.50638,
2026-04-11 22:00:00,4750.45391,4750.66079,4750.38991,4750.54736,
2026-04-11 23:00:00,4750.45391,4750.66079,4750.38991,4750.46904,
2026-04-12 00:00:00,4750.45391,4750.66074,4750.38943,4750.45187,
2026-04-12 01:00:00,4750.45391,4750.66079,4750.38943,4750.43733,
2026-04-12 02:00:00,4750.45391,4750.66078,4750.38943,4750.42645,
2026-04-12 03:00:00,4750.45391,4750.66078,4750.38943,4750.41997,
2026-04-12 04:00:00,4750.45391,4750.66078,4750.38943,4750.41836,
2026-04-12 05:00:00,4750.45391,4750.66078,4750.38993,4750.42172,
2026-04-12 06:00:00,4750.45391,4750.66075,4750.38943,4750.42982,
2026-04-12 07:00:00,4750.45391,4750.66078,4750.38943,4750.4421,
2026-04-12 08:00:00,4750.45391,4750.66077,4750.38943,4750.4577,
2026-04-12 09:00:00,4750.45391,4750.66077,4750.38943,4750.47552,
2026-04-12 10:00:00,4750.45391,4750.66077,4750.38943,4750.49432,
2026-04-12 11:00:00,4750.45391,4750.66077,4750.38943,4750.51278,
2026-04-12 12:00:00,4750.45391,4750.66077,4750.38996,4750.52962,
2026-04-12 13:00:00,4750.45391,4750.66076,4750.38943,4750.54366,
2026-04-12 14:00:00,4750.45391,4750.66077,4750.38943,4750.55392,
2026-04-12 15:00:00,4750.45391,4750.66077,4750.38943,4750.55967,
2026-04-12 16:00:00,4750.45391,4750.66077,4750.38943,4750.56052,
2026-04-12 17:00:00,4750.45391,4750.66076,4750.38943,4750.55641,
2026-04-12 18:00:00,4750.45391,4750.67639,4750.36815,4750.54817,
2026-04-12 19:00:00,4750.4512,4752.3459,4750.35857,4750.67943,
2026-04-12 20:00:00,4750.60084,4756.1901,4749.83663,4750.50252,
2026-04-12 21:00:00,4750.43695,4750.69642,4747.86927,4748.27488,
2026-04-12 22:00:00,4752.99783,4752.99783,4643.55787,4659.80421,
2026-04-12 23:00:00,4659.95424,4672.34024,4645.75518,4669.20793,
2026-04-13 00:00:00,4669.242,4694.25742,4665.9552,4694.25742,
2026-04-13 01:00:00,4693.92561,4728.56669,4693.73387,4721.98034,
2026-04-13 02:00:00,4722.25892,4726.85385,4711.61744,4720.96762,
2026-04-13 03:00:00,4720.92459,4725.33444,4712.83062,4719.60886,
2026-04-13 04:00:00,4719.3523,4724.13761,4708.95626,4722.88906,
2026-04-13 05:00:00,4722.80091,4729.64945,4716.7047,4729.58671,
2026-04-13 06:00:00,4729.24551,4732.68109,4720.27644,4725.06144,
2026-04-13 07:00:00,4725.074,4740.32257,4725.00473,4734.95815,
2026-04-13 08:00:00,4734.91147,4737.93155,4719.68055,4724.5996,
2026-04-13 09:00:00,4724.68104,4728.36404,4710.64994,4715.09488,
2026-04-13 10:00:00,4715.05325,4723.32949,4708.80133,4721.5167,
2026-04-13 11:00:00,4721.27498,4727.62483,4705.55766,4707.2521,
2026-04-13 12:00:00,4707.20188,4724.52714,4705.22664,4723.25448,
2026-04-13 13:00:00,4723.16581,4739.46955,4722.55769,4729.79496,
2026-04-13 14:00:00,4729.79973,4729.88695,4707.86711,4718.86238,
2026-04-13 15:00:00,4718.77675,4718.90085,4702.39315,4713.61924,
2026-04-13 16:00:00,4713.89062,4744.58902,4710.56807,4733.08984,
2026-04-13 17:00:00,4733.41387,4749.77257,4720.39771,4730.44267,
2026-04-13 18:00:00,4730.22433,4741.45553,4724.07156,4738.62726,
2026-04-13 19:00:00,4738.50396,4748.98129,4731.28013,4741.45338,
2026-04-13 20:00:00,4741.35936,4744.0548,4738.11041,4740.74803,
2026-04-13 21:00:00,4740.96568,4743.38068,4740.70858,4741.82778,
2026-04-13 22:00:00,4741.70704,4759.82951,4741.70704,4758.60135,
2026-04-13 23:00:00,4758.84526,4766.27442,4754.80722,4757.9557,
2026-04-14 00:00:00,4757.64798,4774.33816,4753.66414,4769.98002,
2026-04-14 01:00:00,4770.43587,4776.18163,4762.59636,4764.68155,
2026-04-14 02:00:00,4764.57214,4777.49818,4763.19054,4775.36566,
2026-04-14 03:00:00,4775.33376,4775.3371,4765.85593,4769.35986,
2026-04-14 04:00:00,4769.15334,4777.42201,4767.67745,4774.32999,
2026-04-14 05:00:00,4774.26035,4774.33389,4758.3606,4760.99303,
2026-04-14 06:00:00,4761.2562,4783.44863,4760.99172,4781.95913,
2026-04-14 07:00:00,4782.09847,4796.596,4770.90049,4777.71921,
2026-04-14 08:00:00,4777.44735,4789.59027,4775.11723,4784.88268,
2026-04-14 09:00:00,4784.80748,4787.93473,4771.95545,4779.13708,
2026-04-14 10:00:00,4778.85691,4787.33961,4759.98434,4769.90214,
2026-04-14 11:00:00,4770.0402,4782.36811,4767.90427,4778.05067,
2026-04-14 12:00:00,4777.7155,4778.05915,4761.86507,4771.16396,
2026-04-14 13:00:00,4770.49721,4799.5119,4770.49721,4795.06476,
2026-04-14 14:00:00,4795.35669,4817.76914,4793.47889,4803.19701,
2026-04-14 15:00:00,4803.07727,4814.40784,4791.80146,4807.42527,
2026-04-14 16:00:00,4807.42219,4819.2754,4806.39838,4810.07465,
2026-04-14 17:00:00,4810.12395,4843.66413,4810.09889,4835.76129,
2026-04-14 18:00:00,4835.71319,4842.96346,4830.39125,4835.67629,
2026-04-14 19:00:00,4835.76958,4847.07437,4835.69157,4845.8085,
2026-04-14 20:00:00,4845.84588,4845.91683,4839.31787,4841.71465,
2026-04-14 21:00:00,4841.67865,4841.96743,4840.83478,4841.1524,
2026-04-14 22:00:00,4841.42361,4852.25061,4833.83074,4836.24132,
2026-04-14 23:00:00,4836.3347,4844.26049,4834.12852,4837.60461,
2026-04-15 00:00:00,4837.36141,4838.86072,4828.07973,4836.11962,
2026-04-15 01:00:00,4836.11454,4869.57853,4831.28606,4847.26401,
2026-04-15 02:00:00,4847.25371,4852.87543,4821.49515,4823.78291,
2026-04-15 03:00:00,4823.74642,4829.65886,4818.84786,4824.84325,
2026-04-15 04:00:00,4824.93739,4827.61962,4821.1166,4825.58734,
2026-04-15 05:00:00,4825.7136,4829.67706,4813.49872,4820.45696,
2026-04-15 06:00:00,4819.99848,4823.19188,4810.26977,4812.9436,
2026-04-15 07:00:00,4812.91197,4817.76883,4805.76611,4811.27933,
2026-04-15 08:00:00,4811.32651,4817.97128,4802.75332,4817.56685,
2026-04-15 09:00:00,4817.39959,4818.55643,4790.89089,4799.85994,
2026-04-15 10:00:00,4800.03363,4804.37126,4792.24311,4801.14762,
2026-04-15 11:00:00,4801.50792,4814.49446,4796.47796,4813.01685,
2026-04-15 12:00:00,4812.91406,4816.01163,4808.14056,4812.04685,
2026-04-15 13:00:00,4812.14586,4829.98717,4808.38162,4829.03182,
2026-04-15 14:00:00,4828.99509,4829.34491,4812.90335,4816.6584,
2026-04-15 15:00:00,4816.40974,4816.72366,4788.47055,4802.72295,
2026-04-15 16:00:00,4802.61212,4811.82896,4800.52311,4804.32132,
2026-04-15 17:00:00,4804.22266,4808.76243,4790.24192,4792.45034,
2026-04-15 18:00:00,4792.39726,4801.23789,4791.38736,4799.77738,
2026-04-15 19:00:00,4799.73874,4803.69758,4794.5478,4795.64473,
2026-04-15 20:00:00,4795.49838,4796.10708,4788.56513,4790.98573,
2026-04-15 21:00:00,4790.93335,4791.84203,4790.34246,4791.55915,
2026-04-15 22:00:00,4790.80865,4810.39703,4790.80865,4808.49166,
2026-04-15 23:00:00,4808.41166,4826.1231,4808.08765,4823.1712,
2026-04-16 00:00:00,4822.6273,4837.13095,4820.91641,4834.02577,
2026-04-16 01:00:00,4833.81671,4836.20219,4814.07867,4818.19377,
2026-04-16 02:00:00,4818.19314,4824.3899,4812.30949,4819.91626,
2026-04-16 03:00:00,4819.95688,4827.40847,4818.92653,4824.80536,
2026-04-16 04:00:00,4824.79016,4833.98631,4823.46276,4833.28914,
2026-04-16 05:00:00,4833.21673,4838.06143,4822.60882,4822.60882,
2026-04-16 06:00:00,4822.4473,4830.18985,4816.00712,4826.82684,
2026-04-16 07:00:00,4826.78712,4830.80154,4817.91919,4821.25485,
2026-04-16 08:00:00,4821.16897,4821.2275,4806.73419,4813.27588,
2026-04-16 09:00:00,4813.20087,4818.45317,4808.40815,4812.13672,
2026-04-16 10:00:00,4812.3233,4816.67107,4806.18678,4816.56279,
2026-04-16 11:00:00,4816.40496,4822.3001,4815.51044,4822.07075,
2026-04-16 12:00:00,4822.0421,4822.62778,4812.53997,4817.23266,
2026-04-16 13:00:00,4816.94729,4823.74167,4788.49481,4793.72734,
2026-04-16 14:00:00,4793.97868,4803.85871,4782.30491,4790.38659,
2026-04-16 15:00:00,4790.32486,4815.87225,4790.18969,4807.34949,
2026-04-16 16:00:00,4807.28441,4809.49096,4786.62285,4792.95661,
2026-04-16 17:00:00,4792.85207,4795.72068,4779.94195,4787.02375,
2026-04-16 18:00:00,4786.75127,4792.63798,4786.75127,4788.85449,
2026-04-16 19:00:00,4789.17549,4797.89359,4788.76834,4793.72924,
2026-04-16 20:00:00,4793.66552,4793.75377,4787.63917,4789.6854,
2026-04-16 21:00:00,4789.63688,4790.57896,4786.8878,4788.07624,
2026-04-16 22:00:00,4788.58425,4797.23495,4788.08085,4796.07086,
2026-04-16 23:00:00,4796.08113,4797.59329,4791.57814,4792.46348,
2026-04-17 00:00:00,4792.86409,4800.96399,4776.33511,4795.33905,
2026-04-17 01:00:00,4795.24991,4795.35111,4769.05475,4788.70702,
2026-04-17 02:00:00,4788.58529,4794.85719,4785.51884,4785.51884,
2026-04-17 03:00:00,4785.46375,4796.85285,4785.46375,4793.39821,
2026-04-17 04:00:00,4793.41631,4805.72124,4793.24229,4803.43046,
2026-04-17 05:00:00,4803.37559,4806.13706,4792.87418,4794.79207,
2026-04-17 06:00:00,4795.01593,4795.01593,4780.13111,4786.05875,
2026-04-17 07:00:00,4786.07442,4794.31245,4780.2036,4784.31517,
2026-04-17 08:00:00,4783.99904,4796.16677,4782.19289,4796.0285,
2026-04-17 09:00:00,4796.08953,4801.65622,4790.82461,4791.04747,
2026-04-17 10:00:00,4790.85647,4794.73711,4782.99845,4787.3563,
2026-04-17 11:00:00,4787.39074,4809.13929,4782.86095,4799.42834,
2026-04-17 12:00:00,4799.224,4847.71942,4799.224,4844.16177,
2026-04-17 13:00:00,4844.29326,4887.92586,4835.30067,4879.90207,
2026-04-17 14:00:00,4879.75025,4883.88352,4860.91016,4875.30764,
2026-04-17 15:00:00,4875.25122,4877.33314,4858.45762,4867.57319,
2026-04-17 16:00:00,4867.22958,4872.89144,4865.22417,4866.95186,
2026-04-17 17:00:00,4866.96925,4868.41473,4854.3496,4862.16981,
2026-04-17 18:00:00,4861.94119,4868.6849,4856.63538,4859.43446,
2026-04-17 19:00:00,4859.72017,4861.30327,4853.45193,4854.42593,
2026-04-17 20:00:00,4854.32146,4854.60275,4829.09053,4830.60557,
2026-04-17 21:00:00,4830.44896,4834.37679,4830.44896,4834.1927,
2026-04-17 22:00:00,4834.08455,4834.28204,4833.90482,4834.10026,
2026-04-17 23:00:00,4833.99428,4834.20839,4833.916,4834.0886,
2026-04-18 00:00:00,4833.98967,4834.2063,4833.91386,4834.07714,
2026-04-18 01:00:00,4833.98967,4834.20649,4833.91985,4834.06737,
2026-04-18 02:00:00,4833.99298,4834.20582,4833.92184,4834.03829,
2026-04-18 03:00:00,4833.98173,4834.20468,4833.91662,4834.03085,
2026-04-18 04:00:00,4833.99369,4834.20104,4833.90964,4834.00648,
2026-04-18 05:00:00,4833.98907,4834.20351,4833.90445,4833.98101,
2026-04-18 06:00:00,4833.98173,4834.19222,4833.89184,4833.97356,
2026-04-18 07:00:00,4833.98816,4834.18953,4833.9045,4833.95713,
2026-04-18 08:00:00,4833.98347,4834.19746,4833.91024,4833.94756,
2026-04-18 09:00:00,4833.98021,4834.20883,4833.88108,4833.95483,
2026-04-18 10:00:00,4833.98993,4834.20843,4833.91862,4833.95982,
2026-04-18 11:00:00,4833.99254,4834.20192,4833.92568,4833.96718,
2026-04-18 12:00:00,4833.99342,4834.20405,4833.92794,4833.979,
2026-04-18 13:00:00,4833.99342,4834.20405,4833.92794,4833.99437,
2026-04-18 14:00:00,4833.99342,4834.20405,4833.92794,4834.0122,
2026-04-18 15:00:00,4833.99342,4834.20405,4833.92794,4834.03126,
2026-04-18 16:00:00,4833.99342,4834.20351,4833.92794,4834.0502,
2026-04-18 17:00:00,4833.99342,4834.20405,4833.92794,4834.06771,
2026-04-18 18:00:00,4833.99342,4834.20405,4833.92794,4834.08256,
2026-04-18 19:00:00,4833.99342,4834.20405,4833.92793,4834.09371,
2026-04-18 20:00:00,4833.99342,4834.20405,4833.92793,4834.10038,
2026-04-18 21:00:00,4833.99342,4834.20405,4833.92795,4834.10446,
2026-04-18 22:00:00,4833.99575,4834.2059,4833.93031,4834.10117,
2026-04-18 23:00:00,4833.99575,4834.20638,4833.93025,4834.09304,
2026-04-19 00:00:00,4833.99575,4834.20638,4833.93025,4834.08065,
2026-04-19 01:00:00,4833.99575,4834.20638,4833.93025,4834.06486,
2026-04-19 02:00:00,4833.99575,4834.20638,4833.93025,4834.04677,
2026-04-19 03:00:00,4833.99575,4834.20638,4833.93024,4834.02765,
2026-04-19 04:00:00,4833.99575,4834.20638,4833.93032,4834.00883,
2026-04-19 05:00:00,4833.99575,4834.20592,4833.93024,4833.99163,
2026-04-19 06:00:00,4833.99575,4834.20638,4833.93024,4833.97726,
2026-04-19 07:00:00,4833.99575,4834.20638,4833.93024,4833.96671,
2026-04-19 08:00:00,4833.99575,4834.20638,4833.93024,4833.96073,
2026-04-19 09:00:00,4833.99575,4834.20638,4833.93023,4833.95973,
2026-04-19 10:00:00,4833.99575,4834.20638,4833.93033,4833.96378,
2026-04-19 11:00:00,4833.99575,4834.20594,4833.93023,4833.97261,
2026-04-19 12:00:00,4833.99575,4834.20638,4833.93023,4833.98558,
2026-04-19 13:00:00,4833.99575,4834.20638,4833.93023,4834.0018,
2026-04-19 14:00:00,4833.99575,4834.20638,4833.93023,4834.02014,
2026-04-19 15:00:00,4833.99575,4834.20638,4833.93023,4834.0393,
2026-04-19 16:00:00,4833.99575,4834.20638,4833.93022,4834.05795,
2026-04-19 17:00:00,4833.99575,4834.20638,4833.93035,4834.07479,
2026-04-19 18:00:00,4833.99575,4837.40174,4832.62207,4834.0949,
2026-04-19 19:00:00,4834.00276,4835.52775,4833.87274,4834.33098,
2026-04-19 20:00:00,4834.28079,4834.39292,4831.71107,4834.1014,
2026-04-19 21:00:00,4833.99308,4834.32342,4830.32747,4830.33498,
2026-04-19 22:00:00,4824.76252,4830.35783,4775.37417,4780.03455,
2026-04-19 23:00:00,4780.59217,4780.59217,4740.74681,4754.5667,
2026-04-20 00:00:00,4753.68803,4774.89746,4746.82393,4772.74591,
2026-04-20 01:00:00,4773.11528,4813.58823,4772.73778,4809.12949,
2026-04-20 02:00:00,4809.07373,4809.18736,4792.57964,4795.99048,
2026-04-20 03:00:00,4795.70206,4797.63293,4790.35697,4791.69143,
2026-04-20 04:00:00,4791.62032,4795.98912,4788.07619,4788.47006,
2026-04-20 05:00:00,4788.28355,4795.37684,4781.85765,4791.40342,
2026-04-20 06:00:00,4790.80071,4794.66944,4784.52842,4794.66944,
2026-04-20 07:00:00,4794.71042,4805.80372,4788.08472,4788.8385,
2026-04-20 08:00:00,4788.93798,4796.05405,4787.25479,4795.78503,
2026-04-20 09:00:00,4795.81611,4797.21493,4783.63919,4793.08223,
2026-04-20 10:00:00,4793.12484,4800.89914,4790.95548,4795.75993,
2026-04-20 11:00:00,4795.74668,4811.17474,4787.15563,4810.25871,
2026-04-20 12:00:00,4810.29064,4820.67725,4800.18881,4803.00822,
2026-04-20 13:00:00,4802.88472,4826.23891,4800.40364,4819.05278,
2026-04-20 14:00:00,4818.63185,4828.6527,4799.58715,4803.35263,
2026-04-20 15:00:00,4802.79315,4810.19984,4793.20844,4800.19046,
2026-04-20 16:00:00,4800.01228,4805.43338,4791.75082,4805.14589,
2026-04-20 17:00:00,4804.98175,4810.93855,4803.12916,4807.10185,
2026-04-20 18:00:00,4806.89341,4816.61181,4806.89341,4814.09965,
2026-04-20 19:00:00,4814.17179,4820.93594,4811.05583,4813.00899,
2026-04-20 20:00:00,4812.68732,4821.38942,4812.68732,4820.47575,
2026-04-20 21:00:00,4820.36913,4821.36917,4820.21072,4820.84937,
2026-04-20 22:00:00,4820.86605,4832.94507,4820.86605,4826.91309,
2026-04-20 23:00:00,4827.38795,4832.92282,4819.98792,4821.3775,
2026-04-21 00:00:00,4821.16407,4830.23629,4817.73367,4824.38158,
2026-04-21 01:00:00,4824.51961,4824.62489,4807.4963,4810.0308,
2026-04-21 02:00:00,4810.01767,4810.13633,4802.36382,4807.31922,
2026-04-21 03:00:00,4807.27981,4807.46118,4793.16784,4797.59618,
2026-04-21 04:00:00,4797.5695,4797.74516,4789.08429,4790.3469,
2026-04-21 05:00:00,4789.89551,4797.20496,4784.84777,4785.53397,
2026-04-21 06:00:00,4784.82063,4788.94079,4773.28002,4778.86374,
2026-04-21 07:00:00,4778.77573,4793.20802,4774.78107,4785.23764,
2026-04-21 08:00:00,4785.04869,4793.71623,4775.35434,4787.03361,
2026-04-21 09:00:00,4787.07518,4789.81308,4781.87896,4784.19034,
2026-04-21 10:00:00,4784.14199,4790.05988,4781.17238,4789.49386,
2026-04-21 11:00:00,4789.54713,4796.78363,4780.58959,4795.21,
2026-04-21 12:00:00,4795.23308,4796.3894,4773.50403,4777.48779,
2026-04-21 13:00:00,4776.82291,4795.32988,4764.62592,4779.37811,
2026-04-21 14:00:00,4779.06677,4782.15382,4726.19848,4738.35387,
2026-04-21 15:00:00,4738.48482,4756.16878,4727.99347,4741.06319,
2026-04-21 16:00:00,4740.80632,4744.11102,4708.03653,4710.98361,
2026-04-21 17:00:00,4710.76088,4718.1204,4698.55473,4710.35748,
2026-04-21 18:00:00,4710.00413,4717.25204,4693.58941,4708.4476,
2026-04-21 19:00:00,4708.74534,4714.96352,4668.77241,4678.12281,
2026-04-21 20:00:00,4678.18773,4719.60851,4668.28518,4719.56596,
2026-04-21 21:00:00,4719.54891,4719.62411,4712.05724,4712.92449,
2026-04-21 22:00:00,4714.57739,4732.21791,4712.90215,4719.16802,
2026-04-21 23:00:00,4719.17826,4741.38898,4719.17826,4738.52606,
2026-04-22 00:00:00,4738.35578,4747.56757,4738.35578,4740.45005,
2026-04-22 01:00:00,4740.31821,4754.79359,4736.79283,4752.57991,
2026-04-22 02:00:00,4752.4199,4758.87715,4750.68286,4755.48852,
2026-04-22 03:00:00,4755.3727,4765.38668,4753.34228,4759.16626,
2026-04-22 04:00:00,4759.10256,4759.56269,4752.60538,4754.73731,
2026-04-22 05:00:00,4754.77892,4771.44226,4752.67846,4768.38777,
2026-04-22 06:00:00,4767.95981,4768.81585,4759.85866,4767.39445,
2026-04-22 07:00:00,4767.22744,4771.29541,4759.93692,4761.23059,
2026-04-22 08:00:00,4761.14555,4762.07342,4751.8072,4757.6746,
2026-04-22 09:00:00,4757.69478,4762.86485,4753.06396,4755.7954,
2026-04-22 10:00:00,4755.72421,4759.91196,4746.15955,4759.4517,
2026-04-22 11:00:00,4759.5071,4760.55371,4748.86324,4750.5971,
2026-04-22 12:00:00,4750.79278,4756.54319,4741.40609,4744.31869,
2026-04-22 13:00:00,4744.40381,4759.21316,4735.87503,4752.65082,
2026-04-22 14:00:00,4752.41305,4755.60122,4730.32719,4736.10528,
2026-04-22 15:00:00,4735.96579,4739.76823,4725.03518,4728.61112,
2026-04-22 16:00:00,4728.71351,4734.71761,4724.85646,4728.42991,
2026-04-22 17:00:00,4728.50425,4740.5048,4728.34417,4737.70534,
2026-04-22 18:00:00,4737.58269,4749.13282,4730.0672,4741.92081,
2026-04-22 19:00:00,4741.85235,4745.12544,4736.72589,4740.15592,
2026-04-22 20:00:00,4740.24222,4740.90294,4734.72865,4739.78055,
2026-04-22 21:00:00,4739.70626,4739.8922,4738.59614,4738.97089,
2026-04-22 22:00:00,4738.46657,4744.68273,4726.38643,4726.38643,
2026-04-22 23:00:00,4726.32695,4730.06493,4724.05871,4728.59009,
2026-04-23 00:00:00,4728.72789,4752.77812,4695.45843,4746.76044,
2026-04-23 01:00:00,4746.81391,4750.69645,4723.59,4723.63259,
2026-04-23 02:00:00,4723.67477,4724.17809,4698.09733,4700.08827,
2026-04-23 03:00:00,4700.12194,4708.12941,4698.66626,4704.31733,
2026-04-23 04:00:00,4704.31056,4706.51522,4699.76934,4704.17535,
2026-04-23 05:00:00,4704.09508,4714.43767,4694.39255,4713.98768,
2026-04-23 06:00:00,4713.9631,4720.75191,4708.96431,4713.82349,
2026-04-23 07:00:00,4713.65229,4719.955,4704.15013,4719.35219,
2026-04-23 08:00:00,4718.97591,4724.68314,4701.86202,4704.92098,
2026-04-23 09:00:00,4704.81889,4705.43949,4695.94462,4696.61382,
2026-04-23 10:00:00,4696.40062,4700.91081,4684.94383,4696.76581,
2026-04-23 11:00:00,4696.75774,4720.37864,4695.56111,4719.35121,
2026-04-23 12:00:00,4719.5952,4744.30754,4719.20717,4740.3989,
2026-04-23 13:00:00,4740.43409,4740.45982,4725.19508,4727.25182,
2026-04-23 14:00:00,4727.47291,4735.8078,4718.92538,4734.09136,
2026-04-23 15:00:00,4734.10287,4739.83371,4716.0991,4720.65503,
2026-04-23 16:00:00,4720.57805,4738.56607,4717.64184,4733.02111,
2026-04-23 17:00:00,4732.97291,4734.04441,4668.50627,4709.08712,
2026-04-23 18:00:00,4709.04839,4719.89984,4702.34508,4702.34508,
2026-04-23 19:00:00,4702.43206,4702.43206,4691.08341,4697.2355,
2026-04-23 20:00:00,4697.56616,4698.12699,4686.3101,4693.67161,
2026-04-23 21:00:00,4693.68565,4694.60342,4693.37356,4693.97499,
2026-04-23 22:00:00,4693.71401,4700.92449,4690.71454,4692.95915,
2026-04-23 23:00:00,4692.9542,4699.60078,4686.90533,4693.91667,
2026-04-24 00:00:00,4693.74934,4707.55389,4691.77567,4705.10089,
2026-04-24 01:00:00,4705.14901,4711.17216,4691.43252,4699.61919,
2026-04-24 02:00:00,4699.47771,4699.59271,4674.38723,4677.06769,
2026-04-24 03:00:00,4677.05552,4678.13772,4669.32159,4672.6575,
2026-04-24 04:00:00,4672.43741,4676.49645,4658.8598,4674.18852,
2026-04-24 05:00:00,4674.42325,4686.61747,4670.46751,4686.40747,
2026-04-24 06:00:00,4686.5708,4686.5708,4667.75025,4672.69005,
2026-04-24 07:00:00,4672.6434,4694.99362,4671.93721,4694.99362,
2026-04-24 08:00:00,4694.90287,4696.11526,4685.7356,4690.28468,
2026-04-24 09:00:00,4689.98857,4696.60888,4679.55638,4682.26585,
2026-04-24 10:00:00,4682.36751,4687.8414,4675.88689,4678.32631,
2026-04-24 11:00:00,4678.23438,4715.71402,4678.23438,4707.77051,
2026-04-24 12:00:00,4707.84951,4710.92906,4690.23872,4700.70847,
2026-04-24 13:00:00,4700.67532,4715.51846,4689.10376,4711.87632,
2026-04-24 14:00:00,4711.87672,4738.07678,4708.96519,4725.3438,
2026-04-24 15:00:00,4725.15765,4742.65975,4717.35482,4726.32501,
2026-04-24 16:00:00,4726.60287,4730.16922,4720.02978,4727.19763,
2026-04-24 17:00:00,4727.12153,4729.88799,4719.90663,4723.71384,
2026-04-24 18:00:00,4723.64156,4724.64244,4716.58145,4722.84164,
2026-04-24 19:00:00,4722.8237,4726.03788,4713.3751,4717.22661,
2026-04-24 20:00:00,4717.07141,4717.21158,4705.57141,4709.65804,
2026-04-24 21:00:00,4709.55559,4709.77324,4708.44599,4708.60286,
2026-04-24 22:00:00,4708.50139,4708.72553,4708.44207,4708.61217,
2026-04-24 23:00:00,4708.5209,4708.7207,4708.43723,4708.59973,
2026-04-25 00:00:00,4708.51998,4708.72386,4708.4402,4708.58145,
2026-04-25 01:00:00,4708.51768,4708.72125,4708.43748,4708.5563,
2026-04-25 02:00:00,4708.51149,4708.72421,4708.43943,4708.54775,
2026-04-25 03:00:00,4708.51912,4708.73003,4708.43374,4708.51065,
2026-04-25 04:00:00,4708.50095,4708.72172,4708.43727,4708.48967,
2026-04-25 05:00:00,4708.49699,4708.7196,4708.44025,4708.50166,
2026-04-25 06:00:00,4708.5211,4708.72063,4708.4394,4708.48045,
2026-04-25 07:00:00,4708.50909,4708.73111,4708.43757,4708.48456,
2026-04-25 08:00:00,4708.51848,4708.72275,4708.45094,4708.48651,
2026-04-25 09:00:00,4708.52056,4708.72422,4708.43938,4708.48903,
2026-04-25 10:00:00,4708.51783,4708.72179,4708.4485,4708.50033,
2026-04-25 11:00:00,4708.52045,4708.72273,4708.42681,4708.48393,
2026-04-25 12:00:00,4708.4903,4708.69527,4708.4264,4708.50033,
2026-04-25 13:00:00,4708.4903,4708.69539,4708.4264,4708.5185,
2026-04-25 14:00:00,4708.4903,4708.69538,4708.4264,4708.53716,
2026-04-25 15:00:00,4708.4903,4708.69538,4708.4264,4708.55502,
2026-04-25 16:00:00,4708.4903,4708.69538,4708.4264,4708.57082,
2026-04-25 17:00:00,4708.4903,4708.69538,4708.4264,4708.58347,
2026-04-25 18:00:00,4708.4903,4708.69538,4708.42683,4708.59206,
2026-04-25 19:00:00,4708.4903,4708.69528,4708.4264,4708.59601,
2026-04-25 20:00:00,4708.4903,4708.69538,4708.4264,4708.59504,
2026-04-25 21:00:00,4708.4903,4708.69537,4708.4264,4708.59607,
2026-04-25 22:00:00,4708.49695,4708.70199,4708.43305,4708.58591,
2026-04-25 23:00:00,4708.49695,4708.70199,4708.43305,4708.57199,
2026-04-26 00:00:00,4708.49695,4708.70198,4708.43357,4708.5553,
2026-04-26 01:00:00,4708.49695,4708.70199,4708.43305,4708.537,
2026-04-26 02:00:00,4708.49695,4708.70199,4708.43305,4708.51836,
2026-04-26 03:00:00,4708.49695,4708.70199,4708.43305,4708.5007,
2026-04-26 04:00:00,4708.49695,4708.70199,4708.43305,4708.48524,
2026-04-26 05:00:00,4708.49695,4708.702,4708.43305,4708.47308,
2026-04-26 06:00:00,4708.49695,4708.70197,4708.43305,4708.46505,
2026-04-26 07:00:00,4708.49695,4708.702,4708.43355,4708.46172,
2026-04-26 08:00:00,4708.49695,4708.702,4708.43305,4708.46332,
2026-04-26 09:00:00,4708.49695,4708.702,4708.43305,4708.46974,
2026-04-26 10:00:00,4708.49695,4708.702,4708.43305,4708.48053,
2026-04-26 11:00:00,4708.49695,4708.70201,4708.43305,4708.49494,
2026-04-26 12:00:00,4708.49695,4708.70196,4708.43305,4708.51196,
2026-04-26 13:00:00,4708.49695,4708.70201,4708.43353,4708.5304,
2026-04-26 14:00:00,4708.49695,4708.70201,4708.43305,4708.54897,
2026-04-26 15:00:00,4708.49695,4708.70201,4708.43305,4708.56637,
2026-04-26 16:00:00,4708.49695,4708.70201,4708.43305,4708.58139,
2026-04-26 17:00:00,4708.49695,4708.70202,4708.43305,4708.59297,
2026-04-26 18:00:00,4708.49695,4708.71007,4708.44035,4708.6047,
2026-04-26 19:00:00,4708.50139,4708.71309,4704.90079,4708.59181,
2026-04-26 20:00:00,4708.48587,4709.14952,4707.28437,4707.28437,
2026-04-26 21:00:00,4707.09393,4709.02994,4706.64441,4708.94541,
2026-04-26 22:00:00,4706.86494,4708.91128,4681.87648,4686.18442,
2026-04-26 23:00:00,4686.75365,4686.75365,4676.12984,4682.02045,
2026-04-27 00:00:00,4681.70514,4700.98291,4674.26331,4697.07477,
2026-04-27 01:00:00,4697.04055,4710.05128,4693.20696,4702.66196,
2026-04-27 02:00:00,4702.58631,4722.72553,4697.48113,4719.5513,
2026-04-27 03:00:00,4719.54766,4728.30203,4714.97716,4724.27113,
2026-04-27 04:00:00,4724.3358,4728.46794,4722.32721,4725.3642,
2026-04-27 05:00:00,4725.27622,4725.40594,4708.42343,4710.33147,
2026-04-27 06:00:00,4710.09875,4715.02307,4708.29732,4713.28494,
2026-04-27 07:00:00,4713.28698,4718.36828,4710.72541,4713.91481,
2026-04-27 08:00:00,4714.19334,4714.19334,4705.8488,4706.39363,
2026-04-27 09:00:00,4706.49446,4707.87275,4700.1143,4703.78742,
2026-04-27 10:00:00,4703.81862,4710.97364,4700.66953,4708.7439,
2026-04-27 11:00:00,4708.71763,4708.93605,4700.85916,4704.76417,
2026-04-27 12:00:00,4704.75127,4712.04336,4696.85937,4698.36066,
2026-04-27 13:00:00,4698.10968,4702.09288,4688.19831,4696.63638,
2026-04-27 14:00:00,4696.78796,4697.24197,4677.08617,4677.75844,
2026-04-27 15:00:00,4677.92273,4683.5491,4668.4285,4669.54268,
2026-04-27 16:00:00,4669.50529,4679.4833,4667.93945,4676.92644,
2026-04-27 17:00:00,4676.93315,4685.7673,4668.34333,4682.64563,
2026-04-27 18:00:00,4682.65976,4685.46807,4679.99832,4681.09525,
2026-04-27 19:00:00,4680.94316,4682.64271,4677.11772,4680.53434,
2026-04-27 20:00:00,4680.58034,4681.93332,4678.32012,4681.67029,
2026-04-27 21:00:00,4681.63065,4682.49051,4681.63065,4682.11624,
2026-04-27 22:00:00,4682.25617,4690.1568,4682.10168,4687.8438,
2026-04-27 23:00:00,4687.87015,4694.95621,4687.30657,4692.72732,
2026-04-28 00:00:00,4692.89123,4701.06814,4691.48065,4691.48065,
2026-04-28 01:00:00,4691.70224,4691.70224,4669.05166,4671.34664,
2026-04-28 02:00:00,4670.72783,4680.59538,4666.69598,4669.3098,
2026-04-28 03:00:00,4669.34787,4676.14423,4669.18803,4671.31354,
2026-04-28 04:00:00,4671.13354,4671.36918,4666.63553,4667.76168,
2026-04-28 05:00:00,4667.89441,4667.89441,4625.52005,4633.34177,
2026-04-28 06:00:00,4633.43196,4641.43938,4621.14554,4628.82534,
2026-04-28 07:00:00,4628.55264,4638.27695,4622.99127,4632.18096,
2026-04-28 08:00:00,4632.18739,4634.47199,4617.46466,4629.73865,
2026-04-28 09:00:00,4629.76683,4629.81179,4603.08824,4605.66915,
2026-04-28 10:00:00,4605.74035,4616.60161,4602.67022,4605.21313,
2026-04-28 11:00:00,4604.94309,4608.81967,4557.2585,4562.48149,
2026-04-28 12:00:00,4562.61028,4600.01268,4555.69938,4593.7365,
2026-04-28 13:00:00,4593.50219,4593.8993,4572.78287,4580.03472,
2026-04-28 14:00:00,4579.74785,4580.01077,4558.29421,4570.41793,
2026-04-28 15:00:00,4571.44351,4585.29005,4566.68846,4584.73992,
2026-04-28 16:00:00,4584.68025,4593.95056,4578.24166,4592.65477,
2026-04-28 17:00:00,4592.5914,4600.7996,4587.53108,4594.73703,
2026-04-28 18:00:00,4594.68403,4599.90288,4590.59973,4594.99056,
2026-04-28 19:00:00,4594.97685,4599.74944,4593.79965,4595.0782,
2026-04-28 20:00:00,4594.87345,4598.3613,4591.78797,4596.47098,
2026-04-28 21:00:00,4596.3843,4597.18885,4595.18623,4595.60018,
2026-04-28 22:00:00,4595.98767,4600.80243,4592.32097,4594.14521,
2026-04-28 23:00:00,4594.17725,4596.64243,4588.13578,4596.02874,
2026-04-29 00:00:00,4596.25394,4609.97231,4596.01066,4600.74007,
2026-04-29 01:00:00,4600.79903,4600.79903,4578.38785,4583.19456,
2026-04-29 02:00:00,4583.96762,4603.0855,4582.95784,4593.49408,
2026-04-29 03:00:00,4593.53421,4602.69344,4592.49966,4595.64748,
2026-04-29 04:00:00,4595.57921,4605.76779,4595.57921,4604.93424,
2026-04-29 05:00:00,4604.90783,4606.19262,4591.99439,4592.3138,
2026-04-29 06:00:00,4592.23074,4601.67982,4581.72647,4584.86058,
2026-04-29 07:00:00,4584.77642,4590.10327,4566.54324,4568.14758,
2026-04-29 08:00:00,4568.54669,4576.86489,4558.25675,4575.52366,
2026-04-29 09:00:00,4575.87925,4581.7312,4552.64013,4555.89739,
2026-04-29 10:00:00,4555.83118,4576.57658,4555.80866,4568.07927,
2026-04-29 11:00:00,4568.15962,4571.58939,4559.10084,4562.86786,
2026-04-29 12:00:00,4562.99382,4568.32655,4542.4168,4545.69234,
2026-04-29 13:00:00,4545.74012,4553.92097,4511.1187,4523.72828,
2026-04-29 14:00:00,4523.12376,4541.64872,4519.50092,4539.29253,
2026-04-29 15:00:00,4539.46736,4559.1288,4537.39265,4547.22521,
2026-04-29 16:00:00,4547.1151,4567.50481,4544.05712,4545.24447,
2026-04-29 17:00:00,4545.21229,4554.31281,4541.96249,4546.76165,
2026-04-29 18:00:00,4546.91006,4546.91006,4518.74934,4536.83764,
2026-04-29 19:00:00,4537.72857,4549.71533,4534.85017,4545.53177,
2026-04-29 20:00:00,4545.41662,4552.99378,4541.35438,4543.91802,
2026-04-29 21:00:00,4543.88834,4544.63005,4541.8559,4541.8559,
2026-04-29 22:00:00,4541.80885,4552.88099,4539.67141,4552.32358,
2026-04-29 23:00:00,4552.26959,4561.22451,4550.42907,4561.22451,
2026-04-30 00:00:00,4560.82219,4573.7529,4556.38549,4569.9546,
2026-04-30 01:00:00,4569.78187,4582.44801,4565.40183,4579.47613,
2026-04-30 02:00:00,4579.56483,4581.19534,4560.88954,4564.75946,
2026-04-30 03:00:00,4564.80415,4569.85116,4556.00106,4556.47075,
2026-04-30 04:00:00,4556.43115,4558.29769,4540.58958,4542.92899,
2026-04-30 05:00:00,4542.94771,4568.74036,4542.92152,4563.72006,
2026-04-30 06:00:00,4563.64871,4592.06128,4561.91754,4589.96931,
2026-04-30 07:00:00,4589.93292,4602.61035,4585.91298,4597.64344,
2026-04-30 08:00:00,4597.3367,4626.26581,4597.3367,4616.93591,
2026-04-30 09:00:00,4616.86654,4630.32317,4615.87743,4625.33688,
2026-04-30 10:00:00,4625.44566,4646.87963,4624.05318,4638.9299,
2026-04-30 11:00:00,4639.12273,4644.9099,4628.27824,4630.02827,
2026-04-30 12:00:00,4629.97002,4639.42187,4624.41631,4639.42187,
2026-04-30 13:00:00,4639.62391,4644.28656,4611.57806,4612.56991,
2026-04-30 14:00:00,4612.59573,4626.57583,4611.39146,4621.61061,
2026-04-30 15:00:00,4621.53488,4624.75105,4613.5916,4616.41888,
2026-04-30 16:00:00,4616.28552,4616.53237,4604.4146,4608.0711,
2026-04-30 17:00:00,4608.19426,4621.45715,4607.87024,4616.98606,
2026-04-30 18:00:00,4618.93373,4625.30664,4617.01833,4623.12781,
2026-04-30 19:00:00,4623.06037,4626.71867,4614.88483,4616.16327,
2026-04-30 20:00:00,4618.21101,4622.08176,4615.24003,4621.32118,
2026-04-30 21:00:00,4622.38066,4623.01623,4621.07209,4622.52993,
2026-04-30 22:00:00,4628.3708,4632.76192,4622.3537,4630.78617,
2026-04-30 23:00:00,4630.62475,4634.0141,4627.0817,4628.06765,
2026-05-01 00:00:00,4624.78998,4630.48426,4619.05656,4621.74636,
2026-05-01 01:00:00,4619.44037,4623.20851,4614.39095,4621.53338,
2026-05-01 02:00:00,4620.81848,4635.38574,4616.86237,4618.15234,
2026-05-01 03:00:00,4618.9355,4631.80041,4617.17788,4626.76473,
2026-05-01 04:00:00,4626.49991,4629.96217,4609.68479,4611.31714,
2026-05-01 05:00:00,4608.95006,4616.32375,4603.45557,4605.10969,
2026-05-01 06:00:00,4605.63314,4608.30429,4591.13632,4593.83327,
2026-05-01 07:00:00,4595.21887,4600.1139,4575.44202,4576.6014,
2026-05-01 08:00:00,4579.28608,4581.84698,4565.79308,4567.97655,
2026-05-01 09:00:00,4567.91311,4572.03874,4561.49752,4562.14962,
2026-05-01 10:00:00,4561.76442,4576.44787,4561.34636,4567.57875,
2026-05-01 11:00:00,4567.31964,4579.44411,4563.70338,4578.10054,
2026-05-01 12:00:00,4577.92736,4608.2278,4576.15364,4591.84455,
2026-05-01 13:00:00,4590.54575,4626.47264,4588.2083,4624.29142,
2026-05-01 14:00:00,4631.77749,4659.80668,4619.3638,4631.84363,
2026-05-01 15:00:00,4631.63883,4647.23773,4620.85856,4643.53235,
2026-05-01 16:00:00,4643.1852,4649.16803,4634.39297,4640.89334,
2026-05-01 17:00:00,4640.44588,4642.71475,4627.43999,4629.64872,
2026-05-01 18:00:00,4629.85743,4631.99326,4614.75226,4623.74492,
2026-05-01 19:00:00,4623.72858,4627.65445,4608.54212,4609.296,
2026-05-01 20:00:00,4611.13352,4617.61129,4607.53527,4614.83277,
2026-05-01 21:00:00,4613.88092,4615.73967,4612.39694,4613.21551,
2026-05-01 22:00:00,4613.20789,4613.46359,4613.16106,4613.24218,
2026-05-01 23:00:00,4613.24833,4613.46414,4613.173,4613.22275,
2026-05-02 00:00:00,4613.24228,4613.45941,4613.17279,4613.21973,
2026-05-02 01:00:00,4613.25193,4613.45983,4613.17213,4613.20597,
2026-05-02 02:00:00,4613.24833,4613.46226,4613.17366,4613.2078,
2026-05-02 03:00:00,4613.24056,4613.46372,4613.17761,4613.21856,
2026-05-02 04:00:00,4613.25773,4613.45817,4613.17218,4613.22552,
2026-05-02 05:00:00,4613.25258,4613.46987,4613.18109,4613.25056,
2026-05-02 06:00:00,4613.25856,4613.46775,4613.1801,4613.26667,
2026-05-02 07:00:00,4613.2572,4613.46692,4613.17838,4613.26561,
2026-05-02 08:00:00,4613.2373,4613.46466,4613.17355,4613.29667,
2026-05-02 09:00:00,4613.25258,4613.46268,4613.17221,4613.30312,
2026-05-02 10:00:00,4613.25714,4613.46867,4613.17542,4613.32095,
2026-05-02 11:00:00,4613.2547,4613.46199,4613.17436,4613.34048,
2026-05-02 12:00:00,4613.25045,4613.45775,4613.18129,4613.3494,
2026-05-02 13:00:00,4613.25045,4613.45802,4613.18129,4613.35382,
2026-05-02 14:00:00,4613.25045,4613.45802,4613.18129,4613.35344,
2026-05-02 15:00:00,4613.25045,4613.45802,4613.18129,4613.34827,
2026-05-02 16:00:00,4613.25045,4613.45801,4613.18128,4613.33869,
2026-05-02 17:00:00,4613.25045,4613.45801,4613.18158,4613.32535,
2026-05-02 18:00:00,4613.25045,4613.45777,4613.18128,4613.3092,
2026-05-02 19:00:00,4613.25045,4613.45801,4613.18128,4613.29136,
2026-05-02 20:00:00,4613.25045,4613.45801,4613.18128,4613.27308,
2026-05-02 21:00:00,4613.25045,4613.45801,4613.18128,4613.2579,
2026-05-02 22:00:00,4613.25258,4613.46013,4613.1834,4613.24249,
2026-05-02 23:00:00,4613.25258,4613.46013,4613.1834,4613.23021,
2026-05-03 00:00:00,4613.25258,4613.46013,4613.18375,4613.22191,
2026-05-03 01:00:00,4613.25258,4613.45993,4613.1834,4613.21817,
2026-05-03 02:00:00,4613.25258,4613.46012,4613.1834,4613.21926,
2026-05-03 03:00:00,4613.25258,4613.46012,4613.1834,4613.22509,
2026-05-03 04:00:00,4613.25258,4613.46012,4613.1834,4613.23527,
2026-05-03 05:00:00,4613.25258,4613.46012,4613.1834,4613.24908,
2026-05-03 06:00:00,4613.25258,4613.46012,4613.18377,4613.26555,
2026-05-03 07:00:00,4613.25258,4613.45995,4613.1834,4613.28353,
2026-05-03 08:00:00,4613.25258,4613.46012,4613.1834,4613.30177,
2026-05-03 09:00:00,4613.25258,4613.46011,4613.1834,4613.31899,
2026-05-03 10:00:00,4613.25258,4613.46011,4613.1834,4613.33398,
2026-05-03 11:00:00,4613.25258,4613.46011,4613.1834,4613.34571,
2026-05-03 12:00:00,4613.25258,4613.46011,4613.18339,4613.35334,
2026-05-03 13:00:00,4613.25258,4613.46011,4613.18379,4613.35634,
2026-05-03 14:00:00,4613.25258,4613.45997,4613.18339,4613.35452,
2026-05-03 15:00:00,4613.25258,4613.46011,4613.18339,4613.34798,
2026-05-03 16:00:00,4613.25258,4613.46011,4613.18339,4613.3372,
2026-05-03 17:00:00,4613.25258,4613.4601,4613.18339,4613.32291,
2026-05-03 18:00:00,4613.25258,4613.46088,4613.15922,4613.30103,
2026-05-03 19:00:00,4613.24964,4613.78995,4612.97032,4613.27276,
2026-05-03 20:00:00,4613.24907,4613.46214,4613.14138,4613.28448,
2026-05-03 21:00:00,4613.24465,4613.46308,4612.97168,4613.1718,
2026-05-03 22:00:00,4624.93844,4629.39094,4612.12065,4619.6522,
2026-05-03 23:00:00,4617.97856,4620.43155,4611.6455,4614.22274,
2026-05-04 00:00:00,4611.33873,4616.23886,4602.99194,4611.90231,
2026-05-04 01:00:00,4612.89326,4613.18448,4595.13983,4608.34061,
2026-05-04 02:00:00,4614.824,4616.49265,4592.59668,4608.6698,
2026-05-04 03:00:00,4606.12826,4616.41584,4600.23921,4615.53552,
2026-05-04 04:00:00,4614.19341,4616.59203,4605.9994,4607.11878,
2026-05-04 05:00:00,4605.97589,4613.93413,4592.80049,4600.64322,
2026-05-04 06:00:00,4599.81978,4600.6625,4584.84862,4588.86518,
2026-05-04 07:00:00,4587.7546,4594.14223,4580.48889,4582.14753,
2026-05-04 08:00:00,4577.85202,4582.3214,4573.77414,4577.77316,
2026-05-04 09:00:00,4577.12585,4584.00183,4574.00104,4574.29902,
2026-05-04 10:00:00,4574.77937,4577.91613,4526.40284,4563.30419,
2026-05-04 11:00:00,4564.64055,4569.87747,4553.93291,4562.27184,
2026-05-04 12:00:00,4560.13691,4579.27085,4559.01738,4572.1613,
2026-05-04 13:00:00,4565.18113,4580.46016,4557.07832,4564.58445,
2026-05-04 14:00:00,4564.02492,4582.50416,4554.16812,4566.41537,
2026-05-04 15:00:00,4558.68667,4567.2528,4515.28867,4524.77066,
2026-05-04 16:00:00,4521.99339,4526.32055,4503.72464,4509.24591,
2026-05-04 17:00:00,4511.76702,4529.94632,4508.56628,4522.22308,
2026-05-04 18:00:00,4522.329,4525.54357,4510.80337,4514.57949,
2026-05-04 19:00:00,4516.14351,4528.71695,4507.60382,4516.37837,
2026-05-04 20:00:00,4517.13744,4523.76833,4511.56519,4523.59841,
2026-05-04 21:00:00,4523.13191,4524.43193,4522.43984,4523.52947,
2026-05-04 22:00:00,4523.31923,4524.20015,4515.36386,4517.14161,
2026-05-04 23:00:00,4517.2874,4522.16988,4516.50784,4519.57906,
2026-05-05 00:00:00,4520.67324,4531.03469,4514.11976,4529.78586,
2026-05-05 01:00:00,4528.02303,4541.11638,4527.09489,4540.41077,
2026-05-05 02:00:00,4541.7378,4546.28995,4535.62669,4541.17342,
2026-05-05 03:00:00,4538.37531,4542.64114,4534.36261,4534.53492,
2026-05-05 04:00:00,4535.13056,4537.49484,4528.97805,4532.26023,
2026-05-05 05:00:00,4532.44165,4551.41482,4532.06436,4544.92665,
2026-05-05 06:00:00,4548.80154,4553.76263,4534.75674,4548.35564,
2026-05-05 07:00:00,4549.65544,4556.70631,4544.25469,4544.81461,
2026-05-05 08:00:00,4546.27814,4558.96811,4544.62825,4558.43343,
2026-05-05 09:00:00,4556.62043,4560.81992,4552.49021,4554.80582,
2026-05-05 10:00:00,4556.65218,4556.78778,4541.3711,4544.55486,
2026-05-05 11:00:00,4543.93365,4563.75495,4540.8505,4561.23072,
2026-05-05 12:00:00,4562.3872,4574.35258,4555.60111,4564.93456,
2026-05-05 13:00:00,4564.88078,4583.82063,4563.2,4579.20076,
2026-05-05 14:00:00,4578.71724,4587.17375,4569.74867,4580.63947,
2026-05-05 15:00:00,4580.29328,4584.42992,4569.14413,4570.09942,
2026-05-05 16:00:00,4569.40731,4570.38391,4554.56367,4562.17819,
2026-05-05 17:00:00,4562.11751,4562.42026,4553.68656,4559.962,
2026-05-05 18:00:00,4559.65935,4566.03133,4558.03033,4560.66694,
2026-05-05 19:00:00,4560.50163,4560.7954,4551.91941,4554.42376,
2026-05-05 20:00:00,4553.72777,4560.26352,4552.69747,4556.92512,
2026-05-05 21:00:00,4556.73388,4557.74786,4556.4314,4557.29574,
2026-05-05 22:00:00,4557.23084,4575.78654,4542.23432,4571.10808,
2026-05-05 23:00:00,4568.57386,4595.50573,4568.48659,4593.97573,
2026-05-06 00:00:00,4594.07205,4618.21951,4588.61576,4618.02024,
2026-05-06 01:00:00,4617.99826,4627.70142,4609.58169,4625.62066,
2026-05-06 02:00:00,4626.07296,4641.06778,4625.56085,4639.61682,
2026-05-06 03:00:00,4640.17199,4650.08138,4639.24443,4643.60342,
2026-05-06 04:00:00,4643.63505,4652.46115,4643.59072,4650.27922,
2026-05-06 05:00:00,4650.23928,4662.86673,4643.91588,4662.21851,
2026-05-06 06:00:00,4661.14502,4667.56573,4656.0641,4667.00811,
2026-05-06 07:00:00,4665.55486,4678.83234,4658.09577,4678.13838,
2026-05-06 08:00:00,4676.87602,4699.9472,4673.47626,4694.45685,
2026-05-06 09:00:00,4694.84582,4705.2843,4687.19135,4701.47018,
2026-05-06 10:00:00,4701.5502,4721.34846,4696.69407,4719.68323,
2026-05-06 11:00:00,4719.4671,4722.77486,4692.24448,4695.49318,
2026-05-06 12:00:00,4693.37736,4693.51356,4664.1791,4680.86608,
2026-05-06 13:00:00,4677.86323,4705.43949,4669.24123,4704.08268,
2026-05-06 14:00:00,4704.50448,4716.39425,4698.38977,4703.25284,
2026-05-06 15:00:00,4703.28578,4705.88811,4689.04774,4690.09084,
2026-05-06 16:00:00,4691.22749,4692.85279,4682.11892,4682.28339,
2026-05-06 17:00:00,4682.06467,4687.57715,4678.73774,4683.41089,
2026-05-06 18:00:00,4683.74416,4689.99156,4682.52482,4686.08235,
2026-05-06 19:00:00,4686.54008,4699.35936,4686.15794,4695.19384,
2026-05-06 20:00:00,4696.25027,4699.37453,4686.02718,4690.91268,
2026-05-06 21:00:00,4690.82727,4691.31169,4689.96529,4690.32291,
2026-05-06 22:00:00,4690.21813,4699.99614,4685.08702,4695.89043,
2026-05-06 23:00:00,4695.72319,4699.28707,4690.41982,4698.50838,
2026-05-07 00:00:00,4698.24922,4700.62116,4686.47483,4688.12971,
2026-05-07 01:00:00,4687.84949,4720.5712,4686.25521,4714.90227,
2026-05-07 02:00:00,4715.12268,4718.12519,4700.95816,4709.6844,
2026-05-07 03:00:00,4709.58543,4709.65007,4700.24492,4700.41166,
2026-05-07 04:00:00,4700.67147,4701.45745,4692.66243,4696.84918,
2026-05-07 05:00:00,4696.8162,4706.11101,4695.01925,4701.86222,
2026-05-07 06:00:00,4702.05845,4749.19581,4701.89957,4738.8545,
2026-05-07 07:00:00,4738.54289,4750.02632,4733.2427,4743.6699,
2026-05-07 08:00:00,4743.57354,4752.50303,4732.01933,4732.51134,
2026-05-07 09:00:00,4732.54225,4738.93945,4723.34168,4726.94301,
2026-05-07 10:00:00,4727.62592,4740.02165,4726.77973,4736.78053,
2026-05-07 11:00:00,4736.99953,4742.80725,4727.73986,4742.80725,
2026-05-07 12:00:00,4742.77748,4751.89371,4733.63444,4747.72968,
2026-05-07 13:00:00,4746.67732,4756.02654,4729.18826,4747.39981,
2026-05-07 14:00:00,4747.02498,4762.88795,4743.88492,4762.83661,
2026-05-07 15:00:00,4762.66804,4765.85857,4728.66968,4728.7107,
2026-05-07 16:00:00,4728.76171,4731.2252,4705.88235,4713.59025,
2026-05-07 17:00:00,4713.28039,4729.41171,4691.52444,4706.11138,
2026-05-07 18:00:00,4708.81559,4715.20181,4696.80035,4709.9256,
2026-05-07 19:00:00,4709.45285,4711.45268,4698.4493,4705.04204,
2026-05-07 20:00:00,4705.85651,4717.42617,4686.52351,4689.4371,
2026-05-07 21:00:00,4688.10345,4688.45234,4685.70236,4686.72263,
2026-05-07 22:00:00,4686.74719,4701.19201,4671.02499,4685.69447,
2026-05-07 23:00:00,4685.90343,4704.60971,4685.37694,4703.85506,
2026-05-08 00:00:00,4703.69144,4709.75511,4694.96041,4700.62027,
2026-05-08 01:00:00,4700.13435,4724.66093,4699.46896,4723.88243,
2026-05-08 02:00:00,4724.4007,4731.98438,4707.71137,4713.84166,
2026-05-08 03:00:00,4713.8935,4730.48914,4711.36208,4720.46704,
2026-05-08 04:00:00,4720.41101,4722.55018,4709.28429,4712.65794,
2026-05-08 05:00:00,4714.5991,4730.30705,4710.9813,4728.40643,
2026-05-08 06:00:00,4728.8666,4734.09993,4717.43554,4726.29828,
2026-05-08 07:00:00,4725.91979,4727.59858,4698.45224,4708.60462,
2026-05-08 08:00:00,4708.34723,4723.27597,4707.87628,4716.23601,
2026-05-08 09:00:00,4716.37784,4722.03148,4707.24069,4711.43898,
2026-05-08 10:00:00,4710.3801,4727.5073,4710.09373,4719.46322,
2026-05-08 11:00:00,4719.33017,4727.77836,4713.01662,4718.18975,
2026-05-08 12:00:00,4717.49905,4730.84747,4704.33269,4729.97096,
2026-05-08 13:00:00,4730.16894,4745.95285,4717.64872,4745.47247,
2026-05-08 14:00:00,4744.35667,4746.76034,4714.6799,4717.20187,
2026-05-08 15:00:00,4717.73471,4722.1322,4704.29933,4706.24045,
2026-05-08 16:00:00,4706.8584,4720.64335,4705.91543,4714.02576,
2026-05-08 17:00:00,4713.74195,4721.93344,4712.75743,4720.60866,
2026-05-08 18:00:00,4720.46648,4728.1426,4719.14665,4722.71128,
2026-05-08 19:00:00,4722.66783,4726.35548,4721.65825,4724.35852,
2026-05-08 20:00:00,4724.28718,4724.33505,4715.0711,4716.2703,
2026-05-08 21:00:00,4716.00307,4716.00307,4714.5522,4714.83408,
2026-05-08 22:00:00,4714.75497,4715.59408,4714.44984,4715.46658,
2026-05-08 23:00:00,4715.36965,4715.59187,4715.30012,4715.45261,
2026-05-09 00:00:00,4715.36734,4715.59143,4715.30177,4715.43746,
2026-05-09 01:00:00,4715.36772,4715.5876,4715.30104,4715.44922,
2026-05-09 02:00:00,4715.37271,4715.59185,4715.29545,4715.46494,
2026-05-09 03:00:00,4715.37304,4715.59387,4715.30012,4715.48152,
2026-05-09 04:00:00,4715.37341,4715.59171,4715.3003,4715.36619,
2026-05-09 05:00:00,4715.3715,4715.59185,4715.3031,4715.36308,
2026-05-09 06:00:00,4715.38034,4715.58786,4715.30013,4715.34543,
2026-05-09 07:00:00,4715.3738,4715.5959,4715.3076,4715.33921,
2026-05-09 08:00:00,4715.37432,4715.59106,4715.29882,4715.33775,
2026-05-09 09:00:00,4715.37434,4715.58933,4715.28647,4715.33906,
2026-05-09 10:00:00,4715.37205,4715.59632,4715.30335,4715.34504,
2026-05-09 11:00:00,4715.37005,4715.59345,4715.29791,4715.37048,
2026-05-09 12:00:00,4715.38191,4715.5941,4715.31127,4715.44288,
2026-05-09 13:00:00,4715.38191,4715.5941,4715.31128,4715.42477,
2026-05-09 14:00:00,4715.38191,4715.5941,4715.31128,4715.4224,
2026-05-09 15:00:00,4715.38191,4715.5941,4715.31128,4715.44071,
2026-05-09 16:00:00,4715.38191,4715.59362,4715.31128,4715.45738,
2026-05-09 17:00:00,4715.38191,4715.5941,4715.31135,4715.47125,
2026-05-09 18:00:00,4715.38191,4715.5941,4715.31128,4715.48134,
2026-05-09 19:00:00,4715.38191,4715.5941,4715.31128,4715.48695,
2026-05-09 20:00:00,4715.38191,4715.5941,4715.31129,4715.4877,
2026-05-09 21:00:00,4715.38191,4715.5941,4715.31129,4715.48579,
2026-05-09 22:00:00,4715.38413,4715.59579,4715.31353,4715.47702,
2026-05-09 23:00:00,4715.38413,4715.59632,4715.31355,4715.46422,
2026-05-10 00:00:00,4715.38413,4715.59632,4715.31353,4715.4483,
2026-05-10 01:00:00,4715.38413,4715.59632,4715.31353,4715.46053,
2026-05-10 02:00:00,4715.38413,4715.59632,4715.31353,4715.47729,
2026-05-10 03:00:00,4715.38413,4715.59632,4715.31354,4715.49162,
2026-05-10 04:00:00,4715.38413,4715.59632,4715.31354,4715.37718,
2026-05-10 05:00:00,4715.38413,4715.59578,4715.31354,4715.36381,
2026-05-10 06:00:00,4715.38413,4715.59632,4715.31353,4715.35432,
2026-05-10 07:00:00,4715.38413,4715.59632,4715.31353,4715.3494,
2026-05-10 08:00:00,4715.38413,4715.59632,4715.31353,4715.34937,
2026-05-10 09:00:00,4715.38413,4715.59632,4715.31353,4715.35425,
2026-05-10 10:00:00,4715.38413,4715.59632,4715.31355,4715.36369,
2026-05-10 11:00:00,4715.38413,4715.5958,4715.31352,4715.37703,
2026-05-10 12:00:00,4715.38413,4715.59632,4715.31352,4715.43968,
2026-05-10 13:00:00,4715.38413,4715.59632,4715.31352,4715.42176,
2026-05-10 14:00:00,4715.38413,4715.59632,4715.31352,4715.43017,
2026-05-10 15:00:00,4715.38413,4715.59632,4715.31352,4715.44812,
2026-05-10 16:00:00,4715.38413,4715.59632,4715.31351,4715.46407,
2026-05-10 17:00:00,4715.38413,4715.59632,4715.31356,4715.47691,
2026-05-10 18:00:00,4715.38413,4715.59137,4715.28483,4715.48584,
2026-05-10 19:00:00,4715.38496,4715.59411,4715.20181,4715.4922,
2026-05-10 20:00:00,4715.38857,4715.59137,4714.97949,4715.48243,
2026-05-10 21:00:00,4715.37746,4717.81329,4713.54185,4715.61132,
2026-05-10 22:00:00,4715.50865,4719.90218,4677.95614,4692.78201,
2026-05-10 23:00:00,4692.79636,4698.61937,4689.99156,4692.03972,
2026-05-11 00:00:00,4693.54404,4693.97706,4674.95028,4680.5461,
2026-05-11 01:00:00,4679.24531,4704.43677,4677.04972,4680.2746,
2026-05-11 02:00:00,4681.76102,4699.66641,4676.74093,4680.98509,
2026-05-11 03:00:00,4680.22012,4690.27387,4676.65058,4678.6198,
2026-05-11 04:00:00,4677.82041,4680.24735,4668.46813,4674.67988,
2026-05-11 05:00:00,4673.8495,4680.88266,4649.21661,4654.09187,
2026-05-11 06:00:00,4654.03475,4680.73061,4649.49406,4678.25659,
2026-05-11 07:00:00,4678.2061,4680.59263,4667.00891,4667.0583,
2026-05-11 08:00:00,4667.03364,4677.48725,4665.26709,4667.613,
2026-05-11 09:00:00,4667.87396,4669.6241,4652.63908,4657.38783,
2026-05-11 10:00:00,4658.22025,4667.65849,4656.03596,4665.44111,
2026-05-11 11:00:00,4665.38587,4677.83811,4664.4639,4673.8703,
2026-05-11 12:00:00,4673.50292,4699.81707,4667.50161,4697.36003,
2026-05-11 13:00:00,4699.55214,4746.76034,4699.35991,4739.61196,
2026-05-11 14:00:00,4741.99129,4743.38298,4715.12305,4724.69094,
2026-05-11 15:00:00,4724.81657,4738.76954,4723.88871,4732.00565,
2026-05-11 16:00:00,4731.59474,4733.05566,4710.83633,4716.23903,
2026-05-11 17:00:00,4715.78232,4724.33505,4714.53491,4722.3717,
2026-05-11 18:00:00,4722.49231,4728.80314,4722.32716,4726.61632,
2026-05-11 19:00:00,4727.50254,4736.12407,4723.43516,4735.09104,
2026-05-11 20:00:00,4734.61397,4738.48755,4730.79576,4735.46064,
2026-05-11 21:00:00,4735.04061,4735.74541,4735.04061,4735.32364,
2026-05-11 22:00:00,4735.21551,4755.20612,4731.64938,4751.25483,
2026-05-11 23:00:00,4751.58068,4768.653,4748.22053,4768.11184,
2026-05-12 00:00:00,4768.03136,4773.4977,4750.86593,4752.17651,
2026-05-12 01:00:00,4753.95838,4754.88565,4721.8812,4725.50935,
2026-05-12 02:00:00,4725.53044,4733.45714,4723.88871,4731.96139,
2026-05-12 03:00:00,4731.93045,4733.46374,4718.86106,4720.13908,
2026-05-12 04:00:00,4719.93764,4729.90853,4711.96692,4714.95597,
2026-05-12 05:00:00,4716.05084,4720.60748,4707.96032,4716.38285,
2026-05-12 06:00:00,4717.63926,4720.50019,4695.01973,4698.17088,
2026-05-12 07:00:00,4697.3635,4704.19795,4689.34704,4700.78298,
2026-05-12 08:00:00,4702.76234,4705.66091,4697.38732,4703.84724,
2026-05-12 09:00:00,4703.78335,4704.2268,4694.33191,4699.56254,
2026-05-12 10:00:00,4699.00091,4708.06035,4686.47483,4692.16392,
2026-05-12 11:00:00,4692.29107,4708.36148,4686.18813,4707.51245,
2026-05-12 12:00:00,4707.78581,4711.12471,4691.6333,4702.72013,
2026-05-12 13:00:00,4703.30714,4708.83024,4678.72899,4680.13096,
2026-05-12 14:00:00,4682.04966,4695.77265,4671.29817,4671.29817,
2026-05-12 15:00:00,4671.64396,4674.64473,4641.66357,4667.20183,
2026-05-12 16:00:00,4667.58908,4674.2302,4664.05567,4672.56871,
2026-05-12 17:00:00,4673.15679,4682.30591,4672.02392,4678.75812,
2026-05-12 18:00:00,4678.8898,4697.63611,4677.36969,4696.31612,
2026-05-12 19:00:00,4696.92736,4714.7781,4694.83783,4714.6335,
2026-05-12 20:00:00,4714.21139,4718.20938,4712.24616,4715.30897,
2026-05-12 21:00:00,4715.18842,4715.58389,4714.53491,4715.22427,
2026-05-12 22:00:00,4715.14178,4721.75513,4713.64601,4717.52309,
2026-05-12 23:00:00,4717.85308,4723.79582,4715.60251,4718.26532,
2026-05-13 00:00:00,4718.19823,4726.43751,4715.4774,4718.48726,
2026-05-13 01:00:00,4717.41917,4717.41917,4701.9409,4702.15568,
2026-05-13 02:00:00,4702.4395,4707.24525,4689.25946,4692.64067,
2026-05-13 03:00:00,4692.31897,4705.67366,4688.56409,4695.45779,
2026-05-13 04:00:00,4695.48954,4703.06841,4695.41316,4699.48621,
2026-05-13 05:00:00,4699.35774,4707.74459,4695.71751,4703.91734,
2026-05-13 06:00:00,4702.23185,4717.08335,4700.06046,4700.31889,
2026-05-13 07:00:00,4699.99754,4708.22847,4697.07279,4702.2301,
2026-05-13 08:00:00,4702.92369,4704.46127,4694.43472,4701.97358,
2026-05-13 09:00:00,4701.82163,4702.48483,4686.69447,4699.46676,
2026-05-13 10:00:00,4699.30667,4708.2128,4694.11795,4694.63584,
2026-05-13 11:00:00,4695.32218,4704.87473,4691.46344,4699.29989,
2026-05-13 12:00:00,4699.1209,4700.60861,4676.9395,4684.28109,
2026-05-13 13:00:00,4684.24768,4694.54273,4669.46693,4682.24715,
2026-05-13 14:00:00,4681.86735,4690.87021,4673.83512,4680.56021,
2026-05-13 15:00:00,4680.79318,4699.44815,4679.91634,4695.45464,
2026-05-13 16:00:00,4695.78689,4710.18978,4694.26255,4696.12943,
2026-05-13 17:00:00,4696.21897,4701.11582,4685.87934,4687.7833,
2026-05-13 18:00:00,4687.55265,4693.87401,4679.96024,4685.8377,
2026-05-13 19:00:00,4687.16492,4689.77161,4683.83501,4688.41087,
2026-05-13 20:00:00,4687.70263,4693.31661,4686.50244,4688.61014,
2026-05-13 21:00:00,4688.76102,4689.41792,4679.05163,4688.60938,
2026-05-13 22:00:00,4688.62161,4700.50522,4688.45234,4700.3435,
2026-05-13 23:00:00,4700.29678,4702.32881,4693.73387,4696.63865,
2026-05-14 00:00:00,4696.08003,4708.16224,4690.87156,4704.50626,
2026-05-14 01:00:00,4702.43829,4709.04849,4685.59648,4685.85273,
2026-05-14 02:00:00,4686.01702,4699.93881,4682.30557,4686.65339,
2026-05-14 03:00:00,4687.64567,4694.1828,4674.97476,4675.84498,
2026-05-14 04:00:00,4675.81839,4712.73847,4671.52559,4703.20367,
2026-05-14 05:00:00,4703.23315,4703.62932,4693.36887,4694.69965,
2026-05-14 06:00:00,4696.76132,4701.04992,4687.28087,4700.58854,
2026-05-14 07:00:00,4700.15553,4717.47809,4693.8206,4694.19122,
2026-05-14 08:00:00,4694.95738,4706.56715,4691.46108,4694.41254,
2026-05-14 09:00:00,4694.61332,4701.45745,4689.42056,4700.4217,
2026-05-14 10:00:00,4700.77011,4707.50368,4691.97204,4696.72942,
2026-05-14 11:00:00,4696.60489,4705.07993,4689.69045,4697.82461,
2026-05-14 12:00:00,4697.82569,4708.72946,4693.02247,4705.18492,
2026-05-14 13:00:00,4704.1183,4705.87828,4670.08,4683.58597,
2026-05-14 14:00:00,4683.47357,4699.55088,4674.05754,4684.73446,
2026-05-14 15:00:00,4686.09595,4688.68234,4679.06502,4685.6819,
2026-05-14 16:00:00,4685.78153,4686.10964,4671.58741,4678.13071,
2026-05-14 17:00:00,4677.42986,4682.62933,4677.16308,4678.73004,
2026-05-14 18:00:00,4678.59064,4680.46881,4668.01318,4671.10687,
2026-05-14 19:00:00,4670.06694,4671.77064,4653.81581,4655.0795,
2026-05-14 20:00:00,4654.85933,4658.213,4645.0047,4651.91243,
2026-05-14 21:00:00,4651.6473,4652.26793,4651.30399,4652.02831,
2026-05-14 22:00:00,4651.95687,4663.18,4648.777,4662.38046,
2026-05-14 23:00:00,4662.4797,4664.83183,4649.21661,4650.57492,
2026-05-15 00:00:00,4650.29605,4655.71023,4614.17765,4626.21241,
2026-05-15 01:00:00,4622.35142,4629.84397,4606.99716,4614.99084,
2026-05-15 02:00:00,4614.30628,4622.21966,4609.98061,4619.87895,
2026-05-15 03:00:00,4621.10792,4622.90419,4609.35699,4615.9248,
2026-05-15 04:00:00,4615.36183,4620.75128,4605.90734,4606.6718,
2026-05-15 05:00:00,4606.63564,4606.80673,4563.59326,4569.56982,
2026-05-15 06:00:00,4567.98975,4581.00268,4557.84223,4567.67438,
2026-05-15 07:00:00,4567.50239,4587.39502,4567.4614,4569.7825,
2026-05-15 08:00:00,4570.03404,4571.1148,4552.24107,4554.08644,
2026-05-15 09:00:00,4554.94768,4560.49308,4534.70673,4544.7705,
2026-05-15 10:00:00,4544.83443,4572.05503,4544.62825,4568.81463,
2026-05-15 11:00:00,4568.17789,4569.08651,4550.8328,4551.87153,
2026-05-15 12:00:00,4551.87937,4557.67741,4545.66117,4552.51953,
2026-05-15 13:00:00,4552.53389,4556.82655,4512.32918,4534.42514,
2026-05-15 14:00:00,4535.91049,4566.42515,4525.66688,4565.85756,
2026-05-15 15:00:00,4564.92428,4564.95937,4533.03961,4533.95994,
2026-05-15 16:00:00,4535.21692,4547.88333,4530.01133,4544.21449,
2026-05-15 17:00:00,4544.11,4564.72964,4543.97041,4559.58841,
2026-05-15 18:00:00,4559.66954,4562.61617,4553.70845,4559.23338,
2026-05-15 19:00:00,4559.25335,4559.52057,4545.93783,4545.98597,
2026-05-15 20:00:00,4545.96866,4547.76667,4534.12442,4540.14677,
2026-05-15 21:00:00,4539.89139,4540.29512,4537.61684,4537.67283,
2026-05-15 22:00:00,4537.69715,4537.9644,4537.61684,4537.72045,
2026-05-15 23:00:00,4537.75185,4537.96621,4537.58499,4537.70856,
2026-05-16 00:00:00,4537.7445,4537.95848,4537.67468,4537.71385,
2026-05-16 01:00:00,4537.74818,4537.96104,4537.67701,4537.71967,
2026-05-16 02:00:00,4537.74804,4537.96995,4537.68228,4537.73172,
2026-05-16 03:00:00,4537.74986,4537.97331,4537.68132,4537.75333,
2026-05-16 04:00:00,4537.75731,4537.9723,4537.68848,4537.8078,
2026-05-16 05:00:00,4537.75519,4537.97009,4537.69292,4537.81237,
2026-05-16 06:00:00,4537.76306,4537.97001,4537.68264,4537.81866,
2026-05-16 07:00:00,4537.76295,4537.968,4537.67852,4537.82996,
2026-05-16 08:00:00,4537.76491,4537.96627,4537.68479,4537.83089,
2026-05-16 09:00:00,4537.74984,4537.95747,4537.66419,4537.83267,
2026-05-16 10:00:00,4537.74039,4537.94869,4537.67115,4537.84592,
2026-05-16 11:00:00,4537.74656,4537.95044,4537.67255,4537.84248,
2026-05-16 12:00:00,4537.74039,4537.94458,4537.67239,4537.84034,
2026-05-16 13:00:00,4537.74039,4537.94457,4537.67238,4537.83359,
2026-05-16 14:00:00,4537.74039,4537.94457,4537.67238,4537.8227,
2026-05-16 15:00:00,4537.74039,4537.94457,4537.67238,4537.80844,
2026-05-16 16:00:00,4537.74039,4537.94457,4537.67238,4537.80719,
2026-05-16 17:00:00,4537.74039,4537.94457,4537.67256,4537.82393,
2026-05-16 18:00:00,4537.74039,4537.94422,4537.67238,4537.83877,
2026-05-16 19:00:00,4537.74039,4537.94457,4537.67238,4537.73958,
2026-05-16 20:00:00,4537.74039,4537.94457,4537.67238,4537.72547,
2026-05-16 21:00:00,4537.74039,4537.94806,4537.67237,4537.72117,
2026-05-16 22:00:00,4537.74656,4537.95073,4537.67853,4537.71455,
2026-05-16 23:00:00,4537.74656,4537.95073,4537.67881,4537.71255,
2026-05-17 00:00:00,4537.74656,4537.95048,4537.67853,4537.7153,
2026-05-17 01:00:00,4537.74656,4537.95073,4537.67853,4537.72262,
2026-05-17 02:00:00,4537.74656,4537.95073,4537.67853,4537.73399,
2026-05-17 03:00:00,4537.74656,4537.95073,4537.67853,4537.8073,
2026-05-17 04:00:00,4537.74656,4537.95072,4537.67852,4537.78984,
2026-05-17 05:00:00,4537.74656,4537.95072,4537.67852,4537.78341,
2026-05-17 06:00:00,4537.74656,4537.95072,4537.67883,4537.80114,
2026-05-17 07:00:00,4537.74656,4537.95049,4537.67852,4537.81743,
2026-05-17 08:00:00,4537.74656,4537.95072,4537.67852,4537.83114,
2026-05-17 09:00:00,4537.74656,4537.95072,4537.67852,4537.84132,
2026-05-17 10:00:00,4537.74656,4537.95072,4537.67852,4537.84726,
2026-05-17 11:00:00,4537.74656,4537.95072,4537.67852,4537.84853,
2026-05-17 12:00:00,4537.74656,4537.95072,4537.67884,4537.84506,
2026-05-17 13:00:00,4537.74656,4537.95051,4537.67852,4537.83708,
2026-05-17 14:00:00,4537.74656,4537.95071,4537.67852,4537.82515,
2026-05-17 15:00:00,4537.74656,4537.95071,4537.67852,4537.81011,
2026-05-17 16:00:00,4537.74656,4537.95071,4537.67852,4537.81823,
2026-05-17 17:00:00,4537.74656,4537.95071,4537.67851,4537.83455,
2026-05-17 18:00:00,4537.74656,4537.95071,4537.65595,4537.83214,
2026-05-17 19:00:00,4537.73186,4537.96184,4537.41095,4537.66852,
2026-05-17 20:00:00,4537.69007,4537.96399,4537.61684,4537.71527,
2026-05-17 21:00:00,4537.73389,4540.33654,4537.61684,4540.17594,
2026-05-17 22:00:00,4540.07868,4554.95988,4529.88534,4546.17578,
2026-05-17 23:00:00,4546.55611,4548.67683,4531.3387,4536.68377,
2026-05-18 00:00:00,4536.76036,4538.73065,4476.89916,4504.2515,
2026-05-18 01:00:00,4504.32487,4532.58855,4492.80034,4527.18962,
2026-05-18 02:00:00,4528.21653,4542.86497,4523.18937,4534.32519,
2026-05-18 03:00:00,4534.27315,4547.27769,4526.32055,4543.50574,
2026-05-18 04:00:00,4543.17839,4547.72841,4528.576,4539.89669,
2026-05-18 05:00:00,4539.83574,4551.52401,4531.75242,4532.77725,
2026-05-18 06:00:00,4534.62128,4547.22205,4531.41797,4546.25268,
2026-05-18 07:00:00,4546.46972,4559.80333,4537.75084,4547.10441,
2026-05-18 08:00:00,4547.05173,4556.62596,4542.81468,4552.41557,
2026-05-18 09:00:00,4552.76449,4553.19592,4540.21071,4543.58589,
2026-05-18 10:00:00,4543.45468,4547.47002,4533.65747,4540.1195,
2026-05-18 11:00:00,4539.97176,4565.9382,4533.94261,4552.00681,
2026-05-18 12:00:00,4553.03508,4575.15859,4544.53855,4568.38369,
2026-05-18 13:00:00,4564.29012,4584.42213,4563.17654,4578.61437,
2026-05-18 14:00:00,4579.41399,4579.41399,4539.88287,4545.3713,
2026-05-18 15:00:00,4544.91706,4547.31481,4533.70812,4543.24252,
2026-05-18 16:00:00,4543.65219,4553.66899,4535.7645,4551.77845,
2026-05-18 17:00:00,4552.73634,4558.09289,4545.86781,4546.75188,
2026-05-18 18:00:00,4546.33669,4548.18992,4535.94016,4536.79169,
2026-05-18 19:00:00,4538.01712,4562.46008,4528.85758,4558.90049,
2026-05-18 20:00:00,4560.29363,4567.49923,4557.46969,4566.17371,
2026-05-18 21:00:00,4565.99461,4567.88167,4565.99461,4566.64109,
2026-05-18 22:00:00,4566.55918,4578.75458,4563.41248,4573.14618,
2026-05-18 23:00:00,4573.06048,4588.83994,4571.27513,4579.9231,
2026-05-19 00:00:00,4580.47105,4593.46333,4564.13922,4566.96629,
2026-05-19 01:00:00,4565.77016,4572.57412,4553.55647,4565.95635,
2026-05-19 02:00:00,4565.44835,4565.57176,4547.10804,4547.33071,
2026-05-19 03:00:00,4547.70493,4555.69412,4544.21521,4546.0011,
2026-05-19 04:00:00,4545.75143,4547.58352,4538.69935,4541.72397,
2026-05-19 05:00:00,4541.90705,4546.48784,4532.68063,4541.86365,
2026-05-19 06:00:00,4541.79311,4553.94144,4533.69099,4548.01019,
2026-05-19 07:00:00,4548.09596,4559.13194,4542.117,4557.08285,
2026-05-19 08:00:00,4557.1654,4557.43421,4536.94158,4543.14034,
2026-05-19 09:00:00,4543.38776,4546.69455,4536.39086,4545.07659,
2026-05-19 10:00:00,4544.14289,4544.14289,4526.52544,4542.96547,
2026-05-19 11:00:00,4542.15195,4547.4913,4531.22117,4531.41203,
2026-05-19 12:00:00,4531.74136,4546.77218,4528.98551,4538.92434,
2026-05-19 13:00:00,4540.27283,4540.27283,4466.8781,4506.0862,
2026-05-19 14:00:00,4504.85039,4509.98963,4484.26905,4493.42554,
2026-05-19 15:00:00,4490.29132,4508.36301,4490.29132,4507.85631,
2026-05-19 16:00:00,4507.42698,4512.04253,4496.60506,4508.40677,
2026-05-19 17:00:00,4507.94124,4510.42496,4499.84216,4500.98263,
2026-05-19 18:00:00,4500.62374,4503.32356,4490.95073,4494.53285,
2026-05-19 19:00:00,4494.36053,4497.21173,4481.29061,4481.56989,
2026-05-19 20:00:00,4482.01744,4487.72607,4481.43219,4481.85399,
2026-05-19 21:00:00,4482.10568,4482.89775,4481.87359,4482.51295,
2026-05-19 22:00:00,4482.36415,4486.11547,4477.93826,4484.05127,
2026-05-19 23:00:00,4483.52601,4496.20071,4480.08602,4489.48579,
2026-05-20 00:00:00,4490.36847,4507.34698,4480.68823,4498.93306,
2026-05-20 01:00:00,4499.65277,4501.46298,4460.3033,4479.55822,
2026-05-20 02:00:00,4480.06293,4486.71931,4458.58039,4465.91541,
2026-05-20 03:00:00,4464.84085,4467.93265,4454.14458,4464.34456,
2026-05-20 04:00:00,4463.6536,4470.27269,4456.7252,4461.64976,
2026-05-20 05:00:00,4461.52856,4478.77242,4460.06412,4472.50927,
2026-05-20 06:00:00,4472.91841,4478.30168,4462.49275,4473.81062,
2026-05-20 07:00:00,4473.91711,4485.31061,4472.87203,4478.40214,
2026-05-20 08:00:00,4477.94385,4489.00216,4476.67652,4485.12818,
2026-05-20 09:00:00,4485.14313,4490.14413,4472.59693,4485.67937,
2026-05-20 10:00:00,4486.35591,4496.60506,4484.70715,4494.258,
2026-05-20 11:00:00,4494.15811,4500.0962,4490.52411,4496.99403,
2026-05-20 12:00:00,4497.66167,4505.31627,4492.9685,4495.04825,
2026-05-20 13:00:00,4495.48189,4505.72227,4483.26821,4483.56315,
2026-05-20 14:00:00,4484.08049,4536.79339,4467.27719,4534.67715,
2026-05-20 15:00:00,4534.53892,4550.8328,4515.68508,4527.83509,
2026-05-20 16:00:00,4528.98459,4535.35308,4524.27272,4532.60385,
2026-05-20 17:00:00,4532.73096,4536.99923,4530.21654,4530.95961,
2026-05-20 18:00:00,4531.16671,4545.66117,4530.01133,4543.17149,
2026-05-20 19:00:00,4543.65943,4550.48645,4541.94486,4547.55672,
2026-05-20 20:00:00,4547.29257,4548.55583,4542.56382,4544.05897,
2026-05-20 21:00:00,4543.91433,4545.71296,4543.80225,4544.53935,
2026-05-20 22:00:00,4544.41759,4548.76274,4535.7645,4539.88016,
2026-05-20 23:00:00,4540.70242,4546.48784,4534.60488,4543.87923,
2026-05-21 00:00:00,4544.69654,4551.24704,4536.18454,4545.91293,
2026-05-21 01:00:00,4545.97766,4571.01065,4538.6702,4560.84277,
2026-05-21 02:00:00,4560.77173,4565.94986,4532.55244,4535.96024,
2026-05-21 03:00:00,4535.31833,4540.29512,4527.55014,4529.33521,
2026-05-21 04:00:00,4529.18861,4540.06782,4528.11888,4538.54662,
2026-05-21 05:00:00,4538.19667,4539.88287,4520.79566,4529.49716,
2026-05-21 06:00:00,4528.88928,4538.64658,4519.95599,4519.95832,
2026-05-21 07:00:00,4519.9591,4523.65874,4512.22814,4522.70244,
2026-05-21 08:00:00,4522.20195,4535.7645,4518.54864,4534.02235,
2026-05-21 09:00:00,4533.78052,4542.56382,4529.19063,4530.3527,
2026-05-21 10:00:00,4530.44274,4534.91448,4506.3314,4512.77347,
2026-05-21 11:00:00,4513.74147,4519.9783,4508.97286,4512.47463,
2026-05-21 12:00:00,4512.28414,4520.13863,4503.08461,4503.3972,
2026-05-21 13:00:00,4503.9758,4520.56285,4490.74906,4513.73715,
2026-05-21 14:00:00,4514.58259,4515.59295,4499.03271,4509.1416,
2026-05-21 15:00:00,4508.82676,4512.22814,4497.78377,4512.10232,
2026-05-21 16:00:00,4511.8106,4519.9783,4511.21036,4518.58291,
2026-05-21 17:00:00,4518.07784,4558.71627,4514.51553,4553.87034,
2026-05-21 18:00:00,4555.57198,4557.70597,4527.96015,4530.30791,
2026-05-21 19:00:00,4530.14243,4543.5958,4529.37125,4543.25781,
2026-05-21 20:00:00,4542.96051,4544.8348,4539.04148,4543.10657,
2026-05-21 21:00:00,4542.91896,4546.52149,4542.15116,4545.58641,
2026-05-21 22:00:00,4545.391,4546.21565,4539.66475,4542.69344,
2026-05-21 23:00:00,4542.51008,4545.2859,4532.88609,4535.1827,
2026-05-22 00:00:00,4534.44967,4540.91363,4526.75415,4527.61355,
2026-05-22 01:00:00,4528.99924,4535.97024,4520.78949,4526.40729,
2026-05-22 02:00:00,4526.61425,4529.8242,4519.43721,4519.7539,
2026-05-22 03:00:00,4520.42441,4529.89978,4520.17454,4529.07773,
2026-05-22 04:00:00,4528.73379,4533.29707,4526.52544,4527.31191,
2026-05-22 05:00:00,4527.65189,4534.5134,4509.17617,4509.96234,
2026-05-22 06:00:00,4511.24935,4528.37024,4510.88344,4527.58336,
2026-05-22 07:00:00,4527.24361,4528.39903,4516.71183,4522.26142,
2026-05-22 08:00:00,4522.30084,4530.01133,4516.91585,4522.05821,
2026-05-22 09:00:00,4522.11375,4534.73608,4515.48812,4532.67016,
2026-05-22 10:00:00,4532.99568,4537.26087,4511.21036,4514.11565,
2026-05-22 11:00:00,4514.20536,4524.11756,4510.5917,4520.95272,
2026-05-22 12:00:00,4521.04239,4534.8958,4516.30386,4521.26652,
2026-05-22 13:00:00,4521.69578,4534.32484,4511.00686,4512.55569,
2026-05-22 14:00:00,4512.7053,4513.02194,4491.97264,4501.90761,
2026-05-22 15:00:00,4502.05386,4521.61331,4499.31269,4521.0387,
2026-05-22 16:00:00,4520.61321,4526.75807,4512.34118,4514.52883,
2026-05-22 17:00:00,4513.85543,4528.57531,4513.597,4519.70775,
2026-05-22 18:00:00,4520.43683,4520.43683,4513.32638,4514.42383,
2026-05-22 19:00:00,4514.00194,4516.19025,4504.70742,4509.28039,
2026-05-22 20:00:00,4508.9796,4510.39646,4504.70742,4508.84161,
2026-05-22 21:00:00,4508.183,4509.37951,4504.3859,4505.66656,
2026-05-22 22:00:00,4505.68775,4505.88404,4505.60989,4505.67323,
2026-05-22 23:00:00,4505.68116,4505.88142,4505.60665,4505.72927,
2026-05-23 00:00:00,4505.67541,4505.88435,4505.60174,4505.71582,
2026-05-23 01:00:00,4505.67952,4505.87945,4505.608,4505.72207,
2026-05-23 02:00:00,4505.67973,4505.88029,4505.61003,4505.73696,
2026-05-23 03:00:00,4505.67776,4505.87896,4505.60636,4505.75246,
2026-05-23 04:00:00,4505.67785,4505.8794,4505.60661,4505.76315,
2026-05-23 05:00:00,4505.6759,4505.88014,4505.60786,4505.776,
2026-05-23 06:00:00,4505.68039,4505.87825,4505.60596,4505.77848,
2026-05-23 07:00:00,4505.67801,4505.88029,4505.61003,4505.77827,
2026-05-23 08:00:00,4505.67841,4505.87894,4505.60799,4505.77546,
2026-05-23 09:00:00,4505.68038,4505.8873,4505.60859,4505.76423,
2026-05-23 10:00:00,4505.67792,4505.88015,4505.6079,4505.75123,
2026-05-23 11:00:00,4505.67808,4505.88731,4505.60596,4505.74441,
2026-05-23 12:00:00,4505.68572,4505.88836,4505.61814,4505.76138,
2026-05-23 13:00:00,4505.68572,4505.88836,4505.61814,4505.7771,
2026-05-23 14:00:00,4505.68572,4505.88836,4505.61814,4505.79033,
2026-05-23 15:00:00,4505.68572,4505.88836,4505.61814,4505.67684,
2026-05-23 16:00:00,4505.68572,4505.88833,4505.61814,4505.6646,
2026-05-23 17:00:00,4505.68572,4505.88837,4505.61864,4505.65619,
2026-05-23 18:00:00,4505.68572,4505.88837,4505.61814,4505.65222,
2026-05-23 19:00:00,4505.68572,4505.88837,4505.61814,4505.65295,
2026-05-23 20:00:00,4505.68572,4505.88837,4505.61814,4505.65833,
2026-05-23 21:00:00,4505.68572,4505.88837,4505.61814,4505.66411,
2026-05-23 22:00:00,4505.68166,4505.88429,4505.61408,4505.67742,
2026-05-23 23:00:00,4505.68166,4505.88429,4505.6146,4505.73171,
2026-05-24 00:00:00,4505.68166,4505.8843,4505.61408,4505.71475,
2026-05-24 01:00:00,4505.68166,4505.8843,4505.61408,4505.72873,
2026-05-24 02:00:00,4505.68166,4505.8843,4505.61408,4505.74564,
2026-05-24 03:00:00,4505.68166,4505.8843,4505.61408,4505.76043,
2026-05-24 04:00:00,4505.68166,4505.8843,4505.61408,4505.77208,
2026-05-24 05:00:00,4505.68166,4505.88427,4505.61408,4505.77977,
2026-05-24 06:00:00,4505.68166,4505.88431,4505.61458,4505.78297,
2026-05-24 07:00:00,4505.68166,4505.88431,4505.61408,4505.78144,
2026-05-24 08:00:00,4505.68166,4505.88431,4505.61408,4505.7753,
2026-05-24 09:00:00,4505.68166,4505.88431,4505.61408,4505.76498,
2026-05-24 10:00:00,4505.68166,4505.88431,4505.61408,4505.7512,
2026-05-24 11:00:00,4505.68166,4505.88426,4505.61408,4505.74579,
2026-05-24 12:00:00,4505.68166,4505.88432,4505.61456,4505.76258,
2026-05-24 13:00:00,4505.68166,4505.88432,4505.61408,4505.77762,
2026-05-24 14:00:00,4505.68166,4505.88432,4505.61408,4505.78984,
2026-05-24 15:00:00,4505.68166,4505.88432,4505.61408,4505.66847,
2026-05-24 16:00:00,4505.68166,4505.88432,4505.61408,4505.65738,
2026-05-24 17:00:00,4505.68166,4505.88433,4505.61408,4505.65035,
2026-05-24 18:00:00,4505.68166,4505.87897,4505.60175,4505.64178,
2026-05-24 19:00:00,4505.67639,4505.87975,4505.6044,4505.63605,
2026-05-24 20:00:00,4505.66863,4506.12833,4505.60465,4505.64909,
2026-05-24 21:00:00,4505.67354,4508.76956,4503.98456,4505.68718,
2026-05-24 22:00:00,4505.70197,4565.16777,4505.68976,4564.29359,
2026-05-24 23:00:00,4563.44429,4579.56673,4563.44429,4568.57882,
2026-05-25 00:00:00,4571.56663,4577.53338,4565.16777,4568.71546,
2026-05-25 01:00:00,4569.07151,4573.9377,4561.00342,4561.82004,
2026-05-25 02:00:00,4562.17673,4570.93228,4559.13194,4563.11183,
2026-05-25 03:00:00,4562.45851,4564.75099,4557.64688,4561.11608,
2026-05-25 04:00:00,4560.87335,4566.10563,4559.51033,4564.77695,
2026-05-25 05:00:00,4564.85518,4566.21815,4552.5953,4555.26715,
2026-05-25 06:00:00,4555.00059,4562.50561,4551.03991,4562.25745,
2026-05-25 07:00:00,4561.53617,4565.19424,4552.30297,4564.76571,
2026-05-25 08:00:00,4564.48798,4565.41994,4553.80914,4556.30898,
2026-05-25 09:00:00,4556.20648,4568.92219,4554.71763,4568.81762,
2026-05-25 10:00:00,4568.59852,4574.30826,4567.87868,4569.05312,
2026-05-25 11:00:00,4569.24118,4576.86304,4567.87868,4570.79948,
2026-05-25 12:00:00,4570.66073,4570.66073,4553.73406,4566.74503,
2026-05-25 13:00:00,4567.42311,4569.96618,4560.4305,4563.78865,
2026-05-25 14:00:00,4564.03837,4570.17504,4562.66825,4566.70157,
2026-05-25 15:00:00,4566.43163,4573.77093,4566.00155,4571.13002,
2026-05-25 16:00:00,4571.39735,4574.3939,4568.08734,4573.35177,
2026-05-25 17:00:00,4573.18132,4577.5753,4563.29287,4565.10681,
2026-05-25 18:00:00,4564.65183,4571.63756,4564.30301,4571.23621,
2026-05-25 19:00:00,4571.14262,4571.4409,4570.75579,4571.24387,
2026-05-25 20:00:00,4571.16262,4572.0556,4570.67957,4571.23972,
2026-05-25 21:00:00,4571.17382,4572.08448,4570.7563,4571.2259,
2026-05-25 22:00:00,4571.15482,4576.65904,4569.34083,4575.47807,
2026-05-25 23:00:00,4575.77817,4580.93828,4555.39359,4561.87281,
2026-05-26 00:00:00,4561.362,4561.362,4540.08899,4544.02091,
2026-05-26 01:00:00,4545.3704,4550.21158,4529.57629,4536.00056,
2026-05-26 02:00:00,4535.22304,4539.67678,4530.83231,4532.77887,
2026-05-26 03:00:00,4533.01789,4545.45455,4530.97279,4542.16748,
2026-05-26 04:00:00,4542.49782,4543.27237,4524.27272,4524.49545,
2026-05-26 05:00:00,4525.00347,4535.763,4523.89618,4528.04658,
2026-05-26 06:00:00,4527.85815,4537.98124,4527.85815,4531.60784,
2026-05-26 07:00:00,4532.47599,4539.0586,4521.61331,4538.73093,
2026-05-26 08:00:00,4538.00462,4538.73876,4521.00005,4523.18415,
2026-05-26 09:00:00,4523.45578,4527.51844,4513.11781,4521.28255,
2026-05-26 10:00:00,4519.83015,4540.08899,4519.36826,4534.96634,
2026-05-26 11:00:00,4534.69808,4536.38178,4505.64897,4507.09739,
2026-05-26 12:00:00,4509.7039,4524.01601,4501.04553,4520.73812,
2026-05-26 13:00:00,4521.61696,4530.01133,4513.04269,4513.4358,
2026-05-26 14:00:00,4514.16659,4524.65057,4509.37951,4514.53294,
2026-05-26 15:00:00,4514.53423,4515.69203,4502.67909,4506.91393,
2026-05-26 16:00:00,4506.90323,4510.39646,4500.24751,4505.66026,
2026-05-26 17:00:00,4505.4691,4509.56104,4492.1583,4492.36307,
2026-05-26 18:00:00,4492.66526,4499.84251,4482.69679,4498.98719,
2026-05-26 19:00:00,4498.89816,4510.45845,4497.11229,4510.10731,
2026-05-26 20:00:00,4509.50698,4511.6685,4503.85921,4507.58338,
2026-05-26 21:00:00,4507.27263,4508.24207,4507.09405,4508.13224,
2026-05-26 22:00:00,4507.90584,4523.86651,4498.62792,4512.54847,
2026-05-26 23:00:00,4512.01505,4527.94941,4504.32291,4518.93727,
2026-05-27 00:00:00,4519.16926,4525.29641,4515.35043,4516.34207,
2026-05-27 01:00:00,4517.65738,4521.00005,4506.53122,4509.13608,
2026-05-27 02:00:00,4509.01978,4510.8901,4498.21416,4505.41215,
2026-05-27 03:00:00,4505.49462,4512.19337,4497.91858,4498.28195,
2026-05-27 04:00:00,4498.99931,4516.68072,4497.21173,4509.94726,
2026-05-27 05:00:00,4510.17328,4514.50483,4492.51505,4497.29352,
2026-05-27 06:00:00,4497.42769,4499.48766,4481.89315,4484.95979,
2026-05-27 07:00:00,4485.03773,4489.33782,4476.47612,4481.88939,
2026-05-27 08:00:00,4481.79946,4499.23513,4481.07315,4496.38042,
2026-05-27 09:00:00,4496.01539,4497.99739,4486.99529,4491.12534,
2026-05-27 10:00:00,4491.37199,4492.83892,4443.45701,4444.38842,
2026-05-27 11:00:00,4445.01283,4452.21307,4426.73255,4427.40303,
2026-05-27 12:00:00,4428.79313,4466.47907,4424.7065,4439.2502,
2026-05-27 13:00:00,4440.82617,4440.82617,4402.37728,4427.1848,
2026-05-27 14:00:00,4426.90606,4454.68089,4425.12856,4434.55941,
2026-05-27 15:00:00,4434.65444,4441.08896,4429.46038,4436.6639,
2026-05-27 16:00:00,4436.4199,4453.15283,4432.73897,4450.65203,
2026-05-27 17:00:00,4450.4116,4454.4091,4442.27267,4452.23558,
2026-05-27 18:00:00,4453.08367,4457.71854,4448.00285,4454.44729,
2026-05-27 19:00:00,4454.21054,4455.13677,4449.3798,4449.52383,
2026-05-27 20:00:00,4449.88061,4459.18452,4449.88061,4456.29881,
2026-05-27 21:00:00,4456.18342,4458.3568,4455.7323,4456.18527,
2026-05-27 22:00:00,4456.32558,4466.27959,4455.09698,4457.68056,
2026-05-27 23:00:00,4457.60293,4458.3351,4443.92829,4447.61698,
2026-05-28 00:00:00,4448.15928,4457.32115,4443.50979,4456.6696,
2026-05-28 01:00:00,4455.69908,4459.95745,4407.3535,4409.95943,
2026-05-28 02:00:00,4409.59077,4413.12287,4392.90107,4395.8495,
2026-05-28 03:00:00,4396.21268,4397.03286,4368.52912,4375.20015,
2026-05-28 04:00:00,4374.03433,4381.54493,4367.19364,4374.32509,
2026-05-28 05:00:00,4373.97787,4396.30279,4368.71997,4389.5593,
2026-05-28 06:00:00,4390.56262,4390.56262,4374.83594,4383.17604,
2026-05-28 07:00:00,4382.88197,4395.45831,4382.88197,4386.49782,
2026-05-28 08:00:00,4385.52644,4395.27571,4384.48586,4386.73152,
2026-05-28 09:00:00,4386.80372,4399.27852,4386.05724,4393.93639,
2026-05-28 10:00:00,4394.53105,4402.95879,4378.58925,4384.03919,
2026-05-28 11:00:00,4384.31879,4390.39382,4380.71648,4387.63154,
2026-05-28 12:00:00,4386.93947,4430.46299,4379.24239,4426.93554,
2026-05-28 13:00:00,4426.97342,4437.1478,4418.83392,4432.25078,
2026-05-28 14:00:00,4431.52929,4479.08268,4422.235,4464.1492,
2026-05-28 15:00:00,4464.94535,4485.10944,4464.94535,4479.10605,
2026-05-28 16:00:00,4479.69566,4510.31792,4478.88207,4509.01053,
2026-05-28 17:00:00,4509.11354,4514.67269,4501.05775,4508.56337,
2026-05-28 18:00:00,4508.47931,4516.50784,4498.48298,4501.5216,
2026-05-28 19:00:00,4501.98047,4503.89316,4498.00219,4498.7797,
2026-05-28 20:00:00,4498.68202,4501.05775,4494.76221,4496.36988,
2026-05-28 21:00:00,4496.26762,4496.6688,4493.37228,4496.48933,
2026-05-28 22:00:00,4496.36875,4498.62792,4492.36298,4493.76226,
2026-05-28 23:00:00,4493.79616,4496.40288,4489.49398,4495.90132,
2026-05-29 00:00:00,4495.36324,4500.24751,4492.56508,4493.94233,
2026-05-29 01:00:00,4494.52438,4519.85957,4494.38202,4506.28666,
2026-05-29 02:00:00,4506.32312,4511.35289,4499.64003,4502.60336,
2026-05-29 03:00:00,4503.23298,4503.91824,4494.78605,4500.77647,
2026-05-29 04:00:00,4500.615,4514.87652,4500.29248,4514.32445,
2026-05-29 05:00:00,4514.03722,4515.69203,4502.88184,4512.78656,
2026-05-29 06:00:00,4512.05515,4523.62559,4508.91311,4522.69747,
2026-05-29 07:00:00,4522.91406,4525.96491,4511.19029,4525.40424,
2026-05-29 08:00:00,4525.11866,4525.12129,4510.88234,4514.77145,
2026-05-29 09:00:00,4514.56358,4539.71079,4513.85754,4532.82625,
2026-05-29 10:00:00,4532.42422,4542.56382,4525.5023,4537.30276,
2026-05-29 11:00:00,4536.55926,4540.29512,4526.52544,4537.21301,
2026-05-29 12:00:00,4535.40497,4538.85258,4513.55815,4520.66767,
2026-05-29 13:00:00,4518.60098,4540.73854,4516.71183,4540.29256,
2026-05-29 14:00:00,4539.50342,4569.13095,4527.18833,4567.12594,
2026-05-29 15:00:00,4567.24481,4594.65168,4559.87938,4570.51728,
2026-05-29 16:00:00,4569.56935,4572.68279,4560.7954,4566.86892,
2026-05-29 17:00:00,4566.54242,4569.26671,4551.86854,4553.31377,
2026-05-29 18:00:00,4553.01327,4561.21146,4550.8328,4554.53231,
2026-05-29 19:00:00,4554.82078,4559.96352,4542.97656,4543.61815,
2026-05-29 20:00:00,4544.20095,4548.96966,4539.92996,4540.15778,
2026-05-29 21:00:00,4540.56315,4542.85519,4538.64658,4542.5261,
2026-05-29 22:00:00,4542.45652,4542.67385,4542.35748,4542.56034,
2026-05-29 23:00:00,4542.47097,4542.67328,4542.39666,4542.56262,
2026-05-30 00:00:00,4542.4689,4542.67327,4542.40079,4542.56917,
2026-05-30 01:00:00,4542.4689,4542.67383,4542.40079,4542.57109,
2026-05-30 02:00:00,4542.4689,4542.67327,4542.39699,4542.56408,
2026-05-30 03:00:00,4542.46438,4542.6712,4542.3974,4542.56131,
2026-05-30 04:00:00,4542.46443,4542.66977,4542.39494,4542.55729,
2026-05-30 05:00:00,4542.4645,4542.6712,4542.39872,4542.55214,
2026-05-30 06:00:00,4542.46459,4542.67178,4542.39666,4542.54622,
2026-05-30 07:00:00,4542.46469,4542.6712,4542.39836,4542.55239,
2026-05-30 08:00:00,4542.4648,4542.67033,4542.39666,4542.56682,
2026-05-30 09:00:00,4542.4649,4542.671,4542.39834,4542.46159,
2026-05-30 10:00:00,4542.465,4542.6712,4542.39746,4542.44794,
2026-05-30 11:00:00,4542.46509,4542.67248,4542.39667,4542.44204,
2026-05-30 12:00:00,4542.4689,4542.67328,4542.4008,4542.43618,
2026-05-30 13:00:00,4542.4689,4542.67328,4542.4008,4542.43499,
2026-05-30 14:00:00,4542.4689,4542.67302,4542.4008,4542.43855,
2026-05-30 15:00:00,4542.4689,4542.67329,4542.40106,4542.44661,
2026-05-30 16:00:00,4542.4689,4542.67329,4542.4008,4542.45862,
2026-05-30 17:00:00,4542.4689,4542.67329,4542.4008,4542.52671,
2026-05-30 18:00:00,4542.4689,4542.67329,4542.40081,4542.50929,
2026-05-30 19:00:00,4542.4689,4542.67329,4542.40081,4542.50887,
2026-05-30 20:00:00,4542.4689,4542.67329,4542.40081,4542.52645,
2026-05-30 21:00:00,4542.4689,4542.673,4542.40081,4542.5424,
2026-05-30 22:00:00,4542.4689,4542.67329,4542.40105,4542.55558,
2026-05-30 23:00:00,4542.4689,4542.67329,4542.40081,4542.56509,
2026-05-31 00:00:00,4542.4689,4542.67329,4542.40081,4542.57026,
2026-05-31 01:00:00,4542.4689,4542.67329,4542.40081,4542.57072,
2026-05-31 02:00:00,4542.4689,4542.6733,4542.40081,4542.56645,
2026-05-31 03:00:00,4542.4689,4542.67298,4542.40082,4542.55774,
2026-05-31 04:00:00,4542.4689,4542.6733,4542.40103,4542.5452,
2026-05-31 05:00:00,4542.4689,4542.6733,4542.40082,4542.5297,
2026-05-31 06:00:00,4542.4689,4542.6733,4542.40082,4542.54354,
2026-05-31 07:00:00,4542.4689,4542.6733,4542.40082,4542.55958,
2026-05-31 08:00:00,4542.4689,4542.6733,4542.40082,4542.57321,
2026-05-31 09:00:00,4542.4689,4542.6733,4542.40082,4542.46133,
2026-05-31 10:00:00,4542.4689,4542.67296,4542.40082,4542.44865,
2026-05-31 11:00:00,4542.4689,4542.6733,4542.40101,4542.43977,
2026-05-31 12:00:00,4542.4689,4542.6733,4542.40082,4542.43531,
2026-05-31 13:00:00,4542.4689,4542.6733,4542.40083,4542.43558,
2026-05-31 14:00:00,4542.4689,4542.6733,4542.40083,4542.44056,
2026-05-31 15:00:00,4542.4689,4542.6733,4542.40083,4542.4499,
2026-05-31 16:00:00,4542.4689,4542.67294,4542.40083,4542.46295,
2026-05-31 17:00:00,4542.4689,4542.6733,4542.401,4542.52134,
2026-05-31 18:00:00,4542.4689,4542.67261,4542.35748,4542.50284,
2026-05-31 19:00:00,4542.46887,4542.67743,4542.35748,4542.54511,
2026-05-31 20:00:00,4542.46471,4542.84688,4542.32919,4542.5767,
2026-05-31 21:00:00,4542.51773,4542.70067,4538.85258,4539.66479,
2026-05-31 22:00:00,4539.55725,4547.2852,4516.71183,4537.49507,
2026-05-31 23:00:00,4537.5712,4546.01162,4535.7645,4541.34765,
2026-06-01 00:00:00,4542.55052,4545.66117,4535.36484,4538.07634,
2026-06-01 01:00:00,4538.93792,4542.09382,4523.86338,4526.66818,
2026-06-01 02:00:00,4526.03115,4535.60273,4521.81777,4522.2593,
2026-06-01 03:00:00,4522.2963,4525.09163,4510.39646,4515.22934,
2026-06-01 04:00:00,4514.5504,4519.77401,4509.58286,4514.02489,
2026-06-01 05:00:00,4513.68334,4523.78096,4513.68334,4520.08158,
2026-06-01 06:00:00,4521.42842,4521.42842,4501.26035,4502.53325,
2026-06-01 07:00:00,4502.63206,4509.78624,4493.17038,4501.72416,
2026-06-01 08:00:00,4500.98769,4503.89587,4491.22979,4497.31116,
2026-06-01 09:00:00,4497.05106,4506.12833,4490.95073,4496.13743,
2026-06-01 10:00:00,4495.98402,4510.81536,4495.74945,4503.83393,
2026-06-01 11:00:00,4504.05892,4512.22814,4500.24751,4506.42113,
2026-06-01 12:00:00,4506.38731,4510.10181,4497.61626,4500.10601,
2026-06-01 13:00:00,4500.25285,4503.09932,4449.9822,4452.08909,
2026-06-01 14:00:00,4451.87713,4461.69634,4447.44688,4456.18073,
2026-06-01 15:00:00,4456.26078,4478.4809,4455.82017,4473.23127,
2026-06-01 16:00:00,4473.66317,4480.88901,4463.6879,4478.99334,
2026-06-01 17:00:00,4479.37056,4495.79643,4465.01534,4488.18058,
2026-06-01 18:00:00,4488.61111,4490.14413,4484.90828,4487.5101,
2026-06-01 19:00:00,4487.79165,4488.60299,4479.88531,4480.41972,
2026-06-01 20:00:00,4480.22418,4484.88725,4479.55003,4484.65892,
2026-06-01 21:00:00,4483.98323,4488.73601,4465.88067,4469.91272,
2026-06-01 22:00:00,4470.00759,4494.78605,4468.68712,4485.41974,
2026-06-01 23:00:00,4485.28546,4488.49218,4480.28674,4485.17533,
2026-06-02 00:00:00,4484.48163,4496.80727,4477.62627,4482.27458,
2026-06-02 01:00:00,4482.49472,4491.55587,4464.08642,4475.85735,
2026-06-02 02:00:00,4475.48571,4486.31673,4472.87203,4485.91454,
2026-06-02 03:00:00,4484.95653,4500.20778,4484.79468,4498.82829,
2026-06-02 04:00:00,4498.22946,4517.23392,4498.22946,4516.84972,
2026-06-02 05:00:00,4516.04604,4528.16519,4515.70631,4518.60616,
2026-06-02 06:00:00,4518.32075,4536.38178,4517.17398,4535.47932,
2026-06-02 07:00:00,4534.60551,4540.08899,4527.67487,4534.43855,
2026-06-02 08:00:00,4534.0431,4539.0586,4526.32055,4526.41102,
2026-06-02 09:00:00,4526.48309,4536.1947,4522.63579,4528.47563,
2026-06-02 10:00:00,4529.08806,4533.50258,4524.47742,4533.39217,
2026-06-02 11:00:00,4533.06777,4535.99854,4525.62809,4527.06806,
2026-06-02 12:00:00,4527.91484,4533.70812,4514.16782,4514.83376,
2026-06-02 13:00:00,4516.33656,4524.23017,4503.89587,4504.87514,
2026-06-02 14:00:00,4504.74449,4506.3314,4491.35414,4501.76215,
2026-06-02 15:00:00,4502.14,4508.68975,4501.05775,4502.02891,
2026-06-02 16:00:00,4502.21506,4502.74892,4487.16058,4491.17467,
2026-06-02 17:00:00,4490.64748,4492.40082,4482.64437,4484.59915,
2026-06-02 18:00:00,4484.31248,4490.95073,4477.76652,4487.23432,
2026-06-02 19:00:00,4487.54085,4490.70244,4483.75298,4487.2641,
2026-06-02 20:00:00,4487.53918,4491.27966,4486.51801,4488.67153,
2026-06-02 21:00:00,4488.40791,4489.34291,4487.92748,4489.24552,
2026-06-02 22:00:00,4489.08823,4493.17038,4485.10612,4486.31377,
2026-06-02 23:00:00,4486.66292,4488.42356,4462.33888,4474.21886,
2026-06-03 00:00:00,4474.03459,4496.20071,4473.27268,4486.63196,
2026-06-03 01:00:00,4487.23764,4487.23764,4464.88369,4475.01123,
2026-06-03 02:00:00,4474.54975,4484.56647,4473.2722,4481.05366,
2026-06-03 03:00:00,4480.31112,4487.32331,4480.31112,4483.93908,
2026-06-03 04:00:00,4484.17128,4488.1289,4469.07401,4469.27482,
2026-06-03 05:00:00,4469.32354,4474.0985,4457.73777,4458.19286,
2026-06-03 06:00:00,4458.99118,4470.07286,4455.13677,4462.05588,
2026-06-03 07:00:00,4461.32394,4472.46649,4453.82048,4454.31498,
2026-06-03 08:00:00,4454.99164,4458.91113,4441.48346,4441.83416,
2026-06-03 09:00:00,4442.28268,4459.70655,4438.96384,4440.88546,
2026-06-03 10:00:00,4441.6736,4464.11209,4441.30847,4459.5293,
2026-06-03 11:00:00,4459.73712,4467.68532,4458.20112,4461.7808,
2026-06-03 12:00:00,4461.93936,4466.8781,4448.59647,4462.07739,
2026-06-03 13:00:00,4461.46832,4465.28243,4429.09026,4443.67949,
2026-06-03 14:00:00,4443.88884,4460.50225,4443.88884,4457.65498,
2026-06-03 15:00:00,4457.51167,4457.72431,4437.73853,4442.0041,
2026-06-03 16:00:00,4441.81222,4443.65446,4434.39315,4442.88944,
2026-06-03 17:00:00,4442.16451,4447.01383,4436.28992,4438.48524,
2026-06-03 18:00:00,4438.55353,4442.47001,4435.96682,4441.9619,
2026-06-03 19:00:00,4441.32912,4452.32841,4441.32912,4444.04635,
2026-06-03 20:00:00,4444.46598,4445.03712,4431.21076,4434.46857,
2026-06-03 21:00:00,4434.26768,4434.98315,4433.79572,4434.50661,
2026-06-03 22:00:00,4434.41872,4451.17066,4424.58298,4447.02983,
2026-06-03 23:00:00,4447.29243,4464.08642,4444.80612,4457.63514,
2026-06-04 00:00:00,4457.77847,4463.88715,4444.78356,4447.76251,
2026-06-04 01:00:00,4447.83991,4473.2722,4445.43232,4465.21421,
2026-06-04 02:00:00,4465.4544,4475.10971,4455.43984,4472.3249,
2026-06-04 03:00:00,4472.46788,4477.47828,4459.3304,4463.72721,
2026-06-04 04:00:00,4463.48511,4484.57924,4463.28944,4480.68768,
2026-06-04 05:00:00,4480.36476,4482.27836,4467.67636,4469.32169,
2026-06-04 06:00:00,4468.94922,4476.87693,4463.48866,4466.95633,
2026-06-04 07:00:00,4467.38826,4472.49128,4459.87205,4460.19029,
2026-06-04 08:00:00,4460.61397,4467.67636,4458.91113,4463.79734,
2026-06-04 09:00:00,4464.12794,4475.66621,4460.18025,4469.95756,
2026-06-04 10:00:00,4470.39325,4472.87203,4464.21003,4471.95074,
2026-06-04 11:00:00,4471.41473,4514.67269,4469.87306,4514.15334,
2026-06-04 12:00:00,4513.04377,4515.39736,4491.35414,4504.28119,
2026-06-04 13:00:00,4504.60027,4515.79837,4498.2232,4501.94167,
2026-06-04 14:00:00,4501.28038,4501.28038,4458.71232,4464.40703,
2026-06-04 15:00:00,4463.52178,4479.16552,4463.45975,4477.83263,
2026-06-04 16:00:00,4477.71365,4485.20515,4475.67471,4482.76326,
2026-06-04 17:00:00,4483.08205,4483.08205,4474.83085,4478.57466,
2026-06-04 18:00:00,4478.47946,4480.74058,4473.26142,4477.78358,
2026-06-04 19:00:00,4477.84376,4483.08431,4476.6844,4481.3366,
2026-06-04 20:00:00,4480.86382,4482.21991,4474.38547,4475.96582,
2026-06-04 21:00:00,4475.678,4476.07538,4474.87358,4475.42472,
2026-06-04 22:00:00,4475.41952,4481.29061,4469.86342,4470.15096,
2026-06-04 23:00:00,4470.51511,4473.67244,4461.67281,4462.32826,
2026-06-05 00:00:00,4462.38535,4466.47907,4451.56695,4461.52126,
2026-06-05 01:00:00,4463.56351,4469.07401,4444.64544,4445.76157,
2026-06-05 02:00:00,4446.01921,4454.79778,4438.52641,4441.15376,
2026-06-05 03:00:00,4441.2597,4444.04942,4434.5795,4442.19147,
2026-06-05 04:00:00,4442.34967,4446.24284,4437.34469,4445.29336,
2026-06-05 05:00:00,4445.41401,4450.07241,4439.31457,4439.79172,
2026-06-05 06:00:00,4440.03809,4456.32799,4429.15481,4453.00791,
2026-06-05 07:00:00,4452.67856,4467.07764,4451.76512,4461.38895,
2026-06-05 08:00:00,4461.59943,4466.94019,4458.92715,4463.21456,
2026-06-05 09:00:00,4463.10937,4469.07401,4459.50767,4464.20308,
2026-06-05 10:00:00,4463.9313,4468.55634,4461.27556,4466.51138,
2026-06-05 11:00:00,4466.59774,4474.27293,4460.90021,4469.91985,
2026-06-05 12:00:00,4469.45329,4476.39626,4408.76939,4411.66698,
2026-06-05 13:00:00,4411.89295,4420.28025,4376.43126,4377.04485,
2026-06-05 14:00:00,4378.42025,4378.66713,4342.89781,4369.46382,
2026-06-05 15:00:00,4368.64122,4372.91128,4335.45176,4335.78068,
2026-06-05 16:00:00,4336.26429,4343.4826,4325.63371,4343.24563,
2026-06-05 17:00:00,4342.87369,4348.51577,4335.65754,4343.21285,
2026-06-05 18:00:00,4342.96651,4343.0056,4315.90356,4323.41654,
2026-06-05 19:00:00,4323.51813,4325.87841,4314.62225,4318.04163,
2026-06-05 20:00:00,4318.15141,4330.9824,4312.20354,4328.95948,
2026-06-05 21:00:00,4328.79582,4330.46662,4328.01662,4330.13806,
2026-06-05 22:00:00,4330.10091,4330.30749,4330.04159,4330.15284,
2026-06-05 23:00:00,4330.11407,4330.30868,4330.03972,4330.16053,
2026-06-06 00:00:00,4330.10453,4330.30747,4330.04013,4330.17559,
2026-06-06 01:00:00,4330.10444,4330.30866,4330.04193,4330.19711,
2026-06-06 02:00:00,4330.11433,4330.30882,4330.04155,4330.19679,
2026-06-06 03:00:00,4330.10432,4330.30697,4330.04195,4330.20144,
2026-06-06 04:00:00,4330.10429,4330.30885,4330.04033,4330.2016,
2026-06-06 05:00:00,4330.10429,4330.30697,4330.04153,4330.20676,
2026-06-06 06:00:00,4330.11439,4330.30615,4330.03784,4330.19634,
2026-06-06 07:00:00,4330.11246,4330.30991,4330.04148,4330.17654,
2026-06-06 08:00:00,4330.10444,4330.30616,4330.04035,4330.16151,
2026-06-06 09:00:00,4330.10466,4330.29945,4330.03823,4330.17692,
2026-06-06 10:00:00,4330.10466,4330.30677,4330.042,4330.19334,
2026-06-06 11:00:00,4330.10472,4330.30678,4330.03784,4330.20309,
2026-06-06 12:00:00,4330.10279,4330.29756,4330.03784,4330.09453,
2026-06-06 13:00:00,4330.10279,4330.29747,4330.03784,4330.08269,
2026-06-06 14:00:00,4330.10279,4330.29756,4330.03825,4330.07453,
2026-06-06 15:00:00,4330.10279,4330.29756,4330.03784,4330.07062,
2026-06-06 16:00:00,4330.10279,4330.29756,4330.03784,4330.07122,
2026-06-06 17:00:00,4330.10279,4330.29757,4330.03784,4330.07631,
2026-06-06 18:00:00,4330.10279,4330.29757,4330.03784,4330.08551,
2026-06-06 19:00:00,4330.10279,4330.29745,4330.03784,4330.09819,
2026-06-06 20:00:00,4330.10279,4330.29757,4330.03824,4330.15149,
2026-06-06 21:00:00,4330.10279,4330.29757,4330.03784,4330.13714,
2026-06-06 22:00:00,4330.10466,4330.29946,4330.03972,4330.14917,
2026-06-06 23:00:00,4330.10466,4330.29946,4330.03972,4330.16547,
2026-06-07 00:00:00,4330.10466,4330.29946,4330.03972,4330.1798,
2026-06-07 01:00:00,4330.10466,4330.29946,4330.03972,4330.19115,
2026-06-07 02:00:00,4330.10466,4330.2993,4330.03972,4330.19871,
2026-06-07 03:00:00,4330.10466,4330.29946,4330.04007,4330.20198,
2026-06-07 04:00:00,4330.10466,4330.29946,4330.03973,4330.20071,
2026-06-07 05:00:00,4330.10466,4330.29946,4330.03973,4330.195,
2026-06-07 06:00:00,4330.10466,4330.29947,4330.03973,4330.18524,
2026-06-07 07:00:00,4330.10466,4330.29947,4330.03973,4330.17212,
2026-06-07 08:00:00,4330.10466,4330.29929,4330.03973,4330.16557,
2026-06-07 09:00:00,4330.10466,4330.29947,4330.04005,4330.18176,
2026-06-07 10:00:00,4330.10466,4330.29947,4330.03973,4330.1963,
2026-06-07 11:00:00,4330.10466,4330.29947,4330.03973,4330.20819,
2026-06-07 12:00:00,4330.10466,4330.29947,4330.03973,4330.09253,
2026-06-07 13:00:00,4330.10466,4330.29947,4330.03973,4330.08171,
2026-06-07 14:00:00,4330.10466,4330.29947,4330.03973,4330.07478,
2026-06-07 15:00:00,4330.10466,4330.29927,4330.04004,4330.0722,
2026-06-07 16:00:00,4330.10466,4330.29948,4330.03973,4330.07416,
2026-06-07 17:00:00,4330.10466,4330.29948,4330.03973,4330.08053,
2026-06-07 18:00:00,4330.10466,4330.30058,4330.0326,4330.09264,
2026-06-07 19:00:00,4330.10654,4331.8172,4329.40081,4330.16762,
2026-06-07 20:00:00,4330.16116,4330.38087,4329.00433,4330.1492,
2026-06-07 21:00:00,4330.10644,4331.36536,4329.37917,4329.91608,
2026-06-07 22:00:00,4330.21391,4332.8969,4309.97328,4320.09727,
2026-06-07 23:00:00,4320.20177,4347.182,4319.84103,4343.47444,
2026-06-08 00:00:00,4343.90617,4352.93606,4340.27778,4343.45487,
2026-06-08 01:00:00,4343.36404,4343.36404,4303.66932,4324.75225,
2026-06-08 02:00:00,4325.27574,4330.03329,4307.84527,4312.93193,
2026-06-08 03:00:00,4312.87671,4317.23007,4304.40771,4315.74007,
2026-06-08 04:00:00,4315.43505,4322.17355,4307.9309,4309.24093,
2026-06-08 05:00:00,4309.47875,4318.61325,4268.19299,4291.08141,
2026-06-08 06:00:00,4287.73335,4311.64576,4287.73335,4299.80081,
2026-06-08 07:00:00,4299.3729,4317.33091,4294.53152,4298.2353,
2026-06-08 08:00:00,4297.88433,4297.88433,4284.85731,4289.36555,
2026-06-08 09:00:00,4288.95894,4302.27293,4272.52932,4293.60615,
2026-06-08 10:00:00,4293.31368,4304.7783,4288.08593,4301.44856,
2026-06-08 11:00:00,4300.92356,4332.94337,4297.74798,4329.81447,
2026-06-08 12:00:00,4330.24886,4338.39479,4321.52118,4332.80719,
2026-06-08 13:00:00,4331.0684,4345.37001,4322.26833,4327.36088,
2026-06-08 14:00:00,4328.11553,4330.33813,4315.92577,4328.30675,
2026-06-08 15:00:00,4326.82832,4345.38198,4323.02968,4342.0707,
2026-06-08 16:00:00,4342.52162,4345.93655,4337.33407,4341.40222,
2026-06-08 17:00:00,4341.27052,4341.97386,4332.75563,4338.30592,
2026-06-08 18:00:00,4337.60105,4346.08966,4333.66351,4335.98948,
2026-06-08 19:00:00,4335.85024,4338.39479,4323.95036,4327.56236,
2026-06-08 20:00:00,4326.83373,4330.45043,4325.4466,4330.19194,
2026-06-08 21:00:00,4330.08007,4331.17023,4329.37917,4330.11721,
2026-06-08 22:00:00,4330.05536,4332.38021,4323.38954,4328.08713,
2026-06-08 23:00:00,4327.9964,4328.91364,4313.69166,4316.9302,
2026-06-09 00:00:00,4317.14775,4323.05078,4315.36702,4320.59116,
2026-06-09 01:00:00,4320.02048,4338.43862,4320.02048,4337.02933,
2026-06-09 02:00:00,4336.23773,4341.03143,4328.25485,4335.79951,
2026-06-09 03:00:00,4336.22176,4341.59684,4331.23647,4335.99886,
2026-06-09 04:00:00,4336.85299,4341.09564,4324.69835,4329.13157,
2026-06-09 05:00:00,4328.98583,4350.28494,4328.64919,4344.47633,
2026-06-09 06:00:00,4344.14612,4348.01513,4331.33814,4332.14136,
2026-06-09 07:00:00,4333.99674,4334.25798,4322.08151,4327.27769,
2026-06-09 08:00:00,4327.16597,4336.62699,4320.96098,4327.07122,
2026-06-09 09:00:00,4327.61094,4335.94936,4325.69878,4331.62744,
2026-06-09 10:00:00,4331.36144,4338.86572,4325.82082,4338.36361,
2026-06-09 11:00:00,4337.07707,4343.28799,4335.94936,4342.59329,
2026-06-09 12:00:00,4342.24902,4344.13944,4335.76136,4340.04207,
2026-06-09 13:00:00,4339.50849,4359.95814,4326.38228,4332.14726,
2026-06-09 14:00:00,4334.18025,4334.25798,4281.00518,4300.56413,
2026-06-09 15:00:00,4299.23921,4299.9656,4264.93795,4274.73872,
2026-06-09 16:00:00,4274.97557,4281.00518,4236.57007,4249.08022,
2026-06-09 17:00:00,4248.36187,4268.05939,4248.36187,4264.28334,
2026-06-09 18:00:00,4263.6601,4276.3012,4259.85091,4270.5793,
2026-06-09 19:00:00,4269.9602,4271.13142,4250.25502,4258.3175,
2026-06-09 20:00:00,4258.0535,4262.02958,4254.98863,4260.08482,
2026-06-09 21:00:00,4260.09729,4264.64304,4259.8185,4264.60872,
2026-06-09 22:00:00,4264.4923,4266.04904,4232.25618,4234.86162,
2026-06-09 23:00:00,4235.51113,4246.46482,4210.82313,4217.72895,
2026-06-10 00:00:00,4218.80568,4227.97226,4200.62169,4217.50794,
2026-06-10 01:00:00,4215.85099,4221.96451,4183.15205,4188.4328,
2026-06-10 02:00:00,4188.64099,4191.01077,4174.24652,4174.37859,
2026-06-10 03:00:00,4174.59525,4186.20228,4172.56917,4184.5261,
2026-06-10 04:00:00,4184.10414,4187.65784,4173.27435,4174.98234,
2026-06-10 05:00:00,4174.87617,4208.04578,4173.7969,4205.2507,
2026-06-10 06:00:00,4206.03737,4223.93616,4202.21036,4205.0273,
2026-06-10 07:00:00,4204.64739,4207.05331,4180.52904,4181.6567,
2026-06-10 08:00:00,4183.05976,4187.95544,4160.94537,4168.84634,
2026-06-10 09:00:00,4169.32815,4177.80749,4163.71737,4167.2881,
2026-06-10 10:00:00,4167.08333,4177.80749,4155.41242,4177.07739,
2026-06-10 11:00:00,4176.94213,4176.94213,4147.35313,4148.73316,
2026-06-10 12:00:00,4150.57438,4172.40372,4134.11055,4144.53167,
2026-06-10 13:00:00,4145.18388,4184.8008,4132.53098,4178.6367,
2026-06-10 14:00:00,4179.08229,4180.00439,4118.61614,4119.27151,
2026-06-10 15:00:00,4120.65049,4137.01804,4107.11352,4125.32793,
2026-06-10 16:00:00,4124.1556,4134.79429,4118.10732,4121.19878,
2026-06-10 17:00:00,4120.66051,4133.93964,4101.55449,4110.48774,
2026-06-10 18:00:00,4111.15895,4119.8039,4099.20066,4103.11594,
2026-06-10 19:00:00,4102.55857,4102.55857,4081.29949,4081.69776,
2026-06-10 20:00:00,4082.15627,4084.78477,4067.52085,4071.58097,
2026-06-10 21:00:00,4071.20709,4075.33988,4071.16395,4075.20669,
2026-06-10 22:00:00,4075.10085,4077.67328,4036.88669,4048.16007,
2026-06-10 23:00:00,4049.64576,4064.98718,4023.49722,4049.15936,
2026-06-11 00:00:00,4048.47315,4077.63823,4039.09847,4076.80783,
2026-06-11 01:00:00,4076.28737,4116.97393,4067.6863,4099.03049,
2026-06-11 02:00:00,4099.76491,4102.90075,4054.328,4073.99852,
2026-06-11 03:00:00,4071.83098,4078.13711,4058.771,4074.71217,
2026-06-11 04:00:00,4074.93071,4085.94321,4070.83661,4082.17731,
2026-06-11 05:00:00,4082.65812,4110.87397,4072.32448,4095.25775,
2026-06-11 06:00:00,4095.538,4098.05802,4076.47466,4093.19603,
2026-06-11 07:00:00,4093.70185,4109.71566,4093.70185,4105.27161,
2026-06-11 08:00:00,4104.54999,4112.51851,4085.83583,4086.04396,
2026-06-11 09:00:00,4086.42472,4095.84272,4078.30343,4090.92391,
2026-06-11 10:00:00,4091.23853,4095.17179,4086.80371,4090.43813,
2026-06-11 11:00:00,4090.21915,4095.33319,4080.38039,4081.33013,
2026-06-11 12:00:00,4082.59694,4089.24388,4057.78283,4076.53213,
2026-06-11 13:00:00,4077.91039,4092.12968,4068.67931,4085.68164,
2026-06-11 14:00:00,4086.13113,4087.68863,4053.79247,4077.52026,
2026-06-11 15:00:00,4075.75577,4094.16581,4072.49033,4089.00474,
2026-06-11 16:00:00,4088.36808,4106.10167,4078.96884,4082.22428,
2026-06-11 17:00:00,4081.67764,4169.09864,4072.32448,4157.16455,
2026-06-11 18:00:00,4156.44554,4170.48962,4131.04718,4163.68891,
2026-06-11 19:00:00,4163.09599,4217.98549,4160.90257,4208.47397,
2026-06-11 20:00:00,4209.45863,4217.15869,4205.98937,4211.07514,
2026-06-11 21:00:00,4211.30068,4215.90845,4210.70361,4215.85115,
2026-06-11 22:00:00,4215.73932,4245.20292,4206.52138,4243.5815,
2026-06-11 23:00:00,4243.25224,4243.93197,4213.78717,4219.76087,
2026-06-12 00:00:00,4220.12879,4229.87044,4201.50414,4204.94301,
2026-06-12 01:00:00,4203.30225,4207.3376,4172.05557,4186.99291,
2026-06-12 02:00:00,4187.45272,4199.56325,4182.80857,4191.57019,
2026-06-12 03:00:00,4189.81239,4204.67584,4189.81239,4198.19253,
2026-06-12 04:00:00,4198.95763,4200.97463,4190.06117,4190.71136,
2026-06-12 05:00:00,4191.07794,4192.34478,4171.53346,4172.04886,
2026-06-12 06:00:00,4172.97977,4186.17047,4171.59508,4182.67135,
2026-06-12 07:00:00,4181.72847,4187.80262,4170.14178,4181.90264,
2026-06-12 08:00:00,4181.16876,4225.47114,4181.16876,4221.41302,
2026-06-12 09:00:00,4222.04787,4229.55647,4218.34135,4223.2987,
2026-06-12 10:00:00,4223.63754,4226.28406,4203.62352,4212.69193,
2026-06-12 11:00:00,4212.04364,4215.31847,4199.03422,4208.00312,
2026-06-12 12:00:00,4209.15525,4215.14079,4190.12355,4190.25349,
2026-06-12 13:00:00,4190.75164,4215.81324,4182.70035,4186.25177,
2026-06-12 14:00:00,4186.97181,4206.25403,4168.76731,4206.01418,
2026-06-12 15:00:00,4205.54457,4237.39412,4200.61255,4213.07113,
2026-06-12 16:00:00,4213.31446,4231.55044,4208.22287,4217.24462,
2026-06-12 17:00:00,4216.91603,4225.01031,4213.85732,4221.54264,
2026-06-12 18:00:00,4221.43017,4235.28608,4216.08347,4216.6434,
2026-06-12 19:00:00,4217.82192,4218.72833,4202.21036,4209.85993,
2026-06-12 20:00:00,4208.65599,4219.363,4208.65599,4217.96336,
2026-06-12 21:00:00,4218.56207,4221.12451,4215.14079,4215.38275,
2026-06-12 22:00:00,4215.29714,4215.48473,4215.22208,4215.3665,
2026-06-12 23:00:00,4215.2923,4215.47538,4215.22002,4215.34723,
2026-06-13 00:00:00,4215.28681,4215.48125,4215.22683,4215.35197,
2026-06-13 01:00:00,4215.29019,4215.4789,4215.22402,4215.37719,
2026-06-13 02:00:00,4215.30418,4215.47828,4215.22327,4215.38079,
2026-06-13 03:00:00,4215.28982,4215.48146,4215.22043,4215.39033,
2026-06-13 04:00:00,4215.28648,4215.48005,4215.22351,4215.27642,
2026-06-13 05:00:00,4215.29181,4215.48147,4215.22578,4215.26515,
2026-06-13 06:00:00,4215.29004,4215.47765,4215.2215,4215.25605,
2026-06-13 07:00:00,4215.28579,4215.47969,4215.22126,4215.25857,
2026-06-13 08:00:00,4215.28933,4215.48862,4215.22405,4215.25824,
2026-06-13 09:00:00,4215.28749,4215.48627,4215.22298,4215.27113,
2026-06-13 10:00:00,4215.29123,4215.48147,4215.22406,4215.27711,
2026-06-13 11:00:00,4215.28625,4215.48439,4215.22329,4215.34944,
2026-06-13 12:00:00,4215.29537,4215.48505,4215.2322,4215.33327,
2026-06-13 13:00:00,4215.29537,4215.48505,4215.2322,4215.33202,
2026-06-13 14:00:00,4215.29537,4215.48505,4215.2322,4215.34836,
2026-06-13 15:00:00,4215.29537,4215.4847,4215.2322,4215.36321,
2026-06-13 16:00:00,4215.29537,4215.48505,4215.23234,4215.37552,
2026-06-13 17:00:00,4215.29537,4215.48505,4215.2322,4215.38445,
2026-06-13 18:00:00,4215.29537,4215.48505,4215.2322,4215.38935,
2026-06-13 19:00:00,4215.29537,4215.48505,4215.23221,4215.3899,
2026-06-13 20:00:00,4215.29537,4215.48505,4215.23221,4215.38604,
2026-06-13 21:00:00,4215.29537,4215.48468,4215.23221,4215.37437,
2026-06-13 22:00:00,4215.29181,4215.48149,4215.2288,4215.36278,
2026-06-13 23:00:00,4215.29181,4215.48149,4215.22864,4215.34843,
2026-06-14 00:00:00,4215.29181,4215.48149,4215.22864,4215.36087,
2026-06-14 01:00:00,4215.29181,4215.48149,4215.22865,4215.37578,
2026-06-14 02:00:00,4215.29181,4215.48149,4215.22865,4215.38846,
2026-06-14 03:00:00,4215.29181,4215.48149,4215.22865,4215.28495,
2026-06-14 04:00:00,4215.29181,4215.48114,4215.22865,4215.27315,
2026-06-14 05:00:00,4215.29181,4215.48149,4215.22879,4215.26486,
2026-06-14 06:00:00,4215.29181,4215.4815,4215.22865,4215.26066,
2026-06-14 07:00:00,4215.29181,4215.4815,4215.22865,4215.26085,
2026-06-14 08:00:00,4215.29181,4215.4815,4215.22865,4215.26542,
2026-06-14 09:00:00,4215.29181,4215.4815,4215.22866,4215.27404,
2026-06-14 10:00:00,4215.29181,4215.48112,4215.22866,4215.28612,
2026-06-14 11:00:00,4215.29181,4215.4815,4215.22877,4215.34068,
2026-06-14 12:00:00,4215.29181,4215.4815,4215.22866,4215.3247,
2026-06-14 13:00:00,4215.29181,4215.4815,4215.22866,4215.33378,
2026-06-14 14:00:00,4215.29181,4215.4815,4215.22866,4215.34976,
2026-06-14 15:00:00,4215.29181,4215.4815,4215.22866,4215.36391,
2026-06-14 16:00:00,4215.29181,4215.4815,4215.22867,4215.37522,
2026-06-14 17:00:00,4215.29181,4215.4811,4215.22867,4215.38292,
2026-06-14 18:00:00,4215.29181,4215.47972,4215.21632,4215.37231,
2026-06-14 19:00:00,4215.27795,4215.47377,4215.21553,4215.37302,
2026-06-14 20:00:00,4215.27903,4215.48149,4215.22408,4215.36946,
2026-06-14 21:00:00,4215.28083,4223.50805,4213.19131,4219.30936,
2026-06-14 22:00:00,4219.33985,4306.49146,4219.33985,4289.04297,
2026-06-14 23:00:00,4289.42797,4294.97917,4281.37175,4294.87052,
2026-06-15 00:00:00,4294.70179,4307.00319,4292.24826,4294.11045,
2026-06-15 01:00:00,4294.16868,4319.27652,4286.75609,4316.49941,
2026-06-15 02:00:00,4316.8167,4335.76807,4316.41894,4328.4257,
2026-06-15 03:00:00,4328.59895,4331.34754,4321.70794,4324.08299,
2026-06-15 04:00:00,4324.13435,4329.37917,4321.70794,4328.51195,
2026-06-15 05:00:00,4328.305,4333.50667,4308.48772,4310.97787,
2026-06-15 06:00:00,4310.72482,4312.94747,4299.29446,4308.82855,
2026-06-15 07:00:00,4309.28056,4324.69835,4305.64555,4324.37382,
2026-06-15 08:00:00,4323.72951,4345.37001,4323.20263,4335.85031,
2026-06-15 09:00:00,4335.68142,4344.70979,4334.82162,4340.65426,
2026-06-15 10:00:00,4340.11274,4341.326,4335.11854,4338.4895,
2026-06-15 11:00:00,4338.36164,4347.25905,4332.56791,4335.50629,
2026-06-15 12:00:00,4335.39281,4349.52808,4325.82082,4348.42567,
2026-06-15 13:00:00,4348.49871,4366.24023,4342.094,4356.7394,
2026-06-15 14:00:00,4358.08472,4367.57512,4354.64205,4358.45756,
2026-06-15 15:00:00,4359.40437,4359.76806,4349.45237,4359.01237,
2026-06-15 16:00:00,4358.35681,4358.43794,4334.08301,4339.03231,
2026-06-15 17:00:00,4339.08851,4339.69483,4321.1477,4323.86221,
2026-06-15 18:00:00,4323.39753,4327.76579,4319.09472,4325.50411,
2026-06-15 19:00:00,4325.58346,4326.09264,4317.27758,4320.09947,
2026-06-15 20:00:00,4319.67096,4322.35276,4306.63221,4309.42435,
2026-06-15 21:00:00,4309.05706,4309.68198,4308.66724,4309.6414,
2026-06-15 22:00:00,4309.45375,4314.80842,4306.21952,4312.43626,
2026-06-15 23:00:00,4312.64967,4318.90818,4312.01759,4316.60662,
2026-06-16 00:00:00,4316.88622,4319.72529,4307.37422,4318.19141,
2026-06-16 01:00:00,4318.47337,4325.70059,4312.57547,4312.67825,
2026-06-16 02:00:00,4312.90831,4321.1477,4308.11649,4320.883,
2026-06-16 03:00:00,4320.37151,4333.36199,4316.11205,4330.46731,
2026-06-16 04:00:00,4330.65035,4331.44194,4321.33443,4322.15189,
2026-06-16 05:00:00,4322.32092,4329.75407,4315.21188,4315.54404,
2026-06-16 06:00:00,4315.98826,4324.05172,4313.88967,4323.75796,
2026-06-16 07:00:00,4323.14454,4335.38542,4322.61765,4335.13422,
2026-06-16 08:00:00,4334.78422,4346.2746,4333.31889,4344.83258,
2026-06-16 09:00:00,4344.88959,4348.01513,4338.95952,4345.95539,
2026-06-16 10:00:00,4345.86437,4348.77147,4342.7281,4348.25678,
2026-06-16 11:00:00,4347.61677,4349.3389,4336.27324,4339.37855,
2026-06-16 12:00:00,4339.30284,4355.91345,4336.65645,4352.76865,
2026-06-16 13:00:00,4353.035,4355.72565,4332.19252,4332.83289,
2026-06-16 14:00:00,4332.83017,4338.20659,4314.99461,4323.71917,
2026-06-16 15:00:00,4323.60021,4343.52077,4321.89472,4338.72609,
2026-06-16 16:00:00,4340.27617,4347.15956,4334.95229,4341.20035,
2026-06-16 17:00:00,4341.71763,4341.71763,4325.75809,4339.63785,
2026-06-16 18:00:00,4339.72564,4343.5832,4336.7015,4337.65878,
2026-06-16 19:00:00,4338.12307,4342.9167,4330.4819,4330.98996,
2026-06-16 20:00:00,4331.96238,4335.00954,4329.5239,4331.36946,
2026-06-16 21:00:00,4331.25761,4331.69762,4330.87917,4331.36162,
2026-06-16 22:00:00,4331.30498,4336.7015,4329.19174,4335.78862,
2026-06-16 23:00:00,4335.58761,4337.83022,4329.75407,4330.89486,
2026-06-17 00:00:00,4330.74672,4341.03143,4329.92329,4336.24744,
2026-06-17 01:00:00,4336.27539,4349.52808,4336.14492,4340.96256,
2026-06-17 02:00:00,4341.16331,4345.0389,4329.80474,4332.65663,
2026-06-17 03:00:00,4333.04834,4334.25798,4329.56661,4331.32318,
2026-06-17 04:00:00,4331.35942,4332.94337,4319.65443,4324.39848,
2026-06-17 05:00:00,4324.28682,4333.69447,4321.26913,4325.3365,
2026-06-17 06:00:00,4325.50393,4331.32675,4321.70794,4331.15098,
2026-06-17 07:00:00,4330.62309,4333.69447,4324.69835,4324.98962,
2026-06-17 08:00:00,4325.44659,4327.69291,4317.27296,4325.37164,
2026-06-17 09:00:00,4325.18685,4334.20934,4321.70794,4329.38813,
2026-06-17 10:00:00,4329.01035,4334.44584,4326.3002,4331.673,
2026-06-17 11:00:00,4332.07835,4332.07835,4321.1477,4322.80405,
2026-06-17 12:00:00,4322.29888,4335.00954,4320.02765,4333.01654,
2026-06-17 13:00:00,4332.93971,4343.85995,4323.52001,4341.11188,
2026-06-17 14:00:00,4341.21759,4361.8599,4336.68602,4344.84262,
2026-06-17 15:00:00,4345.2339,4363.95374,4344.61485,4362.41418,
2026-06-17 16:00:00,4362.82539,4366.43088,4355.78012,4358.72319,
2026-06-17 17:00:00,4358.04788,4383.27343,4355.66669,4378.23142,
2026-06-17 18:00:00,4378.68852,4383.61801,4272.63378,4283.0714,
2026-06-17 19:00:00,4285.24526,4294.71704,4220.01613,4237.60798,
2026-06-17 20:00:00,4238.19209,4268.26087,4236.3906,4258.07298,
2026-06-17 21:00:00,4257.66935,4259.07011,4256.58707,4258.73036,
2026-06-17 22:00:00,4258.65177,4270.949,4255.68133,4267.13454,
2026-06-17 23:00:00,4267.74428,4283.76562,4264.39232,4276.08418,
2026-06-18 00:00:00,4275.16274,4314.62225,4275.16274,4310.87917,
2026-06-18 01:00:00,4312.0293,4328.7481,4307.5483,4319.30865,
2026-06-18 02:00:00,4319.17984,4329.94155,4310.71644,4311.54856,
2026-06-18 03:00:00,4311.53411,4322.642,4309.04472,4319.21221,
2026-06-18 04:00:00,4319.38616,4323.38954,4309.3707,4316.11555,
2026-06-18 05:00:00,4316.20442,4323.95036,4300.47274,4308.1775,
2026-06-18 06:00:00,4308.26601,4309.04468,4296.45542,4306.21743,
2026-06-18 07:00:00,4305.39162,4309.41607,4287.42926,4287.85809,
2026-06-18 08:00:00,4288.68212,4292.76669,4266.93975,4267.32439,
2026-06-18 09:00:00,4267.72303,4273.13905,4259.76896,4271.15373,
2026-06-18 10:00:00,4270.25432,4271.67877,4254.95702,4255.18663,
2026-06-18 11:00:00,4255.59592,4255.69418,4240.70226,4240.81586,
2026-06-18 12:00:00,4241.21775,4269.30795,4239.7327,4247.61844,
2026-06-18 13:00:00,4247.05269,4275.14856,4245.56339,4253.12962,
2026-06-18 14:00:00,4253.40826,4255.50023,4239.109,4251.26165,
2026-06-18 15:00:00,4247.62294,4254.59496,4223.73647,4229.19424,
2026-06-18 16:00:00,4229.21241,4232.62325,4214.01683,4217.39301,
2026-06-18 17:00:00,4216.36433,4232.98341,4216.36433,4231.06272,
2026-06-18 18:00:00,4231.44499,4232.80423,4218.69727,4220.38987,
2026-06-18 19:00:00,4220.47442,4220.60144,4202.11632,4217.20221,
2026-06-18 20:00:00,4216.62815,4219.76538,4208.04578,4209.12291,
2026-06-18 21:00:00,4208.51583,4210.36044,4208.51583,4209.59286,
2026-06-18 22:00:00,4209.50717,4211.05824,4202.74019,4208.07847,
2026-06-18 23:00:00,4208.11986,4209.66435,4186.90337,4187.97614,
2026-06-19 00:00:00,4187.83831,4198.68161,4183.1412,4191.00615,
2026-06-19 01:00:00,4190.75515,4193.92719,4184.27549,4184.64365,
2026-06-19 02:00:00,4184.9491,4185.8961,4172.57782,4176.72757,
2026-06-19 03:00:00,4176.51119,4176.93497,4150.21274,4152.19837,
2026-06-19 04:00:00,4155.97643,4157.63769,4125.58274,4125.88226,
2026-06-19 05:00:00,4126.18913,4141.64423,4122.52133,4139.27104,
2026-06-19 06:00:00,4138.92749,4149.72197,4133.05611,4149.06996,
2026-06-19 07:00:00,4148.89843,4161.29166,4148.00475,4160.94355,
2026-06-19 08:00:00,4160.0622,4178.54483,4155.7578,4165.95128,
2026-06-19 09:00:00,4166.45885,4171.01147,4160.89918,4162.58379,
2026-06-19 10:00:00,4163.47603,4163.47603,4149.54977,4149.69632,
2026-06-19 11:00:00,4149.81294,4155.40781,4139.97416,4152.46136,
2026-06-19 12:00:00,4152.38986,4177.45843,4145.39414,4177.08057,
2026-06-19 13:00:00,4176.42012,4183.38096,4152.86908,4153.66515,
2026-06-19 14:00:00,4155.2545,4155.2545,4144.04708,4149.84371,
2026-06-19 15:00:00,4149.57079,4154.37664,4147.13248,4150.38088,
2026-06-19 16:00:00,4150.40792,4159.65116,4144.90591,4154.75204,
2026-06-19 17:00:00,4154.80117,4160.25294,4154.54121,4159.92818,
2026-06-19 18:00:00,4159.90794,4160.47464,4156.27598,4156.71676,
2026-06-19 19:00:00,4156.62998,4156.78821,4156.27598,4156.52781,
2026-06-19 20:00:00,4156.54731,4156.82529,4155.93051,4156.6112,
2026-06-19 21:00:00,4156.46111,4156.74785,4156.27598,4156.53237,
2026-06-19 22:00:00,4156.56276,4156.7484,4156.4935,4156.53544,
2026-06-19 23:00:00,4156.56103,4156.74196,4156.47968,4156.52566,
2026-06-20 00:00:00,4156.54308,4156.7393,4156.48319,4156.53799,
2026-06-20 01:00:00,4156.54261,4156.73839,4156.48026,4156.59973,
2026-06-20 02:00:00,4156.54916,4156.73498,4156.48152,4156.60304,
2026-06-20 03:00:00,4156.54212,4156.74371,4156.48221,4156.6088,
2026-06-20 04:00:00,4156.54176,4156.73506,4156.48012,4156.61661,
2026-06-20 05:00:00,4156.54863,4156.73928,4156.4815,4156.62519,
2026-06-20 06:00:00,4156.55377,4156.73752,4156.48172,4156.63036,
2026-06-20 07:00:00,4156.54634,4156.73622,4156.48152,4156.6393,
2026-06-20 08:00:00,4156.54828,4156.73586,4156.48148,4156.63546,
2026-06-20 09:00:00,4156.54064,4156.73822,4156.48175,4156.64806,
2026-06-20 10:00:00,4156.55551,4156.74439,4156.48179,4156.62847,
2026-06-20 11:00:00,4156.5411,4156.7366,4156.47968,4156.61876,
2026-06-20 12:00:00,4156.54202,4156.72895,4156.47968,4156.60601,
2026-06-20 13:00:00,4156.54202,4156.72894,4156.47968,4156.60135,
2026-06-20 14:00:00,4156.54202,4156.72896,4156.48015,4156.61684,
2026-06-20 15:00:00,4156.54202,4156.72896,4156.47968,4156.63068,
2026-06-20 16:00:00,4156.54202,4156.72896,4156.47968,4156.64193,
2026-06-20 17:00:00,4156.54202,4156.72896,4156.47968,4156.52972,
2026-06-20 18:00:00,4156.54202,4156.72896,4156.47968,4156.51953,
2026-06-20 19:00:00,4156.54202,4156.72897,4156.47968,4156.51309,
2026-06-20 20:00:00,4156.54202,4156.72893,4156.48013,4156.51085,
2026-06-20 21:00:00,4156.54202,4156.72897,4156.47968,4156.51637,
2026-06-20 22:00:00,4156.54548,4156.73244,4156.48313,4156.52265,
2026-06-20 23:00:00,4156.54548,4156.73244,4156.48313,4156.5327,
2026-06-21 00:00:00,4156.54548,4156.73244,4156.48313,4156.60282,
2026-06-21 01:00:00,4156.54548,4156.73245,4156.48314,4156.5868,
2026-06-21 02:00:00,4156.54548,4156.73235,4156.48314,4156.57747,
2026-06-21 03:00:00,4156.54548,4156.73245,4156.48352,4156.59378,
2026-06-21 04:00:00,4156.54548,4156.73245,4156.48314,4156.6089,
2026-06-21 05:00:00,4156.54548,4156.73245,4156.48314,4156.62176,
2026-06-21 06:00:00,4156.54548,4156.73245,4156.48314,4156.63146,
2026-06-21 07:00:00,4156.54548,4156.73245,4156.48314,4156.63733,
2026-06-21 08:00:00,4156.54548,4156.73234,4156.48314,4156.63897,
2026-06-21 09:00:00,4156.54548,4156.73246,4156.48351,4156.63624,
2026-06-21 10:00:00,4156.54548,4156.73246,4156.48314,4156.62935,
2026-06-21 11:00:00,4156.54548,4156.73246,4156.48314,4156.61878,
2026-06-21 12:00:00,4156.54548,4156.73246,4156.48314,4156.60526,
2026-06-21 13:00:00,4156.54548,4156.73246,4156.48314,4156.60945,
2026-06-21 14:00:00,4156.54548,4156.73246,4156.48314,4156.62456,
2026-06-21 15:00:00,4156.54548,4156.73232,4156.48314,4156.63774,
2026-06-21 16:00:00,4156.54548,4156.73246,4156.48349,4156.54227,
2026-06-21 17:00:00,4156.54548,4156.73247,4156.48314,4156.52984,
2026-06-21 18:00:00,4156.54548,4156.73938,4156.44873,4156.52577,
2026-06-21 19:00:00,4156.54911,4156.78677,4156.49181,4156.52766,
2026-06-21 20:00:00,4156.55723,4157.44038,4155.23976,4156.5162,
2026-06-21 21:00:00,4156.54721,4156.76142,4156.38092,4156.52801,
2026-06-21 22:00:00,4156.55584,4165.89386,4143.36027,4156.57938,
2026-06-21 23:00:00,4156.48806,4164.58437,4135.46633,4141.37652,
2026-06-22 00:00:00,4141.3067,4199.33688,4138.08309,4194.08601,
2026-06-22 01:00:00,4195.59055,4216.38487,4188.74794,4191.12528,
2026-06-22 02:00:00,4191.76065,4198.32907,4183.40027,4188.7928,
2026-06-22 03:00:00,4188.99311,4189.88562,4171.01147,4172.32703,
2026-06-22 04:00:00,4172.16321,4181.65092,4170.81089,4181.30687,
2026-06-22 05:00:00,4180.46242,4197.91821,4179.72832,4195.27403,
2026-06-22 06:00:00,4195.1909,4207.16059,4190.89796,4197.93641,
2026-06-22 07:00:00,4199.11387,4201.68067,4189.35903,4190.80451,
2026-06-22 08:00:00,4190.43518,4197.14583,4187.72624,4195.08009,
2026-06-22 09:00:00,4195.40455,4210.92999,4195.40455,4208.72176,
2026-06-22 10:00:00,4208.95892,4214.2526,4204.33046,4204.5525,
2026-06-22 11:00:00,4204.60023,4214.07501,4200.8124,4206.60862,
2026-06-22 12:00:00,4205.77301,4211.41293,4193.22047,4193.62349,
2026-06-22 13:00:00,4194.23207,4204.86082,4182.9198,4200.68293,
2026-06-22 14:00:00,4201.2858,4209.64008,4187.95544,4199.18826,
2026-06-22 15:00:00,4198.89846,4199.74964,4172.05557,4185.41544,
2026-06-22 16:00:00,4184.84029,4190.41234,4174.94238,4190.07087,
2026-06-22 17:00:00,4189.20597,4192.1995,4178.33117,4182.61446,
2026-06-22 18:00:00,4182.64603,4192.52054,4182.64603,4190.89199,
2026-06-22 19:00:00,4190.94433,4192.87212,4184.62569,4191.73515,
2026-06-22 20:00:00,4190.82929,4194.279,4188.22541,4191.78368,
2026-06-22 21:00:00,4192.03092,4192.03092,4191.11484,4191.71305,
2026-06-22 22:00:00,4191.61903,4194.45493,4188.48002,4190.22735,
2026-06-22 23:00:00,4189.6501,4195.10073,4187.95544,4189.17623,
2026-06-23 00:00:00,4189.13162,4194.9828,4178.85499,4193.44278,
2026-06-23 01:00:00,4193.11026,4195.86288,4151.10004,4161.46108,
2026-06-23 02:00:00,4161.0084,4163.56001,4148.18684,4149.14398,
2026-06-23 03:00:00,4151.24322,4151.24322,4131.26461,4143.99242,
2026-06-23 04:00:00,4143.41341,4146.45271,4121.21679,4123.33723,
2026-06-23 05:00:00,4126.05721,4137.01804,4116.10761,4121.41981,
2026-06-23 06:00:00,4120.67585,4127.28548,4109.60594,4115.71742,
2026-06-23 07:00:00,4116.51058,4126.99321,4097.85682,4099.01496,
2026-06-23 08:00:00,4099.25886,4110.65894,4092.15534,4103.62106,
2026-06-23 09:00:00,4103.99602,4120.14338,4103.57421,4119.27617,
2026-06-23 10:00:00,4119.45816,4132.2314,4112.42872,4120.41927,
2026-06-23 11:00:00,4120.54946,4130.6952,4117.59862,4126.119,
2026-06-23 12:00:00,4125.04993,4127.14839,4112.51851,4114.5209,
2026-06-23 13:00:00,4115.43922,4139.41551,4105.49574,4137.04835,
2026-06-23 14:00:00,4135.71605,4141.81577,4123.03125,4128.97396,
2026-06-23 15:00:00,4128.51723,4140.95822,4123.49469,4138.3514,
2026-06-23 16:00:00,4138.24906,4143.01694,4131.71921,4132.71109,
2026-06-23 17:00:00,4132.6601,4140.44386,4127.96698,4129.08504,
2026-06-23 18:00:00,4129.03891,4131.14394,4113.36432,4117.26375,
2026-06-23 19:00:00,4116.7778,4125.07219,4113.74299,4113.91042,
2026-06-23 20:00:00,4114.16871,4114.92002,4107.78837,4110.44546,
2026-06-23 21:00:00,4109.93157,4111.0518,4109.93157,4110.42187,
2026-06-23 22:00:00,4110.33453,4114.71835,4098.02475,4106.25173,
2026-06-23 23:00:00,4106.32126,4106.32126,4081.96587,4099.12637,
2026-06-24 00:00:00,4099.83445,4112.51851,4093.64613,4094.3685,
2026-06-24 01:00:00,4095.32367,4101.04987,4067.52085,4089.18575,
2026-06-24 02:00:00,4088.75168,4094.66874,4054.49238,4064.34621,
2026-06-24 03:00:00,4065.20962,4070.09586,4050.56143,4062.60218,
2026-06-24 04:00:00,4062.6361,4066.69378,4055.47895,4066.55553,
2026-06-24 05:00:00,4066.03423,4085.1342,4060.91039,4076.52329,
2026-06-24 06:00:00,4076.50098,4096.68169,4072.36169,4086.24091,
2026-06-24 07:00:00,4086.7437,4090.67227,4074.48152,4075.68845,
2026-06-24 08:00:00,4075.42834,4087.80607,4073.17633,4076.95117,
2026-06-24 09:00:00,4077.25046,4079.51551,4064.87541,4065.20765,
2026-06-24 10:00:00,4065.3871,4066.03237,4055.15004,4055.99748,
2026-06-24 11:00:00,4056.97339,4058.25804,4037.3047,4046.96552,
2026-06-24 12:00:00,4047.89801,4049.01018,3991.19791,3992.99029,
2026-06-24 13:00:00,3995.33519,4040.5673,3965.42152,4032.71986,
2026-06-24 14:00:00,4034.04688,4037.3047,4004.16433,4006.68114,
2026-06-24 15:00:00,4006.04917,4016.83758,3999.04023,4001.96806,
2026-06-24 16:00:00,4002.92054,4022.53945,3995.4807,4007.14851,
2026-06-24 17:00:00,4007.64267,4011.23145,3973.6152,3974.21084,
2026-06-24 18:00:00,3975.19768,3993.13181,3961.49428,3980.66584,
2026-06-24 19:00:00,3981.15596,3988.88948,3974.35303,3988.15991,
2026-06-24 20:00:00,3987.66422,4002.40808,3983.37623,4001.11524,
2026-06-24 21:00:00,4000.57448,4000.96031,3998.72041,4000.768,
2026-06-24 22:00:00,4000.78255,4009.14084,3994.40783,3996.45623,
2026-06-24 23:00:00,3996.77318,4018.32356,3991.20288,4010.20002,
2026-06-25 00:00:00,4010.60494,4016.06426,3978.89218,3991.43205,
2026-06-25 01:00:00,3993.27432,4003.68339,3973.45731,3974.06573,
2026-06-25 02:00:00,3975.42104,3990.42298,3964.41385,3982.40256,
2026-06-25 03:00:00,3981.81656,4003.62578,3967.46677,3996.55985,
2026-06-25 04:00:00,3996.31229,3997.28185,3984.06375,3995.94267,
2026-06-25 05:00:00,3995.80255,3999.68003,3981.52572,3990.32602,
2026-06-25 06:00:00,3990.00539,3991.20353,3973.75315,3976.77648,
2026-06-25 07:00:00,3977.62244,3989.4678,3972.98371,3987.20098,
2026-06-25 08:00:00,3985.3043,4001.60064,3985.3043,3989.40351,
2026-06-25 09:00:00,3989.71296,3998.12727,3987.68983,3989.33223,
2026-06-25 10:00:00,3989.9258,3989.9258,3981.68425,3982.95634,
2026-06-25 11:00:00,3982.47753,3987.40031,3973.42665,3980.16878,
2026-06-25 12:00:00,3980.5188,4018.00064,3971.54328,4010.5468,
2026-06-25 13:00:00,4011.09356,4034.29953,4003.04231,4005.59579,
2026-06-25 14:00:00,4005.03241,4027.31218,4002.33994,4013.38101,
2026-06-25 15:00:00,4013.62222,4041.54945,4005.60785,4039.71301,
2026-06-25 16:00:00,4040.15361,4043.83517,4022.84979,4028.58865,
2026-06-25 17:00:00,4028.37725,4036.32694,4027.54843,4035.76793,
2026-06-25 18:00:00,4035.73517,4044.57442,4027.87288,4034.63596,
2026-06-25 19:00:00,4035.04835,4043.50815,4021.71727,4026.20618,
2026-06-25 20:00:00,4025.66184,4035.46995,4024.02234,4026.44634,
2026-06-25 21:00:00,4026.49141,4027.77173,4026.49141,4027.66232,
2026-06-25 22:00:00,4027.59061,4036.16403,4021.26305,4026.65517,
2026-06-25 23:00:00,4026.49341,4031.34339,4013.31632,4013.46148,
2026-06-26 00:00:00,4013.78669,4023.82102,4012.19708,4022.69729,
2026-06-26 01:00:00,4021.32748,4029.49591,4014.93556,4020.23346,
2026-06-26 02:00:00,4019.93055,4022.52615,3984.06375,3991.23932,
2026-06-26 03:00:00,3988.66144,4007.01612,3986.13583,4003.06952,
2026-06-26 04:00:00,4003.35948,4015.41921,3998.99891,4013.41772,
2026-06-26 05:00:00,4013.41805,4021.02483,4006.89185,4008.2752,
2026-06-26 06:00:00,4009.04124,4032.09548,4005.20027,4031.90538,
2026-06-26 07:00:00,4031.45691,4040.40404,4027.22403,4030.57161,
2026-06-26 08:00:00,4030.6342,4037.63072,4025.60283,4031.38657,
2026-06-26 09:00:00,4031.1586,4055.15004,4029.76903,4049.04382,
2026-06-26 10:00:00,4048.95277,4054.2095,4042.36397,4052.97465,
2026-06-26 11:00:00,4053.18992,4055.31449,4042.69484,4045.52212,
2026-06-26 12:00:00,4045.54573,4060.53331,4036.04364,4059.06601,
2026-06-26 13:00:00,4057.18199,4076.80704,4039.42379,4076.35901,
2026-06-26 14:00:00,4075.15845,4090.98347,4068.84485,4083.14879,
2026-06-26 15:00:00,4084.86386,4095.31638,4075.43471,4089.95839,
2026-06-26 16:00:00,4090.1456,4094.40064,4082.29915,4084.78937,
2026-06-26 17:00:00,4084.93888,4087.97318,4073.79773,4074.00806,
2026-06-26 18:00:00,4074.53166,4079.39386,4067.96856,4068.16761,
2026-06-26 19:00:00,4068.43939,4074.81358,4064.71019,4073.55463,
2026-06-26 20:00:00,4074.04155,4089.31054,4063.81756,4088.92554,
2026-06-26 21:00:00,4088.78641,4091.22487,4080.76694,4080.88206,
2026-06-26 22:00:00,4080.82648,4081.00837,4080.75867,4080.86314,
2026-06-26 23:00:00,4080.82164,4081.00672,4080.75738,4080.85062,
2026-06-27 00:00:00,4080.81813,4081.00492,4080.75567,4080.86659,
2026-06-27 01:00:00,4080.81796,4081.00422,4080.75528,4080.87965,
2026-06-27 02:00:00,4080.81596,4081.00672,4080.76028,4080.8921,
2026-06-27 03:00:00,4080.81576,4081.00404,4080.75861,4080.90468,
2026-06-27 04:00:00,4080.81923,4081.01002,4080.76064,4080.90857,
2026-06-27 05:00:00,4080.8175,4081.00557,4080.75694,4080.91157,
2026-06-27 06:00:00,4080.81916,4081.01002,4080.75914,4080.91034,
2026-06-27 07:00:00,4080.82085,4081.00707,4080.76043,4080.90337,
2026-06-27 08:00:00,4080.82093,4081.00566,4080.75915,4080.89282,
2026-06-27 09:00:00,4080.82104,4081.01073,4080.76146,4080.87942,
2026-06-27 10:00:00,4080.82119,4081.0056,4080.76027,4080.88753,
2026-06-27 11:00:00,4080.82135,4081.00745,4080.76027,4080.90004,
2026-06-27 12:00:00,4080.82149,4081.00503,4080.76027,4080.91281,
2026-06-27 13:00:00,4080.82149,4081.00503,4080.76071,4080.81746,
2026-06-27 14:00:00,4080.82149,4081.00498,4080.76027,4080.80544,
2026-06-27 15:00:00,4080.82149,4081.00502,4080.76027,4080.79669,
2026-06-27 16:00:00,4080.82149,4081.00502,4080.76027,4080.7918,
2026-06-27 17:00:00,4080.82149,4081.00502,4080.76027,4080.79113,
2026-06-27 18:00:00,4080.82149,4081.00502,4080.76027,4080.79473,
2026-06-27 19:00:00,4080.82149,4081.00502,4080.76073,4080.80233,
2026-06-27 20:00:00,4080.82149,4081.00499,4080.76027,4080.81341,
2026-06-27 21:00:00,4080.82149,4081.00501,4080.76027,4080.8737,
2026-06-27 22:00:00,4080.82315,4081.00667,4080.76194,4080.8581,
2026-06-27 23:00:00,4080.82315,4081.00667,4080.76194,4080.86047,
2026-06-28 00:00:00,4080.82315,4081.00668,4080.76194,4080.87618,
2026-06-28 01:00:00,4080.82315,4081.00666,4080.76194,4080.89032,
2026-06-28 02:00:00,4080.82315,4081.00668,4080.7624,4080.90191,
2026-06-28 03:00:00,4080.82315,4081.00668,4080.76194,4080.91013,
2026-06-28 04:00:00,4080.82315,4081.00668,4080.76194,4080.91441,
2026-06-28 05:00:00,4080.82315,4081.00668,4080.76194,4080.91445,
2026-06-28 06:00:00,4080.82315,4081.00669,4080.76194,4080.91025,
2026-06-28 07:00:00,4080.82315,4081.00665,4080.76194,4080.9021,
2026-06-28 08:00:00,4080.82315,4081.00669,4080.76238,4080.89056,
2026-06-28 09:00:00,4080.82315,4081.00669,4080.76194,4080.87646,
2026-06-28 10:00:00,4080.82315,4081.00669,4080.76194,4080.89152,
2026-06-28 11:00:00,4080.82315,4081.00669,4080.76194,4080.90578,
2026-06-28 12:00:00,4080.82315,4081.00669,4080.76194,4080.91779,
2026-06-28 13:00:00,4080.82315,4081.0067,4080.76194,4080.81523,
2026-06-28 14:00:00,4080.82315,4081.00664,4080.76194,4080.80411,
2026-06-28 15:00:00,4080.82315,4081.0067,4080.76236,4080.79646,
2026-06-28 16:00:00,4080.82315,4081.0067,4080.76194,4080.79282,
2026-06-28 17:00:00,4080.82315,4081.0067,4080.76194,4080.79343,
2026-06-28 18:00:00,4080.82315,4081.13292,4080.74566,4080.80642,
2026-06-28 19:00:00,4080.83117,4081.01495,4080.75567,4080.80241,
2026-06-28 20:00:00,4080.82239,4081.0092,4080.63331,4080.80878,
2026-06-28 21:00:00,4080.82962,4089.97955,4079.88539,4089.72531,
2026-06-28 22:00:00,4089.63666,4092.0206,4055.31449,4067.03395,
2026-06-28 23:00:00,4068.30942,4070.16973,4052.39942,4063.9055,
2026-06-29 00:00:00,4064.02398,4073.48568,4048.91084,4071.47852,
2026-06-29 01:00:00,4071.62831,4074.64754,4054.24952,4061.20105,
2026-06-29 02:00:00,4061.37088,4071.81735,4056.98902,4066.86925,
2026-06-29 03:00:00,4067.18023,4074.81358,4065.53645,4068.94887,
2026-06-29 04:00:00,4068.76367,4069.63462,4049.5667,4049.81034,
2026-06-29 05:00:00,4050.32701,4059.40007,4039.91435,4056.90312,
2026-06-29 06:00:00,4056.03027,4065.04065,4053.99927,4062.34059,
2026-06-29 07:00:00,4062.39133,4068.51377,4057.45354,4062.28304,
2026-06-29 08:00:00,4063.19776,4067.35541,4045.30744,4045.86592,
2026-06-29 09:00:00,4046.89227,4054.16363,4026.08906,4026.58292,
2026-06-29 10:00:00,4027.33523,4040.2408,4027.33523,4036.97127,
2026-06-29 11:00:00,4036.12497,4041.71045,4027.87288,4039.34186,
2026-06-29 12:00:00,4039.74273,4051.69969,4037.55717,4043.22079,
2026-06-29 13:00:00,4043.55628,4052.19224,4030.83861,4031.12234,
2026-06-29 14:00:00,4031.56082,4033.00048,4002.40144,4028.70877,
2026-06-29 15:00:00,4028.68882,4029.49591,4017.55828,4028.79593,
2026-06-29 16:00:00,4028.72292,4028.72292,4018.32141,4024.793,
2026-06-29 17:00:00,4024.99549,4031.60781,4019.45416,4019.7218,
2026-06-29 18:00:00,4020.10668,4025.23362,4011.87515,4013.16086,
2026-06-29 19:00:00,4012.91167,4018.96954,4005.7401,4015.97948,
2026-06-29 20:00:00,4014.52544,4018.00064,4013.16318,4016.52691,
2026-06-29 21:00:00,4016.3401,4017.74556,4016.2223,4017.60654,
2026-06-29 22:00:00,4017.56641,4021.55554,4008.27203,4014.50313,
2026-06-29 23:00:00,4014.83734,4021.87902,4013.48531,4015.4108,
2026-06-30 00:00:00,4015.20909,4015.5462,3980.30019,3985.45163,
2026-06-30 01:00:00,3982.86507,3987.39982,3949.44708,3967.75873,
2026-06-30 02:00:00,3967.98065,3972.51023,3950.6432,3962.35227,
2026-06-30 03:00:00,3962.14613,3970.93277,3960.39604,3970.68238,
2026-06-30 04:00:00,3970.30763,3997.0469,3966.67103,3985.50974,
2026-06-30 05:00:00,3986.03992,3990.58223,3976.44032,3978.7963,
2026-06-30 06:00:00,3978.65626,4033.23385,3977.88297,4030.62625,
2026-06-30 07:00:00,4030.22807,4034.2101,4024.14487,4032.56468,
2026-06-30 08:00:00,4032.14163,4036.9413,4014.12974,4014.51511,
2026-06-30 09:00:00,4014.99754,4023.49722,4013.1611,4023.31722,
2026-06-30 10:00:00,4022.81735,4030.95776,4020.90873,4030.90961,
2026-06-30 11:00:00,4030.77419,4036.37717,4025.7649,4032.73145,
2026-06-30 12:00:00,4032.90283,4034.42248,4009.30158,4009.52345,
2026-06-30 13:00:00,4010.11546,4033.23385,4010.11546,4028.43435,
2026-06-30 14:00:00,4028.8958,4063.05867,4024.21942,4039.88608,
2026-06-30 15:00:00,4041.00585,4041.00585,4023.07043,4029.69913,
2026-06-30 16:00:00,4030.01178,4033.55921,4026.25116,4026.58776,
2026-06-30 17:00:00,4027.21032,4032.36468,4020.48953,4030.35656,
2026-06-30 18:00:00,4030.47257,4033.7437,4028.63197,4031.34158,
2026-06-30 19:00:00,4031.33209,4031.33209,4015.58045,4016.10624,
2026-06-30 20:00:00,4016.70062,4020.89328,4006.57078,4007.70422,
2026-06-30 21:00:00,4007.52576,4008.77261,4007.37357,4008.51998,
2026-06-30 22:00:00,4008.44981,4017.67778,4007.94135,4012.77271,
2026-06-30 23:00:00,4012.6154,4018.16209,4005.76831,4005.7759,
2026-07-01 00:00:00,4005.80108,4009.14084,3995.20575,3997.38855,
2026-07-01 01:00:00,3998.15246,3999.32406,3972.9245,3977.31067,
2026-07-01 02:00:00,3977.43353,3986.44608,3970.45978,3979.16348,
2026-07-01 03:00:00,3979.45329,3987.08185,3977.20144,3980.20633,
2026-07-01 04:00:00,3979.81518,3983.98044,3972.82587,3977.89243,
2026-07-01 05:00:00,3978.15448,3979.15998,3970.45978,3975.81406,
2026-07-01 06:00:00,3976.54201,3977.69815,3963.53547,3971.8649,
2026-07-01 07:00:00,3971.74845,3978.67431,3959.59368,3976.28897,
2026-07-01 08:00:00,3976.59611,3986.36282,3969.52065,3973.35841,
2026-07-01 09:00:00,3973.70908,3986.07526,3972.98371,3984.04693,
2026-07-01 10:00:00,3984.42196,3998.1514,3981.79039,3998.05324,
2026-07-01 11:00:00,3997.91287,4036.10385,3997.91287,4030.85327,
2026-07-01 12:00:00,4031.23245,4033.51194,4020.74705,4025.41607,
2026-07-01 13:00:00,4025.33671,4115.77285,4012.7717,4090.62986,
2026-07-01 14:00:00,4089.88635,4115.23508,4085.30109,4092.71283,
2026-07-01 15:00:00,4092.23639,4093.70085,4077.9708,4079.91686,
2026-07-01 16:00:00,4080.36994,4089.25554,4071.30706,4071.71746,
2026-07-01 17:00:00,4072.59276,4073.54173,4067.52085,4067.67016,
2026-07-01 18:00:00,4068.00898,4071.16395,4058.11217,4062.24508,
2026-07-01 19:00:00,4062.02052,4068.34825,4035.34966,4038.58819,
2026-07-01 20:00:00,4037.86443,4039.50248,4029.65828,4031.56804,
2026-07-01 21:00:00,4031.38647,4031.84249,4030.47036,4031.13515,
2026-07-01 22:00:00,4031.143,4044.80032,4031.11607,4044.58166,
2026-07-01 23:00:00,4044.29628,4044.81657,4034.04736,4035.59478,
2026-07-02 00:00:00,4035.79995,4052.35645,4028.94876,4050.71499,
2026-07-02 01:00:00,4050.60546,4067.85177,4045.43817,4050.94022,
2026-07-02 02:00:00,4052.62785,4060.7488,4041.52849,4060.54234,
2026-07-02 03:00:00,4059.89288,4074.31551,4056.03539,4070.66679,
2026-07-02 04:00:00,4071.38814,4072.98794,4061.45214,4061.92557,
2026-07-02 05:00:00,4062.28772,4067.21029,4053.99927,4066.80046,
2026-07-02 06:00:00,4066.68202,4079.80091,4066.03237,4075.11156,
2026-07-02 07:00:00,4075.6282,4075.6282,4060.83644,4065.81237,
2026-07-02 08:00:00,4066.10581,4079.80091,4061.21423,4077.06992,
2026-07-02 09:00:00,4077.78157,4077.78157,4064.71019,4066.95913,
2026-07-02 10:00:00,4066.73329,4069.50718,4061.70424,4066.54479,
2026-07-02 11:00:00,4065.81171,4072.58816,4057.8438,4066.99731,
2026-07-02 12:00:00,4067.73357,4139.75824,4059.82169,4117.95763,
2026-07-02 13:00:00,4118.8628,4142.39852,4108.91012,4135.01759,
2026-07-02 14:00:00,4135.45635,4138.90154,4115.05699,4128.00873,
2026-07-02 15:00:00,4127.55292,4131.37781,4118.27314,4128.15099,
2026-07-02 16:00:00,4127.22324,4129.33064,4100.37723,4118.55277,
2026-07-02 17:00:00,4118.36272,4119.54591,4105.71324,4107.07121,
2026-07-02 18:00:00,4107.45901,4125.92318,4105.35636,4122.427,
2026-07-02 19:00:00,4122.12588,4124.05147,4108.08332,4120.94459,
2026-07-02 20:00:00,4121.6046,4125.5886,4117.22954,4123.87904,
2026-07-02 21:00:00,4123.72424,4124.25601,4122.69129,4124.08834,
2026-07-02 22:00:00,4124.01405,4127.96698,4122.47647,4124.17879,
2026-07-02 23:00:00,4124.37085,4130.96431,4120.90817,4126.56116,
2026-07-03 00:00:00,4126.72023,4150.23864,4123.62183,4149.28341,
2026-07-03 01:00:00,4149.33156,4195.33479,4145.21895,4183.0552,
2026-07-03 02:00:00,4182.71575,4186.90337,4176.58606,4184.86959,
2026-07-03 03:00:00,4185.0047,4185.76991,4175.60067,4176.49801,
2026-07-03 04:00:00,4176.2845,4182.35048,4173.7969,4178.78315,
2026-07-03 05:00:00,4178.56546,4181.47606,4169.96789,4171.07495,
2026-07-03 06:00:00,4171.23355,4174.31959,4161.98443,4173.51379,
2026-07-03 07:00:00,4172.78317,4180.77679,4170.48962,4175.93561,
2026-07-03 08:00:00,4176.30227,4186.90337,4171.33617,4182.18452,
2026-07-03 09:00:00,4181.85026,4181.85026,4168.92483,4173.2602,
2026-07-03 10:00:00,4173.16731,4182.19681,4171.05605,4177.4701,
2026-07-03 11:00:00,4177.50838,4186.55279,4176.07673,4178.66879,
2026-07-03 12:00:00,4179.15536,4182.87531,4172.40372,4172.57735,
2026-07-03 13:00:00,4173.24474,4179.47649,4164.31343,4164.86232,
2026-07-03 14:00:00,4165.78884,4170.66059,4156.27598,4170.12903,
2026-07-03 15:00:00,4168.99852,4174.31959,4164.23753,4164.72353,
2026-07-03 16:00:00,4164.89225,4176.41163,4162.17553,4174.47128,
2026-07-03 17:00:00,4174.93694,4176.1049,4174.58316,4175.03314,
2026-07-03 18:00:00,4174.97105,4175.19693,4174.58789,4174.96813,
2026-07-03 19:00:00,4174.90845,4175.50293,4174.59324,4174.94163,
2026-07-03 20:00:00,4174.89499,4175.42551,4174.60578,4174.93638,
2026-07-03 21:00:00,4174.90346,4175.10346,4174.84061,4174.95414,
2026-07-03 22:00:00,4174.90863,4175.10336,4174.8424,4174.96789,
2026-07-03 23:00:00,4174.90672,4175.10147,4174.8424,4174.9813,
2026-07-04 00:00:00,4174.90665,4175.10101,4174.8424,4174.99682,
2026-07-04 01:00:00,4174.91212,4175.09843,4174.8424,4175.00011,
2026-07-04 02:00:00,4174.90863,4175.09926,4174.8424,4175.00604,
2026-07-04 03:00:00,4174.91212,4175.09997,4174.8424,4175.00064,
2026-07-04 04:00:00,4174.90863,4175.09845,4174.8424,4174.99981,
2026-07-04 05:00:00,4174.91417,4175.10144,4174.8424,4174.98987,
2026-07-04 06:00:00,4174.91411,4175.10148,4174.8424,4174.977,
2026-07-04 07:00:00,4174.91368,4175.09929,4174.8424,4174.97319,
2026-07-04 08:00:00,4174.91212,4175.102,4174.8424,4174.98864,
2026-07-04 09:00:00,4174.91212,4175.10148,4174.8424,4174.99902,
2026-07-04 10:00:00,4174.90863,4175.09923,4174.8424,4174.86537,
2026-07-04 11:00:00,4174.90863,4175.10169,4174.8424,4174.89322,
2026-07-04 12:00:00,4174.90689,4175.09474,4174.84431,4174.88337,
2026-07-04 13:00:00,4174.90689,4175.09474,4174.84431,4174.87736,
2026-07-04 14:00:00,4174.90689,4175.09474,4174.84451,4174.8756,
2026-07-04 15:00:00,4174.90689,4175.09445,4174.84431,4174.87822,
2026-07-04 16:00:00,4174.90689,4175.09474,4174.84431,4174.88503,
2026-07-04 17:00:00,4174.90689,4175.09474,4174.84431,4174.89556,
2026-07-04 18:00:00,4174.90689,4175.09474,4174.84431,4174.96247,
2026-07-04 19:00:00,4174.90689,4175.09474,4174.8443,4174.9464,
2026-07-04 20:00:00,4174.90689,4175.09474,4174.8443,4174.94111,
2026-07-04 21:00:00,4174.90689,4175.09474,4174.84453,4174.9574,
2026-07-04 22:00:00,4174.90689,4175.09447,4167.47444,4174.97235,
2026-07-04 23:00:00,4174.90689,4175.09474,4174.8443,4174.98492,
2026-07-05 00:00:00,4174.90689,4175.09473,4174.8443,4174.99421,
2026-07-05 01:00:00,4174.90689,4175.09473,4174.8443,4174.9996,
2026-07-05 02:00:00,4174.90689,4175.09473,4174.8443,4175.00069,
2026-07-05 03:00:00,4174.90689,4175.09473,4174.84454,4174.99741,
2026-07-05 04:00:00,4174.90689,4175.09449,4174.8443,4174.98999,
2026-07-05 05:00:00,4174.90689,4175.09473,4174.8443,4174.97895,
2026-07-05 06:00:00,4174.90689,4175.09473,4174.84429,4174.96506,
2026-07-05 07:00:00,4174.90689,4175.09473,4174.84429,4174.97312,
2026-07-05 08:00:00,4174.90689,4175.09473,4174.84429,4174.98811,
2026-07-05 09:00:00,4174.90689,4175.09473,4174.84429,4175.00104,
2026-07-05 10:00:00,4174.90689,4175.09473,4174.84456,4174.90195,
2026-07-05 11:00:00,4174.90689,4175.0945,4174.84429,4174.88983,
2026-07-05 12:00:00,4174.90689,4175.09472,4174.84429,4174.8811,
2026-07-05 13:00:00,4174.90689,4175.09472,4174.84429,4174.87636,
2026-07-05 14:00:00,4174.90689,4175.09472,4174.84429,4174.87594,
2026-07-05 15:00:00,4174.90689,4175.09472,4174.84429,4174.87987,
2026-07-05 16:00:00,4174.90689,4175.09472,4174.84457,4174.88788,
2026-07-05 17:00:00,4174.90689,4175.09452,4174.84429,4174.89941,
2026-07-05 18:00:00,4174.90689,4175.10249,4174.82691,4174.96636,
2026-07-05 19:00:00,4174.91254,4175.09992,4174.8424,4174.94638,
2026-07-05 20:00:00,4174.91042,4175.1096,4173.27435,4175.01112,
2026-07-05 21:00:00,4174.96346,4175.90264,4174.66811,4175.75615,
2026-07-05 22:00:00,4175.70533,4190.93919,4174.8424,4189.45192,
2026-07-05 23:00:00,4189.01736,4202.03378,4176.7605,4184.07633,
2026-07-06 00:00:00,4184.25234,4189.09736,4170.84922,4179.03467,
2026-07-06 01:00:00,4180.66557,4201.28023,4174.31959,4188.02043,
2026-07-06 02:00:00,4190.38932,4190.38932,4169.27246,4171.304,
2026-07-06 03:00:00,4172.23908,4175.77315,4160.57367,4165.47242,
2026-07-06 04:00:00,4165.49721,4166.75287,4158.00416,4160.21239,
2026-07-06 05:00:00,4160.36688,4160.66078,4148.1039,4149.00222,
2026-07-06 06:00:00,4150.28516,4159.55035,4146.28079,4149.7756,
2026-07-06 07:00:00,4149.60294,4165.79879,4146.74683,4164.28588,
2026-07-06 08:00:00,4164.25605,4165.1069,4148.00066,4151.96933,
2026-07-06 09:00:00,4151.67666,4151.67666,4136.70206,4144.46081,
2026-07-06 10:00:00,4144.20322,4155.58511,4142.50207,4154.82792,
2026-07-06 11:00:00,4154.71509,4160.62992,4151.77752,4154.26417,
2026-07-06 12:00:00,4154.52661,4158.51057,4131.80986,4140.68503,
2026-07-06 13:00:00,4141.64589,4152.01491,4139.14185,4140.92288,
2026-07-06 14:00:00,4142.24853,4145.59323,4129.33064,4137.17957,
2026-07-06 15:00:00,4136.92103,4151.4447,4136.92103,4148.46859,
2026-07-06 16:00:00,4148.34357,4156.44873,4140.78675,4156.1832,
2026-07-06 17:00:00,4155.65877,4161.53859,4150.58316,4161.39063,
2026-07-06 18:00:00,4161.12854,4167.80418,4155.45336,4164.16293,
2026-07-06 19:00:00,4163.97695,4165.10475,4158.81838,4162.63055,
2026-07-06 20:00:00,4162.43197,4165.42664,4161.04262,4165.12051,
2026-07-06 21:00:00,4164.60827,4165.79879,4164.58437,4165.73819,
2026-07-06 22:00:00,4165.59701,4169.44182,4163.54401,4164.76966,
2026-07-06 23:00:00,4164.82131,4165.70478,4156.6215,4156.89039,
2026-07-07 00:00:00,4157.39553,4162.87064,4147.24474,4148.54209,
2026-07-07 01:00:00,4149.39924,4149.39924,4126.94482,4141.43325,
2026-07-07 02:00:00,4141.74175,4145.07772,4131.88993,4135.5545,
2026-07-07 03:00:00,4135.9428,4139.99148,4125.92318,4131.5241,
2026-07-07 04:00:00,4130.68982,4140.27243,4125.92318,4126.13408,
2026-07-07 05:00:00,4126.46794,4131.80975,4117.59862,4124.55368,
2026-07-07 06:00:00,4124.8111,4133.34143,4122.01154,4130.36793,
2026-07-07 07:00:00,4130.67199,4136.3173,4124.90203,4125.7453,
2026-07-07 08:00:00,4125.62271,4139.00873,4121.61615,4126.7824,
2026-07-07 09:00:00,4126.57319,4133.42702,4120.82252,4131.87029,
2026-07-07 10:00:00,4131.57832,4138.55895,4131.03648,4135.05611,
2026-07-07 11:00:00,4135.20209,4154.73945,4131.81084,4154.17915,
2026-07-07 12:00:00,4153.39444,4174.49384,4153.39444,4171.12205,
2026-07-07 13:00:00,4169.07716,4179.37894,4158.1111,4158.53665,
2026-07-07 14:00:00,4159.37611,4166.47967,4145.7651,4155.36994,
2026-07-07 15:00:00,4155.43415,4156.09566,4136.33355,4138.43581,
2026-07-07 16:00:00,4138.19967,4147.41506,4137.87396,4143.54141,
2026-07-07 17:00:00,4144.04506,4148.01393,4141.47271,4144.694,
2026-07-07 18:00:00,4144.60335,4144.90591,4125.58274,4130.07576,
2026-07-07 19:00:00,4129.45655,4129.45655,4093.9768,4115.19232,
2026-07-07 20:00:00,4115.82623,4115.82623,4103.50415,4106.14352,
2026-07-07 21:00:00,4106.19217,4107.72345,4105.59593,4107.50068,
2026-07-07 22:00:00,4107.52684,4116.23045,4094.10785,4096.45772,
2026-07-07 23:00:00,4096.65876,4106.77618,4094.35376,4097.09556,
2026-07-08 00:00:00,4097.22139,4125.75295,4097.18523,4113.87042,
2026-07-08 01:00:00,4115.82963,4117.42908,4097.18523,4111.66887,
2026-07-08 02:00:00,4111.28344,4124.56177,4105.93307,4114.97377,
2026-07-08 03:00:00,4114.84059,4130.6952,4114.84059,4123.54059,
2026-07-08 04:00:00,4123.87474,4129.33064,4121.50188,4125.6744,
2026-07-08 05:00:00,4125.9147,4134.11055,4122.52133,4128.45329,
2026-07-08 06:00:00,4128.35187,4132.40217,4122.69961,4124.56102,
2026-07-08 07:00:00,4124.64604,4127.28548,4114.39922,4121.04222,
2026-07-08 08:00:00,4121.07356,4121.45689,4055.15004,4055.46482,
2026-07-08 09:00:00,4055.74994,4060.91371,4042.7698,4043.64125,
2026-07-08 10:00:00,4045.00584,4058.08989,4041.5471,4054.22101,
2026-07-08 11:00:00,4054.53909,4071.03429,4042.36397,4061.6802,
2026-07-08 12:00:00,4061.48049,4085.90878,4060.25417,4074.60396,
2026-07-08 13:00:00,4075.95516,4082.01487,4067.85177,4071.06487,
2026-07-08 14:00:00,4071.22468,4071.26939,4035.83824,4042.1276,
2026-07-08 15:00:00,4042.29646,4043.8624,4022.20256,4034.0089,
2026-07-08 16:00:00,4033.51391,4064.21459,4032.67826,4063.41711,
2026-07-08 17:00:00,4063.16669,4075.9762,4059.75966,4065.89036,
2026-07-08 18:00:00,4065.2657,4091.31822,4065.2657,4084.01382,
2026-07-08 19:00:00,4083.40572,4092.4117,4079.46804,4081.44974,
2026-07-08 20:00:00,4081.68149,4083.46605,4071.98194,4077.27796,
2026-07-08 21:00:00,4077.44095,4078.1814,4075.10594,4078.05657,
2026-07-08 22:00:00,4077.97246,4080.85187,4072.98794,4077.06534,
2026-07-08 23:00:00,4077.08712,4078.23499,4072.12524,4076.47837,
2026-07-09 00:00:00,4076.68833,4088.99157,4070.83249,4073.57622,
2026-07-09 01:00:00,4073.6447,4080.34681,4059.77346,4072.11417,
2026-07-09 02:00:00,4071.55843,4082.51324,4065.49779,4065.77665,
2026-07-09 03:00:00,4066.1283,4069.32077,4054.06488,4062.78764,
2026-07-09 04:00:00,4062.28016,4064.52468,4056.95971,4063.4864,
2026-07-09 05:00:00,4063.15682,4084.46677,4062.92106,4084.23697,
2026-07-09 06:00:00,4083.87493,4106.87129,4076.36394,4106.67382,
2026-07-09 07:00:00,4106.10594,4111.23491,4102.36772,4106.84859,
2026-07-09 08:00:00,4105.44031,4116.41214,4102.81812,4108.86306,
2026-07-09 09:00:00,4108.9413,4112.04925,4103.57421,4107.84538,
2026-07-09 10:00:00,4107.32969,4109.96544,4094.83641,4098.30464,
2026-07-09 11:00:00,4097.50335,4111.03321,4097.41435,4108.20014,
2026-07-09 12:00:00,4108.23132,4124.16757,4105.64959,4108.91023,
2026-07-09 13:00:00,4110.32011,4127.6262,4107.45092,4120.92721,
2026-07-09 14:00:00,4119.84885,4136.3357,4114.17376,4126.64619,
2026-07-09 15:00:00,4125.20468,4132.67267,4125.20468,4127.4198,
2026-07-09 16:00:00,4127.79172,4137.70275,4125.70727,4129.2448,
2026-07-09 17:00:00,4129.68779,4137.70275,4125.24236,4136.11988,
2026-07-09 18:00:00,4135.35727,4137.01804,4121.53693,4125.08635,
2026-07-09 19:00:00,4125.06352,4127.37652,4119.63418,4122.44908,
2026-07-09 20:00:00,4122.23351,4125.75295,4120.48292,4123.6425,
2026-07-09 21:00:00,4123.75241,4127.90217,4121.50188,4121.61518,
2026-07-09 22:00:00,4121.61909,4127.28548,4121.30676,4122.68719,
2026-07-09 23:00:00,4122.64656,4124.90203,4120.76382,4123.26351,
2026-07-10 00:00:00,4123.30394,4127.6262,4114.96673,4126.1633,
2026-07-10 01:00:00,4126.36849,4129.33064,4109.81424,4118.14461,
2026-07-10 02:00:00,4119.01134,4128.64869,4116.58159,4126.98167,
2026-07-10 03:00:00,4126.75442,4133.93964,4119.29478,4120.39899,
2026-07-10 04:00:00,4120.32379,4121.74375,4112.18028,4115.54884,
2026-07-10 05:00:00,4115.56569,4117.41978,4109.30758,4116.36039,
2026-07-10 06:00:00,4116.05856,4119.97363,4111.01474,4112.37953,
2026-07-10 07:00:00,4112.72667,4115.3957,4104.41635,4108.07895,
2026-07-10 08:00:00,4107.16648,4109.33184,4095.17179,4097.30507,
2026-07-10 09:00:00,4097.21222,4105.59593,4095.17179,4105.21774,
2026-07-10 10:00:00,4105.06233,4111.84211,4103.90859,4106.05107,
2026-07-10 11:00:00,4106.29068,4108.39191,4097.01737,4102.42886,
2026-07-10 12:00:00,4102.7721,4117.42908,4095.80549,4101.31759,
2026-07-10 13:00:00,4100.73262,4107.21037,4087.08347,4099.76164,
2026-07-10 14:00:00,4099.80939,4125.6944,4076.64085,4092.77043,
2026-07-10 15:00:00,4092.95356,4112.57168,4089.75593,4112.09646,
2026-07-10 16:00:00,4111.49227,4115.96748,4105.21698,4105.54582,
2026-07-10 17:00:00,4106.15029,4107.02169,4101.21806,4101.31341,
2026-07-10 18:00:00,4101.43401,4104.7533,4098.52863,4100.4625,
2026-07-10 19:00:00,4100.71689,4108.69358,4097.18533,4108.40211,
2026-07-10 20:00:00,4107.95106,4120.82252,4107.95106,4119.32483,
2026-07-10 21:00:00,4119.46069,4120.42164,4110.97947,4111.53671,
2026-07-10 22:00:00,4111.44482,4111.6364,4111.38824,4111.54537,
2026-07-10 23:00:00,4111.45361,4111.63746,4111.38993,4111.54135,
2026-07-11 00:00:00,4111.45359,4111.63692,4111.38722,4111.53164,
2026-07-11 01:00:00,4111.45158,4111.63825,4111.38688,4111.52187,
2026-07-11 02:00:00,4111.45348,4111.63581,4111.38688,4111.5025,
2026-07-11 03:00:00,4111.4482,4111.63806,4111.38687,4111.51649,
2026-07-11 04:00:00,4111.4482,4111.63657,4111.38719,4111.53461,
2026-07-11 05:00:00,4111.45323,4111.63689,4111.3835,4111.54103,
2026-07-11 06:00:00,4111.44496,4111.63573,4111.38824,4111.44249,
2026-07-11 07:00:00,4111.44989,4111.63583,4111.38891,4111.43459,
2026-07-11 08:00:00,4111.453,4111.63825,4111.38892,4111.42669,
2026-07-11 09:00:00,4111.45296,4111.63686,4111.38824,4111.4228,
2026-07-11 10:00:00,4111.45294,4111.63804,4111.38516,4111.41983,
2026-07-11 11:00:00,4111.44989,4111.63517,4111.38148,4111.41793,
2026-07-11 12:00:00,4111.44313,4111.62809,4111.38147,4111.42663,
2026-07-11 13:00:00,4111.44313,4111.62795,4111.38147,4111.43865,
2026-07-11 14:00:00,4111.44313,4111.62809,4111.38182,4111.48951,
2026-07-11 15:00:00,4111.44313,4111.62809,4111.38147,4111.474,
2026-07-11 16:00:00,4111.44313,4111.62809,4111.38147,4111.48536,
2026-07-11 17:00:00,4111.44313,4111.62809,4107.55154,4111.50085,
2026-07-11 18:00:00,4111.44313,4111.62809,4111.38147,4111.51445,
2026-07-11 19:00:00,4111.44313,4111.62809,4111.38147,4111.52523,
2026-07-11 20:00:00,4111.44313,4111.62794,4111.38147,4111.53243,
2026-07-11 21:00:00,4111.44313,4111.6281,4111.3818,4111.53722,
2026-07-11 22:00:00,4111.44482,4111.62979,4111.38317,4111.53605,
2026-07-11 23:00:00,4111.44482,4111.62979,4111.38317,4111.53066,
2026-07-12 00:00:00,4111.44482,4111.6298,4111.38317,4111.52142,
2026-07-12 01:00:00,4111.44482,4111.6298,4111.38317,4111.50899,
2026-07-12 02:00:00,4111.44482,4111.6296,4111.38317,4111.50252,
2026-07-12 03:00:00,4111.44482,4111.6298,4111.38346,4111.5179,
2026-07-12 04:00:00,4111.44482,4111.6298,4111.38317,4111.53173,
2026-07-12 05:00:00,4111.44482,4111.6298,4111.38317,4111.54303,
2026-07-12 06:00:00,4111.44482,4111.6298,4111.38317,4111.4334,
2026-07-12 07:00:00,4111.44482,4111.6298,4111.38318,4111.4231,
2026-07-12 08:00:00,4111.44482,4111.6298,4111.38318,4111.41648,
2026-07-12 09:00:00,4111.44482,4111.62958,4111.38344,4111.414,
2026-07-12 10:00:00,4111.44482,4111.62981,4111.38318,4111.41583,
2026-07-12 11:00:00,4111.44482,4111.62981,4111.38318,4111.42184,
2026-07-12 12:00:00,4111.44482,4111.62981,4111.38318,4111.43161,
2026-07-12 13:00:00,4111.44482,4111.62981,4111.38318,4111.44447,
2026-07-12 14:00:00,4111.44482,4111.62981,4111.38318,4111.48647,
2026-07-12 15:00:00,4111.44482,4111.62957,4111.38318,4111.47566,
2026-07-12 16:00:00,4111.44482,4111.62981,4111.38342,4111.49183,
2026-07-12 17:00:00,4111.44482,4111.62981,4111.38318,4111.50686,
2026-07-12 18:00:00,4111.44482,4111.63659,4111.38004,4111.51986,
2026-07-12 19:00:00,4111.44531,4111.64438,4111.3851,4111.54428,
2026-07-12 20:00:00,4111.46033,4111.74068,4111.36101,4111.53882,
2026-07-12 21:00:00,4111.4482,4111.713,4110.48997,4111.55762,
2026-07-12 22:00:00,4111.46511,4112.96916,4074.81358,4077.63716,
2026-07-12 23:00:00,4077.70634,4084.29995,4068.8842,4084.0945,
2026-07-13 00:00:00,4083.76858,4091.41147,4065.53645,4076.90982,
2026-07-13 01:00:00,4077.14875,4088.64175,4066.64117,4073.52891,
2026-07-13 02:00:00,4072.64975,4077.63823,4066.82699,4070.44738,
2026-07-13 03:00:00,4070.31343,4070.31343,4053.01342,4059.40809,
2026-07-13 04:00:00,4059.80404,4060.73375,4051.20726,4058.53438,
2026-07-13 05:00:00,4058.19737,4070.99821,4052.6849,4054.61334,
2026-07-13 06:00:00,4055.03267,4063.54609,4044.81657,4052.84182,
2026-07-13 07:00:00,4053.13903,4064.20881,4049.07479,4063.94247,
2026-07-13 08:00:00,4063.19893,4080.83602,4062.60464,4074.80337,
2026-07-13 09:00:00,4074.9291,4077.75682,4068.63755,4069.97134,
2026-07-13 10:00:00,4069.62028,4070.17555,4048.11596,4061.07949,
2026-07-13 11:00:00,4060.77497,4068.34825,4054.9856,4056.76908,
2026-07-13 12:00:00,4056.86059,4067.98971,4054.16363,4066.08214,
2026-07-13 13:00:00,4064.99213,4067.52481,4044.43826,4048.44624,
2026-07-13 14:00:00,4051.32598,4051.32598,4002.72185,4012.56192,
2026-07-13 15:00:00,4012.09584,4019.13106,4010.21338,4012.94101,
2026-07-13 16:00:00,4013.35386,4017.51637,3986.60501,3992.42364,
2026-07-13 17:00:00,3991.94425,4001.59304,3990.99362,3993.40267,
2026-07-13 18:00:00,3993.69229,4005.28698,3986.92289,3999.3276,
2026-07-13 19:00:00,3999.84188,4004.32467,3994.08875,4001.92332,
2026-07-13 20:00:00,4001.77161,4006.09555,3997.41501,4001.23284,
2026-07-13 21:00:00,4001.38582,4002.08523,4001.28041,4001.81595,
2026-07-13 22:00:00,4001.84405,4006.57078,4001.60064,4001.9196,
2026-07-13 23:00:00,4001.99019,4003.04231,3993.13181,4000.59789,
2026-07-14 00:00:00,4000.21282,4007.89225,3985.81051,4007.35985,
2026-07-14 01:00:00,4006.51607,4011.35956,3993.13181,4010.55104,
2026-07-14 02:00:00,4008.70559,4019.18853,4005.78011,4013.16784,
2026-07-14 03:00:00,4012.76237,4018.80802,4011.71421,4014.96345,
2026-07-14 04:00:00,4015.61451,4024.15476,4012.92088,4020.73075,
2026-07-14 05:00:00,4020.37456,4033.39652,4019.61572,4031.9021,
2026-07-14 06:00:00,4031.76183,4032.78201,4022.52615,4024.38814,
2026-07-14 07:00:00,4024.21631,4029.49591,4020.55488,4020.80157,
2026-07-14 08:00:00,4021.2803,4023.84005,4015.58045,4016.46269,
2026-07-14 09:00:00,4016.59484,4024.90597,4013.96861,4021.64272,
2026-07-14 10:00:00,4021.43554,4022.41914,4014.93556,4022.03352,
2026-07-14 11:00:00,4021.3342,4031.68508,4015.41921,4031.45772,
2026-07-14 12:00:00,4031.07946,4099.20066,4012.54715,4070.41345,
2026-07-14 13:00:00,4071.30265,4087.80607,4071.16395,4077.5519,
2026-07-14 14:00:00,4077.46163,4086.80371,4071.66124,4086.44327,
2026-07-14 15:00:00,4085.77284,4097.88226,4065.7997,4068.05449,
2026-07-14 16:00:00,4068.01457,4068.01457,4057.94749,4061.23401,
2026-07-14 17:00:00,4060.84973,4064.23825,4055.47895,4062.66448,
2026-07-14 18:00:00,4062.98907,4064.604,4043.17543,4053.67487,
2026-07-14 19:00:00,4052.17086,4057.28892,4049.06978,4055.73594,
2026-07-14 20:00:00,4055.88311,4056.30146,4049.13699,4052.83213,
2026-07-14 21:00:00,4052.82,4055.80792,4052.6849,4055.58304,
2026-07-14 22:00:00,4055.4879,4055.67726,4048.91084,4049.28584,
2026-07-14 23:00:00,4049.44647,4056.13694,4046.81431,4052.87981,
2026-07-15 00:00:00,4053.08282,4060.25534,4051.37139,4059.95052,
2026-07-15 01:00:00,4059.45165,4060.41904,4036.00113,4036.23531,
2026-07-15 02:00:00,4036.44799,4042.16012,4029.92298,4037.34129,
2026-07-15 03:00:00,4038.96404,4040.78877,4028.52194,4031.66482,
2026-07-15 04:00:00,4031.80894,4035.75857,4029.00886,4032.88851,
2026-07-15 05:00:00,4032.61231,4036.99679,4023.37974,4034.01094,
2026-07-15 06:00:00,4033.9136,4034.18573,4022.07251,4032.16442,
2026-07-15 07:00:00,4031.77916,4034.37286,4019.9389,4024.07981,
2026-07-15 08:00:00,4024.25418,4033.22234,4016.65246,4032.94625,
2026-07-15 09:00:00,4032.41248,4034.3469,4025.92697,4028.88853,
2026-07-15 10:00:00,4028.18848,4035.67537,4026.90942,4027.77252,
2026-07-15 11:00:00,4027.81049,4040.92238,4026.82708,4038.20054,
2026-07-15 12:00:00,4036.48028,4070.50108,4036.48028,4069.78762,
2026-07-15 13:00:00,4068.58416,4077.62508,4053.36087,4064.8337,
2026-07-15 14:00:00,4064.08095,4065.93068,4054.12354,4060.07434,
2026-07-15 15:00:00,4059.93504,4061.57345,4039.111,4047.11899,
2026-07-15 16:00:00,4047.33909,4048.60189,4025.78664,4032.79937,
2026-07-15 17:00:00,4031.56814,4065.86705,4031.56814,4063.7926,
2026-07-15 18:00:00,4063.252,4080.34808,4058.91325,4059.15012,
2026-07-15 19:00:00,4059.54381,4063.05867,4048.27017,4055.08475,
2026-07-15 20:00:00,4053.63008,4062.94879,4053.63008,4060.42611,
2026-07-15 21:00:00,4060.34917,4062.39844,4058.44156,4058.52417,
2026-07-15 22:00:00,4058.57552,4068.67931,4058.07259,4061.13239,
2026-07-15 23:00:00,4060.87389,4062.41556,4055.75279,4059.23147,
2026-07-16 00:00:00,4059.03319,4060.91371,4047.11839,4048.12745,
2026-07-16 01:00:00,4049.6637,4049.6637,4034.8612,4038.90313,
2026-07-16 02:00:00,4039.11554,4040.11648,4025.44079,4032.19872,
2026-07-16 03:00:00,4032.00068,4036.65811,4027.40832,4036.05901,
2026-07-16 04:00:00,4036.14774,4037.3047,4031.93291,4033.83753,
2026-07-16 05:00:00,4034.01986,4035.09719,4026.25116,4027.38673,
2026-07-16 06:00:00,4027.73167,4036.00113,4023.08457,4031.20165,
2026-07-16 07:00:00,4031.17128,4031.17128,4023.17348,4030.88973,
2026-07-16 08:00:00,4030.60194,4036.00113,4026.01674,4035.25028,
2026-07-16 09:00:00,4035.05478,4037.6351,4030.59449,4032.68642,
2026-07-16 10:00:00,4032.86643,4034.74129,4029.42856,4030.01941,
2026-07-16 11:00:00,4030.93807,4043.0788,4022.1713,4037.74715,
2026-07-16 12:00:00,4038.22918,4045.84468,3991.85661,3992.13856,
2026-07-16 13:00:00,3992.71319,4007.90802,3975.98505,3989.70765,
2026-07-16 14:00:00,3989.70092,4005.44741,3987.19792,3998.3223,
2026-07-16 15:00:00,3997.81226,4016.70951,3991.06003,4006.72557,
2026-07-16 16:00:00,4006.63051,4007.3671,3984.06375,3993.54817,
2026-07-16 17:00:00,3994.28818,3994.28818,3980.5748,3984.20953,
2026-07-16 18:00:00,3984.26907,3990.58223,3977.09195,3979.9166,
2026-07-16 19:00:00,3980.11146,3985.65165,3968.99714,3979.44878,
2026-07-16 20:00:00,3978.95475,3980.86471,3972.19464,3976.78276,
2026-07-16 21:00:00,3976.51091,3976.85049,3971.39551,3975.95003,
2026-07-16 22:00:00,3975.56084,3980.31738,3973.14156,3977.783,
2026-07-16 23:00:00,3976.97903,3985.49731,3975.37755,3984.94251,
2026-07-17 00:00:00,3983.80174,3990.94636,3980.00159,3990.47174,
2026-07-17 01:00:00,3989.78174,3996.004,3979.7827,3982.42126,
2026-07-17 02:00:00,3982.1521,3986.76394,3971.5636,3979.56604,
2026-07-17 03:00:00,3979.26428,4008.6587,3976.97442,3991.80371,
2026-07-17 04:00:00,3991.70714,3992.40304,3980.0995,3981.91131,
2026-07-17 05:00:00,3981.82187,3990.90075,3976.30124,3986.57915,
2026-07-17 06:00:00,3987.68063,4006.73131,3984.85754,4001.29116,
2026-07-17 07:00:00,4000.6526,4002.08108,3993.13181,3993.19323,
2026-07-17 08:00:00,3993.28201,3998.88031,3987.88105,3997.44105,
2026-07-17 09:00:00,3997.8025,4002.40144,3993.45074,3997.38353,
2026-07-17 10:00:00,3997.25647,3998.40064,3991.37862,3991.48421,
2026-07-17 11:00:00,3991.65198,3998.07815,3991.06003,3994.50153,
2026-07-17 12:00:00,3995.10833,3995.36538,3965.10706,3966.45036,
2026-07-17 13:00:00,3967.59091,3998.88031,3961.80817,3994.79235,
2026-07-17 14:00:00,3993.48929,4003.04231,3990.10468,4000.16303,
2026-07-17 15:00:00,3999.82818,4021.07041,3995.69345,4017.91484,
2026-07-17 16:00:00,4018.05391,4022.84979,4012.94772,4015.41378,
2026-07-17 17:00:00,4015.87362,4018.48503,4008.58367,4009.85791,
2026-07-17 18:00:00,4009.33493,4016.54818,4007.36342,4011.89199,
2026-07-17 19:00:00,4011.57426,4016.38686,4002.87485,4015.59571,
2026-07-17 20:00:00,4015.95076,4017.83921,4008.72489,4016.97584,
2026-07-17 21:00:00,4016.96818,4018.00997,4010.40238,4010.61839,
2026-07-17 22:00:00,4010.54613,4010.73569,4010.47727,4010.60762,
2026-07-17 23:00:00,4010.54726,4010.7337,4010.48444,4010.60756,
2026-07-18 00:00:00,4010.54429,4010.73465,4010.48532,4010.62535,
2026-07-18 01:00:00,4010.54775,4010.73131,4010.48748,4010.63884,
2026-07-18 02:00:00,4010.54953,4010.73625,4010.48373,4010.53738,
2026-07-18 03:00:00,4010.54198,4010.73964,4010.48932,4010.5393,
2026-07-18 04:00:00,4010.55303,4010.73256,4010.4813,4010.52823,
2026-07-18 05:00:00,4010.55152,4010.73465,4010.48929,4010.52078,
2026-07-18 06:00:00,4010.54841,4010.73298,4010.48292,4010.51769,
2026-07-18 07:00:00,4010.54871,4010.7309,4010.48047,4010.51712,
2026-07-18 08:00:00,4010.54575,4010.73559,4010.48271,4010.53483,
2026-07-18 09:00:00,4010.55606,4010.73634,4010.48444,4010.54657,
2026-07-18 10:00:00,4010.55739,4010.73719,4010.48104,4010.54646,
2026-07-18 11:00:00,4010.54657,4010.72969,4010.47006,4010.56635,
2026-07-18 12:00:00,4010.53005,4010.71052,4010.46996,4010.56465,
2026-07-18 13:00:00,4010.53005,4010.71052,4010.46997,4010.58021,
2026-07-18 14:00:00,4010.53005,4010.71014,4010.46997,4010.59437,
2026-07-18 15:00:00,4010.53005,4010.71052,4010.47006,4010.60614,
2026-07-18 16:00:00,4010.53005,4010.71052,4010.46997,4010.61469,
2026-07-18 17:00:00,4010.53005,4010.71052,4010.46997,4010.61942,
2026-07-18 18:00:00,4010.53005,4010.71052,4010.46997,4010.62001,
2026-07-18 19:00:00,4010.53005,4010.71052,4010.46997,4010.61641,
2026-07-18 20:00:00,4010.53005,4010.71012,4010.46998,4010.60888,
2026-07-18 21:00:00,4010.53005,4010.71052,4010.47004,4010.60467,
2026-07-18 22:00:00,4010.53648,4010.71696,4010.47644,4010.59114,
2026-07-18 23:00:00,4010.53648,4010.71696,4010.47644,4010.60137,
2026-07-19 00:00:00,4010.53648,4010.71696,4010.47644,4010.61564,
2026-07-19 01:00:00,4010.53648,4010.71696,4010.47643,4010.62785,
2026-07-19 02:00:00,4010.53648,4010.71696,4010.47645,4010.53065,
2026-07-19 03:00:00,4010.53648,4010.71651,4010.47643,4010.51925,
2026-07-19 04:00:00,4010.53648,4010.71696,4010.47643,4010.51117,
2026-07-19 05:00:00,4010.53648,4010.71696,4010.47643,4010.50695,
2026-07-19 06:00:00,4010.53648,4010.71696,4010.47643,4010.50691,
2026-07-19 07:00:00,4010.53648,4010.71696,4010.47642,4010.51103,
2026-07-19 08:00:00,4010.53648,4010.71696,4010.47646,4010.51904,
2026-07-19 09:00:00,4010.53648,4010.71653,4010.47642,4010.53037,
2026-07-19 10:00:00,4010.53648,4010.71696,4010.47642,4010.58381,
2026-07-19 11:00:00,4010.53648,4010.71696,4010.47642,4010.56857,
2026-07-19 12:00:00,4010.53648,4010.71696,4010.47642,4010.57555,
2026-07-19 13:00:00,4010.53648,4010.71696,4010.47642,4010.59083,
2026-07-19 14:00:00,4010.53648,4010.71696,4010.47641,4010.6044,
2026-07-19 15:00:00,4010.53648,4010.71696,4010.47647,4010.61534,
2026-07-19 16:00:00,4010.53648,4010.71655,4010.47641,4010.62286,
2026-07-19 17:00:00,4010.53648,4010.71696,4010.47641,4010.62645,
2026-07-19 18:00:00,4010.53648,4010.73302,4010.48677,4010.63883,
2026-07-19 19:00:00,4010.54967,4010.73461,4010.47796,4010.63417,
2026-07-19 20:00:00,4010.55023,4010.77281,4009.94466,4010.6058,
2026-07-19 21:00:00,4010.53029,4010.72826,4009.94466,4010.59064,
2026-07-19 22:00:00,4010.52683,4010.52683,3994.40783,3995.76207,
2026-07-19 23:00:00,3996.08879,3996.56673,3989.30042,3995.1783,
2026-07-20 00:00:00,3995.08525,4005.28698,3983.42894,4001.4705,
2026-07-20 01:00:00,4001.50626,4018.43901,3996.96231,4002.26511,
2026-07-20 02:00:00,4001.68247,4026.89969,4001.68247,4023.20138,
2026-07-20 03:00:00,4023.04895,4027.87288,4018.80802,4023.15936,
2026-07-20 04:00:00,4023.24791,4026.08906,4018.64652,4019.04179,
2026-07-20 05:00:00,4019.31178,4021.07041,4005.66791,4009.18332,
2026-07-20 06:00:00,4009.28804,4011.87989,4002.52786,4003.8707,
2026-07-20 07:00:00,4004.16387,4021.39382,4001.80978,4017.46306,
2026-07-20 08:00:00,4017.61484,4030.83017,4017.19359,4019.41516,
2026-07-20 09:00:00,4019.4626,4022.8769,4015.09676,4020.32787,
2026-07-20 10:00:00,4019.96827,4025.7649,4018.32356,4024.01898,
2026-07-20 11:00:00,4023.87905,4039.42479,4020.42375,4026.61614,
2026-07-20 12:00:00,4027.11735,4027.11735,4006.73131,4010.37329,
2026-07-20 13:00:00,4009.82157,4016.54818,4006.95335,4007.89942,
2026-07-20 14:00:00,4008.44979,4012.84109,3998.72041,4006.84781,
2026-07-20 15:00:00,4006.6758,4019.13106,4005.15545,4013.22536,
2026-07-20 16:00:00,4013.27952,4018.48503,4005.52854,4010.01187,
2026-07-20 17:00:00,4009.75295,4013.32424,4003.84369,4004.77693,
2026-07-20 18:00:00,4004.65207,4013.79985,4002.12251,4006.64812,
2026-07-20 19:00:00,4006.87549,4016.54818,4004.20282,4006.72388,
2026-07-20 20:00:00,4006.98049,4009.53296,4005.76831,4008.3034,
2026-07-20 21:00:00,4008.18295,4008.66688,4005.92877,4006.48828,
2026-07-20 22:00:00,4006.43273,4011.39235,3999.73871,4001.40174,
2026-07-20 23:00:00,4001.19571,4009.6231,3999.8857,4009.17417,
2026-07-21 00:00:00,4008.90482,4027.70487,4004.28643,4024.52544,
2026-07-21 01:00:00,4024.39212,4034.8612,4018.96954,4022.48982,
2026-07-21 02:00:00,4022.75592,4040.73056,4022.04078,4037.92339,
2026-07-21 03:00:00,4037.40336,4049.8947,4036.58506,4046.78657,
2026-07-21 04:00:00,4046.56069,4051.20726,4043.05334,4048.90574,
2026-07-21 05:00:00,4048.8062,4067.85177,4047.0168,4062.03827,
2026-07-21 06:00:00,4062.25592,4085.13447,4061.73842,4078.94312,
2026-07-21 07:00:00,4079.22185,4079.80479,4067.23059,4070.80117,
2026-07-21 08:00:00,4070.41815,4073.03463,4058.48986,4061.8255,
2026-07-21 09:00:00,4062.31221,4069.83843,4061.4085,4067.36391,
2026-07-21 10:00:00,4067.63022,4070.00407,4061.90341,4062.91701,
2026-07-21 11:00:00,4063.24147,4063.24147,4054.128,4055.62957,
2026-07-21 12:00:00,4055.80974,4064.71019,4052.52067,4054.76949,
2026-07-21 13:00:00,4054.63366,4061.07862,4044.48998,4052.03711,
2026-07-21 14:00:00,4051.18074,4072.65619,4051.18074,4069.97768,
2026-07-21 15:00:00,4069.78841,4082.84483,4066.3353,4074.79723,
2026-07-21 16:00:00,4075.04681,4078.80246,4070.3354,4071.53533,
2026-07-21 17:00:00,4071.5814,4072.32448,4066.85916,4067.85856,
2026-07-21 18:00:00,4067.33864,4086.6367,4066.9659,4082.05484,
2026-07-21 19:00:00,4082.22167,4085.60315,4080.30031,4085.04691,
2026-07-21 20:00:00,4084.8827,4086.91226,4076.8335,4077.82773,
2026-07-21 21:00:00,4077.84891,4078.47413,4076.5295,4078.30843,
2026-07-21 22:00:00,4078.18552,4085.30109,4075.31176,4081.02072,
2026-07-21 23:00:00,4080.93959,4082.79917,4079.43087,4080.48317,
2026-07-22 00:00:00,4079.96427,4100.88169,4076.64085,4096.42423,
2026-07-22 01:00:00,4095.64207,4123.75596,4095.64207,4121.80557,
2026-07-22 02:00:00,4121.42109,4130.35397,4119.63418,4129.10479,
2026-07-22 03:00:00,4128.41645,4140.78675,4128.41645,4131.36101,
2026-07-22 04:00:00,4131.29502,4131.29502,4125.24236,4126.9772,
2026-07-22 05:00:00,4126.883,4133.59788,4122.19154,4128.6622,
2026-07-22 06:00:00,4129.31748,4134.79429,4114.71835,4114.93717,
2026-07-22 07:00:00,4114.96624,4122.52133,4109.81424,4110.21163,
2026-07-22 08:00:00,4110.97569,4119.63418,4109.14544,4118.6392,
2026-07-22 09:00:00,4118.61493,4122.60734,4112.65172,4114.27953,
2026-07-22 10:00:00,4114.99591,4121.67175,4113.60556,4117.81648,
2026-07-22 11:00:00,4117.56361,4123.37127,4114.04122,4122.81229,
2026-07-22 12:00:00,4122.63096,4133.76876,4109.64534,4114.72956,
2026-07-22 13:00:00,4114.03932,4149.8824,4113.19513,4148.82111,
2026-07-22 14:00:00,4147.09317,4162.85072,4145.12269,4148.94485,
2026-07-22 15:00:00,4148.31227,4165.68194,4148.31227,4159.86927,
2026-07-22 16:00:00,4159.765,4159.765,4145.24954,4149.23868,
2026-07-22 17:00:00,4148.70344,4148.70344,4138.90154,4143.36648,
2026-07-22 18:00:00,4143.18467,4144.74193,4132.74373,4136.58515,
2026-07-22 19:00:00,4137.37957,4137.37957,4129.50116,4131.98345,
2026-07-22 20:00:00,4131.47703,4137.87396,4128.82304,4130.28998,
2026-07-22 21:00:00,4130.23041,4130.88788,4129.2872,4130.69826,
2026-07-22 22:00:00,4130.6133,4130.98953,4117.8653,4123.65999,
2026-07-22 23:00:00,4123.41128,4133.25618,4114.00879,4133.11138,
2026-07-23 00:00:00,4132.86457,4134.18909,4125.07219,4131.05388,
2026-07-23 01:00:00,4128.98187,4141.06315,4114.76621,4117.48579,
2026-07-23 02:00:00,4116.37504,4128.30781,4112.73283,4128.13922,
2026-07-23 03:00:00,4127.80526,4132.74373,4124.73706,4125.95761,
2026-07-23 04:00:00,4125.62506,4130.12929,4120.06451,4121.3255,
2026-07-23 05:00:00,4121.12226,4130.18338,4119.8039,4122.75166,
2026-07-23 06:00:00,4122.19557,4128.08674,4117.25955,4118.45002,
2026-07-23 07:00:00,4118.7622,4119.04189,4091.48562,4094.0472,
2026-07-23 08:00:00,4094.35043,4098.92355,4088.39628,4094.30708,
2026-07-23 09:00:00,4094.16574,4098.86461,4087.46845,4089.25259,
2026-07-23 10:00:00,4089.4997,4095.0041,4086.59148,4092.7374,
2026-07-23 11:00:00,4092.85674,4093.62368,4073.81757,4085.48588,
2026-07-23 12:00:00,4084.74424,4086.4697,4062.76609,4063.71004,
2026-07-23 13:00:00,4064.9536,4066.5284,4041.22045,4045.74581,
2026-07-23 14:00:00,4046.83027,4061.4085,4041.38377,4058.69958,
2026-07-23 15:00:00,4058.59171,4058.66184,4043.40923,4047.52112,
2026-07-23 16:00:00,4047.50814,4051.66715,4046.49795,4051.55323,
2026-07-23 17:00:00,4051.39477,4054.90257,4042.15925,4043.09202,
2026-07-23 18:00:00,4042.81299,4048.41909,4040.2681,4045.16898,
2026-07-23 19:00:00,4045.45382,4050.71876,4042.66587,4050.67866,
2026-07-23 20:00:00,4050.57949,4050.71495,4047.18616,4049.51576,
2026-07-23 21:00:00,4049.28375,4052.32916,4044.98018,4048.89386,
2026-07-23 22:00:00,4048.8155,4050.79554,4047.8432,4049.70998,
2026-07-23 23:00:00,4049.57662,4050.47039,4046.95051,4048.12535,
2026-07-24 00:00:00,4048.02849,4050.38681,4041.5471,4050.35203,
2026-07-24 01:00:00,4050.18834,4050.46945,4040.89385,4042.11243,
2026-07-24 02:00:00,4042.44289,4049.08487,4023.81048,4024.22131,
2026-07-24 03:00:00,4024.89677,4033.02236,4022.1065,4029.40087,
2026-07-24 04:00:00,4029.04422,4030.30792,4025.92697,4028.05877,
2026-07-24 05:00:00,4028.02514,4032.96233,4022.20256,4022.53918,
2026-07-24 06:00:00,4022.59471,4037.95679,4022.09051,4037.62127,
2026-07-24 07:00:00,4037.24081,4053.34198,4036.97873,4048.87456,
2026-07-24 08:00:00,4048.9782,4057.97551,4044.56265,4057.62641,
2026-07-24 09:00:00,4056.7881,4059.59485,4052.19224,4059.54427,
2026-07-24 10:00:00,4059.33471,4064.73079,4057.78283,4060.2983,
2026-07-24 11:00:00,4059.98602,4063.05867,4051.69969,4056.71947,
2026-07-24 12:00:00,4052.15746,4061.4085,4051.20726,4053.86688,
2026-07-24 13:00:00,4052.57313,4066.91471,4045.1438,4064.94942,
2026-07-24 14:00:00,4060.27437,4069.50718,4056.35799,4064.89724,
2026-07-24 15:00:00,4065.14481,4080.69327,4061.89634,4076.91471,
2026-07-24 16:00:00,4076.52053,4078.17791,4064.09022,4067.37724,
2026-07-24 17:00:00,4067.07741,4069.93399,4063.22376,4064.98988,
2026-07-24 18:00:00,4064.88103,4065.65946,4051.38016,4055.39138,
2026-07-24 19:00:00,4055.21253,4057.93481,4049.40271,4053.80079,
2026-07-24 20:00:00,4053.30694,4057.07211,4051.89825,4053.47211,
2026-07-24 21:00:00,4053.37645,4056.11118,4053.34198,4056.02086,
2026-07-24 22:00:00,4055.92965,4056.11207,4055.86881,4056.01936,
2026-07-24 23:00:00,4055.92965,4056.11207,4055.86881,4056.01372,
2026-07-25 00:00:00,4055.92965,4056.11207,4055.86881,4056.00432,
2026-07-25 01:00:00,4055.92965,4056.11207,4055.86881,4055.99183,
2026-07-25 02:00:00,4055.92965,4056.11207,4055.86881,4055.98783,
2026-07-25 03:00:00,4055.92965,4056.11206,4055.86925,4056.00292,
2026-07-25 04:00:00,4055.92965,4056.11203,4055.86881,4056.01639,
2026-07-25 05:00:00,4055.92965,4056.11206,4055.86881,4056.02731,
2026-07-25 06:00:00,4055.92965,4056.11206,4055.86881,4055.91743,
2026-07-25 07:00:00,4055.92965,4056.11206,4055.86881,4055.90754,
2026-07-25 08:00:00,4055.92965,4056.11206,4055.86881,4055.90133,
2026-07-25 09:00:00,4055.92965,4056.11205,4055.86927,4055.89923,
2026-07-25 10:00:00,4055.92965,4056.11204,4055.85622,4055.88835,
2026-07-25 11:00:00,4055.91744,4056.10716,4055.8606,4055.89966,
2026-07-25 12:00:00,4055.92142,4056.10386,4055.86059,4055.90968,
2026-07-25 13:00:00,4055.92142,4056.10386,4055.86059,4055.97639,
2026-07-25 14:00:00,4055.92142,4056.10386,4055.86059,4055.96077,
2026-07-25 15:00:00,4055.92142,4056.10386,4055.86059,4055.95366,
2026-07-25 16:00:00,4055.92142,4056.10386,4055.86098,4055.96953,
2026-07-25 17:00:00,4055.92142,4056.10378,4055.86059,4055.98417,
2026-07-25 18:00:00,4055.92142,4056.10386,4055.86059,4055.99655,
2026-07-25 19:00:00,4055.92142,4056.10386,4055.86059,4056.0058,
2026-07-25 20:00:00,4055.92142,4056.10385,4055.86059,4056.01128,
2026-07-25 21:00:00,4055.92142,4056.10385,4055.86059,4056.01425,
2026-07-25 22:00:00,4055.92307,4056.10549,4055.86266,4056.01136,
2026-07-25 23:00:00,4055.92307,4056.10544,4055.86223,4056.00441,
2026-07-26 00:00:00,4055.92307,4056.10549,4055.86223,4055.99391,
2026-07-26 01:00:00,4055.92307,4056.10548,4055.86223,4055.98058,
2026-07-26 02:00:00,4055.92307,4056.10548,4055.86223,4055.98636,
2026-07-26 03:00:00,4055.92307,4056.10548,4055.86223,4056.00102,
2026-07-26 04:00:00,4055.92307,4056.10548,4055.86223,4056.01374,
2026-07-26 05:00:00,4055.92307,4056.10548,4055.86268,4055.91918,
2026-07-26 06:00:00,4055.92307,4056.10546,4055.86223,4055.90721,
2026-07-26 07:00:00,4055.92307,4056.10547,4055.86223,4055.89848,
2026-07-26 08:00:00,4055.92307,4056.10547,4055.86223,4055.89359,
2026-07-26 09:00:00,4055.92307,4056.10547,4055.86223,4055.89289,
2026-07-26 10:00:00,4055.92307,4056.10547,4055.86223,4055.89643,
2026-07-26 11:00:00,4055.92307,4056.10547,4055.8627,4055.90395,
2026-07-26 12:00:00,4055.92307,4056.10547,4055.86223,4055.91494,
2026-07-26 13:00:00,4055.92307,4056.10547,4055.86223,4055.97334,
2026-07-26 14:00:00,4055.92307,4056.10547,4055.86223,4055.95783,
2026-07-26 15:00:00,4055.92307,4056.10547,4055.86223,4055.96013,
2026-07-26 16:00:00,4055.92307,4056.10547,4055.86223,4055.97574,
2026-07-26 17:00:00,4055.92307,4056.10546,4055.86223,4055.98981,
2026-07-26 18:00:00,4055.92307,4056.10586,4055.8479,4056.00157,
2026-07-26 19:00:00,4055.92411,4057.61818,4055.08427,4056.01616,
2026-07-26 20:00:00,4055.93147,4056.10879,4055.64343,4056.01212,
2026-07-26 21:00:00,4055.9211,4056.25672,4055.69221,4056.00718,
2026-07-26 22:00:00,4055.91649,4116.24269,4012.26194,4090.79485,
2026-07-26 23:00:00,4090.75602,4096.40637,4084.19098,4095.19246,
2026-07-27 00:00:00,4094.64624,4116.42784,4090.81612,4102.20248,
2026-07-27 01:00:00,4104.8633,4113.98775,4095.69545,4108.61103,
2026-07-27 02:00:00,4107.79101,4110.15208,4094.83641,4096.16123,
2026-07-27 03:00:00,4095.89991,4095.89991,4085.1342,4091.1567,
2026-07-27 04:00:00,4090.83272,4092.49028,4087.13778,4090.63644,
2026-07-27 05:00:00,4090.48688,4094.83641,4084.14467,4092.99326,
2026-07-27 06:00:00,4092.43118,4099.16575,4091.65303,4097.40446,
2026-07-27 07:00:00,4097.19212,4105.59593,4090.79851,4091.20831,
2026-07-27 08:00:00,4092.07299,4096.90233,4087.4719,4096.79104,
2026-07-27 09:00:00,4096.57079,4100.37723,4090.9451,4097.58599,
2026-07-27 10:00:00,4098.58365,4102.3958,4087.80607,4099.84925,
2026-07-27 11:00:00,4100.11423,4104.2479,4094.16581,4094.65665,
2026-07-27 12:00:00,4094.46538,4097.6889,4081.96587,4085.16371,
2026-07-27 13:00:00,4084.85005,4089.33304,4071.99283,4072.39119,
2026-07-27 14:00:00,4073.07587,4078.69426,4064.73676,4074.80995,
2026-07-27 15:00:00,4074.41251,4078.97685,4072.82206,4078.89051,
2026-07-27 16:00:00,4078.82353,4094.60524,4078.01057,4082.13877,
2026-07-27 17:00:00,4082.12489,4082.50097,4070.50108,4076.75807,
2026-07-27 18:00:00,4076.66263,4079.469,4073.15384,4077.74729,
2026-07-27 19:00:00,4077.95847,4089.80554,4076.3085,4082.80335,
2026-07-27 20:00:00,4083.42639,4083.79957,4075.81007,4076.96247,
2026-07-27 21:00:00,4076.90987,4077.13948,4076.47448,4076.69468,
2026-07-27 22:00:00,4076.66245,4081.46606,4070.99821,4074.16776,
2026-07-27 23:00:00,4074.21564,4074.81358,4070.10839,4072.87644,
2026-07-28 00:00:00,4072.69503,4073.30747,4058.44156,4059.05246,
2026-07-28 01:00:00,4059.84612,4059.92449,4042.49891,4045.08006,
2026-07-28 02:00:00,4044.87602,4049.06795,4040.73056,4043.42602,
2026-07-28 03:00:00,4042.92783,4050.90449,4041.05636,4048.26765,
2026-07-28 04:00:00,4048.73374,4049.5667,4042.52357,4042.611,
2026-07-28 05:00:00,4042.71192,4046.28955,4036.04074,4046.10673,
2026-07-28 06:00:00,4045.63715,4052.41609,4043.65644,4048.48748,
2026-07-28 07:00:00,4048.59446,4052.19224,4046.78079,4046.96283,
2026-07-28 08:00:00,4047.24168,4054.56028,4042.21763,4044.19307,
2026-07-28 09:00:00,4043.68018,4046.51752,4018.00064,4019.11394,
2026-07-28 10:00:00,4020.92688,4029.28235,4016.74475,4028.8896,
2026-07-28 11:00:00,4028.19086,4031.44527,4023.49722,4027.20663,
2026-07-28 12:00:00,4026.29616,4037.3047,4023.04716,4029.10709,
2026-07-28 13:00:00,4029.53001,4035.86136,4021.51347,4022.62237,
2026-07-28 14:00:00,4023.10856,4031.22714,4012.44894,4026.09191,
2026-07-28 15:00:00,4026.24116,4046.78079,4022.35583,4046.66413,
2026-07-28 16:00:00,4046.43713,4046.8378,4036.97873,4037.01457,
2026-07-28 17:00:00,4037.03356,4041.22045,4026.41327,4027.95494,
2026-07-28 18:00:00,4027.69222,4030.14549,4021.27995,4022.59441,
2026-07-28 19:00:00,4022.68214,4027.87288,4021.79613,4027.65454,
2026-07-28 20:00:00,4027.4325,4030.47036,4022.84979,4028.58082,
2026-07-28 21:00:00,4028.68301,4029.49591,4028.35965,4028.56155,
2026-07-28 22:00:00,4028.67948,4029.33355,4013.93883,4019.85146,
2026-07-28 23:00:00,4019.51908,4026.25116,4015.54127,4026.09803,
2026-07-29 00:00:00,4025.76084,4027.54843,4018.00064,4021.76694,
2026-07-29 01:00:00,4021.47326,4029.65828,4009.78989,4025.38218,
2026-07-29 02:00:00,4025.1075,4037.95679,4022.84979,4030.93109,
2026-07-29 03:00:00,4031.68917,4032.25806,4023.49722,4023.53011,
2026-07-29 04:00:00,4023.58498,4028.43012,4020.90873,4026.47127,
2026-07-29 05:00:00,4026.39184,4039.09847,4026.39184,4033.89322,
2026-07-29 06:00:00,4033.0193,4044.16225,4033.0193,4041.94494,
2026-07-29 07:00:00,4041.75014,4047.76361,4040.89385,4043.64549,
2026-07-29 08:00:00,4043.71881,4044.22541,4035.79265,4037.91849,
2026-07-29 09:00:00,4038.26985,4038.26985,4031.24455,4033.1117,
2026-07-29 10:00:00,4033.06851,4034.20979,4025.92697,4027.02247,
2026-07-29 11:00:00,4026.89221,4035.79926,4025.44079,4031.43542,
2026-07-29 12:00:00,4031.88884,4032.58327,4010.58795,4022.05859,
2026-07-29 13:00:00,4022.34351,4025.44079,4004.96616,4005.05123,
2026-07-29 14:00:00,4005.37829,4010.82921,3996.32338,4003.80684,
2026-07-29 15:00:00,4003.8815,4013.66741,4003.23067,4009.11848,
2026-07-29 16:00:00,4009.30043,4031.60781,4008.01603,4028.01696,
2026-07-29 17:00:00,4028.81066,4049.8947,4026.73754,4042.26289,
2026-07-29 18:00:00,4042.22297,4108.98797,4034.02762,4108.25897,
2026-07-29 19:00:00,4106.83651,4114.04122,4046.50268,4047.97756,
2026-07-29 20:00:00,4049.91172,4071.82987,4040.72178,4066.93415,
2026-07-29 21:00:00,4066.17292,4068.55761,4064.77066,4065.84109,
2026-07-29 22:00:00,4066.06402,4090.64878,4064.54497,4087.01395,
2026-07-29 23:00:00,4087.51378,4099.3687,4085.29297,4085.42413,
2026-07-30 00:00:00,4085.58152,4086.2954,4065.04065,4071.0237,
2026-07-30 01:00:00,4070.19925,4093.31423,4070.19925,4085.30117,
2026-07-30 02:00:00,4085.79498,4089.81228,4065.84121,4066.24464,
2026-07-30 03:00:00,4066.9253,4069.82503,4050.65593,4057.07295,
2026-07-30 04:00:00,4057.3985,4060.57271,4045.79844,4045.92137,
2026-07-30 05:00:00,4046.04247,4051.69969,4029.82067,4032.99485,
2026-07-30 06:00:00,4033.28733,4040.89385,4029.1712,4035.86226,
2026-07-30 07:00:00,4035.95156,4051.02981,4035.95156,4038.96472,
2026-07-30 08:00:00,4038.7194,4072.65619,4038.08636,4061.34024,
2026-07-30 09:00:00,4060.96414,4072.49033,4060.27162,4064.35922,
2026-07-30 10:00:00,4065.12585,4083.05003,4062.26269,4079.52049,
2026-07-30 11:00:00,4079.34113,4082.74734,4076.3085,4077.3533,
2026-07-30 12:00:00,4077.71508,4087.95633,4068.01725,4073.11716,
2026-07-30 13:00:00,4072.35882,4109.92491,4062.78838,4107.91581,
2026-07-30 14:00:00,4103.34053,4117.93774,4087.25785,4099.30837,
2026-07-30 15:00:00,4098.6825,4109.47645,4081.24046,4108.13816,
2026-07-30 16:00:00,4108.29996,4119.46447,4106.94484,4109.17571,
2026-07-30 17:00:00,4109.45777,4111.07569,4099.53675,4102.66525,
2026-07-30 18:00:00,4102.85985,4107.09364,4099.03263,4099.16782,
2026-07-30 19:00:00,4099.2736,4115.05699,4099.15967,4111.91463,
2026-07-30 20:00:00,4110.52359,4116.75793,4099.20066,4103.49754,
2026-07-30 21:00:00,4103.37557,4103.94962,4103.16403,4103.55714,
2026-07-30 22:00:00,4103.58768,4111.68859,4102.22751,4109.68321,
2026-07-30 23:00:00,4109.75098,4112.01118,4103.23745,4106.29518,
2026-07-31 00:00:00,4106.71503,4106.71503,4090.81612,4093.69405,
2026-07-31 01:00:00,4093.40878,4101.21806,4082.33207,4086.20253,
2026-07-31 02:00:00,4086.28907,4089.64502,4073.87457,4077.93559,
2026-07-31 03:00:00,4077.57182,4079.46804,4072.49033,4074.67355,
2026-07-31 04:00:00,4074.84001,4081.46606,4073.02641,4079.38138,
2026-07-31 05:00:00,4078.97774,4082.83011,4073.55754,4074.73353,
2026-07-31 06:00:00,4074.49697,4088.52621,4073.15384,4079.01362,
2026-07-31 07:00:00,4078.85183,4079.42146,4068.51377,4070.4629,
2026-07-31 08:00:00,4070.51518,4070.81363,4055.47895,4063.94295,
2026-07-31 09:00:00,4063.72802,4064.09033,4050.32851,4053.99402,
2026-07-31 10:00:00,4054.23189,4057.94749,4052.6849,4054.32586,
2026-07-31 11:00:00,4054.5264,4060.67965,4051.38838,4055.43147,
2026-07-31 12:00:00,4055.1924,4060.42099,4041.2066,4041.52452,
2026-07-31 13:00:00,4042.17359,4044.99383,4022.52615,4028.85385,
2026-07-31 14:00:00,4030.39643,4049.73069,4021.07041,4049.47086,
2026-07-31 15:00:00,4048.8852,4051.60436,4037.63072,4045.72025,
2026-07-31 16:00:00,4045.5834,4050.25153,4041.46505,4043.59633,
2026-07-31 17:00:00,4043.37403,4054.49238,4041.71045,4053.54071,
2026-07-31 18:00:00,4053.58704,4054.49238,4047.698,4049.7796,
2026-07-31 19:00:00,4049.75513,4055.64343,4047.26287,4052.30418,
2026-07-31 20:00:00,4052.20325,4055.12765,4043.34465,4045.25141,
2026-07-31 21:00:00,4044.91865,4044.91865,4042.03719,4042.73765,
2026-07-31 22:00:00,4042.68428,4042.87431,4042.62528,4042.75341,
2026-07-31 23:00:00,4042.68594,4042.87261,4042.62234,4042.76542,
2026-08-01 00:00:00,4042.68264,4042.87429,4042.62574,4042.78437,
2026-08-01 01:00:00,4042.69218,4042.87318,4042.62401,4042.67556,
2026-08-01 02:00:00,4042.68407,4042.87344,4042.62423,4042.66978,
2026-08-01 03:00:00,4042.68864,4042.87256,4042.62401,4042.65912,
2026-08-01 04:00:00,4042.6856,4042.87259,4042.62101,4042.65577,
2026-08-01 05:00:00,4042.68559,4042.86451,4042.62101,4042.65179,
2026-08-01 06:00:00,4042.68101,4042.86613,4042.61906,4042.65848,
2026-08-01 07:00:00,4042.68264,4042.86529,4042.62038,4042.66743,
2026-08-01 08:00:00,4042.6824,4042.86207,4042.61936,4042.67943,
2026-08-01 09:00:00,4042.68264,4042.86613,4042.61907,4042.72754,
2026-08-01 10:00:00,4042.68417,4042.86109,4042.62034,4042.70995,
2026-08-01 11:00:00,4042.68101,4042.8645,4042.61937,4042.72251,
2026-08-01 12:00:00,4042.67937,4042.86124,4042.61875,4042.73759,
2026-08-01 13:00:00,4042.67937,4042.86124,4042.61875,4042.75073,
2026-08-01 14:00:00,4042.67937,4042.86124,4042.61874,4042.761,
2026-08-01 15:00:00,4042.67937,4042.86124,4042.61874,4042.76768,
2026-08-01 16:00:00,4042.67937,4042.8611,4042.61909,4042.7703,
2026-08-01 17:00:00,4042.67937,4042.86124,4042.61874,4042.76869,
2026-08-01 18:00:00,4042.67937,4042.86123,4042.61874,4042.76296,
2026-08-01 19:00:00,4042.67937,4042.86123,4042.61874,4042.7535,
2026-08-01 20:00:00,4042.67937,4042.86123,4042.61874,4042.74098,
2026-08-01 21:00:00,4042.67937,4042.86123,4042.61874,4042.73779,
2026-08-01 22:00:00,4042.67937,4042.86123,4042.6191,4042.7528,
2026-08-01 23:00:00,4042.67937,4042.86112,4042.61874,4042.76617,
2026-08-02 00:00:00,4042.67937,4042.86123,4042.61874,4042.77697,
2026-08-02 01:00:00,4042.67937,4042.86123,4042.61874,4042.66688,
2026-08-02 02:00:00,4042.67937,4042.86122,4042.61874,4042.65712,
2026-08-02 03:00:00,4042.67937,4042.86122,4042.61874,4042.65104,
2026-08-02 04:00:00,4042.67937,4042.86122,4042.61912,4042.64906,
2026-08-02 05:00:00,4042.67937,4042.86113,4042.61874,4042.65131,
2026-08-02 06:00:00,4042.67937,4042.86122,4042.61874,4042.65765,
2026-08-02 07:00:00,4042.67937,4042.86122,4042.61874,4042.66763,
2026-08-02 08:00:00,4042.67937,4042.86122,4042.61874,4042.73422,
2026-08-02 09:00:00,4042.67937,4042.86121,4042.61874,4042.71865,
2026-08-02 10:00:00,4042.67937,4042.86121,4042.61874,4042.71145,
2026-08-02 11:00:00,4042.67937,4042.86121,4042.61914,4042.72727,
2026-08-02 12:00:00,4042.67937,4042.86114,4042.61874,4042.74187,
2026-08-02 13:00:00,4042.67937,4042.86121,4042.61874,4042.75421,
2026-08-02 14:00:00,4042.67937,4042.86121,4042.61874,4042.76345,
2026-08-02 15:00:00,4042.67937,4042.86121,4042.61874,4042.76893,
2026-08-02 16:00:00,4042.67937,4042.8612,4042.61874,4042.77026,
2026-08-02 17:00:00,4042.67937,4042.8612,4042.61916,4042.76736,
2026-08-02 18:00:00,4042.67937,4042.87265,4042.61751,4042.75869,
2026-08-02 19:00:00,4042.67801,4043.50815,4042.6073,4042.75359,
2026-08-02 20:00:00,4042.68199,4043.18117,4042.20057,4042.7451,
2026-08-02 21:00:00,4042.68784,4043.99871,4041.38377,4043.20594,
2026-08-02 22:00:00,4043.13867,4088.47459,4022.31329,4063.98869,
2026-08-02 23:00:00,4064.12722,4073.32628,4062.39844,4072.0959,
2026-08-03 00:00:00,4072.61578,4078.71416,4056.13694,4056.35969,
2026-08-03 01:00:00,4056.75851,4061.4782,4047.92746,4055.72557,
2026-08-03 02:00:00,4054.72257,4065.70174,4051.557,4062.88456,
2026-08-03 03:00:00,4062.83258,4066.85916,4059.43006,4064.47766,
2026-08-03 04:00:00,4064.37979,4071.66124,4063.63652,4065.18093,
2026-08-03 05:00:00,4065.77708,4069.23493,4054.49238,4068.71028,
2026-08-03 06:00:00,4067.90581,4070.99821,4062.06841,4065.8129,
2026-08-03 07:00:00,4065.41199,4065.41199,4052.84915,4061.51378,
2026-08-03 08:00:00,4061.51322,4062.06841,4055.31449,4058.77361,
2026-08-03 09:00:00,4058.93993,4062.21195,4045.56467,4055.85168,
2026-08-03 10:00:00,4056.88545,4056.95971,4046.04716,4047.9521,
2026-08-03 11:00:00,4047.45628,4062.72853,4045.78323,4062.36448,
2026-08-03 12:00:00,4062.07967,4064.21459,4042.80435,4048.52703,
2026-08-03 13:00:00,4048.27683,4051.53553,4022.04078,4032.21434,
2026-08-03 14:00:00,4031.9135,4038.77221,4027.38623,4037.0648,
2026-08-03 15:00:00,4037.94783,4039.75115,4030.46641,4037.22433,
2026-08-03 16:00:00,4036.96789,4039.26162,4035.02401,4037.17526,
2026-08-03 17:00:00,4036.68133,4037.79375,4030.61437,4031.21233,
2026-08-03 18:00:00,4031.02941,4044.65297,4029.79402,4043.431,
2026-08-03 19:00:00,4043.77754,4055.80792,4041.96527,4052.25382,
2026-08-03 20:00:00,4052.35143,4057.94749,4050.38681,4055.3131,
2026-08-03 21:00:00,4055.25693,4055.27787,4053.10741,4053.26607,
2026-08-03 22:00:00,4053.29434,4054.49238,4049.40271,4053.4173,
2026-08-03 23:00:00,4053.22317,4055.00573,4050.71495,4053.32326,
2026-08-04 00:00:00,4053.13634,4069.34158,4049.84213,4050.49752,
2026-08-04 01:00:00,4051.77759,4061.57345,4042.61423,4059.91879,
2026-08-04 02:00:00,4059.90327,4065.04065,4055.97242,4059.06043,
2026-08-04 03:00:00,4059.5292,4061.90653,4052.84915,4053.24424,
2026-08-04 04:00:00,4053.7758,4066.28922,4051.53553,4065.8081,
2026-08-04 05:00:00,4064.93627,4067.02456,4057.61171,4061.60119,
2026-08-04 06:00:00,4060.95253,4066.58882,4056.63056,4062.00585,
2026-08-04 07:00:00,4061.3658,4066.50667,4060.7488,4065.50262,
2026-08-04 08:00:00,4065.35699,4072.65619,4054.9856,4055.44756,
2026-08-04 09:00:00,4055.36481,4055.36481,4046.48706,4049.54053,
2026-08-04 10:00:00,4049.35514,4060.41904,4045.56485,4053.93407,
2026-08-04 11:00:00,4053.96032,4084.01032,4052.89129,4072.76497,
2026-08-04 12:00:00,4070.88083,4084.01137,4061.90341,4070.9014,
2026-08-04 13:00:00,4071.28831,4093.66301,4062.50782,4084.75837,
2026-08-04 14:00:00,4084.95314,4091.14949,4076.3085,4084.18787,
2026-08-04 15:00:00,4083.89592,4088.47459,4075.9762,4087.8135,
2026-08-04 16:00:00,4087.75988,4093.74217,4083.40065,4093.62954,
2026-08-04 17:00:00,4093.40369,4105.94294,4087.09702,4087.40955,
2026-08-04 18:00:00,4088.04835,4088.79349,4075.86501,4080.08181,
2026-08-04 19:00:00,4080.31708,4084.63361,4076.47466,4079.08716,
2026-08-04 20:00:00,4078.7486,4080.30031,4074.97963,4077.39577,
2026-08-04 21:00:00,4077.53527,4078.03744,4077.13948,4077.70545,
2026-08-04 22:00:00,4077.6532,4086.05472,4075.76546,4076.59445,
2026-08-04 23:00:00,4077.15309,4077.15309,4065.90565,4072.94209,
2026-08-05 00:00:00,4072.75749,4083.29931,4070.99821,4082.03607,
2026-08-05 01:00:00,4082.04942,4102.05923,4078.12536,4101.8736,
2026-08-05 02:00:00,4101.34543,4135.36861,4096.41207,4130.94473,
2026-08-05 03:00:00,4131.61954,4135.82034,4127.45251,4128.86085,
2026-08-05 04:00:00,4128.90558,4141.3012,4128.90558,4134.85877,
2026-08-05 05:00:00,4134.91838,4172.22964,4134.91838,4163.61832,
2026-08-05 06:00:00,4164.93596,4178.02668,4160.59913,4177.67399,
2026-08-05 07:00:00,4176.90168,4179.30077,4162.57354,4171.25667,
2026-08-05 08:00:00,4170.65389,4172.01389,4160.07987,4160.16279,
2026-08-05 09:00:00,4160.20114,4166.84029,4152.38315,4158.57495,
2026-08-05 10:00:00,4157.77575,4161.81122,4150.27668,4161.57112,
2026-08-05 11:00:00,4161.06535,4192.51393,4159.96208,4192.23189,
2026-08-05 12:00:00,4191.54952,4212.47736,4183.83989,4184.10763,
2026-08-05 13:00:00,4184.38768,4204.37258,4183.16763,4203.94021,
2026-08-05 14:00:00,4203.04279,4248.05408,4203.04279,4243.81868,
2026-08-05 15:00:00,4243.79968,4267.13964,4234.23805,4234.42576,
2026-08-05 16:00:00,4234.83156,4247.07774,4225.7867,4240.74209,
2026-08-05 17:00:00,4240.0459,4252.42388,4235.79107,4251.05209,
2026-08-05 18:00:00,4251.78143,4265.11985,4249.31528,4261.60403,
2026-08-05 19:00:00,4261.81634,4261.81634,4246.8255,4247.01607,
2026-08-05 20:00:00,4247.35423,4250.49177,4243.58158,4246.99711,
2026-08-05 21:00:00,4246.60064,4247.54704,4246.55902,4247.07951,
2026-08-05 22:00:00,4247.04554,4254.05198,4245.95111,4249.45655,
2026-08-05 23:00:00,4249.0283,4282.28845,4249.0283,4277.9627,
2026-08-06 00:00:00,4276.31551,4299.15389,4263.41684,4295.86705,
2026-08-06 01:00:00,4295.38811,4302.01401,4271.80614,4287.15635,
2026-08-06 02:00:00,4286.71454,4304.07478,4274.9658,4278.89432,
2026-08-06 03:00:00,4278.65596,4280.82192,4260.78847,4265.30629,
2026-08-06 04:00:00,4264.45304,4266.75769,4253.32823,4262.56053,
2026-08-06 05:00:00,4262.52598,4267.87901,4244.1349,4266.82197,
2026-08-06 06:00:00,4266.47414,4268.03244,4250.43567,4255.19041,
2026-08-06 07:00:00,4254.10084,4264.2393,4252.38662,4261.7703,
2026-08-06 08:00:00,4261.22887,4278.16156,4260.75841,4277.6147,
2026-08-06 09:00:00,4276.61763,4284.96,4272.04375,4272.74766,
2026-08-06 10:00:00,4272.40442,4274.46938,4264.85804,4270.35644,
2026-08-06 11:00:00,4270.65555,4273.09588,4252.16492,4262.25505,
2026-08-06 12:00:00,4261.84719,4270.949,4249.89375,4250.97314,
2026-08-06 13:00:00,4250.88557,4277.07167,4231.37139,4267.7922,
2026-08-06 14:00:00,4267.73098,4276.91558,4261.45915,4269.79144,
2026-08-06 15:00:00,4269.2892,4274.41761,4232.44593,4238.4254,
2026-08-06 16:00:00,4236.78748,4242.48786,4224.22648,4240.99314,
2026-08-06 17:00:00,4241.19154,4248.44932,4237.8136,4247.11993,
2026-08-06 18:00:00,4246.94938,4249.53255,4240.70226,4242.88918,
2026-08-06 19:00:00,4242.50511,4251.88146,4232.86878,4248.28142,
2026-08-06 20:00:00,4247.72377,4249.35197,4235.01312,4240.8196,
2026-08-06 21:00:00,4240.67481,4240.8821,4239.98304,4240.34418,
2026-08-06 22:00:00,4240.28508,4243.22145,4236.21113,4241.05535,
2026-08-06 23:00:00,4241.11125,4252.78557,4238.84193,4252.5991,
2026-08-07 00:00:00,4252.50007,4252.50007,4230.65533,4232.01982,
2026-08-07 01:00:00,4231.79789,4260.16477,4230.24215,4258.66396,
2026-08-07 02:00:00,4258.1045,4261.84794,4246.0541,4250.60061,
2026-08-07 03:00:00,4251.15804,4265.05298,4249.53289,4264.59374,
2026-08-07 04:00:00,4263.54255,4269.71926,4259.13877,4265.9398,
2026-08-07 05:00:00,4266.93245,4281.00518,4262.11014,4279.83373,
2026-08-07 06:00:00,4279.60288,4298.30217,4278.50331,4298.09852,
2026-08-07 07:00:00,4297.60965,4297.74798,4283.5725,4290.41231,
2026-08-07 08:00:00,4289.73716,4319.28127,4287.56698,4303.81895,
2026-08-07 09:00:00,4303.98955,4320.22978,4302.18292,4314.75235,
2026-08-07 10:00:00,4315.26494,4320.74477,4308.48649,4317.06364,
2026-08-07 11:00:00,4317.18739,4327.69291,4316.20924,4321.5482,
2026-08-07 12:00:00,4322.61851,4371.01145,4303.7292,4357.1706,
2026-08-07 13:00:00,4357.766,4367.35724,4338.49994,4344.60952,
2026-08-07 14:00:00,4345.06197,4352.0899,4328.62956,4342.52471,
2026-08-07 15:00:00,4342.85808,4357.3118,4340.46617,4342.56365,
2026-08-07 16:00:00,4343.37473,4349.3389,4328.96671,4329.28519,
2026-08-07 17:00:00,4329.80834,4343.1846,4326.71361,4341.08548,
2026-08-07 18:00:00,4341.7327,4343.24855,4332.38021,4334.19335,
2026-08-07 19:00:00,4334.6684,4349.79584,4332.47805,4344.0159,
2026-08-07 20:00:00,4342.32336,4345.55884,4335.76136,4342.63347,
2026-08-07 21:00:00,4342.38579,4342.9167,4341.59684,4342.24845,
2026-08-07 22:00:00,4342.26798,4342.46356,4342.19553,4342.25524,
2026-08-07 23:00:00,4342.2621,4342.46452,4342.201,4342.3252,
2026-08-08 00:00:00,4342.26958,4342.46525,4342.19673,4342.32847,
2026-08-08 01:00:00,4342.26233,4342.55321,4342.19809,4342.33453,
2026-08-08 02:00:00,4342.26238,4342.45739,4342.19725,4342.32052,
2026-08-08 03:00:00,4342.26233,4342.46167,4342.19808,4342.34739,
2026-08-08 04:00:00,4342.26822,4342.46337,4342.1986,4342.35287,
2026-08-08 05:00:00,4342.26859,4342.46307,4342.19676,4342.36121,
2026-08-08 06:00:00,4342.26869,4342.45958,4342.19618,4342.36531,
2026-08-08 07:00:00,4342.26873,4342.46336,4342.1624,4342.35918,
2026-08-08 08:00:00,4342.2627,4342.45604,4342.1624,4342.35231,
2026-08-08 09:00:00,4342.26044,4342.45531,4342.1624,4342.33736,
2026-08-08 10:00:00,4342.2545,4342.45358,4342.1624,4342.32467,
2026-08-08 11:00:00,4342.25457,4342.45698,4342.1624,4342.32044,
2026-08-08 12:00:00,4342.26233,4342.45771,4342.19724,4342.33684,
2026-08-08 13:00:00,4342.26233,4342.45771,4342.19723,4342.3518,
2026-08-08 14:00:00,4342.26233,4342.45771,4342.19723,4342.36426,
2026-08-08 15:00:00,4342.26233,4342.45771,4342.19723,4342.25243,
2026-08-08 16:00:00,4342.26233,4342.4577,4342.19723,4342.24097,
2026-08-08 17:00:00,4342.26233,4342.4577,4342.19747,4342.23328,
2026-08-08 18:00:00,4342.26233,4342.45743,4342.19723,4342.2299,
2026-08-08 19:00:00,4342.26233,4342.4577,4342.19723,4342.23106,
2026-08-08 20:00:00,4342.26233,4342.4577,4342.19723,4342.23668,
2026-08-08 21:00:00,4342.26233,4342.4577,4342.19723,4342.24457,
2026-08-08 22:00:00,4342.26044,4342.45582,4342.19535,4342.25768,
2026-08-08 23:00:00,4342.26044,4342.45582,4342.19558,4342.30713,
2026-08-09 00:00:00,4342.26044,4342.45555,4342.19534,4342.29088,
2026-08-09 01:00:00,4342.26044,4342.45582,4342.19534,4342.30736,
2026-08-09 02:00:00,4342.26044,4342.45582,4342.19534,4342.32351,
2026-08-09 03:00:00,4342.26044,4342.45582,4342.19534,4342.33753,
2026-08-09 04:00:00,4342.26044,4342.45581,4342.19534,4342.34843,
2026-08-09 05:00:00,4342.26044,4342.45581,4342.19534,4342.35546,
2026-08-09 06:00:00,4342.26044,4342.45556,4342.1956,4342.35813,
2026-08-09 07:00:00,4342.26044,4342.45581,4342.19534,4342.35624,
2026-08-09 08:00:00,4342.26044,4342.45581,4342.19534,4342.34993,
2026-08-09 09:00:00,4342.26044,4342.45581,4342.19534,4342.33964,
2026-08-09 10:00:00,4342.26044,4342.45581,4342.19534,4342.32609,
2026-08-09 11:00:00,4342.26044,4342.45581,4342.19533,4342.32378,
2026-08-09 12:00:00,4342.26044,4342.45581,4342.19562,4342.33985,
2026-08-09 13:00:00,4342.26044,4342.45558,4342.19533,4342.35413,
2026-08-09 14:00:00,4342.26044,4342.45581,4342.19533,4342.2602,
2026-08-09 15:00:00,4342.26044,4342.4558,4342.19533,4342.2466,
2026-08-09 16:00:00,4342.26044,4342.4558,4342.19533,4342.23624,
2026-08-09 17:00:00,4342.26044,4342.4558,4342.19533,4342.22986,
2026-08-09 18:00:00,4342.26044,4342.45392,4342.1624,4342.22789,
2026-08-09 19:00:00,4342.26044,4342.7281,4342.1624,4342.23784,
2026-08-09 20:00:00,4342.26835,4342.7281,4342.16142,4342.18657,
2026-08-09 21:00:00,4342.28568,4344.06425,4341.6818,4343.62261,
2026-08-09 22:00:00,4343.64486,4355.9871,4335.00954,4342.46,
2026-08-09 23:00:00,4342.32391,4349.72182,4333.41507,4333.87088,
2026-08-10 00:00:00,4334.80988,4348.22368,4331.25433,4332.14584,
2026-08-10 01:00:00,4331.95814,4338.95952,4313.50559,4316.86293,
2026-08-10 02:00:00,4318.19741,4334.86314,4318.19741,4322.37614,
2026-08-10 03:00:00,4321.4286,4329.19174,4317.97573,4327.24387,
2026-08-10 04:00:00,4326.9562,4339.06144,4323.45383,4337.37602,
2026-08-10 05:00:00,4337.83472,4352.17827,4332.94337,4349.11933,
2026-08-10 06:00:00,4348.83189,4359.57799,4342.1624,4359.44924,
2026-08-10 07:00:00,4359.12755,4361.48225,4350.31042,4356.03981,
2026-08-10 08:00:00,4355.93208,4356.59242,4345.37001,4347.2738,
2026-08-10 09:00:00,4346.88484,4349.71727,4341.21988,4341.87718,
2026-08-10 10:00:00,4341.97026,4344.4261,4335.88955,4336.40975,
2026-08-10 11:00:00,4337.43459,4339.71271,4328.98052,4335.92898,
2026-08-10 12:00:00,4335.46537,4336.51344,4325.82082,4334.66577,
2026-08-10 13:00:00,4334.54036,4338.58302,4318.19137,4318.97671,
2026-08-10 14:00:00,4320.6466,4350.28494,4317.12328,4344.77577,
2026-08-10 15:00:00,4344.59106,4358.42602,4342.7281,4358.12712,
2026-08-10 16:00:00,4357.44972,4364.71564,4351.20296,4355.92157,
2026-08-10 17:00:00,4355.08366,4364.90615,4352.93606,4359.52632,
2026-08-10 18:00:00,4359.28349,4383.71101,4359.28349,4378.99177,
2026-08-10 19:00:00,4378.87004,4395.6044,4378.64066,4389.70661,
2026-08-10 20:00:00,4389.22345,4391.9364,4386.54209,4389.993,
2026-08-10 21:00:00,4389.83451,4390.00834,4387.27137,4389.03059,
2026-08-10 22:00:00,4388.96596,4400.47991,4388.39839,4399.51915,
2026-08-10 23:00:00,4399.75928,4402.3249,4394.99006,4402.0834,
2026-08-11 00:00:00,4401.5307,4422.79946,4396.37739,4410.25099,
2026-08-11 01:00:00,4411.64976,4432.42764,4392.55003,4430.57525,
2026-08-11 02:00:00,4430.75816,4434.78647,4409.71229,4411.97389,
2026-08-11 03:00:00,4411.71515,4421.25741,4411.27082,4417.818,
2026-08-11 04:00:00,4417.55213,4420.64933,4404.31623,4406.92213,
2026-08-11 05:00:00,4406.34773,4408.58793,4368.52912,4374.14702,
2026-08-11 06:00:00,4373.48361,4382.31298,4360.5285,4364.78252,
2026-08-11 07:00:00,4364.40859,4367.00293,4357.26681,4357.57737,
2026-08-11 08:00:00,4357.80034,4376.36761,4356.48594,4370.4767,
2026-08-11 09:00:00,4370.80666,4375.9846,4366.97202,4372.83373,
2026-08-11 10:00:00,4372.63306,4381.73692,4370.75714,4379.13876,
2026-08-11 11:00:00,4379.24595,4392.74512,4379.24595,4388.61588,
2026-08-11 12:00:00,4388.38174,4400.24641,4382.97149,4394.61516,
2026-08-11 13:00:00,4394.05368,4407.93875,4384.61876,4389.87291,
2026-08-11 14:00:00,4390.7037,4397.73077,4380.36847,4393.37616,
2026-08-11 15:00:00,4393.81663,4398.31105,4370.25762,4380.04955,
2026-08-11 16:00:00,4380.32852,4385.51315,4378.24607,4384.11668,
2026-08-11 17:00:00,4384.2809,4385.00329,4369.48353,4371.91971,
2026-08-11 18:00:00,4371.50867,4372.6332,4361.2892,4371.38532,
2026-08-11 19:00:00,4371.27865,4374.79549,4361.8599,4372.69971,
2026-08-11 20:00:00,4372.60911,4372.62815,4367.25423,4367.71611,
2026-08-11 21:00:00,4368.15364,4369.29915,4368.14747,4368.44713,
2026-08-11 22:00:00,4368.4795,4378.26115,4367.76589,4370.27316,
2026-08-11 23:00:00,4369.94859,4373.87919,4363.38249,4371.35495,
2026-08-12 00:00:00,4371.17037,4383.77641,4366.30522,4380.61545,
2026-08-12 01:00:00,4380.35025,4397.83795,4378.36336,4396.11284,
2026-08-12 02:00:00,4395.36451,4414.42635,4394.83168,4412.26969,
2026-08-12 03:00:00,4412.20362,4415.01104,4401.55838,4402.31001,
2026-08-12 04:00:00,4402.19293,4403.15266,4395.39795,4400.88689,
2026-08-12 05:00:00,4400.75155,4405.08837,4385.0347,4393.89672,
2026-08-12 06:00:00,4393.19014,4405.86862,4385.19558,4403.69312,
2026-08-12 07:00:00,4404.05376,4409.94884,4398.58522,4405.57256,
2026-08-12 08:00:00,4405.31611,4410.14333,4401.9897,4402.05648,
2026-08-12 09:00:00,4402.24767,4423.40868,4402.05582,4415.84387,
2026-08-12 10:00:00,4415.28846,4420.67106,4408.00494,4412.20584,
2026-08-12 11:00:00,4411.49936,4415.79087,4407.61636,4413.40502,
2026-08-12 12:00:00,4413.17286,4438.32941,4381.60221,4435.24642,
2026-08-12 13:00:00,4434.37883,4441.22288,4409.55993,4430.93949,
2026-08-12 14:00:00,4430.6817,4439.2306,4415.79087,4421.4094,
2026-08-12 15:00:00,4420.88677,4431.44291,4411.93449,4421.23548,
2026-08-12 16:00:00,4420.78422,4425.75791,4397.73077,4401.78156,
2026-08-12 17:00:00,4400.19398,4410.99157,4399.27852,4399.84161,
2026-08-12 18:00:00,4400.31322,4418.52245,4396.76398,4413.23668,
2026-08-12 19:00:00,4413.22982,4418.71432,4408.78229,4411.32445,
2026-08-12 20:00:00,4412.03462,4413.4522,4406.52929,4409.04752,
2026-08-12 21:00:00,4408.74155,4409.05681,4408.39358,4408.82443,
2026-08-12 22:00:00,4408.74865,4409.94884,4398.31105,4402.08306,
2026-08-12 23:00:00,4402.17047,4413.37002,4402.17047,4412.80577,
2026-08-13 00:00:00,4412.07221,4449.78419,4412.07221,4427.36963,
2026-08-13 01:00:00,4427.70384,4436.23856,4407.4221,4407.90568,
2026-08-13 02:00:00,4408.72581,4413.4522,4399.8592,4407.32056,
2026-08-13 03:00:00,4407.60411,4412.5607,4399.60273,4399.7957,
2026-08-13 04:00:00,4400.13561,4400.13561,4392.90107,4398.26874,
2026-08-13 05:00:00,4398.06126,4407.03363,4382.36352,4383.23749,
2026-08-13 06:00:00,4384.53217,4384.53217,4369.39835,4380.12659,
2026-08-13 07:00:00,4380.22082,4380.96907,4369.48353,4370.49126,
2026-08-13 08:00:00,4370.36596,4379.62598,4364.90615,4375.53737,
2026-08-13 09:00:00,4375.71907,4385.00329,4373.49661,4384.68614,
2026-08-13 10:00:00,4384.07925,4393.91936,4381.73692,4392.33656,
2026-08-13 11:00:00,4392.30901,4397.01077,4383.27343,4387.29864,
2026-08-13 12:00:00,4386.84556,4400.44004,4381.54493,4399.88013,
2026-08-13 13:00:00,4398.48166,4401.02104,4370.02048,4374.12906,
2026-08-13 14:00:00,4374.55489,4386.90994,4359.22734,4386.4237,
2026-08-13 15:00:00,4386.06981,4386.06981,4357.67823,4364.17999,
2026-08-13 16:00:00,4364.95919,4368.43322,4351.79947,4366.72968,
2026-08-13 17:00:00,4366.92326,4373.86654,4356.33528,4356.62539,
2026-08-13 18:00:00,4356.59119,4363.76331,4354.98025,4357.4776,
2026-08-13 19:00:00,4357.41202,4358.6279,4345.18119,4348.05694,
2026-08-13 20:00:00,4348.91716,4352.36769,4346.69217,4351.17522,
2026-08-13 21:00:00,4350.64279,4351.75718,4350.64279,4351.49926,
2026-08-13 22:00:00,4351.43021,4362.24045,4351.0202,4354.23876,
2026-08-13 23:00:00,4354.50632,4364.52514,4348.61358,4357.88648,
2026-08-14 00:00:00,4358.61211,4361.91264,4333.37208,4340.38305,
2026-08-14 01:00:00,4340.3467,4342.3893,4312.87054,4319.66153,
2026-08-14 02:00:00,4318.87417,4323.35568,4311.90719,4314.86584,
2026-08-14 03:00:00,4313.98822,4327.99709,4313.98822,4324.66885,
2026-08-14 04:00:00,4324.57169,4327.8802,4323.01574,4325.8294,
2026-08-14 05:00:00,4325.78644,4332.51473,4310.61379,4331.88806,
2026-08-14 06:00:00,4331.08396,4336.70254,4328.81693,4335.34953,
2026-08-14 07:00:00,4334.74167,4344.35123,4330.50407,4344.09988,
2026-08-14 08:00:00,4343.58408,4349.52808,4342.35095,4347.69693,
2026-08-14 09:00:00,4347.72498,4356.33565,4346.00997,4355.86653,
2026-08-14 10:00:00,4354.63307,4358.33229,4348.58236,4349.52464,
2026-08-14 11:00:00,4349.29851,4369.09673,4349.14974,4368.14185,
2026-08-14 12:00:00,4366.83892,4385.7199,4366.12816,4374.37563,
2026-08-14 13:00:00,4374.20036,4396.587,4370.08531,4383.7629,
2026-08-14 14:00:00,4384.0846,4393.09406,4379.79426,4381.06638,
2026-08-14 15:00:00,4381.18352,4394.83168,4379.24239,4391.92205,
2026-08-14 16:00:00,4391.82063,4395.45613,4381.54493,4385.33372,
2026-08-14 17:00:00,4385.59525,4387.44641,4376.55915,4377.7778,
2026-08-14 18:00:00,4377.7012,4383.09699,4372.54045,4373.34788,
2026-08-14 19:00:00,4373.41843,4382.44657,4372.73165,4375.04209,
2026-08-14 20:00:00,4375.30467,4376.79262,4371.20252,4376.56187,
2026-08-14 21:00:00,4376.01866,4376.94227,4375.53437,4375.58851,
2026-08-14 22:00:00,4375.60547,4375.79927,4375.5341,4375.57899,
2026-08-14 23:00:00,4375.60513,4375.80222,4375.5341,4375.56984,
2026-08-15 00:00:00,4375.60165,4375.80415,4375.5341,4375.56147,
2026-08-15 01:00:00,4375.59437,4375.80222,4375.52895,4375.56539,
2026-08-15 02:00:00,4375.59435,4375.80605,4375.53088,4375.58664,
2026-08-15 03:00:00,4375.60708,4375.79844,4375.52894,4375.58745,
2026-08-15 04:00:00,4375.5959,4375.80228,4375.5341,4375.65261,
2026-08-15 05:00:00,4375.59958,4375.80414,4375.53266,4375.64319,
2026-08-15 06:00:00,4375.60547,4375.80036,4375.53682,4375.64536,
2026-08-15 07:00:00,4375.60552,4375.80419,4375.53879,4375.66401,
2026-08-15 08:00:00,4375.60753,4375.80322,4375.53601,4375.67185,
2026-08-15 09:00:00,4375.59973,4375.80116,4375.53677,4375.68234,
2026-08-15 10:00:00,4375.59751,4375.80126,4375.53218,4375.70055,
2026-08-15 11:00:00,4375.60774,4375.7946,4375.53082,4375.6938,
2026-08-15 12:00:00,4375.5959,4375.7927,4375.53027,4375.69375,
2026-08-15 13:00:00,4375.5959,4375.79269,4375.53027,4375.68915,
2026-08-15 14:00:00,4375.5959,4375.79269,4375.53027,4375.68032,
2026-08-15 15:00:00,4375.5959,4375.79269,4375.53076,4375.66788,
2026-08-15 16:00:00,4375.5959,4375.79266,4375.53027,4375.65294,
2026-08-15 17:00:00,4375.5959,4375.79269,4375.53027,4375.66956,
2026-08-15 18:00:00,4375.5959,4375.79269,4375.53027,4375.6848,
2026-08-15 19:00:00,4375.5959,4375.79268,4375.53027,4375.69762,
2026-08-15 20:00:00,4375.5959,4375.79268,4375.53027,4375.58712,
2026-08-15 21:00:00,4375.5959,4375.79268,4375.53078,4375.57726,
2026-08-15 22:00:00,4375.59782,4375.7946,4375.53268,4375.56911,
2026-08-15 23:00:00,4375.59782,4375.7946,4375.53218,4375.56527,
2026-08-16 00:00:00,4375.59782,4375.7946,4375.53218,4375.566,
2026-08-16 01:00:00,4375.59782,4375.79461,4375.53218,4375.57124,
2026-08-16 02:00:00,4375.59782,4375.79461,4375.53218,4375.58064,
2026-08-16 03:00:00,4375.59782,4375.79457,4375.53218,4375.59353,
2026-08-16 04:00:00,4375.59782,4375.79461,4375.53266,4375.6466,
2026-08-16 05:00:00,4375.59782,4375.79461,4375.53218,4375.63012,
2026-08-16 06:00:00,4375.59782,4375.79461,4375.53218,4375.64334,
2026-08-16 07:00:00,4375.59782,4375.79462,4375.53218,4375.65977,
2026-08-16 08:00:00,4375.59782,4375.79462,4375.53218,4375.67416,
2026-08-16 09:00:00,4375.59782,4375.79462,4375.53218,4375.68552,
2026-08-16 10:00:00,4375.59782,4375.79456,4375.53218,4375.69303,
2026-08-16 11:00:00,4375.59782,4375.79462,4375.53263,4375.69618,
2026-08-16 12:00:00,4375.59782,4375.79462,4375.53218,4375.69475,
2026-08-16 13:00:00,4375.59782,4375.79463,4375.53218,4375.68884,
2026-08-16 14:00:00,4375.59782,4375.79463,4375.53219,4375.67886,
2026-08-16 15:00:00,4375.59782,4375.79463,4375.53219,4375.66551,
2026-08-16 16:00:00,4375.59782,4375.79455,4375.53219,4375.6599,
2026-08-16 17:00:00,4375.59782,4375.79463,4375.53261,4375.67622,
2026-08-16 18:00:00,4375.59782,4375.81578,4375.53866,4375.69887,
2026-08-16 19:00:00,4375.60373,4375.80472,4375.53638,4375.60431,
2026-08-16 20:00:00,4375.60739,4375.84991,4375.52542,4375.54686,
2026-08-16 21:00:00,4375.60522,4376.73509,4375.21876,4376.62523,
2026-08-16 22:00:00,4376.54,4385.78783,4372.1581,4385.57681,
2026-08-16 23:00:00,4385.05692,4386.15729,4367.39807,4370.92175,
2026-08-17 00:00:00,4371.23624,4400.63369,4368.33828,4400.35207,
2026-08-17 01:00:00,4399.97672,4415.05846,4392.40406,4395.53409,
2026-08-17 02:00:00,4395.15192,4399.12612,4388.39822,4392.87773,
2026-08-17 03:00:00,4392.69992,4397.56444,4388.23785,4397.07812,
2026-08-17 04:00:00,4396.04747,4399.08499,4389.04494,4391.44766,
2026-08-17 05:00:00,4392.49175,4400.63369,4386.03674,4393.72335,
2026-08-17 06:00:00,4393.83043,4403.77593,4391.68075,4403.08134,
2026-08-17 07:00:00,4402.96267,4410.92144,4396.31251,4405.39451,
2026-08-17 08:00:00,4405.12253,4405.67451,4393.222,4395.4847,
2026-08-17 09:00:00,4395.29904,4400.09419,4393.48008,4394.30339,
2026-08-17 10:00:00,4394.28703,4406.83165,4391.74352,4398.75863,
2026-08-17 11:00:00,4398.83945,4405.75411,4395.6044,4397.11419,
2026-08-17 12:00:00,4397.04878,4397.73077,4377.70871,4386.04328,
2026-08-17 13:00:00,4385.67094,4414.62123,4382.50504,4408.32887,
2026-08-17 14:00:00,4409.25569,4427.32545,4404.18399,4415.37508,
2026-08-17 15:00:00,4415.44234,4427.32545,4415.44234,4426.82975,
2026-08-17 16:00:00,4426.9188,4427.91357,4421.94059,4424.71751,
2026-08-17 17:00:00,4424.82376,4426.49759,4411.50521,4413.91657,
2026-08-17 18:00:00,4414.34479,4415.83312,4398.50451,4406.05351,
2026-08-17 19:00:00,4406.31852,4421.28749,4399.64859,4420.27495,
2026-08-17 20:00:00,4419.54921,4421.44012,4414.65896,4416.62725,
2026-08-17 21:00:00,4416.46004,4417.14273,4416.46004,4417.05662,
2026-08-17 22:00:00,4416.81549,4418.91295,4410.92144,4411.54773,
2026-08-17 23:00:00,4411.39189,4425.0661,4411.23865,4423.97343,
2026-08-18 00:00:00,4424.12911,4433.69603,4418.04763,4432.5244,
2026-08-18 01:00:00,4430.55095,4435.5801,4404.70422,4408.13699,
2026-08-18 02:00:00,4408.16507,4409.10609,4394.05923,4399.54454,
2026-08-18 03:00:00,4398.9994,4405.05589,4390.97216,4392.03457,
2026-08-18 04:00:00,4391.54791,4395.20224,4389.68192,4394.07003,
2026-08-18 05:00:00,4394.37563,4397.53738,4385.77255,4395.60248,
2026-08-18 06:00:00,4396.07821,4400.13156,4388.46711,4397.83963,
2026-08-18 07:00:00,4397.98554,4403.54045,4396.18411,4397.24876,
2026-08-18 08:00:00,4396.928,4398.65776,4387.31189,4393.22328,
2026-08-18 09:00:00,4393.15354,4395.5284,4386.47555,4393.97231,
2026-08-18 10:00:00,4393.86583,4399.47206,4389.62293,4397.51424,
2026-08-18 11:00:00,4397.344,4398.57868,4388.45275,4396.02432,
2026-08-18 12:00:00,4395.35018,4400.0528,4390.71329,4394.50697,
2026-08-18 13:00:00,4393.96118,4404.32094,4384.42652,4393.5326,
2026-08-18 14:00:00,4393.12541,4404.70422,4366.922,4369.80762,
2026-08-18 15:00:00,4373.57236,4376.63766,4352.9562,4364.30928,
2026-08-18 16:00:00,4363.84524,4371.5847,4362.62403,4363.71052,
2026-08-18 17:00:00,4363.76006,4368.14747,4357.10862,4357.21854,
2026-08-18 18:00:00,4357.26661,4360.90881,4352.74658,4354.46488,
2026-08-18 19:00:00,4354.49889,4358.05805,4340.08941,4343.95947,
2026-08-18 20:00:00,4341.36541,4346.88111,4330.69161,4335.67938,
2026-08-18 21:00:00,4335.3554,4335.3554,4333.88229,4334.40384,
2026-08-18 22:00:00,4334.23748,4343.35203,4331.89673,4333.44852,
2026-08-18 23:00:00,4333.58934,4338.39479,4327.50563,4332.97222,
2026-08-19 00:00:00,4332.81906,4347.75561,4332.81906,4337.60619,
2026-08-19 01:00:00,4338.52928,4356.41595,4325.9749,4355.14314,
2026-08-19 02:00:00,4354.01663,4362.70139,4352.17827,4354.85802,
2026-08-19 03:00:00,4354.47964,4359.76806,4352.17827,4355.23104,
2026-08-19 04:00:00,4355.52292,4355.96986,4344.80361,4348.72367,
2026-08-19 05:00:00,4347.7932,4350.28494,4335.72909,4338.30765,
2026-08-19 06:00:00,4338.20078,4348.80401,4333.92267,4348.57942,
2026-08-19 07:00:00,4347.96557,4362.62106,4347.86692,4355.27663,
2026-08-19 08:00:00,4355.49472,4363.00175,4351.87518,4355.3359,
2026-08-19 09:00:00,4355.37304,4361.72924,4354.07324,4361.33948,
2026-08-19 10:00:00,4360.46934,4369.29261,4359.45708,4366.42093,
2026-08-19 11:00:00,4366.74137,4375.44645,4363.38249,4365.2094,
2026-08-19 12:00:00,4365.38545,4442.47001,4362.16753,4437.9365,
2026-08-19 13:00:00,4438.10521,4465.28243,4423.90281,4460.36158,
2026-08-19 14:00:00,4459.65015,4496.60506,4455.52334,4487.65123,
2026-08-19 15:00:00,4487.82029,4493.05426,4478.68148,4491.80575,
2026-08-19 16:00:00,4491.98617,4498.28809,4490.95073,4494.60203,
2026-08-19 17:00:00,4494.61982,4498.62792,4484.50603,4485.14016,
2026-08-19 18:00:00,4485.34899,4496.20071,4473.67244,4495.39023,
2026-08-19 19:00:00,4495.36185,4512.22814,4494.98417,4509.53957,
2026-08-19 20:00:00,4509.77739,4524.47742,4505.72227,4523.24519,
2026-08-19 21:00:00,4523.14482,4523.14482,4522.43126,4522.92102,
2026-08-19 22:00:00,4522.81989,4527.83263,4517.7321,4519.72518,
2026-08-19 23:00:00,4519.5825,4525.76298,4511.27006,4512.40234,
2026-08-20 00:00:00,4512.30308,4521.85344,4504.09873,4509.85331,
2026-08-20 01:00:00,4509.61846,4509.61846,4484.10385,4487.98737,
2026-08-20 02:00:00,4487.10946,4499.64003,4487.10946,4491.94986,
2026-08-20 03:00:00,4491.92851,4500.85516,4487.11983,4498.6167,
2026-08-20 04:00:00,4498.90657,4499.55859,4486.42433,4488.88341,
2026-08-20 05:00:00,4489.12793,4493.2976,4478.4809,4481.86071,
2026-08-20 06:00:00,4480.96645,4495.65144,4480.28409,4493.67571,
2026-08-20 07:00:00,4492.93294,4494.44879,4483.90279,4490.07986,
2026-08-20 08:00:00,4490.34048,4499.16843,4487.12196,4488.57513,
2026-08-20 09:00:00,4488.53852,4493.77612,4482.09403,4483.94486,
2026-08-20 10:00:00,4483.58739,4495.12233,4480.88901,4489.611,
2026-08-20 11:00:00,4488.88885,4491.71686,4466.27959,4467.42964,
2026-08-20 12:00:00,4467.26941,4476.07538,4451.3688,4475.87318,
2026-08-20 13:00:00,4475.45371,4487.72607,4470.72172,4480.32202,
2026-08-20 14:00:00,4480.77794,4515.48812,4480.77794,4515.19807,
2026-08-20 15:00:00,4514.90805,4544.49492,4510.11922,4523.20659,
2026-08-20 16:00:00,4522.70363,4525.27575,4503.89587,4511.01633,
2026-08-20 17:00:00,4510.6599,4520.31287,4507.30952,4520.07358,
2026-08-20 18:00:00,4519.8551,4524.88688,4509.18284,4522.17384,
2026-08-20 19:00:00,4522.88226,4532.26976,4519.9783,4529.2124,
2026-08-20 20:00:00,4528.70974,4529.19063,4517.11988,4519.34377,
2026-08-20 21:00:00,4519.29236,4519.49916,4518.85042,4519.07673,
2026-08-20 22:00:00,4519.08976,4524.36327,4517.52801,4524.27869,
2026-08-20 23:00:00,4524.18214,4532.50737,4521.40887,4527.09496,
2026-08-21 00:00:00,4526.97837,4528.20864,4510.1304,4511.17591,
2026-08-21 01:00:00,4511.0523,4539.17139,4509.73245,4530.11923,
2026-08-21 02:00:00,4529.82523,4543.18295,4518.48153,4535.1954,
2026-08-21 03:00:00,4536.39434,4538.02868,4526.73034,4535.07724,
2026-08-21 04:00:00,4534.1904,4547.99406,4534.1904,4541.00895,
2026-08-21 05:00:00,4541.17517,4555.28273,4531.03761,4554.99248,
2026-08-21 06:00:00,4554.39792,4567.87868,4545.86781,4562.52788,
2026-08-21 07:00:00,4563.50757,4567.67003,4558.71627,4563.58798,
2026-08-21 08:00:00,4563.64818,4583.58744,4559.56334,4583.29476,
2026-08-21 09:00:00,4582.61032,4601.08586,4580.60004,4582.62422,
2026-08-21 10:00:00,4583.95871,4593.68827,4578.75458,4588.30287,
2026-08-21 11:00:00,4588.34549,4606.17632,4586.50389,4597.45276,
2026-08-21 12:00:00,4597.8679,4600.45084,4564.75099,4577.81063,
2026-08-21 13:00:00,4577.55695,4591.36823,4574.35616,4581.58037,
2026-08-21 14:00:00,4582.12493,4603.20383,4579.94085,4591.40097,
2026-08-21 15:00:00,4590.89952,4615.42632,4588.33505,4611.26244,
2026-08-21 16:00:00,4612.24139,4628.5582,4608.7197,4628.44541,
2026-08-21 17:00:00,4628.04807,4631.91226,4615.28652,4621.21224,
2026-08-21 18:00:00,4621.02635,4627.94429,4619.151,4624.34025,
2026-08-21 19:00:00,4624.22641,4625.61497,4615.09535,4618.87961,
2026-08-21 20:00:00,4619.10883,4619.10883,4603.20383,4603.92129,
2026-08-21 21:00:00,4603.83002,4608.84039,4602.74522,4608.1779,
2026-08-21 22:00:00,4608.20999,4608.39489,4608.08258,4608.10542,
2026-08-21 23:00:00,4608.18281,4608.39007,4608.08258,4608.10714,
2026-08-22 00:00:00,4608.18491,4608.39184,4608.08258,4608.10902,
2026-08-22 01:00:00,4608.18274,4608.39158,4608.08258,4608.11377,
2026-08-22 02:00:00,4608.1848,4608.39801,4608.08258,4608.24158,
2026-08-22 03:00:00,4608.18026,4608.39442,4608.08258,4608.22651,
2026-08-22 04:00:00,4608.18044,4608.39522,4608.08258,4608.22003,
2026-08-22 05:00:00,4608.18238,4608.39585,4608.08258,4608.23788,
2026-08-22 06:00:00,4608.18225,4608.39014,4608.08258,4608.25429,
2026-08-22 07:00:00,4608.18192,4608.38761,4608.08258,4608.25597,
2026-08-22 08:00:00,4608.16869,4608.38972,4608.08258,4608.27865,
2026-08-22 09:00:00,4608.182,4608.39395,4608.08258,4608.28468,
2026-08-22 10:00:00,4608.18238,4608.39462,4608.08258,4608.28167,
2026-08-22 11:00:00,4608.17729,4608.38709,4608.08258,4608.27799,
2026-08-22 12:00:00,4608.17813,4608.38518,4608.10905,4608.26976,
2026-08-22 13:00:00,4608.17813,4608.38548,4608.10905,4608.25754,
2026-08-22 14:00:00,4608.17813,4608.38548,4608.10905,4608.24219,
2026-08-22 15:00:00,4608.17813,4608.38547,4608.10905,4608.2514,
2026-08-22 16:00:00,4608.17813,4608.38547,4608.10905,4608.26793,
2026-08-22 17:00:00,4608.17813,4608.38547,4608.10905,4608.28217,
2026-08-22 18:00:00,4608.17813,4608.38547,4608.10931,4608.17254,
2026-08-22 19:00:00,4608.17813,4608.3852,4608.10905,4608.1592,
2026-08-22 20:00:00,4608.17813,4608.38547,4608.10905,4608.1496,
2026-08-22 21:00:00,4608.17813,4608.38603,4608.08258,4608.14655,
2026-08-22 22:00:00,4608.18026,4608.38758,4608.11116,4608.1461,
2026-08-22 23:00:00,4608.18026,4608.38758,4608.11116,4608.15044,
2026-08-23 00:00:00,4608.18026,4608.38758,4608.11147,4608.15929,
2026-08-23 01:00:00,4608.18026,4608.38736,4608.11116,4608.17202,
2026-08-23 02:00:00,4608.18026,4608.38758,4608.11116,4608.23612,
2026-08-23 03:00:00,4608.18026,4608.38758,4608.11116,4608.21855,
2026-08-23 04:00:00,4608.18026,4608.38758,4608.11116,4608.22364,
2026-08-23 05:00:00,4608.18026,4608.38758,4608.11116,4608.2413,
2026-08-23 06:00:00,4608.18026,4608.38758,4608.11115,4608.25711,
2026-08-23 07:00:00,4608.18026,4608.38757,4608.11149,4608.26996,
2026-08-23 08:00:00,4608.18026,4608.38737,4608.11115,4608.27896,
2026-08-23 09:00:00,4608.18026,4608.38757,4608.11115,4608.28347,
2026-08-23 10:00:00,4608.18026,4608.38757,4608.11115,4608.28318,
2026-08-23 11:00:00,4608.18026,4608.38757,4608.11115,4608.27812,
2026-08-23 12:00:00,4608.18026,4608.38757,4608.11115,4608.26863,
2026-08-23 13:00:00,4608.18026,4608.38757,4608.11151,4608.25538,
2026-08-23 14:00:00,4608.18026,4608.38739,4608.11115,4608.24117,
2026-08-23 15:00:00,4608.18026,4608.38757,4608.11115,4608.25862,
2026-08-23 16:00:00,4608.18026,4608.38756,4608.11115,4608.27459,
2026-08-23 17:00:00,4608.18026,4608.38756,4608.11115,4608.28794,
2026-08-23 18:00:00,4608.18026,4608.39924,4603.58206,4603.76315,
2026-08-23 19:00:00,4603.68047,4603.79229,4602.35641,4603.65451,
2026-08-23 20:00:00,4603.5744,4603.8396,4603.5081,4603.69568,
2026-08-23 21:00:00,4603.63267,4603.81446,4603.20383,4603.63747,
2026-08-23 22:00:00,4603.56408,4624.27746,4600.88082,4606.52254,
2026-08-23 23:00:00,4606.73865,4624.70518,4605.32375,4624.27224,
2026-08-24 00:00:00,4624.16278,4642.84562,4596.85575,4616.5515,
2026-08-24 01:00:00,4617.48661,4637.93429,4608.08258,4636.32495,
2026-08-24 02:00:00,4635.88478,4656.14378,4626.76897,4640.3734,
2026-08-24 03:00:00,4641.21733,4650.08438,4633.49087,4641.53539,
2026-08-24 04:00:00,4641.30736,4641.87903,4632.41766,4638.1624,
2026-08-24 05:00:00,4639.0048,4646.03401,4630.3974,4641.11766,
2026-08-24 06:00:00,4640.50373,4658.96385,4640.04685,4650.04948,
2026-08-24 07:00:00,4649.94896,4652.97675,4629.91452,4643.26054,
2026-08-24 08:00:00,4642.6777,4646.19245,4630.916,4636.48792,
2026-08-24 09:00:00,4636.99781,4645.54492,4632.62972,4645.24802,
2026-08-24 10:00:00,4644.98176,4651.50748,4642.31001,4644.56554,
2026-08-24 11:00:00,4644.32594,4670.27835,4638.54278,4656.64609,
2026-08-24 12:00:00,4656.78202,4666.79111,4648.78434,4662.92291,
2026-08-24 13:00:00,4663.11958,4683.30825,4658.7468,4660.60692,
2026-08-24 14:00:00,4662.25666,4678.36257,4654.45296,4674.27446,
2026-08-24 15:00:00,4673.54398,4678.80036,4642.09451,4642.5579,
2026-08-24 16:00:00,4642.6223,4662.23034,4642.6223,4645.07814,
2026-08-24 17:00:00,4644.86316,4659.78943,4630.48713,4637.22052,
2026-08-24 18:00:00,4636.92327,4641.66357,4626.20281,4637.39654,
2026-08-24 19:00:00,4637.01955,4654.84336,4635.89933,4651.30765,
2026-08-24 20:00:00,4651.63879,4657.47421,4647.33211,4652.16852,
2026-08-24 21:00:00,4651.95436,4652.28556,4651.16279,4652.05205,
2026-08-24 22:00:00,4652.08672,4667.89985,4652.05298,4667.64514,
2026-08-24 23:00:00,4666.91892,4682.52341,4666.39959,4679.59612,
2026-08-25 00:00:00,4679.31157,4695.93801,4675.51898,4689.70155,
2026-08-25 01:00:00,4688.81116,4688.81116,4657.80771,4659.0522,
2026-08-25 02:00:00,4661.46562,4661.46562,4622.14005,4622.62236,
2026-08-25 03:00:00,4623.14205,4641.47553,4619.80153,4632.77205,
2026-08-25 04:00:00,4633.391,4637.7887,4624.91906,4626.09574,
2026-08-25 05:00:00,4626.19062,4647.18078,4625.24383,4643.00064,
2026-08-25 06:00:00,4643.44147,4653.32713,4638.19331,4638.8173,
2026-08-25 07:00:00,4640.15466,4643.60344,4630.27272,4630.86802,
2026-08-25 08:00:00,4630.75788,4643.33826,4620.64504,4629.68676,
2026-08-25 09:00:00,4629.15362,4642.52553,4623.17346,4637.95045,
2026-08-25 10:00:00,4637.82144,4642.4782,4631.69204,4640.31399,
2026-08-25 11:00:00,4641.16792,4647.23562,4638.11179,4642.92177,
2026-08-25 12:00:00,4643.35156,4643.35156,4630.58418,4638.85352,
2026-08-25 13:00:00,4638.93438,4640.58657,4607.65793,4610.69197,
2026-08-25 14:00:00,4611.59052,4638.98448,4611.59052,4635.30076,
2026-08-25 15:00:00,4635.20142,4657.66185,4629.36041,4651.92655,
2026-08-25 16:00:00,4652.12449,4653.49502,4637.57362,4640.52951,
2026-08-25 17:00:00,4641.01964,4647.94777,4634.99421,4647.72504,
2026-08-25 18:00:00,4647.06257,4654.82005,4644.60853,4654.44057,
2026-08-25 19:00:00,4653.40516,4667.44457,4653.21548,4666.54585,
2026-08-25 20:00:00,4665.54169,4668.97003,4657.93971,4658.63733,
2026-08-25 21:00:00,4658.73323,4658.90083,4656.97979,4658.3509,
2026-08-25 22:00:00,4658.3556,4673.55237,4656.14378,4673.33272,
2026-08-25 23:00:00,4673.27351,4673.71074,4653.76024,4653.88108,
2026-08-26 00:00:00,4654.08221,4656.68213,4634.24324,4638.1566,
2026-08-26 01:00:00,4637.9623,4661.57002,4637.14352,4661.00591,
2026-08-26 02:00:00,4659.88721,4670.06024,4654.95564,4658.80568,
2026-08-26 03:00:00,4658.90215,4660.09021,4643.60344,4644.03212,
2026-08-26 04:00:00,4643.94654,4644.41059,4639.07961,4639.85154,
2026-08-26 05:00:00,4640.07001,4647.48803,4636.28356,4639.24742,
2026-08-26 06:00:00,4639.01684,4641.66357,4625.3469,4633.71522,
2026-08-26 07:00:00,4633.136,4639.37514,4626.40047,4629.18824,
2026-08-26 08:00:00,4628.88,4630.95073,4622.78107,4627.46894,
2026-08-26 09:00:00,4627.04739,4631.13046,4616.59203,4624.08447,
2026-08-26 10:00:00,4624.11631,4625.18688,4613.18448,4620.12172,
2026-08-26 11:00:00,4620.22645,4625.3469,4616.59203,4625.07908,
2026-08-26 12:00:00,4624.56732,4633.22009,4606.67937,4615.88188,
2026-08-26 13:00:00,4617.16302,4630.18777,4600.6625,4629.80277,
2026-08-26 14:00:00,4629.18313,4632.20308,4606.38445,4607.27569,
2026-08-26 15:00:00,4607.47176,4609.26683,4582.25287,4598.20522,
2026-08-26 16:00:00,4600.19096,4602.53292,4584.80948,4591.347,
2026-08-26 17:00:00,4590.92663,4602.35641,4589.80772,4597.12772,
2026-08-26 18:00:00,4596.72178,4604.26739,4592.502,4594.26498,
2026-08-26 19:00:00,4594.56657,4600.87417,4590.88719,4592.8099,
2026-08-26 20:00:00,4593.07329,4596.64445,4584.42213,4594.48089,
2026-08-26 21:00:00,4594.38695,4594.78129,4593.0553,4593.80466,
2026-08-26 22:00:00,4593.73892,4613.18448,4590.98701,4608.48408,
2026-08-26 23:00:00,4608.40286,4624.9706,4606.95758,4623.74092,
2026-08-27 00:00:00,4623.50152,4626.54902,4601.5093,4603.22811,
2026-08-27 01:00:00,4603.64285,4639.29483,4603.64285,4639.19431,
2026-08-27 02:00:00,4638.96172,4642.31001,4623.56561,4629.68502,
2026-08-27 03:00:00,4629.33225,4638.43406,4624.27746,4624.55864,
2026-08-27 04:00:00,4625.00391,4627.27315,4617.57206,4618.5025,
2026-08-27 05:00:00,4618.40727,4621.89526,4601.5093,4606.44029,
2026-08-27 06:00:00,4605.15688,4611.48259,4597.5016,4597.95512,
2026-08-27 07:00:00,4598.70543,4605.48253,4593.8993,4601.94053,
2026-08-27 08:00:00,4601.55861,4607.33947,4595.37705,4603.07259,
2026-08-27 09:00:00,4601.89543,4601.89543,4579.59333,4579.78406,
2026-08-27 10:00:00,4580.10746,4590.31444,4568.50473,4590.19275,
2026-08-27 11:00:00,4589.81325,4600.57107,4588.09362,4597.90563,
2026-08-27 12:00:00,4598.28767,4601.29757,4580.85204,4585.17275,
2026-08-27 13:00:00,4585.49045,4593.8993,4569.96618,4573.79754,
2026-08-27 14:00:00,4573.77798,4598.3354,4567.49602,4591.10189,
2026-08-27 15:00:00,4590.99684,4610.84471,4589.12609,4610.74223,
2026-08-27 16:00:00,4610.50617,4616.94207,4602.61898,4614.4102,
2026-08-27 17:00:00,4613.93731,4616.92698,4605.53585,4605.64749,
2026-08-27 18:00:00,4605.95671,4611.48259,4601.08586,4610.23667,
2026-08-27 19:00:00,4609.89504,4617.91464,4604.47555,4609.17948,
2026-08-27 20:00:00,4608.63031,4609.56947,4600.0276,4601.5152,
2026-08-27 21:00:00,4601.25362,4602.12306,4599.39083,4601.1046,
2026-08-27 22:00:00,4601.25974,4610.79418,4601.21373,4610.71997,
2026-08-27 23:00:00,4610.49985,4611.3483,4601.29757,4601.54767,
